<COLLADA xmlns="http://www.collada.org/2005/11/COLLADASchema" version="1.4.1">
  <asset>
    <created>2026-08-27T10:52:20.639745</created>
    <modified>2026-08-27T10:52:20.639755</modified>
    <up_axis>Y_UP</up_axis>
  </asset>
  <library_effects>
    <effect id="1ca9bc784dde46b8aaad04b88cb52fdb" name="1ca9bc784dde46b8aaad04b88cb52fdb">
      <profile_COMMON>
        <technique sid="common">
          <phong>
            <ambient>
              <color>0.0 0.0 0.0 1.0</color>
            </ambient>
            <diffuse>
              <color>1.0 1.0 1.0 1.0</color>
            </diffuse>
            <specular>
              <color>1.0 1.0 1.0 1.0</color>
            </specular>
            <shininess>
              <float>0.0</float>
            </shininess>
            <reflective>
              <color>0.0 0.0 0.0 1.0</color>
            </reflective>
            <reflectivity>
              <float>0.0</float>
            </reflectivity>
            <transparent>
              <color>0.0 0.0 0.0 1.0</color>
            </transparent>
            <transparency>
              <float>1.0</float>
            </transparency>
          </phong>
        </technique>
        <extra>
          <technique profile="GOOGLEEARTH">
            <double_sided>0</double_sided>
          </technique>
        </extra>
      </profile_COMMON>
    </effect>
  </library_effects>
  <library_geometries>
    <geometry id="a5f4c3f6eedb41dcbe3616db1e9b8cf3" name="56eebe2af66f460891e246f3d940f8db">
      <mesh>
        <source id="verts-array">
          <float_array count="3972" id="verts-array-array">-0.05092232 -0.1901032 -0.2050327 -0.05092232 -0.1904838 -0.2453918 -0.003153267 -0.1902792 -0.2050327 -0.003153267 -0.1909668 -0.2453918 -0.05092232 -0.01227434 -0.2453918 -0.05092232 -0.01300726 -0.2050327 -0.003153267 -0.01315365 -0.2453918 -0.003153267 -0.01381659 -0.2050327 -0.0509223 -0.1055689 -0.03359028 -0.003153261 -0.1415583 -0.03399265 -0.003153254 -0.1055689 -0.03371616 -0.05092231 -0.1415583 -0.03325134 0.2458862 -0.1055689 -0.2453918 0.2455621 -0.1055689 -0.2050327 0.2452865 -0.1415583 -0.2453918 0.2455901 -0.1415583 -0.2050327 0.04461578 -0.1415583 -0.4191347 -0.003153267 -0.1055689 -0.419643 0.04461578 -0.1055689 -0.4195662 -0.003153267 -0.1415583 -0.4190194 -0.2502196 -0.1055689 -0.2050327 -0.2504048 -0.1055689 -0.2453918 -0.2494303 -0.1415583 -0.2050327 -0.2496632 -0.1415583 -0.2453918 -0.2423321 -0.1835004 -0.04240158 -0.23765 -0.1861522 -0.04754269 -0.2352429 -0.1844521 -0.04012421 -0.2448989 -0.1854372 -0.04907906 -0.2456383 -0.1815568 -0.04352158 -0.2479604 -0.1838317 -0.04918251 -0.2408738 -0.1821459 -0.03986694 -0.2352777 -0.182914 -0.03804214 -0.2437921 -0.1809724 -0.04117519 -0.244837 -0.1831701 -0.4014912 -0.2436354 -0.182202 -0.4082634 -0.2385405 -0.1859439 -0.4033249 -0.2379628 -0.1839016 -0.4100776 -0.2432997 -0.1812075 -0.4104437 -0.2384887 -0.1829383 -0.4120667 -0.2464736 -0.1822557 -0.4011226 -0.2455459 -0.1811665 -0.407856 -0.244912 -0.180424 -0.4096615 0.2406799 -0.187286 -0.404326 0.2352127 -0.189536 -0.4064199 0.2387579 -0.1849286 -0.4100661 0.2326475 -0.1873529 -0.4117784 0.2428743 -0.1846127 -0.4037189 0.2412399 -0.1831142 -0.4093334 0.2321952 -0.1852518 -0.4146526 0.2380761 -0.1832716 -0.4125948 0.2402944 -0.1821916 -0.4114965 0.2394299 -0.1857106 -0.03978405 0.2340714 -0.1876109 -0.03856575 0.2356241 -0.1903268 -0.04366386 0.2410139 -0.1883635 -0.0450248 0.2338453 -0.1849952 -0.03604328 0.238766 -0.1836804 -0.03754448 0.2421359 -0.183993 -0.04042126 0.2445325 -0.1863241 -0.0467157 0.2409834 -0.1828422 -0.03833038 -0.2475523 -0.006169357 -0.04613132 -0.246126 -0.008678951 -0.03933651 -0.2400328 -0.003894024 -0.04521935 -0.238146 -0.005785046 -0.03784035 -0.2453205 -0.01065081 -0.03629768 -0.2375205 -0.008679276 -0.03425247 -0.2507052 -0.009302578 -0.04635925 -0.2492803 -0.01066658 -0.04009007 -0.2481802 -0.01175083 -0.03739929 0.2363074 -0.00803545 -0.05556419 0.2274335 -0.00715744 -0.05229431 0.2354929 -0.00847208 -0.04652546 0.2260096 -0.0079529 -0.04286541 0.2436008 -0.01013515 -0.05808628 0.2422859 -0.01077864 -0.04900482 0.2267469 -0.01089594 -0.0385268 0.2352375 -0.01116346 -0.04039398 0.2413805 -0.0119813 -0.04287663 0.2379796 -0.009526539 -0.4093932 0.2266615 -0.006608601 -0.4112102 0.2310245 -0.005129738 -0.4019662 0.2392834 -0.00834219 -0.3998827 0.2374184 -0.01154055 -0.4130855 0.2264145 -0.009296207 -0.4155358 0.2417847 -0.01168823 -0.4088278 0.2427504 -0.01056084 -0.3997586 0.2406134 -0.0129339 -0.4118066 -0.2465336 -0.007847462 -0.4114167 -0.2395044 -0.002082424 -0.4049155 -0.2385773 -0.005475559 -0.4127714 -0.2481635 -0.004111481 -0.4038116 -0.2499553 -0.009977646 -0.4105957 -0.2524586 -0.007505894 -0.4034113 -0.2383306 -0.0092416 -0.4158109 -0.2455636 -0.01040861 -0.4144168 -0.2485356 -0.01140486 -0.413381 -0.2450392 -0.171875 -0.03636562 -0.2419651 -0.1793426 -0.03814163 -0.2366473 -0.1736308 -0.03416142 -0.2351015 -0.1804459 -0.03613525 -0.2408738 -0.1821459 -0.03986694 -0.2352777 -0.182914 -0.03804214 -0.2477124 -0.1713608 -0.03805386 -0.2456732 -0.1784682 -0.03995975 -0.2437921 -0.1809724 -0.04117519 0.2401518 -0.1755655 -0.0345998 0.2342785 -0.176495 -0.03348976 0.2392879 -0.1810884 -0.0363818 0.2342043 -0.1820881 -0.03464199 0.2417722 -0.1805655 -0.03756443 0.2429728 -0.1759087 -0.03605076 0.2338453 -0.1849952 -0.03604328 0.238766 -0.1836804 -0.03754448 0.2409834 -0.1828422 -0.03833038 0.2361413 -0.01681271 -0.03675518 0.2278659 -0.01526041 -0.03557259 0.228509 -0.02406094 -0.03428974 0.2381383 -0.02508755 -0.0348148 0.2352375 -0.01116346 -0.04039398 0.2267469 -0.01089594 -0.0385268 0.2426357 -0.01740294 -0.04038277 0.2441914 -0.02525385 -0.03815094 0.2413805 -0.0119813 -0.04287663 -0.2459892 -0.01376488 -0.03439182 -0.2388923 -0.0198963 -0.03052711 -0.237528 -0.01251568 -0.03190342 -0.2472552 -0.02064508 -0.03206028 -0.2490564 -0.01455219 -0.03651512 -0.2505515 -0.0207095 -0.03505165 -0.2453205 -0.01065081 -0.03629768 -0.2375205 -0.008679276 -0.03425247 -0.2481802 -0.01175083 -0.03739929 0.2457213 -0.175677 -0.0383651 0.2437938 -0.1812837 -0.03974037 0.2482925 -0.1765219 -0.04467892 0.2466479 -0.1827326 -0.04611797 0.2421359 -0.183993 -0.04042126 0.2445325 -0.1863241 -0.0467157 0.2429728 -0.1759087 -0.03605076 0.2417722 -0.1805655 -0.03756443 0.2409834 -0.1828422 -0.03833038 0.244274 -0.1752425 -0.4112123 0.2454477 -0.176728 -0.4059316 0.2426465 -0.1806153 -0.40991 0.2441908 -0.1818482 -0.40398 0.2412168 -0.1800366 -0.4124054 0.2426661 -0.1749764 -0.4137833 0.2428743 -0.1846127 -0.4037189 0.2412399 -0.1831142 -0.4093334 0.2402944 -0.1821916 -0.4114965 0.2437181 -0.01525597 -0.4091886 0.2457264 -0.01361776 -0.3997465 0.2465219 -0.02206913 -0.4015487 0.2459245 -0.02438999 -0.4105244 0.2417847 -0.01168823 -0.4088278 0.2427504 -0.01056084 -0.3997586 0.2416943 -0.01589151 -0.4127592 0.2437835 -0.02450081 -0.4147236 0.2406134 -0.0129339 -0.4118066 0.2456735 -0.0174551 -0.04795948 0.2488524 -0.02571108 -0.05399872 0.2473302 -0.0160103 -0.0574659 0.2484134 -0.02642023 -0.04475239 0.2426357 -0.01740294 -0.04038277 0.2441914 -0.02525385 -0.03815094 0.2422859 -0.01077864 -0.04900482 0.2436008 -0.01013515 -0.05808628 0.2413805 -0.0119813 -0.04287663 0.2401483 -0.1751706 -0.4156413 0.2386453 -0.1806441 -0.4140389 0.2346185 -0.1767146 -0.4173342 0.2324722 -0.1821879 -0.4162181 0.2380761 -0.1832716 -0.4125948 0.2321952 -0.1852518 -0.4146526 0.2426661 -0.1749764 -0.4137833 0.2412168 -0.1800366 -0.4124054 0.2402944 -0.1821916 -0.4114965 -0.2460218 -0.1742145 -0.4143755 -0.2396928 -0.175917 -0.4165279 -0.2438242 -0.1793433 -0.412022 -0.2385587 -0.1812134 -0.4135136 -0.2459397 -0.1787574 -0.4107136 -0.2481797 -0.1738288 -0.4128605 -0.2384887 -0.1829383 -0.4120667 -0.2432997 -0.1812075 -0.4104437 -0.244912 -0.180424 -0.4096615 -0.2460581 -0.01380665 -0.4157381 -0.2383188 -0.01313686 -0.4169519 -0.2389984 -0.01996967 -0.4175682 -0.2467875 -0.02065405 -0.4171202 -0.2455636 -0.01040861 -0.4144168 -0.2383306 -0.0092416 -0.4158109 -0.249438 -0.01437246 -0.4142516 -0.2506909 -0.02078306 -0.4155954 -0.2485356 -0.01140486 -0.413381 0.2379985 -0.0151129 -0.415146 0.2285891 -0.02256739 -0.4189412 0.2266091 -0.01343328 -0.4177258 0.2398082 -0.02415867 -0.4175938 0.2416943 -0.01589151 -0.4127592 0.2437835 -0.02450081 -0.4147236 0.2374184 -0.01154055 -0.4130855 0.2264145 -0.009296207 -0.4155358 0.2406134 -0.0129339 -0.4118066 -0.2496235 -0.1740296 -0.4107265 -0.2472483 -0.1796689 -0.4087421 -0.251168 -0.176081 -0.4050036 -0.2482008 -0.1811611 -0.4018672 -0.2455459 -0.1811665 -0.407856 -0.2464736 -0.1822557 -0.4011226 -0.2481797 -0.1738288 -0.4128605 -0.2459397 -0.1787574 -0.4107136 -0.244912 -0.180424 -0.4096615 -0.2497582 -0.1718233 -0.04010582 -0.2520066 -0.1740163 -0.0482415 -0.2477889 -0.1788872 -0.04287636 -0.2497809 -0.1815889 -0.04932961 -0.2456732 -0.1784682 -0.03995975 -0.2477124 -0.1713608 -0.03805386 -0.2479604 -0.1838317 -0.04918251 -0.2456383 -0.1815568 -0.04352158 -0.2437921 -0.1809724 -0.04117519 -0.2507328 -0.01387218 -0.03955669 -0.252556 -0.01290092 -0.04618534 -0.2535175 -0.01937426 -0.04538158 -0.252572 -0.02033693 -0.03860867 -0.2492803 -0.01066658 -0.04009007 -0.2507052 -0.009302578 -0.04635925 -0.2490564 -0.01455219 -0.03651512 -0.2505515 -0.0207095 -0.03505165 -0.2481802 -0.01175083 -0.03739929 -0.2518789 -0.013465 -0.41125 -0.25607 -0.02011047 -0.4040736 -0.2549174 -0.01217957 -0.4033255 -0.2537103 -0.02075632 -0.4122089 -0.249438 -0.01437246 -0.4142516 -0.2506909 -0.02078306 -0.4155954 -0.2499553 -0.009977646 -0.4105957 -0.2524586 -0.007505894 -0.4034113 -0.2485356 -0.01140486 -0.413381 -0.2446997 -0.1835334 -0.2050168 -0.2414963 -0.1841815 -0.2453918 -0.2414908 -0.1841035 -0.2050327 -0.2446696 -0.183463 -0.2454163 -0.2471749 -0.1823652 -0.2050371 -0.2470724 -0.1823845 -0.2454222 -0.00315327 -0.1868161 -0.411553 0.04461578 -0.1883228 -0.4066207 -0.003153267 -0.1879898 -0.4065971 0.04461578 -0.1868629 -0.4115696 -0.003153267 -0.1850177 -0.4142986 0.04461578 -0.1851407 -0.4144216 0.2355934 -0.1898606 -0.2050327 0.2407465 -0.1877461 -0.2453918 0.2407964 -0.1878867 -0.2050327 0.2355626 -0.1894275 -0.2453918 0.2431036 -0.1849593 -0.2050327 0.2431074 -0.1849631 -0.2453918 -0.05092232 -0.1859457 -0.0391806 -0.003153267 -0.1879472 -0.04383053 -0.003153267 -0.1866188 -0.03894165 -0.05092232 -0.1875431 -0.04385925 -0.003153267 -0.1843365 -0.0368071 -0.05092232 -0.1838623 -0.03728142 -0.003153267 -0.008730087 -0.03889675 0.04461625 -0.00897646 -0.03911472 -0.003153267 -0.008418922 -0.04389374 0.04461539 -0.008875122 -0.04530403 -0.003153267 -0.01017176 -0.03584 0.04461627 -0.01044342 -0.03610435 0.2331719 -0.009359837 -0.2451712 0.2397596 -0.009930573 -0.2050314 0.2399574 -0.009951668 -0.2453918 0.2333262 -0.009691372 -0.2050323 0.2423695 -0.01124905 -0.2050321 0.2423914 -0.01122831 -0.2453918 -0.003153267 -0.008974705 -0.411441 -0.05092232 -0.005908031 -0.4067092 -0.003153271 -0.006023254 -0.406701 -0.05092232 -0.007949257 -0.411805 -0.003153271 -0.01233986 -0.4124164 -0.05092232 -0.01138456 -0.4133717 -0.2478773 -0.00540781 -0.2453918 -0.2478657 -0.005440292 -0.2050327 -0.2419201 -0.005331039 -0.2453918 -0.2419156 -0.005393772 -0.2050327 -0.2519415 -0.007984753 -0.2453918 -0.2516718 -0.008254471 -0.2050327 -0.003153267 -0.1816615 -0.0360471 0.04461578 -0.1816868 -0.03597591 -0.003153267 -0.1775485 -0.03527016 0.04461578 -0.177176 -0.03512741 -0.003153267 -0.1843365 -0.0368071 0.04461578 -0.1844155 -0.03672813 0.235511 -0.05111223 -0.03244724 0.2408961 -0.05121462 -0.03297634 0.2443555 -0.05124979 -0.03492851 -0.003153267 -0.01299234 -0.03373314 -0.05092232 -0.0181842 -0.03350571 -0.003153267 -0.01860701 -0.03324081 -0.05092232 -0.01311764 -0.0340863 -0.003153267 -0.01017176 -0.03584 -0.05092232 -0.0100036 -0.03567181 -0.2463706 -0.1055689 -0.03531975 -0.2417685 -0.1415583 -0.03313248 -0.2416875 -0.1055689 -0.03427177 -0.2467621 -0.1415583 -0.03421688 -0.2484492 -0.1055689 -0.03714523 -0.2495317 -0.1415583 -0.0360627 0.2440651 -0.1819542 -0.2050327 0.2439013 -0.1818961 -0.2453918 0.244987 -0.1772347 -0.2050327 0.2448018 -0.1772215 -0.2453918 0.2431036 -0.1849593 -0.2050327 0.2431074 -0.1849631 -0.2453918 0.246785 -0.05158431 -0.4067104 0.2464031 -0.05167641 -0.4121012 0.2449546 -0.051569 -0.41606 0.2442148 -0.01370768 -0.2050327 0.2452985 -0.01879486 -0.2453617 0.2440597 -0.01352314 -0.2453918 0.245666 -0.02015505 -0.205033 0.2423695 -0.01124905 -0.2050321 0.2423914 -0.01122831 -0.2453918 0.2468869 -0.1055689 -0.03818768 0.2485191 -0.1415583 -0.04365799 0.2477734 -0.1055689 -0.04371101 0.2478085 -0.1415583 -0.03786041 0.2445435 -0.1055689 -0.03474449 0.2447569 -0.1415583 -0.03453102 -0.003153267 -0.1822633 -0.4160722 -0.05092232 -0.1822007 -0.4158961 -0.003153274 -0.1773006 -0.4170518 -0.05092232 -0.1772677 -0.4165881 -0.003153267 -0.1850177 -0.4142986 -0.05092232 -0.1847945 -0.4140754 -0.2418975 -0.05102479 -0.4191077 -0.2476367 -0.05099072 -0.4186747 -0.2520928 -0.05088021 -0.4169205 -0.003153267 -0.01445658 -0.4125672 0.04461577 -0.01835052 -0.4145798 -0.003153267 -0.01850445 -0.4124135 0.04461578 -0.01401144 -0.4138209 -0.003153271 -0.01233986 -0.4124164 0.04461578 -0.01141953 -0.4133367 0.2405606 -0.1055689 -0.4165036 0.2355424 -0.1415583 -0.4184244 0.235504 -0.1055689 -0.4178831 0.2409394 -0.1415583 -0.4175702 0.242901 -0.1055689 -0.4140376 0.2440723 -0.1415583 -0.415209 -0.2490093 -0.1800727 -0.2454339 -0.2492139 -0.180191 -0.2050573 -0.2500544 -0.1771466 -0.2453918 -0.2502399 -0.1771598 -0.2050327 -0.2470724 -0.1823845 -0.2454222 -0.2471749 -0.1823652 -0.2050371 -0.2555836 -0.05058172 -0.04363144 -0.2549039 -0.04988871 -0.03763851 -0.2528619 -0.04963943 -0.03278152 -0.2528029 -0.01265804 -0.2050327 -0.2542015 -0.01803411 -0.2453918 -0.2534712 -0.01808601 -0.2050327 -0.2532751 -0.01249043 -0.2453918 -0.2516718 -0.008254471 -0.2050327 -0.2519415 -0.007984753 -0.2453918 -0.2513478 -0.1055689 -0.4115816 -0.2521548 -0.1415583 -0.4065767 -0.2526669 -0.1055689 -0.4066131 -0.2519943 -0.1415583 -0.4118111 -0.250006 -0.1055689 -0.4148361 -0.2506263 -0.1415583 -0.4154564 0.04461124 -0.01914669 -0.03326504 -0.003153248 -0.05081831 -0.03079597 0.04463224 -0.05078995 -0.03068813 0.250987 -0.05173566 -0.2452474 0.2509409 -0.05151553 -0.2049115 -0.05092233 -0.01834753 -0.4146217 -0.05092232 -0.05102479 -0.4217279 -0.003153267 -0.05102479 -0.4217241 -0.2598956 -0.05053721 -0.2453156 -0.2590962 -0.05036314 -0.2049711 0.2355584 -0.05683228 -0.03179787 0.2411032 -0.05692484 -0.03239113 0.2447351 -0.05693673 -0.03454006 -0.2420916 -0.05048209 -0.02835957 -0.2483728 -0.04980961 -0.02965134 -0.2528619 -0.04963943 -0.03278152 0.2468569 -0.05760247 -0.4067262 0.2467062 -0.05775879 -0.4121702 0.245226 -0.05765697 -0.4161724 0.2481177 -0.05114199 -0.04368374 0.2469289 -0.05123433 -0.03816746 0.2443555 -0.05124979 -0.03492851 -0.2419024 -0.05670592 -0.4191854 -0.2476556 -0.05674013 -0.4186737 -0.2520393 -0.0568625 -0.4169059 0.2357343 -0.05104854 -0.4210877 0.2416343 -0.0513124 -0.4194473 0.2449546 -0.051569 -0.41606 -0.2545881 -0.05635466 -0.03777195 -0.2549316 -0.05689364 -0.04372787 -0.2523089 -0.05701633 -0.03357159 -0.256267 -0.05050489 -0.4068262 -0.2552203 -0.05066941 -0.4129333 -0.2520928 -0.05088021 -0.4169205 -0.003153248 -0.05686406 -0.03058819 0.0446431 -0.05675899 -0.03052643 0.2515088 -0.05828999 -0.2046682 0.2520866 -0.05847848 -0.2451235 -0.003163082 -0.05656652 -0.4191023 -0.05092243 -0.05670514 -0.4210542 -0.2559886 -0.05679379 -0.2451085 -0.2553472 -0.05697472 -0.2048714 -0.2486284 -0.05717913 -0.03037533 -0.2423116 -0.05735603 -0.02872292 -0.2523089 -0.05701633 -0.03357159 0.2464319 -0.05694445 -0.03836643 0.2480469 -0.05686155 -0.04371719 0.2447351 -0.05693673 -0.03454006 0.235869 -0.0575722 -0.4213012 0.2419279 -0.05763352 -0.4196852 0.245226 -0.05765697 -0.4161724 -0.2561414 -0.05704089 -0.4068538 -0.2551019 -0.05694242 -0.4129615 -0.2520393 -0.0568625 -0.4169059 0.2355775 -0.06086322 -0.03150726 0.2410763 -0.06097572 -0.03246735 0.2445516 -0.06099658 -0.03473228 0.2452362 -0.06139144 -0.411737 0.2457923 -0.06136018 -0.4066632 0.2435642 -0.06125796 -0.4147538 -0.2472081 -0.06068728 -0.4174832 -0.2419076 -0.06075435 -0.4192821 -0.2502703 -0.06051073 -0.4150905 -0.2514067 -0.05962723 -0.03882587 -0.2514997 -0.06000682 -0.04395473 -0.2488093 -0.0595755 -0.03688282 -0.003153248 -0.0658014 -0.03320332 0.04460984 -0.06583743 -0.0334758 -0.003153248 -0.06053988 -0.03374031 0.04463668 -0.06046043 -0.0334745 0.2433823 -0.06616817 -0.2049901 0.248184 -0.06099428 -0.2450725 0.2487686 -0.0614191 -0.2046632 0.243879 -0.06598687 -0.2453526 -0.00315259 -0.06589899 -0.418065 -0.05092135 -0.06075889 -0.4206069 -0.003153779 -0.06074906 -0.4183409 -0.05092769 -0.06589067 -0.4200122 -0.2494683 -0.06435014 -0.2451408 -0.2506379 -0.0597278 -0.2048908 -0.2513732 -0.05962873 -0.2451254 -0.2496444 -0.06476773 -0.2049172 -0.2466958 -0.05948627 -0.03499252 -0.2461986 -0.06473085 -0.03588211 -0.2417357 -0.05969075 -0.03352989 -0.2417656 -0.06521688 -0.03334198 -0.248023 -0.06472203 -0.03762077 -0.2488093 -0.0595755 -0.03688282 0.2465632 -0.06099144 -0.038297 0.2484917 -0.06597792 -0.04365665 0.2486376 -0.06090796 -0.0436388 0.2470884 -0.06604865 -0.03811371 0.2445516 -0.06099658 -0.03473228 0.2449732 -0.06606066 -0.03431053 0.2403163 -0.06594054 -0.4159106 0.2354815 -0.06076629 -0.4176478 0.2407689 -0.06115717 -0.4170221 0.2354933 -0.06589711 -0.4177706 0.2427969 -0.06602315 -0.4139305 0.2435642 -0.06125796 -0.4147538 -0.2509556 -0.06562482 -0.4114279 -0.2530231 -0.06024508 -0.4065878 -0.2518725 -0.06033918 -0.4117357 -0.252116 -0.06550782 -0.4065402 -0.2497675 -0.06577249 -0.41462 -0.2502703 -0.06051073 -0.4150905 0.2355215 -0.1055689 -0.03229412 0.2355394 -0.1415583 -0.03204292 0.2408933 -0.1055689 -0.03298424 0.2409764 -0.1415583 -0.03275002 0.2445435 -0.1055689 -0.03474449 0.2447569 -0.1415583 -0.03453102 0.2449668 -0.1055689 -0.4065141 0.2469626 -0.1415583 -0.4066559 0.2440643 -0.1055689 -0.4112348 0.2461417 -0.1415583 -0.4119724 0.242901 -0.1055689 -0.4140376 0.2440723 -0.1415583 -0.415209 -0.2419044 -0.1055689 -0.419205 -0.2419062 -0.1415583 -0.4192299 -0.2473025 -0.1055689 -0.4177295 -0.2474135 -0.1415583 -0.4180422 -0.250006 -0.1055689 -0.4148361 -0.2506263 -0.1415583 -0.4154564 -0.2503821 -0.1055689 -0.04397392 -0.2524808 -0.1415583 -0.04382462 -0.2495585 -0.1055689 -0.03947819 -0.2511838 -0.1415583 -0.03890102 -0.2484492 -0.1055689 -0.03714523 -0.2495317 -0.1415583 -0.0360627 0.2355728 -0.06594442 -0.0315844 0.24097 -0.06602905 -0.03277641 0.2449732 -0.06606066 -0.03431053 0.2439857 -0.06601406 -0.4112102 0.2447796 -0.06600049 -0.4065168 0.2427969 -0.06602315 -0.4139305 -0.2472267 -0.06589352 -0.4175352 -0.2419321 -0.06589841 -0.4196788 -0.2497675 -0.06577249 -0.41462 -0.2498909 -0.0648454 -0.03937225 -0.2500648 -0.06539441 -0.04403072 -0.248023 -0.06472203 -0.03762077 0.1879229 -0.1903182 -0.2050327 0.1879229 -0.1903382 -0.2453918 0.1401539 -0.1909846 -0.2453918 0.1401539 -0.1902664 -0.2050327 0.09238482 -0.1905434 -0.2050327 0.09238482 -0.1908755 -0.2453918 0.04461578 -0.1906039 -0.2050327 0.04461578 -0.1909789 -0.2453918 -0.1942295 -0.1866099 -0.2453918 -0.1942295 -0.186358 -0.2050327 -0.1464604 -0.1875372 -0.2050327 -0.1464604 -0.1876533 -0.2453918 -0.09869136 -0.1892143 -0.2453918 -0.09869135 -0.1886987 -0.2050327 0.1879229 -0.01119884 -0.2453918 0.1879229 -0.01197639 -0.2050327 0.1401539 -0.01244658 -0.2453918 0.1401539 -0.01310638 -0.2050327 0.09238482 -0.01331373 -0.2453918 0.09238482 -0.01354227 -0.2050327 0.04461578 -0.01353445 -0.2453918 0.04461578 -0.01402964 -0.2050327 -0.1942295 -0.008327179 -0.2453918 -0.1942295 -0.008335361 -0.2050327 -0.1464604 -0.01015566 -0.2453918 -0.1464604 -0.01002626 -0.2050327 -0.09869135 -0.01139938 -0.2453918 -0.09869136 -0.01167166 -0.2050327 0.1879229 -0.1055689 -0.03154064 0.1879229 -0.1415583 -0.03205204 0.1401539 -0.1055689 -0.03268517 0.1401539 -0.1415583 -0.03233929 0.09238482 -0.1055689 -0.03201252 0.09238482 -0.1415583 -0.03171726 0.0446158 -0.1055689 -0.03282406 0.04461579 -0.1415583 -0.03342381 -0.1942294 -0.1415583 -0.03286411 -0.1942294 -0.1055689 -0.03309952 -0.1464604 -0.1415583 -0.0327676 -0.1464604 -0.1055689 -0.03367065 -0.09869136 -0.1415583 -0.03311401 -0.09869135 -0.1055689 -0.03370205 -0.1942294 -0.1055689 -0.4203796 -0.1942295 -0.1415583 -0.419616 -0.1464604 -0.1055689 -0.4215736 -0.1464604 -0.1415583 -0.4198839 -0.09869135 -0.1055689 -0.4212086 -0.09869135 -0.1415583 -0.4195943 -0.05092232 -0.1055689 -0.4203177 -0.05092232 -0.1415583 -0.4191447 0.1879229 -0.1415583 -0.4188764 0.1879229 -0.1055689 -0.4194375 0.1401538 -0.1415583 -0.4192857 0.1401539 -0.1055689 -0.4198312 0.09238483 -0.1055689 -0.4194932 0.09238482 -0.1415583 -0.4191436 -0.1942295 -0.1856681 -0.4064321 -0.1942295 -0.1850487 -0.4109255 -0.1464604 -0.1862022 -0.40647 -0.1464604 -0.1855549 -0.4111052 -0.09869136 -0.1870177 -0.406528 -0.09869136 -0.1860515 -0.4112815 -0.05092232 -0.1878492 -0.4065871 -0.05092232 -0.1865673 -0.4114646 0.1879229 -0.1895552 -0.4067083 0.1879229 -0.1882791 -0.4120724 0.1401539 -0.1878539 -0.4119214 0.1401539 -0.1889936 -0.4066684 0.09238482 -0.1875043 -0.4117973 0.09238482 -0.1887781 -0.4066531 -0.1942295 -0.1839313 -0.4132122 -0.1464604 -0.1843288 -0.4136097 -0.09869136 -0.1844388 -0.4137197 -0.05092232 -0.1847945 -0.4140754 0.1879229 -0.1860939 -0.4153748 0.1401539 -0.185957 -0.4152379 0.09238482 -0.185411 -0.4146919 0.1879229 -0.1899455 -0.04368851 0.1879229 -0.1887056 -0.03820072 0.1401539 -0.1882754 -0.03835346 0.1401539 -0.1891906 -0.04374214 0.09238482 -0.1872364 -0.03872234 0.09238482 -0.1887238 -0.04377533 0.04461578 -0.1867832 -0.03888332 0.04461578 -0.1883614 -0.04380108 -0.1942295 -0.1856558 -0.04399338 -0.1942295 -0.1845169 -0.03968796 -0.1464604 -0.1863019 -0.04394745 -0.1464604 -0.1849646 -0.03952896 -0.09869135 -0.1868693 -0.04390709 -0.09869135 -0.1854634 -0.03935188 0.1879229 -0.1858294 -0.03531429 0.1401539 -0.1853889 -0.03575481 0.09238482 -0.1848388 -0.03630497 0.04461578 -0.1844155 -0.03672813 -0.1942295 -0.1833196 -0.03782402 -0.1464604 -0.1831986 -0.03794498 -0.09869136 -0.1834277 -0.03771595 -0.1942295 -0.006526127 -0.04375935 -0.1942295 -0.007212639 -0.038358 -0.1464604 -0.007407322 -0.03842701 -0.1464604 -0.00690073 -0.04378582 -0.09869136 -0.00769455 -0.03852905 -0.09869136 -0.007450771 -0.043825 -0.05092232 -0.008258762 -0.03872936 -0.05092232 -0.007792702 -0.0438493 0.1872105 -0.009048386 -0.04636066 0.1869173 -0.009815159 -0.03980705 0.1401069 -0.008983517 -0.04631721 0.1400828 -0.009517345 -0.03945438 0.0923829 -0.009092293 -0.04544258 0.0923819 -0.009174137 -0.03921051 -0.1942295 -0.00956028 -0.03522861 -0.1464604 -0.009698257 -0.03536644 -0.09869136 -0.009988766 -0.03565712 -0.05092232 -0.0100036 -0.03567181 0.186925 -0.01157763 -0.03734959 0.1400829 -0.01087198 -0.03651909 0.09238169 -0.0107065 -0.03638836 0.1877146 -0.005147953 -0.4056091 0.1875918 -0.006766529 -0.4121093 0.1401522 -0.004799671 -0.406545 0.1401503 -0.006723766 -0.4122268 0.09238072 -0.007458611 -0.4117827 0.0923805 -0.004943085 -0.4046413 0.04461578 -0.005705509 -0.4067236 0.04461578 -0.007975254 -0.4117958 -0.1942295 -0.00464592 -0.4067989 -0.1942295 -0.006914806 -0.4121723 -0.1464604 -0.004959564 -0.4067766 -0.1464604 -0.006806755 -0.4122107 -0.09869135 -0.007801514 -0.4118575 -0.09869135 -0.005904427 -0.4067094 0.1875893 -0.009868965 -0.4148557 0.1401506 -0.01035883 -0.41439 0.09238462 -0.01120354 -0.41339 0.04461578 -0.01141953 -0.4133367 -0.1942295 -0.01075882 -0.4139975 -0.1464604 -0.0104446 -0.4143117 -0.09869135 -0.01101748 -0.4137388 -0.1942295 -0.1771588 -0.03536781 -0.1942295 -0.1814875 -0.03653736 -0.1464604 -0.1813705 -0.03686703 -0.1464604 -0.177126 -0.03583008 -0.09869136 -0.1771309 -0.03576088 -0.09869136 -0.1814047 -0.03677082 -0.05092232 -0.177126 -0.03582993 -0.05092232 -0.1814981 -0.03650757 0.1879229 -0.1772942 -0.03346146 0.1879229 -0.18229 -0.03427689 0.1401539 -0.1821746 -0.03460213 0.1401539 -0.1772518 -0.0340596 0.09238482 -0.1819025 -0.0353685 0.09238482 -0.1772294 -0.0343742 -0.1942295 -0.1833196 -0.03782402 -0.1464604 -0.1831986 -0.03794498 -0.09869136 -0.1834277 -0.03771595 -0.05092232 -0.1838623 -0.03728142 0.1879229 -0.1858294 -0.03531429 0.1401539 -0.1853889 -0.03575481 0.09238482 -0.1848388 -0.03630497 0.1873092 -0.02058945 -0.03475121 0.1870029 -0.0141448 -0.03589588 0.1401194 -0.01975445 -0.03314983 0.1400942 -0.01326101 -0.03392681 0.09238482 -0.01948009 -0.03420444 0.09238185 -0.0135524 -0.0349041 0.04461796 -0.0131847 -0.03399136 -0.1942295 -0.01811401 -0.03251724 -0.1942295 -0.01290211 -0.03347893 -0.1464604 -0.01304037 -0.03386837 -0.1464604 -0.01812752 -0.03270748 -0.09869135 -0.01315712 -0.03419727 -0.09869135 -0.01818218 -0.0334761 0.186925 -0.01157763 -0.03734959 0.1400829 -0.01087198 -0.03651909 0.09238169 -0.0107065 -0.03638836 0.04461627 -0.01044342 -0.03610435 -0.1942295 -0.00956028 -0.03522861 -0.1464604 -0.009698257 -0.03536644 -0.09869136 -0.009988766 -0.03565712 0.1879229 -0.1773251 -0.4173963 0.1879229 -0.1825593 -0.416906 0.1401539 -0.182533 -0.4168319 0.1401539 -0.1773273 -0.4174274 0.09238482 -0.1823754 -0.4163882 0.09238482 -0.1772983 -0.4170189 0.04461577 -0.1823039 -0.4161867 0.04461578 -0.1772938 -0.4169565 -0.1942295 -0.1773132 -0.4172285 -0.1942295 -0.1820103 -0.4153596 -0.1464604 -0.1772812 -0.4167793 -0.1464604 -0.1820751 -0.4155422 -0.09869135 -0.177283 -0.4168034 -0.09869135 -0.1820737 -0.4155382 0.1879229 -0.1860939 -0.4153748 0.1401539 -0.185957 -0.4152379 0.09238482 -0.185411 -0.4146919 0.04461578 -0.1851407 -0.4144216 -0.1942295 -0.1839313 -0.4132122 -0.1464604 -0.1843288 -0.4136097 -0.09869136 -0.1844388 -0.4137197 -0.1942295 -0.01827503 -0.4156419 -0.1942295 -0.01365683 -0.4148198 -0.1464604 -0.01827236 -0.4156791 -0.1464604 -0.01360933 -0.4149536 -0.09869136 -0.01375769 -0.4145357 -0.09869136 -0.01829899 -0.4153043 -0.05092232 -0.0139518 -0.4139889 0.1877977 -0.01877163 -0.4170078 0.1876473 -0.01331799 -0.4160129 0.1401541 -0.01838564 -0.4148753 0.1401522 -0.01369192 -0.4147462 0.09238511 -0.01414085 -0.4139169 0.0923849 -0.01976051 -0.4147268 -0.1942295 -0.01075882 -0.4139975 -0.1464604 -0.0104446 -0.4143117 -0.09869135 -0.01101748 -0.4137388 -0.05092232 -0.01138456 -0.4133717 0.1875893 -0.009868965 -0.4148557 0.1401506 -0.01035883 -0.41439 0.09238462 -0.01120354 -0.41339 -0.1941885 -0.05038733 -0.0272007 -0.1462313 -0.05034495 -0.02668701 -0.09868206 -0.04991668 -0.02769421 -0.05092155 -0.05081314 -0.03097122 0.1879225 -0.05087459 -0.02973808 0.1401525 -0.05071574 -0.02896233 0.09234474 -0.05070977 -0.02878765 0.1879229 -0.05102479 -0.4243365 0.1401538 -0.05102479 -0.42282 0.09238483 -0.05102479 -0.4197876 0.04461578 -0.05102479 -0.4200529 -0.1942294 -0.05102479 -0.4205596 -0.1464604 -0.05102479 -0.4254035 -0.09869135 -0.05102479 -0.422335 -0.1942195 -0.05729647 -0.0275629 -0.146159 -0.0577016 -0.02653404 -0.09852772 -0.0569624 -0.02656162 -0.05092628 -0.05706584 -0.030686 0.1879411 -0.05640032 -0.02994923 0.1401678 -0.05646471 -0.02780163 0.09224518 -0.05684896 -0.02750565 0.1879069 -0.05645392 -0.4206562 0.140163 -0.05660249 -0.4211926 0.09240353 -0.0566354 -0.4188047 0.04461479 -0.05665095 -0.4191537 -0.1942421 -0.05671989 -0.4210494 -0.1464532 -0.05659569 -0.4230537 -0.09868114 -0.05676259 -0.422097 -0.1941875 -0.06521659 -0.03246502 -0.1941755 -0.05992874 -0.03206638 -0.1462419 -0.06525992 -0.03271473 -0.146165 -0.0599001 -0.03193962 -0.09865665 -0.06443443 -0.03253265 -0.09864529 -0.05913888 -0.03214275 -0.05092047 -0.06054676 -0.03386066 -0.05093968 -0.06572904 -0.03290714 0.1879232 -0.06566603 -0.03067047 0.1879223 -0.0603696 -0.03136482 0.1401532 -0.06560298 -0.03131287 0.140155 -0.0602002 -0.03034748 0.09236486 -0.06573998 -0.03204391 0.0923143 -0.06032078 -0.03115479 0.1879227 -0.06589805 -0.4194382 0.1879227 -0.06075298 -0.4193449 0.1401535 -0.06589218 -0.4199623 0.1401538 -0.06075635 -0.4208241 0.092386 -0.06589697 -0.4195136 0.09238434 -0.06075584 -0.419592 0.04461683 -0.06589878 -0.4193548 0.04461562 -0.06075531 -0.4192838 -0.1942311 -0.06590123 -0.4203444 -0.1942286 -0.0607525 -0.4208416 -0.1464598 -0.06588837 -0.4213034 -0.1464605 -0.06075897 -0.4225635 -0.09869379 -0.06588757 -0.420422 -0.09869137 -0.06075416 -0.4212735 -0.003153267 -0.1862632 -0.08395515 -0.05092232 -0.1865188 -0.08395515 -0.003153274 -0.1880326 -0.1243143 -0.05092232 -0.1881944 -0.1243143 -0.003153267 -0.18976 -0.1646735 -0.05092232 -0.1893168 -0.1646735 -0.003153267 -0.1895104 -0.3664694 -0.05092232 -0.1892231 -0.3664694 -0.003153267 -0.1902337 -0.3261102 -0.05092232 -0.189796 -0.3261102 -0.003153267 -0.1905945 -0.285751 -0.05092232 -0.1904221 -0.285751 -0.05092232 -0.009058514 -0.3664694 -0.003153267 -0.009386673 -0.3664694 -0.05092232 -0.01129299 -0.3261102 -0.003153267 -0.01188787 -0.3261102 -0.05092232 -0.01203466 -0.285751 -0.003153267 -0.01248396 -0.285751 -0.05092232 -0.01159224 -0.08395515 -0.003153267 -0.0124128 -0.08395515 -0.05092233 -0.01293795 -0.1243143 -0.003153267 -0.01364323 -0.1243143 -0.05092232 -0.01313347 -0.1646735 -0.003153267 -0.0139115 -0.1646735 0.2444416 -0.1055689 -0.08395515 0.2450401 -0.1415583 -0.08395515 0.2455632 -0.1055689 -0.1243143 0.2454059 -0.1415583 -0.1243143 0.2454819 -0.1055689 -0.1646735 0.245737 -0.1415583 -0.1646735 0.2444097 -0.1415583 -0.3664694 0.2446157 -0.1055689 -0.3664694 0.2456806 -0.1055689 -0.3261102 0.2450527 -0.1415583 -0.3261102 0.2459739 -0.1055689 -0.285751 0.2454032 -0.1415583 -0.285751 -0.250472 -0.1055689 -0.3664694 -0.2495529 -0.1415583 -0.3664694 -0.250747 -0.1055689 -0.3261102 -0.2499861 -0.1415583 -0.3261102 -0.250835 -0.1055689 -0.285751 -0.2499415 -0.1415583 -0.285751 -0.2494385 -0.1415583 -0.08395515 -0.2498573 -0.1055689 -0.08395515 -0.2497016 -0.1415583 -0.1243143 -0.2502503 -0.1055689 -0.1243143 -0.2495375 -0.1415583 -0.1646735 -0.2502729 -0.1055689 -0.1646735 -0.241622 -0.1859512 -0.08395515 -0.2456369 -0.1853265 -0.08396526 -0.244705 -0.1838988 -0.1242962 -0.2415226 -0.1845515 -0.1243143 -0.2441241 -0.1833701 -0.1646536 -0.2415196 -0.1845089 -0.1646735 -0.2443098 -0.183289 -0.3660724 -0.2415592 -0.1850674 -0.3664694 -0.2443455 -0.183852 -0.3261472 -0.2415291 -0.1846426 -0.3261102 -0.2447672 -0.1837316 -0.2857515 -0.2415214 -0.1845342 -0.285751 -0.2480917 -0.1835472 -0.08395699 -0.2469058 -0.1824248 -0.1242846 -0.2465602 -0.1818653 -0.1646249 -0.2468599 -0.1821955 -0.3663538 -0.2470699 -0.1826096 -0.3261146 -0.2471251 -0.1821568 -0.2857789 0.2356327 -0.1904133 -0.3664694 0.2409641 -0.1883589 -0.3664694 0.2355638 -0.1894437 -0.3261102 0.2406293 -0.1874159 -0.3261102 0.2355916 -0.1898349 -0.285751 0.2407114 -0.1876473 -0.285751 0.2356395 -0.1905088 -0.08395515 0.2411417 -0.1888593 -0.08395515 0.2409611 -0.1883504 -0.1243143 0.2355642 -0.1894498 -0.1243143 0.2408778 -0.188116 -0.1646735 0.2355919 -0.1898392 -0.1646735 0.2438688 -0.1857246 -0.3664694 0.243052 -0.1849077 -0.3261102 0.2427622 -0.1846179 -0.285751 0.2451238 -0.1869796 -0.08395515 0.2440546 -0.1859104 -0.1243143 0.2435564 -0.1854121 -0.1646735 0.227301 -0.009243298 -0.08597206 0.2376789 -0.009914494 -0.08816658 0.2291762 -0.01120407 -0.1245204 0.2385545 -0.01073164 -0.1248633 0.232571 -0.01030666 -0.1646732 0.2394727 -0.01048836 -0.1646723 0.2345494 -0.007070866 -0.3664626 0.2400492 -0.009440422 -0.3664566 0.2338265 -0.007864361 -0.3264989 0.2401347 -0.009314766 -0.3261838 0.2333712 -0.008658829 -0.2857486 0.2398854 -0.009553871 -0.2857501 0.242384 -0.01125797 -0.08878605 0.2420182 -0.01169262 -0.1249601 0.2420543 -0.01160353 -0.1646733 0.2425115 -0.01109785 -0.3664569 0.2424929 -0.01126297 -0.3261266 0.2425618 -0.01105591 -0.2857509 -0.2420996 -0.002805557 -0.3664694 -0.2484397 -0.0038237 -0.3664694 -0.2480874 -0.004815845 -0.3261102 -0.241947 -0.004952812 -0.3261102 -0.2479096 -0.00531662 -0.285751 -0.2419126 -0.005436897 -0.285751 -0.2476421 -0.006070118 -0.08395515 -0.2419645 -0.004706726 -0.08395515 -0.2473037 -0.00702343 -0.1243143 -0.2418832 -0.005850773 -0.1243143 -0.2476254 -0.006117363 -0.1646735 -0.2418911 -0.005738792 -0.1646735 -0.2540497 -0.005876579 -0.3664694 -0.2522968 -0.007629452 -0.3261102 -0.252147 -0.007779236 -0.285751 -0.2514153 -0.008510952 -0.08395515 -0.2505628 -0.009363384 -0.1243143 -0.2513949 -0.008531322 -0.1646735 0.2472417 -0.1773949 -0.08395515 0.2468397 -0.1829393 -0.08395515 0.2457083 -0.1825376 -0.1243143 0.2466433 -0.1773524 -0.1243143 0.2446095 -0.1821475 -0.1646735 0.2450548 -0.1772395 -0.1646735 0.2460786 -0.1773122 -0.3664694 0.2452919 -0.1823898 -0.3664694 0.2439724 -0.1819212 -0.3261102 0.2449464 -0.1772318 -0.3261102 0.2434547 -0.1817372 -0.285751 0.2438097 -0.177151 -0.285751 0.2451238 -0.1869796 -0.08395515 0.2440546 -0.1859104 -0.1243143 0.2435564 -0.1854121 -0.1646735 0.2438688 -0.1857246 -0.3664694 0.243052 -0.1849077 -0.3261102 0.2427622 -0.1846179 -0.285751 0.2458538 -0.01889162 -0.3664633 0.2445501 -0.0134111 -0.3664587 0.2437059 -0.01389776 -0.3261041 0.2449547 -0.01996674 -0.326082 0.2449296 -0.01971312 -0.2857498 0.2440786 -0.01370985 -0.2857516 0.2477053 -0.02406849 -0.0863792 0.2454469 -0.0149729 -0.0883849 0.2464983 -0.02220449 -0.1245708 0.2446876 -0.01423382 -0.1249079 0.2458364 -0.02001438 -0.1646733 0.2443376 -0.01367479 -0.1646735 0.2425115 -0.01109785 -0.3664569 0.2424929 -0.01126297 -0.3261266 0.2425618 -0.01105591 -0.2857509 0.242384 -0.01125797 -0.08878605 0.2420182 -0.01169262 -0.1249601 0.2420543 -0.01160353 -0.1646733 -0.2507277 -0.1771944 -0.3664694 -0.2489153 -0.1805605 -0.3661836 -0.2502738 -0.1771622 -0.3261102 -0.2489836 -0.1805095 -0.3261156 -0.248896 -0.1801578 -0.2857998 -0.2498307 -0.1771307 -0.285751 -0.251489 -0.1772485 -0.08395515 -0.2502964 -0.1811456 -0.08395603 -0.2492314 -0.1802634 -0.1242448 -0.2500921 -0.1771493 -0.1243143 -0.2488775 -0.1800327 -0.1645994 -0.2501359 -0.1771524 -0.1646735 -0.2468599 -0.1821955 -0.3663538 -0.2470699 -0.1826096 -0.3261146 -0.2471251 -0.1821568 -0.2857789 -0.2480917 -0.1835472 -0.08395699 -0.2469058 -0.1824248 -0.1242846 -0.2465602 -0.1818653 -0.1646249 -0.2538645 -0.01805805 -0.08395515 -0.2528295 -0.01264862 -0.08395515 -0.2533448 -0.018095 -0.1243143 -0.2531497 -0.01253489 -0.1243143 -0.2531041 -0.01255108 -0.1646735 -0.2534078 -0.01809053 -0.1646735 -0.2565198 -0.01786936 -0.3664694 -0.2561165 -0.01148155 -0.3664694 -0.2537361 -0.0123267 -0.3261102 -0.2546863 -0.01799967 -0.3261102 -0.2534805 -0.01241743 -0.285751 -0.2540337 -0.01804605 -0.285751 -0.2514153 -0.008510952 -0.08395515 -0.2505628 -0.009363384 -0.1243143 -0.2513949 -0.008531322 -0.1646735 -0.2540497 -0.005876579 -0.3664694 -0.2522968 -0.007629452 -0.3261102 -0.252147 -0.007779236 -0.285751 0.2500457 -0.05163442 -0.08376701 0.2512384 -0.05164119 -0.124281 0.2511408 -0.05160679 -0.1645779 0.2486857 -0.05126173 -0.3664402 0.2500623 -0.05119372 -0.3261112 0.2509591 -0.05123274 -0.2857521 -0.2587277 -0.04939734 -0.3663178 -0.2598601 -0.05028009 -0.326036 -0.2601384 -0.05052891 -0.2856961 -0.2571028 -0.05034199 -0.08391613 -0.2576524 -0.0500524 -0.124238 -0.2582881 -0.04997284 -0.1646594 0.2501566 -0.0574853 -0.08374428 0.2504564 -0.0578232 -0.1242543 0.2514134 -0.05787204 -0.1645111 0.2488763 -0.05749378 -0.3664578 0.2505178 -0.05778907 -0.3261666 0.2517156 -0.0578324 -0.2858219 -0.2562596 -0.0557406 -0.366203 -0.2562023 -0.05664441 -0.3259471 -0.2558799 -0.05705524 -0.2855825 -0.2547639 -0.05690475 -0.08387997 -0.2550795 -0.05686584 -0.1242127 -0.2550917 -0.05663591 -0.1646371 0.247868 -0.06117579 -0.08376682 0.2441105 -0.06612075 -0.08388321 0.2480955 -0.06133867 -0.1242679 0.2450799 -0.06582175 -0.1243081 0.248522 -0.06116946 -0.1645272 0.2437204 -0.06590381 -0.1646688 0.2452997 -0.06081048 -0.3664184 0.2437446 -0.0659229 -0.3664599 0.2442261 -0.06584113 -0.3261086 0.2461683 -0.06073905 -0.3261054 0.2433765 -0.0659038 -0.2857511 0.2466992 -0.06051197 -0.2857344 -0.2493672 -0.06316337 -0.3662347 -0.2508363 -0.05799676 -0.3661753 -0.25155 -0.05938027 -0.325924 -0.2499575 -0.06435148 -0.3259501 -0.2508081 -0.05976362 -0.2855821 -0.248927 -0.06462967 -0.2856038 -0.249441 -0.06483922 -0.08389965 -0.2504531 -0.05981707 -0.08389385 -0.2511146 -0.05983196 -0.1242258 -0.2497753 -0.06498147 -0.1242475 -0.247588 -0.06424845 -0.1646529 -0.2501846 -0.05922829 -0.1646499 0.1879229 -0.1894269 -0.08395515 0.1879229 -0.189317 -0.1243143 0.1879229 -0.1898365 -0.1646735 0.1879229 -0.1901025 -0.3664694 0.1879229 -0.1908211 -0.3261102 0.1879229 -0.1907363 -0.285751 0.1401539 -0.1878796 -0.08395515 0.1401539 -0.18783 -0.1243143 0.1401539 -0.1892299 -0.1646735 0.1401539 -0.1905001 -0.3664694 0.1401539 -0.1908031 -0.3261102 0.1401539 -0.1912726 -0.285751 0.09238482 -0.1868695 -0.08395515 0.09238482 -0.1878433 -0.1243143 0.09238482 -0.1893839 -0.1646735 0.09238482 -0.19017 -0.3664694 0.09238482 -0.1903861 -0.3261102 0.09238482 -0.1911287 -0.285751 0.04461578 -0.18595 -0.08395515 0.04461578 -0.1879551 -0.1243143 0.04461578 -0.1897795 -0.1646735 0.04461578 -0.1897686 -0.3664694 0.04461578 -0.1903012 -0.3261102 0.04461578 -0.1908767 -0.285751 -0.1942295 -0.1860622 -0.3664694 -0.1942295 -0.1868244 -0.3261102 -0.1942295 -0.1869133 -0.285751 -0.1942295 -0.18621 -0.08395515 -0.1942295 -0.1863073 -0.1243143 -0.1942295 -0.1864476 -0.1646735 -0.1464604 -0.1872447 -0.3664694 -0.1464604 -0.1881065 -0.3261102 -0.1464604 -0.1882085 -0.285751 -0.1464604 -0.186388 -0.08395515 -0.1464604 -0.1874846 -0.1243143 -0.1464604 -0.1878835 -0.1646735 -0.09869137 -0.1884934 -0.3664694 -0.09869136 -0.1891817 -0.3261102 -0.09869136 -0.1895412 -0.285751 -0.09869135 -0.1864214 -0.08395515 -0.09869135 -0.1878108 -0.1243143 -0.09869135 -0.189012 -0.1646735 0.1879229 -0.008438816 -0.3664694 0.1879229 -0.009931583 -0.3261102 0.1879229 -0.0105373 -0.285751 0.1879229 -0.01092329 -0.08395515 0.1879229 -0.01221104 -0.1243143 0.1879229 -0.01239101 -0.1646735 0.1401539 -0.01024855 -0.3664694 0.1401539 -0.0121114 -0.3261102 0.1401539 -0.01239563 -0.285751 0.1401539 -0.01203245 -0.08395515 0.1401539 -0.01232019 -0.1243143 0.1401539 -0.01309946 -0.1646735 0.09238482 -0.009852295 -0.3664694 0.09238482 -0.0129578 -0.3261102 0.09238482 -0.01329929 -0.285751 0.09238482 -0.0124596 -0.08395515 0.09238482 -0.01375856 -0.1243143 0.09238482 -0.01386446 -0.1646735 0.04461578 -0.01024805 -0.3664694 0.04461577 -0.01241884 -0.3261102 0.04461578 -0.01302307 -0.285751 0.04461578 -0.01236418 -0.08395515 0.04461578 -0.01362732 -0.1243143 0.04461578 -0.01405083 -0.1646735 -0.1942295 -0.008094959 -0.08395515 -0.1942295 -0.008349495 -0.1243143 -0.1942295 -0.008201027 -0.1646735 -0.1942295 -0.005613956 -0.3664694 -0.1942295 -0.007788429 -0.3261102 -0.1942295 -0.008207092 -0.285751 -0.1464604 -0.009394875 -0.08395515 -0.1464604 -0.01003077 -0.1243143 -0.1464604 -0.01003216 -0.1646735 -0.1464604 -0.007429848 -0.3664694 -0.1464604 -0.008862228 -0.3261102 -0.1464604 -0.01003912 -0.285751 -0.09869136 -0.01050161 -0.08395515 -0.09869136 -0.01153778 -0.1243143 -0.09869136 -0.01183182 -0.1646735 -0.09869136 -0.00860775 -0.3664694 -0.09869135 -0.01057308 -0.3261102 -0.09869136 -0.01123573 -0.285751 0.007787635 -0.0278203 -0.02208172 -0.006276603 -0.05701921 -0.01041508 0.006467605 -0.05858153 -0.01079376 -0.005648554 -0.02696728 -0.02111916 -0.01884156 -0.02684019 -0.02152969 -0.02025326 -0.05819922 -0.01030342 -0.006458576 -0.07208055 -0.005566254 -0.02552861 -0.07330092 -0.005928001 0.01070543 -0.0735303 -0.006117058 -0.02171823 -0.08517159 -0.002144775 -0.006027063 -0.09190588 -0.0009937286 0.006796272 -0.08609736 -0.00263031 -0.005734007 -0.02532576 -0.02679192 0.01007182 -0.02666334 -0.02683693 -0.02025326 -0.05819922 -0.01030342 -0.02252287 -0.05231899 -0.02105206 -0.02289186 -0.05910831 -0.01976093 0.009432632 -0.05297737 -0.02291584 -0.02107578 -0.02569307 -0.02611542 0.01253941 -0.07487096 -0.01555996 0.009274342 -0.05949379 -0.02194481 0.006467605 -0.05858153 -0.01079376 0.01070543 -0.0735303 -0.006117058 -0.02670858 -0.07301298 -0.01409199 -0.02552861 -0.07330092 -0.005928001 0.008946271 -0.08673236 -0.01085506 0.006796272 -0.08609736 -0.00263031 -0.02336237 -0.08666681 -0.007081604 -0.02171823 -0.08517159 -0.002144775 -0.006009855 -0.09363423 -0.005930557 -0.006027063 -0.09190588 -0.0009937286 -0.02252287 -0.05231899 -0.02105206 0.009432632 -0.05297737 -0.02291584 0.01007182 -0.02666334 -0.02683693 0.02927508 -0.04653862 -0.02792419 0.033519 -0.03274279 -0.02869354 -0.02107578 -0.02569307 -0.02611542 -0.03520512 -0.05033418 -0.02847923 -0.02252287 -0.05231899 -0.02105206 -0.04448314 -0.04374158 -0.02861195 -0.005425897 -0.01490137 -0.02945721 0.02156094 -0.0199387 -0.02903568 -0.005734007 -0.02532576 -0.02679192 -0.03364792 -0.01779146 -0.02978989 -0.04551163 -0.02957483 -0.02900105 0.009432632 -0.05297737 -0.02291584 0.02175861 -0.05256113 -0.02867847 0.008123637 -0.05683175 -0.0302771 0.02287476 -0.05564762 -0.03046761 0.03272118 -0.05026388 -0.03066502 -0.01947095 -0.05756576 -0.02865372 -0.03658129 -0.05324304 -0.03141937 -0.04898128 -0.02839211 -0.03277824 -0.04703715 -0.04558494 -0.03142437 0.02443165 -0.01527697 -0.03365856 0.03737788 -0.03137396 -0.03179447 -0.005416064 -0.01208981 -0.03452347 -0.03505735 -0.01482695 -0.0329023 0.008123637 -0.05683175 -0.0302771 0.00803406 -0.07164939 -0.02628418 -0.02252112 -0.07269347 -0.02456577 -0.01947095 -0.05756576 -0.02865372 0.004949155 -0.08109372 -0.02312332 -0.01739293 -0.08068432 -0.02220131 -0.005944265 -0.08847723 -0.02162498 0.05130919 -0.146408 -0.03000622 0.0517332 -0.0698924 -0.03011852 0.01837593 -0.06898875 -0.02935192 0.01620134 -0.1465462 -0.03131237 -0.02861843 -0.06736846 -0.03126293 -0.0624239 -0.1437152 -0.03062103 -0.02861843 -0.1465462 -0.03127575 -0.06250181 -0.06711913 -0.03040821 0.01527752 -0.07544307 -0.02461853 -0.02629201 -0.1420786 -0.02475403 0.01445526 -0.1425402 -0.02540833 -0.02692956 -0.07264641 -0.02397034 0.01812191 -0.06720654 -0.03353527 0.05357491 -0.06815151 -0.03341442 0.05289427 -0.1478314 -0.03345013 -0.02861843 -0.1481087 -0.03406887 -0.06477134 -0.1457196 -0.03364349 -0.06390045 -0.06540541 -0.03284595 -0.02899644 -0.06543744 -0.03332348 0.01627971 -0.1490781 -0.03415142 -0.00114458 -0.113691 -0.01884277 0.006397035 -0.1222282 -0.02517056 0.0001617408 -0.1114284 -0.02517056 0.003784392 -0.1222282 -0.01884277 -0.01230885 -0.1114284 -0.02517056 -0.01100253 -0.113691 -0.01884277 -0.01854414 -0.1222282 -0.02517056 -0.0159315 -0.1222282 -0.01884277 -0.01100252 -0.1307655 -0.01884277 -0.01230885 -0.1330281 -0.02517056 0.0001617402 -0.1330281 -0.02517056 -0.001144581 -0.1307655 -0.01884277 -0.006073552 -0.1222282 -0.01884277 -0.006411462 -0.1847588 -0.006791916 0.01199452 -0.1605549 -0.005097351 -0.005692401 -0.1617465 -0.005191193 0.01609127 -0.1835756 -0.005736046 0.03571103 -0.1555535 -0.005601997 0.04313148 -0.1757458 -0.005812302 -0.02335655 -0.1598241 -0.00584465 -0.04890946 -0.1751499 -0.008503342 -0.02742955 -0.1822304 -0.007336922 -0.0442895 -0.1557002 -0.006765747 -0.07375743 -0.1618611 -0.01073189 -0.06503666 -0.1466635 -0.008641052 -0.09256583 -0.1470324 -0.01283886 -0.08441294 -0.135531 -0.01029659 -0.1002591 -0.1225993 -0.01172382 -0.116552 -0.11266 -0.01394115 -0.1074875 -0.1294361 -0.01417904 -0.1109431 -0.1086827 -0.01271435 0.05941648 -0.1468305 -0.006485367 0.06924636 -0.1631326 -0.008729858 0.08485041 -0.1515097 -0.01022614 0.07567566 -0.1369851 -0.007661324 0.09757722 -0.13736 -0.01143032 0.1080673 -0.1184689 -0.01205151 0.09053081 -0.1249492 -0.008775368 0.1029439 -0.1129237 -0.01018852 0.1117834 -0.1087749 -0.01205151 0.1066624 -0.106832 -0.01018852 -0.1206681 -0.1038071 -0.01394115 -0.1151055 -0.1019124 -0.01271435 0.01099036 -0.1533009 -0.0195422 -0.005539347 -0.1543065 -0.01995564 -0.006432368 -0.1853808 -0.02169529 -0.02777319 -0.1837739 -0.02164333 0.03391587 -0.1493157 -0.01960926 0.01622749 -0.1843827 -0.02088791 0.04320562 -0.1759393 -0.02018803 -0.04213748 -0.148808 -0.02062561 -0.02227192 -0.1527177 -0.02036125 -0.04949018 -0.1765055 -0.02186016 -0.06220735 -0.14104 -0.02106781 -0.07395858 -0.1621685 -0.02246067 -0.08123612 -0.130917 -0.02163876 -0.1099487 -0.1311175 -0.02346386 -0.09391153 -0.148427 -0.0229385 -0.1088989 -0.1072752 -0.02345592 -0.09697644 -0.1194128 -0.02274128 -0.1198392 -0.1143103 -0.02347683 0.05697457 -0.1417564 -0.01956608 0.06870647 -0.1622423 -0.02095997 0.09020284 -0.1245792 -0.02009758 0.07361856 -0.1340587 -0.01975658 0.08476783 -0.1514191 -0.02115158 0.102103 -0.1122511 -0.02089478 0.0982162 -0.1378159 -0.02137775 0.1079798 -0.118428 -0.02183964 0.1038996 -0.1072356 -0.02573353 0.1100879 -0.1084414 -0.0262915 0.1038996 -0.1072356 -0.02573353 0.1066624 -0.106832 -0.01018852 0.1117834 -0.1087749 -0.01205151 0.1100879 -0.1084414 -0.0262915 -0.1150758 -0.1018298 -0.02767071 -0.1205829 -0.1038435 -0.02794361 -0.1205829 -0.1038435 -0.02794361 -0.1206681 -0.1038071 -0.01394115 -0.1150758 -0.1018298 -0.02767071 -0.1151055 -0.1019124 -0.01271435 -0.005709491 -0.157994 -0.03472004 0.01245717 -0.1585969 -0.03398705 -0.02754994 -0.1745546 -0.03594978 -0.006812081 -0.17481 -0.03659863 0.03571103 -0.1555535 -0.03361656 0.0148228 -0.171808 -0.03603977 0.04062507 -0.1668103 -0.03456379 -0.04309199 -0.1508735 -0.03448547 -0.02505821 -0.1574803 -0.03487785 -0.04784844 -0.1673326 -0.03521702 -0.06407841 -0.1445053 -0.03349457 -0.07266505 -0.1568635 -0.03418949 -0.08355112 -0.1343664 -0.03298092 -0.0919741 -0.143358 -0.0330381 -0.1078687 -0.127749 -0.03274864 -0.1109431 -0.1086827 -0.03370678 -0.09842068 -0.1217692 -0.03358051 -0.1178435 -0.1139661 -0.03301254 0.05991635 -0.1494477 -0.03264675 0.06632674 -0.1557132 -0.03319012 0.07643555 -0.143677 -0.03185181 0.09183818 -0.128272 -0.03141979 0.07951838 -0.1462436 -0.03207703 0.103221 -0.1155458 -0.03206734 0.0937909 -0.1316588 -0.03195198 0.107457 -0.1181593 -0.03225517 0.09797226 -0.1062412 -0.03205246 0.1137866 -0.1086443 -0.03233753 0.1126925 -0.07882834 -0.03175953 0.0995311 -0.0784412 -0.031978 0.1097003 -0.08047239 -0.0265918 0.1031537 -0.08077963 -0.02573353 -0.1106414 -0.1020747 -0.0336134 -0.1244425 -0.102786 -0.03362087 -0.1092388 -0.07064833 -0.03269299 -0.1196576 -0.07332107 -0.02718067 -0.1138362 -0.07273865 -0.0268565 -0.1252262 -0.07045508 -0.03300808 -0.1244425 -0.102786 -0.03362087 -0.1106414 -0.1020747 -0.0336134 0.09797226 -0.1062412 -0.03205246 0.1137866 -0.1086443 -0.03233753</float_array>
          <technique_common>
            <accessor count="1324" source="#verts-array-array" stride="3">
              <param type="float" name="X"/>
              <param type="float" name="Y"/>
              <param type="float" name="Z"/>
            </accessor>
          </technique_common>
        </source>
        <source id="normals-array">
          <float_array count="3972" id="normals-array-array">-0.0173095 -0.9997561 0.01371312 -0.01671487 -0.9998408 0.006246264 -0.005244911 -0.9998746 0.01494301 -0.005187637 -0.9999789 0.003899628 0.01711222 0.999766 0.01323533 0.02121494 0.999732 0.009267081 0.01344207 0.9997774 0.01626153 0.01109458 0.9998979 0.009009602 0.002538639 -0.005151568 0.9999835 -0.00280933 -0.02484753 0.9996873 -0.003621947 -0.007976831 0.9999616 0.008421685 -0.03075438 0.9994915 0.9998275 0.01765664 0.005765941 0.9996578 0.02599628 0.002922087 0.999853 -0.01669008 -0.003939283 0.999966 -0.006949044 -0.004431702 -0.0007065863 -0.03697286 -0.999316 0.007273548 0.01176506 -0.9999043 -0.002679895 0.0007025384 -0.9999962 0.0006247109 -0.04000775 -0.9991992 -0.9999919 -0.003744342 0.001456799 -0.9999891 0.002845571 0.003699915 -0.9999987 -0.001473952 0.0007053051 -0.9999628 -0.006916272 0.005158469 -0.3938782 -0.7860111 0.4764939 -0.08418105 -0.9853738 0.1481621 -0.1240719 -0.8913706 0.4359641 -0.3209132 -0.9251224 0.2028873 -0.5348745 -0.6911227 0.4860645 -0.46154 -0.8557506 0.2338202 -0.3614074 -0.7209552 0.5912768 -0.1454378 -0.7969322 0.5862993 -0.535372 -0.598381 0.5960847 -0.4669596 -0.8782783 -0.1028391 -0.4549526 -0.8252287 -0.3346877 -0.2104854 -0.9670222 -0.1434015 -0.1882136 -0.9183812 -0.3480685 -0.4577433 -0.7882018 -0.4113502 -0.245708 -0.8963129 -0.3691215 -0.498433 -0.8625923 -0.08659761 -0.5044224 -0.800615 -0.3233784 -0.5262508 -0.725966 -0.4427566 0.6215696 -0.7476285 -0.2338864 0.2516245 -0.9306822 -0.265548 0.5348225 -0.678128 -0.5040906 0.207291 -0.8296953 -0.5183012 0.7578809 -0.616783 -0.2125919 0.6119913 -0.6632093 -0.4308364 0.2112532 -0.7738309 -0.5971246 0.4913256 -0.6615019 -0.5665813 0.5845891 -0.608585 -0.5365444 0.4520235 -0.6723031 0.5862451 0.1845913 -0.7717541 0.6085406 0.2046151 -0.9393289 0.2753069 0.4810669 -0.8346021 0.2683542 0.1950148 -0.6728142 0.7136457 0.4117371 -0.6110952 0.6760437 0.5481811 -0.6360999 0.5430234 0.5539611 -0.8124617 0.1817498 0.4909502 -0.5905056 0.640524 -0.5049048 0.8450086 0.1761581 -0.4460645 0.7662461 0.462486 -0.1461613 0.9779845 0.1489404 -0.1549837 0.8740325 0.4604858 -0.4103388 0.7040614 0.5795857 -0.1388734 0.7594084 0.6356202 -0.696754 0.7015759 0.1494158 -0.5789639 0.7007262 0.4168736 -0.5120245 0.6763302 0.529536 0.1981428 0.9800817 0.01339222 0.02863464 0.9994817 0.01471089 0.2389919 0.9470748 0.214318 0.05422404 0.9417239 0.3319878 0.2816571 0.9594041 0.01459359 0.3522668 0.9247357 0.1441246 0.07564913 0.8311201 0.5509235 0.2232278 0.8772229 0.4250287 0.3382876 0.888862 0.3090079 0.4110611 0.8435227 -0.3456851 0.1305656 0.918095 -0.3742382 0.1885902 0.9782117 -0.0868081 0.4585695 0.8859666 -0.06911716 0.3829281 0.7830032 -0.4901755 0.1373041 0.8324 -0.5368964 0.5080343 0.8011977 -0.3162014 0.5400324 0.8387102 -0.07021519 0.4938549 0.723436 -0.4824394 -0.4009742 0.723947 -0.5613559 -0.1114983 0.9709358 -0.2117827 -0.1387386 0.7845818 -0.6043037 -0.4359453 0.8699675 -0.2304521 -0.546612 0.6655296 -0.5082182 -0.6044223 0.766123 -0.2184703 -0.1239123 0.6267718 -0.7692872 -0.3243538 0.6650759 -0.6726579 -0.4811903 0.6154736 -0.624218 -0.4245787 -0.2185332 0.8786218 -0.3988883 -0.4831604 0.779387 -0.1478025 -0.1910517 0.9703884 -0.1474476 -0.4559084 0.8777282 -0.3982099 -0.5851976 0.7063799 -0.1792253 -0.5934517 0.7846613 -0.5508974 -0.2084316 0.8081264 -0.4850097 -0.4784635 0.7320098 -0.4819898 -0.6172099 0.6218825 0.3250461 -0.1903083 0.9263519 0.1237423 -0.1449696 0.9816678 0.3916179 -0.3676002 0.8435079 0.1909147 -0.3279222 0.9252127 0.4484826 -0.3787281 0.8095853 0.4235404 -0.2266493 0.8770654 0.1725109 -0.4409654 0.8807891 0.397831 -0.440807 0.8046239 0.4516814 -0.4311594 0.7810797 0.304555 0.3858724 0.8708322 0.1020395 0.376077 0.9209528 0.05840619 0.138402 0.9886524 0.2877657 0.1923412 0.9381875 0.2917303 0.5561574 0.7781917 0.09273846 0.5727548 0.8144639 0.4720974 0.3840758 0.7934796 0.4759064 0.2193363 0.8517069 0.4241094 0.4982457 0.7562291 -0.421775 0.4190562 0.8040509 -0.110148 0.1701511 0.9792426 -0.1334993 0.3683785 0.9200409 -0.4395747 0.2145862 0.8721965 -0.6003112 0.3692761 0.7094094 -0.6541393 0.2047585 0.7281317 -0.3842793 0.5323819 0.7542539 -0.1509513 0.5164226 0.8429243 -0.5348632 0.4683262 0.7032723 0.794063 -0.2053374 0.5721018 0.7060627 -0.4425861 0.5528047 0.9669092 -0.1599611 0.1987436 0.8848675 -0.4096761 0.2217542 0.6709735 -0.5302449 0.5182999 0.8287008 -0.517465 0.213272 0.6372358 -0.2335462 0.7344295 0.599701 -0.4042471 0.6906106 0.5910528 -0.4780086 0.6497418 0.8939669 -0.1962357 -0.4028831 0.9729635 -0.1763041 -0.1491941 0.800977 -0.432947 -0.4135126 0.9151507 -0.3676019 -0.1654326 0.7403859 -0.4241122 -0.5214955 0.8210143 -0.2007712 -0.5344403 0.8816677 -0.4354524 -0.1817779 0.762332 -0.5032842 -0.4068845 0.6890627 -0.5093774 -0.5154873 0.8658784 0.3487766 -0.3586216 0.9036536 0.4185975 -0.09047799 0.9921179 0.09937611 -0.07633121 0.9475975 0.1463047 -0.2839963 0.7897696 0.5048216 -0.3484524 0.7147858 0.695579 -0.07246402 0.7946203 0.3483178 -0.4972457 0.8790855 0.169069 -0.4456729 0.7480169 0.444428 -0.4929042 0.8957108 0.3758298 0.2376008 0.991456 0.1200091 0.05111485 0.9299382 0.3608453 0.07075066 0.9459848 0.1724344 0.2745525 0.8559453 0.3534311 0.3774178 0.838347 0.1969677 0.5083089 0.8499097 0.4850761 0.2058024 0.8367991 0.5445486 0.05686925 0.864811 0.4126536 0.2860401 0.4651288 -0.1962281 -0.8632206 0.4701479 -0.4287236 -0.7714642 0.1982033 -0.1754549 -0.9643293 0.1926412 -0.3637939 -0.9113415 0.4725352 -0.4905394 -0.7321759 0.2066202 -0.458246 -0.864476 0.5915245 -0.2049878 -0.779794 0.5564426 -0.4292964 -0.7113904 0.5547084 -0.5006608 -0.6645581 -0.4816737 -0.313766 -0.8182551 -0.2079953 -0.3179099 -0.925025 -0.4710008 -0.5847932 -0.6604356 -0.2209737 -0.5783281 -0.7853071 -0.5377653 -0.5850378 -0.6070743 -0.5848255 -0.3041064 -0.7519963 -0.2395729 -0.6319511 -0.7370499 -0.4831634 -0.633311 -0.6045414 -0.5421604 -0.6410064 -0.5432982 -0.28567 0.2869497 -0.9143591 -0.06856395 0.1991928 -0.9775588 -0.04028001 0.09842581 -0.9943289 -0.2262025 0.1415263 -0.9637441 -0.2863806 0.3651085 -0.8858227 -0.08527067 0.2798415 -0.9562519 -0.4130246 0.2919844 -0.8626447 -0.36395 0.1525979 -0.9188331 -0.4204792 0.3764302 -0.8255287 0.3832224 0.3865849 -0.8388639 0.0911918 0.1577813 -0.9832544 0.1055346 0.3200492 -0.9415046 0.3808285 0.2022017 -0.9022661 0.5602541 0.3653483 -0.7433949 0.5926978 0.1957493 -0.7812756 0.367763 0.5017519 -0.7829402 0.1161129 0.4645344 -0.8779098 0.5278009 0.4604573 -0.7137263 -0.8536007 -0.2664475 -0.4476289 -0.6306284 -0.6408893 -0.4376857 -0.938902 -0.3032675 -0.1627633 -0.6866579 -0.7189855 -0.1075206 -0.5066055 -0.7953614 -0.332793 -0.5112283 -0.855778 -0.07930747 -0.7838611 -0.2949046 -0.5464367 -0.5664975 -0.5570983 -0.6072249 -0.4434866 -0.7163672 -0.5386443 -0.8240634 -0.2147137 0.5242305 -0.9721851 -0.1733081 0.1575448 -0.7343083 -0.4869884 0.4728991 -0.8522864 -0.4760184 0.2168281 -0.6316724 -0.5170394 0.5776333 -0.67723 -0.2019194 0.7075225 -0.7580095 -0.5982371 0.259873 -0.6053187 -0.6164968 0.5035087 -0.5071232 -0.6536148 0.5617951 -0.85494 0.3483867 0.3843232 -0.9373296 0.3155588 0.1477693 -0.983996 0.1398888 0.1103765 -0.9217432 0.1911839 0.3373991 -0.818019 0.4363625 0.3747436 -0.8797977 0.4531871 0.1434483 -0.78932 0.3453587 0.5076428 -0.8486458 0.1910943 0.4932376 -0.7632122 0.4130438 0.4968923 -0.7882071 0.3590941 -0.4997809 -0.9786849 0.1100892 -0.1733674 -0.9266643 0.3130766 -0.2080296 -0.8628016 0.1564685 -0.4807193 -0.6882296 0.3192929 -0.6514538 -0.7378011 0.1642804 -0.6547224 -0.7409858 0.4760941 -0.4735763 -0.8665036 0.4437474 -0.2286041 -0.6588225 0.4323199 -0.6156723 -0.3058158 -0.9520716 0.00602386 -0.1358593 -0.9907189 0.004285111 -0.1137021 -0.9935141 0.001257577 -0.3171812 -0.9483592 0.003306414 -0.4264991 -0.9044539 0.007853146 -0.4128755 -0.9107826 0.002994266 -0.004928544 -0.9181771 -0.3961394 -0.006720016 -0.9871475 -0.1596704 -0.005344065 -0.9908309 -0.1350024 -0.007087005 -0.9152107 -0.4029132 -0.003793866 -0.8369541 -0.54726 -0.008608505 -0.8549858 -0.5185799 0.1839328 -0.9829324 -0.003546671 0.5580783 -0.8297794 -0.003834094 0.5893715 -0.8078419 -0.005718676 0.166311 -0.9860714 -0.001949622 0.7847145 -0.619787 -0.00934258 0.7645743 -0.6445342 -0.001334407 -0.01105688 -0.8368546 0.5473135 -0.008003195 -0.9938451 0.1104891 -0.01006307 -0.8562218 0.5165104 -0.008624144 -0.9888205 0.1488613 -0.007822407 -0.6828828 0.730486 -0.01179537 -0.6728428 0.7396914 0.009231068 0.968323 0.2495303 0.007163304 0.9722605 0.2337908 0.01022312 0.9997812 -0.01824668 0.00518839 0.9992491 -0.03839787 0.008832294 0.9036399 0.428202 0.007114078 0.899049 0.4377903 0.02055591 0.9997148 0.01215864 0.2503482 0.9681154 0.008849078 0.2829255 0.9591195 0.006556153 -0.006539745 0.999915 0.01128135 0.4511994 0.8923993 0.006524067 0.4650997 0.8852481 0.004254444 -0.0006770768 0.6087294 -0.7933777 0.007437103 0.9878478 -0.1552464 0.002128979 0.9726847 -0.2321206 0.01310354 0.7252872 -0.6883217 0.0004493822 0.2783958 -0.9604663 0.01323416 0.4118269 -0.911166 -0.285504 0.9583743 0.002489375 -0.3157213 0.9488209 0.00767787 0.02503844 0.9996862 -0.0007026692 0.02573441 0.9996459 0.006773678 -0.5342246 0.8453216 0.005953991 -0.5923442 0.8056661 0.005519462 -0.006367156 -0.2300134 0.9731666 -0.008140418 -0.2259253 0.9741106 -0.006654776 -0.1107376 0.9938274 -0.01325684 -0.1178636 0.9929413 -0.006916042 -0.273145 0.961948 -0.007711088 -0.2665329 0.963795 0.07368997 0.09457413 0.9927867 0.3059929 0.1043711 0.9462954 0.4929789 0.1055853 0.8636107 0.0002828981 0.3572049 0.934026 0.00731227 0.1053436 0.994409 -0.0005081214 0.08236094 0.9966024 -0.001423406 0.2898186 0.9570805 0.000449057 0.5952712 0.8035247 0.002573678 0.4537217 0.8911397 -0.4587907 0.01477412 0.8884215 -0.1171234 -0.01346735 0.993026 -0.1185531 0.002521527 0.9929445 -0.3926204 -0.02452601 0.9193735 -0.6567803 0.02326214 0.7537231 -0.5544208 -0.0236488 0.8319004 0.969246 -0.2460363 -0.005327939 0.9755079 -0.2198282 -0.007735199 0.9944757 -0.1049143 -0.003334022 0.9949047 -0.1001012 -0.01201462 0.9523892 -0.3048021 -0.007104808 0.9677176 -0.251933 -0.007241444 0.9980375 0.01632226 -0.06045396 0.9770062 0.03981838 -0.2094599 0.9382625 0.0528334 -0.3418657 0.9068531 0.4214455 0.001079323 0.9802466 0.1977146 -0.005062683 0.9092945 0.4161526 0.0007598921 0.9812023 0.1929572 -0.003100406 0.7999818 0.599998 0.005614829 0.8088397 0.5880197 0.00333516 0.9295518 0.009493042 0.3685693 0.9995978 -0.003924775 0.02808624 0.9993097 0.007056166 0.03647336 0.9096359 -0.02118167 0.4148661 0.8252083 0.009464462 0.5647493 0.7341819 -0.02377595 0.6785364 -0.002801043 -0.3738891 -0.9274692 -0.008004784 -0.3681826 -0.929719 -0.00250637 -0.1236903 -0.9923177 -0.002939039 -0.1061505 -0.9943457 -0.00448892 -0.5411114 -0.840939 -0.007126468 -0.5738298 -0.8189436 -0.05484557 0.03464144 -0.9978937 -0.2258971 0.02887206 -0.9737232 -0.3655923 0.02645351 -0.9303991 0.001152832 0.02200303 -0.9997572 -0.01830911 0.1654033 -0.9860561 0.005538825 0.1029702 -0.994669 -0.01325582 0.1771653 -0.9840918 0.001773258 0.07589787 -0.997114 -0.01191758 0.1834773 -0.9829517 0.5096627 0.01686681 -0.860209 0.09018827 -0.01129147 -0.9958607 0.1476677 0.00882467 -0.9889977 0.3926785 -0.01128479 -0.9196066 0.7213005 0.01651416 -0.6924254 0.6018739 -0.006862666 -0.7985616 -0.8679345 -0.4966546 -0.004888768 -0.8575218 -0.514446 0.00133866 -0.986506 -0.1636775 -0.003957582 -0.9885013 -0.1512094 -0.001000856 -0.7656629 -0.643229 -0.004099318 -0.7270836 -0.686538 0.003872023 -0.9974753 -0.0105408 0.07022832 -0.9646873 0.01173207 0.2631362 -0.9218545 0.0007907543 0.3875354 -0.9821558 0.187828 0.009517409 -0.9855691 0.1691269 0.007039006 -0.9893719 0.1448873 0.01228827 -0.974879 0.2226612 0.005731123 -0.9681723 0.2500763 0.01021409 -0.9589413 0.2835211 0.0068803 -0.9493374 0.006560973 -0.3141901 -0.9996738 -0.02536959 0.002953852 -0.9948103 -0.0009598285 -0.1017423 -0.9796406 -0.03331017 -0.1979765 -0.9248297 0.01345197 -0.3801435 -0.9355745 -0.03760268 -0.3511217 0.01025257 0.1004273 0.9948916 -0.00218973 0.05539104 0.9984623 -0.01699551 0.0662631 0.9976574 0.9861672 0.1657171 -0.003483917 0.9918987 0.1270279 0.0008950597 0.02629158 0.1749572 -0.9842249 0.02519385 0.04938681 -0.9984619 0.009255596 -0.07590235 -0.9970723 -0.981335 -0.1919347 0.01194658 -0.9848442 -0.1723992 0.01898698 0.06397258 0.08594415 0.994244 0.328334 0.04519442 0.9434799 0.5092069 0.01408041 0.860529 -0.1201299 0.00814044 0.9927248 -0.4022148 0.00359718 0.9155383 -0.5721648 -0.008628992 0.8200933 0.989129 -0.1368837 -0.05372742 0.9605342 -0.1893603 -0.2037567 0.9152137 -0.2114502 -0.3430347 0.9898826 -0.01947093 0.1405465 0.8984281 -0.02236 0.4385511 0.8143047 0.02978294 0.579673 -0.09781773 -0.01598783 -0.9950759 -0.259701 -0.1854847 -0.9477082 -0.3525333 -0.2641646 -0.8977401 0.1492773 0.05029781 -0.9875153 0.5046104 0.06527413 -0.8608761 0.7179967 0.0591892 -0.6935253 -0.8895428 -0.3794232 0.2544634 -0.887288 -0.4586373 0.04870104 -0.7813893 -0.4706141 0.4098209 -0.9941358 -0.002297567 -0.1081141 -0.9133483 0.02238922 -0.4065633 -0.7865251 0.02548645 -0.6170321 -0.001784767 -0.3298964 0.9440155 -0.03103539 -0.3185808 0.9473875 0.9476906 -0.3191897 0.00064072 0.9122774 -0.4095584 -0.003455142 0.01033293 -0.2999087 -0.9539119 0.03282726 -0.1146473 -0.9928637 -0.7065325 -0.7076431 0.007291527 -0.7125389 -0.7015142 0.01288708 -0.4088788 -0.5287276 0.7438181 -0.1253721 -0.5381951 0.8334433 -0.5398577 -0.5391974 0.6463899 0.9231183 0.008472338 0.3844228 0.9830656 0.06677654 0.1706543 0.9140703 0.01385073 0.4053193 0.09231941 -0.3696233 -0.9245841 0.4764368 -0.2845575 -0.8318864 0.7055445 -0.2474019 -0.6640778 -0.9194744 -0.3853295 -0.07802614 -0.8611899 -0.3548337 -0.3639299 -0.752745 -0.2912769 -0.5903666 0.08180194 0.02189554 0.9964081 0.3712111 -0.03629703 0.9278388 0.4960838 -0.01427519 0.8681573 0.9089832 -0.3151598 -0.2728074 0.9630956 -0.2608173 -0.06649229 0.8341453 -0.3423937 -0.4323981 -0.4608443 -0.1387907 -0.8765613 -0.1838818 0.03851268 -0.9821936 -0.5350404 -0.2934232 -0.7922339 -0.7154161 -0.6167112 0.3284009 -0.8525763 -0.5220381 0.02428882 -0.4886827 -0.5913567 0.6414721 0.003443437 0.04530848 0.9989671 -0.01632225 0.00494721 0.9998545 8.43982e-05 -0.3008355 0.9536761 -0.02266924 -0.3338992 0.9423362 0.9240897 -0.3821675 -0.002504149 0.6550689 -0.7555027 -0.01001466 0.7095042 -0.7046719 -0.006427828 0.9474428 -0.3198781 -0.005484908 0.01037609 -0.01409701 -0.9998468 0.03082994 -0.1125587 -0.9931667 0.01657893 -0.11255 -0.9935077 0.02727425 -0.05334631 -0.9982035 -0.9842887 -0.1765253 -0.003805961 -0.8095784 -0.5867561 0.01732184 -0.7609022 -0.6488581 0.003301616 -0.9964729 -0.0819869 0.01788651 -0.3850422 -0.6509303 0.6542417 -0.5739757 -0.06089398 0.816605 -0.1672286 -0.562755 0.8095316 -0.2591147 0.01372614 0.965749 -0.6823471 -0.09005564 0.7254601 -0.5168817 -0.6042173 0.6064278 0.9091152 0.05709383 0.4126134 0.9940117 -0.02165581 0.107106 0.9831114 0.03688461 0.1792524 0.9283451 0.04713374 0.3687191 0.882235 0.04882961 0.4682703 0.8728427 0.04825715 0.4856097 0.4639794 -0.08589419 -0.8816719 0.07055458 -0.4366625 -0.8968545 0.3412985 -0.4843035 -0.8055839 0.1997847 0.01305397 -0.9797529 0.6220809 -0.1081963 -0.7754411 0.5923287 -0.4108077 -0.6930972 -0.9546637 -0.08372478 -0.28567 -0.877663 -0.4745114 -0.06742853 -0.842432 -0.4699647 -0.2635174 -0.9937848 -0.07645734 -0.08090704 -0.9294581 -0.07326645 -0.3615794 -0.8030944 -0.4144024 -0.4281472 0.07135728 -0.004820605 0.9974392 0.06693476 -0.02100641 0.9975362 0.2845657 0.0007073985 0.9586563 0.2814155 -0.02570253 0.9592417 0.4314868 0.0003827471 0.9021192 0.4267944 -0.02561386 0.9039859 0.9963632 0.02241139 -0.08220798 0.9988267 0.003968011 -0.04826491 0.9576706 0.03076021 -0.2862181 0.9363598 -0.002719208 -0.3510312 0.9208764 0.03193743 -0.3885442 0.8424907 -0.00666588 -0.5386696 -0.1440243 -0.002569556 -0.9895708 -0.1173379 -0.04681386 -0.991988 -0.515683 0.005115033 -0.8567642 -0.4309671 -0.04982128 -0.9009912 -0.7278867 0.007151807 -0.6856601 -0.6264415 -0.04262316 -0.7783022 -0.9968259 0.02504997 0.07556878 -0.9951948 0.01076686 0.09732077 -0.9515305 0.02605004 0.3064493 -0.9224893 -0.01300864 0.3858035 -0.8987315 0.02003723 0.4380412 -0.864043 -0.02219402 0.5029286 0.1112914 -0.02284182 0.9935253 0.3088153 -0.01514086 0.9510015 0.3577912 0.04539959 0.9326973 0.9523174 -0.1334758 -0.2743643 0.9915752 -0.1060447 -0.07438558 0.9002407 -0.1324609 -0.4147539 -0.5714461 0.01225422 -0.8205481 -0.1971992 0.03210145 -0.9798377 -0.7280088 -0.02001888 -0.6852754 -0.8937955 -0.1394054 0.4262577 -0.9920221 -0.1244656 0.02001066 -0.6772697 -0.0979354 0.7291875 0.006260068 -0.9999646 0.005614464 0.01600342 -0.9998601 0.004875003 0.004618772 -0.9999454 0.009368936 0.0007501852 -0.9997957 0.02019903 0.002057324 -0.9998135 0.01920142 -0.001213437 -0.9999789 0.006386403 -0.0007652689 -0.9998631 0.01652903 0.0001730863 -0.9999965 0.002632486 -0.03646539 -0.9993168 0.006015829 -0.03690981 -0.9993178 0.001299757 -0.02515959 -0.9996826 -0.001280684 -0.0279765 -0.9995796 0.007616237 -0.02779617 -0.999564 0.009960195 -0.02327523 -0.9997157 0.005172163 -0.03314093 0.9992963 0.01756797 -0.03396561 0.9993408 0.01281813 -0.02389672 0.9996594 0.01049018 -0.01892813 0.9997878 0.008128668 -0.01024245 0.9999383 0.004303923 -0.008019215 0.9999452 0.00672748 0.001856381 0.9999397 0.010821 -0.003084471 0.9999735 0.006600644 0.04967086 0.998765 0.001114436 0.04789862 0.9988522 -0.0002336223 0.03161478 0.9995001 0.0003609764 0.03418426 0.9994155 7.283399e-06 0.02444579 0.9996845 0.005772223 0.03118613 0.9994993 0.005354617 -0.0036129 -0.01757824 0.999839 -0.004137417 -0.02327579 0.9997205 -0.004917922 -0.009531522 0.9999425 0.0007597421 -0.02210063 0.9997555 -0.003419357 0.006363747 0.9999739 -0.005647286 -0.03289338 0.9994429 -0.02058674 0.002423687 0.9997851 -0.02479338 -0.03129469 0.9992026 -0.0007536277 -0.02700084 0.9996351 -0.008434804 -0.00268156 0.9999608 0.004674211 -0.03229737 0.9994674 0.006344737 0.0006746226 0.9999796 0.002593621 -0.02905824 0.9995744 0.0006859757 -0.004978467 0.9999874 -0.02195425 -0.01280496 -0.999677 -0.008432764 -0.04499682 -0.9989515 -0.006704781 -0.01904835 -0.9997961 -0.002626374 -0.06411266 -0.9979392 0.01037734 -0.01257863 -0.999867 0.006269382 -0.06179775 -0.998069 0.01841157 -0.007336776 -0.9998036 0.00736654 -0.05326164 -0.9985534 0.01131181 -0.02427406 -0.9996413 0.02082657 -0.007439585 -0.9997554 0.0001493842 -0.03269352 -0.9994654 0.0006404261 -0.008558916 -0.9999632 -0.002847545 -0.005028746 -0.9999833 -0.001493173 -0.03492632 -0.9993888 -0.01330996 -0.9966622 -0.08054377 -0.02100724 -0.9562126 -0.291918 -0.01537799 -0.9963918 -0.08346783 -0.01260373 -0.955847 -0.2935943 -0.01553805 -0.9929931 -0.1171462 -0.01080683 -0.9240098 -0.3822159 -0.009248856 -0.9894526 -0.1445613 -0.007661347 -0.9105138 -0.4134076 -0.0001518318 -0.9920029 -0.1262148 0.008282918 -0.9176078 -0.3974006 -0.01105757 -0.9329115 -0.3599359 -0.006099501 -0.9923746 -0.1231078 -0.008779864 -0.9076931 -0.4195427 -0.008467899 -0.9902169 -0.1392798 -0.02154843 -0.8983318 -0.4387888 -0.01089505 -0.896977 -0.4419429 -0.007142895 -0.8338878 -0.5518877 -0.007867188 -0.8274656 -0.5614613 0.01043368 -0.833913 -0.5517974 -0.01230146 -0.8671374 -0.497917 -0.007882897 -0.8118609 -0.5837976 -0.004890491 -0.9938545 0.1105861 0.007971042 -0.8762801 0.4817361 -0.01879707 -0.8759441 0.4820462 -0.01816966 -0.9972389 0.07200277 -0.01192692 -0.8614447 0.5077113 -0.0109114 -0.9925069 0.1217004 -0.0069411 -0.8415814 0.5400857 -0.008646768 -0.9920271 0.125728 -0.004149139 -0.9905835 0.136847 -0.008640787 -0.9147541 0.4039187 -0.01034429 -0.9893069 0.1454813 -0.006544583 -0.8443497 0.5357526 -0.01117115 -0.989814 0.1419274 -0.01221886 -0.8272429 0.5617116 0.007610713 -0.7073471 0.7068254 -0.01656709 -0.6699319 0.7422377 -0.0127698 -0.7091808 0.704911 -0.007847554 -0.6733372 0.7392939 -0.008257341 -0.8383663 0.5450447 -0.001596867 -0.6676944 0.7444337 -0.01106623 -0.6270475 0.7789024 0.02654476 0.9985388 0.04707023 0.01866273 0.9264029 0.376071 0.006830399 0.9325335 0.3610188 0.01113348 0.9997788 0.01784312 0.007926801 0.936197 0.3513864 0.01207536 0.9998473 -0.01263468 0.008967404 0.9544051 0.2983799 0.01160778 0.9999326 -0.0002263239 -0.0257889 0.999163 0.03175361 -0.004221173 0.9305571 0.3661224 2.554924e-05 0.9999983 -0.001867048 0.009163898 0.967435 0.2529538 0.002589376 0.9993619 -0.0356231 0.00539127 0.9676941 0.2520695 0.01694709 0.7998114 0.6000121 0.006318092 0.8005311 0.599258 0.003296941 0.7818052 0.6235141 0.008283407 0.8666156 0.4989076 0.00830197 0.815682 0.5784409 0.01477542 0.9072885 0.420249 0.004541285 0.8792669 0.4763077 -0.00282311 0.9972026 -0.07469241 -0.001402476 0.8562803 -0.5165095 -0.002146164 0.9951609 -0.09823546 -0.01186668 0.7790593 -0.626838 -0.01286784 0.730985 -0.6822722 -0.006337317 0.9949708 -0.09996463 -0.01471445 0.9873723 -0.1577322 -0.01339851 0.7069957 -0.7070909 0.0268729 0.9813986 -0.190091 0.02224053 0.7257268 -0.6876235 0.01621877 0.9901967 -0.1387354 0.009245167 0.7734799 -0.6337535 0.01103936 0.7663547 -0.6423229 0.011401 0.9895492 -0.1437444 -0.01066721 0.6588437 -0.7522042 -0.01507241 0.5082688 -0.8610666 -0.01504568 0.3947034 -0.9186854 -0.009322405 0.4054339 -0.9140768 0.02144403 0.428818 -0.9031363 0.007294251 0.4982792 -0.8669859 0.009635228 0.5027204 -0.8643954 0.01044827 -0.1689733 0.9855652 0.001783263 -0.4250055 0.905189 0.003298159 -0.3769136 0.9262425 0.00365937 -0.1593058 0.9872225 -0.0001648612 -0.1526669 0.9882777 -0.003315342 -0.3278961 0.944708 -0.002932079 -0.1102746 0.9938968 -0.01004918 -0.2341813 0.972141 -0.002629257 -0.1007179 0.9949116 0.002502161 -0.2241083 0.974561 -0.01278162 -0.2256181 0.974132 -0.01094653 -0.07956045 0.9967699 -0.01221508 -0.2543252 0.9670416 -0.007738148 -0.1384933 0.9903331 -0.001614624 -0.5756017 0.8177286 0.002426297 -0.5077189 0.8615193 -0.006190892 -0.4214556 0.9068279 -0.01088531 -0.3103632 0.9505557 0.004414522 -0.2812694 0.9596187 -0.01106467 -0.3361701 0.9417363 -0.01403277 -0.3045907 0.95238 0.01478994 0.1658667 0.9860373 0.02479136 0.3409773 0.9397446 0.01320404 0.1311744 0.9912714 0.007447865 0.4519274 0.8920236 -0.009723408 0.1357326 0.9906978 0.005790299 0.298453 0.9544068 0.009683881 0.3767536 0.9262629 0.02175225 0.1727043 0.9847335 0.02187732 0.3256902 0.9452234 0.007072715 0.3166994 0.9484996 0.006145957 0.199344 0.9799103 0.005234854 0.2840939 0.9587822 0.008340982 0.1606679 0.9869733 0.03115729 0.4994936 0.8657571 0.00278888 0.730426 0.6829862 0.01199869 0.4659668 0.8847208 0.007430402 0.6102003 0.7922123 0.01996018 0.4656997 0.8847177 0.008213699 0.4104093 0.9118644 0.002500234 0.4190695 0.9079507 0.005266976 -0.0710226 -0.9974608 0.008394957 -0.2497741 -0.9682678 -0.006503172 -0.2718459 -0.9623188 -0.004202039 -0.082965 -0.9965436 -0.007713372 -0.3116505 -0.9501655 -0.004827363 -0.09108428 -0.9958315 -0.003033264 -0.3468408 -0.9379191 -0.001189245 -0.1064267 -0.9943198 -0.01096899 -0.225051 -0.9742852 -0.01921189 -0.5695227 -0.821751 6.318444e-05 -0.1680107 -0.9857852 -0.004064177 -0.463553 -0.8860599 0.002134086 -0.1671897 -0.9859224 -0.001771831 -0.4398864 -0.8980517 0.009338546 -0.3974856 -0.9175609 -0.008451853 -0.4214068 -0.9068323 -0.008847938 -0.486182 -0.8738128 -0.004037668 -0.5273595 -0.8496327 -0.01894697 -0.7434308 -0.6685444 -0.00588772 -0.6501376 -0.7597937 -0.005456025 -0.6088126 -0.7932953 0.006024807 0.1734631 -0.9848219 0.02391269 0.2239864 -0.9742989 0.003300993 0.2202324 -0.9754418 0.003149281 0.1778357 -0.9840551 0.009702975 0.2228219 -0.9748109 0.01878952 0.1955715 -0.9805094 0.02038033 0.1875667 -0.9820404 -0.03648876 0.1987767 -0.9793653 -0.0300898 0.2473228 -0.9684658 -0.02417151 0.13622 -0.9903837 -0.0236166 0.0676352 -0.9974306 -0.006852483 0.1582882 -0.9873692 -0.01116106 0.1595456 -0.9871275 0.02338952 0.2715763 -0.9621327 0.003176374 0.1987605 -0.9800429 0.009500348 0.2775193 -0.9606731 0.01800815 0.2345946 -0.9719265 -0.01691809 0.3177838 -0.9480122 -0.02469058 0.1114453 -0.9934638 -0.01045626 0.1749946 -0.9845139 -0.005641546 0.04894023 0.9987858 0.002271347 0.100654 0.9949189 0.02854305 0.156762 0.9872239 0.03703493 0.06370864 0.9972811 0.03486034 0.0600295 0.9975877 0.01317794 0.1687608 0.9855689 -0.02146337 0.1843237 0.9826312 0.00235545 -0.1952141 -0.9807578 -0.02768956 -0.03584992 -0.9989735 -0.02856786 -0.006258942 -0.9995723 0.007320091 0.0143329 -0.9998705 -0.04163404 0.09863803 -0.9942521 -0.01138606 -0.07469898 -0.9971411 0.02833317 0.07834253 -0.9965238 -0.01617089 -0.5209415 0.8534392 -0.0004698676 -0.5483036 0.8362792 0.0367877 -0.4884781 0.8718003 0.02461539 -0.3521717 0.9356117 0.04472401 -0.185821 0.9815652 0.007682944 -0.2005131 0.9796609 -0.01700318 -0.2972153 0.9546591 0.01751827 -0.4225798 -0.9061564 -0.01407392 -0.1883973 -0.981992 -0.01872163 0.001813355 -0.9998231 0.003228432 -0.07004253 -0.9975388 -0.03564297 0.01580601 -0.9992396 -0.01230748 -0.242261 -0.9701331 0.01661136 -0.1224387 -0.9923371 -0.009503942 -0.04517675 0.9989338 -0.01330132 -0.5322651 0.8464732 0.000179714 -0.08254645 0.9965872 -0.0005237038 -0.6124037 0.790545 0.0103867 -0.04811492 0.9987878 0.02415889 -0.5959173 0.8026823 0.006932053 -0.2754815 0.9612814 0.006763929 0.08020076 0.9967558 -0.002047957 0.05047966 0.998723 0.01715953 -0.110104 0.9937719 -0.006320923 -0.1001395 0.9949533 0.002221321 -0.3788967 0.9254363 -0.02286137 -0.08220614 0.9963531 -0.02279468 -0.4662058 0.8843826 0.02276804 0.008790722 -0.9997021 0.02401243 -0.138807 -0.9900283 0.005412947 -0.08159818 -0.9966506 0.0005904071 -0.120595 -0.9927016 -0.009851773 -0.01079103 -0.9998932 -0.01211656 0.08510788 -0.9962981 -0.01520746 0.008429743 -0.9998488 -0.01478118 0.02159367 -0.9996576 -0.02352231 -0.04545568 -0.9986894 -0.03055044 -0.07634635 -0.9966132 -0.004468253 -0.1144875 -0.9934146 -0.007707801 -0.175707 -0.9844123 0.01392381 -0.07495515 -0.9970897 0.01712708 -0.1808613 -0.9833595 0.003358001 -0.9999886 0.003408364 -0.001117567 -0.9999585 0.009038959 0.002773574 -0.9990703 0.0430217 -0.003843334 -0.9993252 0.03652935 -0.002036556 -0.9996293 0.02715045 -0.0110124 -0.9997272 0.02059947 -0.004730648 -0.9996253 -0.02696158 -0.01104302 -0.9996206 -0.02523179 -0.005473587 -0.9998924 -0.01360687 -0.01024157 -0.9998479 -0.0141173 -0.004744242 -0.9999476 -0.009067906 -0.01115084 -0.9999005 -0.008640957 0.008295927 0.997751 0.06651477 0.0122358 0.9974055 0.07094119 0.01297992 0.9992099 0.03756575 0.01135286 0.9991855 0.03872147 0.01347589 0.9998451 0.01132369 0.01156561 0.9998278 0.01451164 0.0193838 0.9977371 -0.06438126 0.008894196 0.9978938 -0.0642565 0.02118004 0.9996104 -0.01818022 0.007873746 0.9997925 -0.01878779 0.02164193 0.9997651 -0.001146279 0.009814434 0.9999491 -0.002351454 0.9995469 0.01253021 -0.02736717 0.9991734 0.02635792 -0.03094708 0.9999342 0.009843912 0.005896875 0.9999472 0.01023704 0.0008663646 0.9996868 0.02501496 -0.0007485833 0.9999802 -0.00575909 0.002545118 0.9998934 0.01024304 0.01040999 0.9999599 0.005985701 -0.006660393 0.9998693 0.01268988 -0.01002194 0.9998644 -0.0148346 -0.007142692 0.9997305 0.02275952 -0.004565399 0.9995338 -0.03038573 -0.002991812 -0.9996761 -0.0003654403 0.0254471 -0.9997186 -0.005943377 0.02296489 -0.9999908 -0.001411497 -0.004060119 -0.999961 -0.008326589 -0.002956401 -0.9999433 0.007858374 0.007189707 -0.999902 -0.01354141 0.003559776 -0.9995347 0.0184034 -0.02432528 -0.9999959 -0.001234167 -0.002602091 -0.9999971 -0.001718075 0.001658653 -0.9999869 -0.002376652 0.00452698 -0.9999961 -0.002054319 -0.001867129 -0.9999578 0.009158312 -0.0006574939 -0.08119045 -0.9965134 -0.01921446 -0.3803461 -0.9246045 -0.02105746 -0.3848264 -0.9225696 -0.02782172 -0.1174885 -0.9929249 -0.01721979 -0.4588718 -0.888491 -0.004525743 -0.2240653 -0.9745614 -0.004985821 -0.4676891 -0.883893 -0.0002363644 -0.2950512 -0.9554136 0.01138678 -0.3432603 -0.9392126 -0.007211942 -0.1591555 -0.9872486 -0.003111154 -0.4012994 -0.9159399 0.003584894 -0.1449794 -0.9894231 0.004779782 -0.5867734 -0.8094506 -0.02205953 -0.5570589 -0.8299568 -0.02927591 -0.5241501 -0.8516177 -0.003754253 -0.3934593 -0.9193163 -0.006883602 -0.4177528 -0.9085331 -0.007093989 -0.5554088 -0.8315742 0.002336026 0.1809125 -0.9834991 -0.0004964075 0.5265381 -0.8501428 -0.003851574 0.1974925 -0.9802973 0.003722592 0.5583941 -0.8295381 0.007910954 0.2091339 -0.9778866 0.0009215726 0.6317426 -0.7751782 5.854575e-05 0.1352519 -0.9907791 -0.007978209 0.3626699 -0.9319127 -0.003042106 0.4243596 -0.9053609 -0.01551097 0.09905867 -0.9950416 -0.008921043 0.5228304 -0.8524336 -0.002305672 0.1591888 -0.9872362 0.004858897 0.6717675 -0.7407398 -0.005740638 0.7212471 -0.6926193 0.009010404 0.8280948 -0.5605872 -0.0009519598 0.4268761 -0.9042887 -0.006225831 0.6130936 -0.7898524 -0.01579145 0.710094 -0.7040799 -0.006162326 0.007124107 0.9986136 -0.05215534 0.1594518 0.9863652 -0.0407279 -0.0357995 0.9992661 -0.01362588 0.1122723 0.9936753 -0.002059682 -0.01272029 0.9998269 0.01357981 0.2147003 0.976625 0.0103672 0.1941971 0.9804807 0.03074308 0.475528 0.8795843 0.01430639 0.09633776 0.995207 0.01679718 0.4392805 0.8983196 0.007388257 0.04795031 0.9987627 0.01318295 0.3195803 0.9475487 0.004450382 0.2706951 0.9622192 -0.02929804 0.2702672 0.9627847 -0.001123057 0.3978109 0.9174245 0.008876572 0.5603422 0.828232 0.006961147 0.6334964 0.7737249 0.005668748 0.4894007 0.872059 0.0002364719 -0.05101169 0.9984104 0.02396718 -0.2640663 0.964494 0.004500836 -0.2827856 0.9588679 0.02458927 0.04066491 0.9986399 0.03263075 -0.2510685 0.9679295 0.008783413 0.03910846 0.9992156 0.006218791 -0.3981749 0.9172886 -0.006200382 -0.08616623 0.9961007 -0.0189401 -0.4034771 0.9149684 -0.006243436 -0.07780209 0.9969161 -0.01025643 -0.3118775 0.9499107 0.02005143 -0.008946078 0.9999199 0.008951796 -0.3436471 0.9390988 -0.0002630382 -0.5464444 0.8373287 0.01670574 -0.504604 0.863297 0.009645102 -0.543156 0.8396316 -0.0006167688 -0.5803111 0.8143947 -0.0005813427 -0.5412485 0.8405589 0.02260095 0.9997736 -0.01302273 -0.0168275 0.9711785 -0.2381686 -0.009386054 0.9511965 -0.3077257 -0.02302504 0.9975189 -0.06705963 -0.02142506 0.9791854 -0.2015425 -0.02401279 0.9985812 -0.05047726 -0.01696107 0.998366 -0.0570021 0.00400361 0.9615682 -0.2745617 -0.001584644 0.9686723 -0.2474146 0.02144876 0.9952335 -0.09568577 0.01883002 0.9870725 -0.1602691 0.001335173 0.9986174 -0.0525641 0.0005282286 0.9204117 -0.390895 -0.006580356 0.8984627 -0.438434 -0.02324615 0.9501786 -0.3109861 -0.02117216 0.9197493 -0.3924771 -0.00478873 0.954549 -0.297266 0.02165975 0.9718394 -0.2356425 0.0008445221 0.9874945 0.1560392 0.02250259 0.888426 0.4585289 0.02122578 0.9503725 0.3109599 0.009799227 0.9843607 0.1761614 0.001102714 0.9864747 0.1637812 -0.006592987 0.9457804 0.3247327 -0.006939002 0.9864168 0.1626904 -0.02266562 0.8961486 0.4426289 -0.03157969 0.9814335 0.1914248 -0.0120367 0.870178 0.4926736 -0.007942258 0.9801875 0.1980072 -0.00506673 0.8606552 0.5091831 -0.002268844 0.7488526 0.6626185 0.0125126 0.9044847 0.426455 0.006601127 0.8669932 0.4983122 -0.002782801 0.770241 0.6371559 -0.02758889 0.6891252 0.7246196 -0.005735612 0.6752584 0.7375812 0.000153152 -0.9727643 -0.2317174 0.006049134 -0.7699744 -0.6380627 -0.003934528 -0.9841773 -0.1771433 0.003905091 -0.8506629 -0.5257051 0.002595756 -0.8712788 -0.490773 0.003897736 -0.9889095 -0.1484695 0.003844163 -0.9921297 -0.1238226 -0.01862035 -0.867772 -0.4967338 -0.01507409 -0.8544143 -0.5190811 -0.02304288 -0.9920461 -0.1250406 -0.01446986 -0.7946175 -0.6071024 0.003116817 -0.9808987 -0.1944993 0.002771669 -0.6229373 -0.7822276 -0.008308566 -0.7369089 -0.6759861 0.002839341 -0.7487755 -0.6628156 0.003274696 -0.7376224 -0.6749422 -0.01913671 -0.6809414 -0.7319981 -0.02230517 -0.6202914 -0.7843699 0.001533425 -0.9891331 0.146997 0.002765015 -0.9653503 0.2609557 -0.0009148284 -0.995936 0.09006172 0.0005520857 -0.9360224 0.3519219 0.003606419 -0.9730921 0.230399 0.002828361 -0.9945151 0.1045916 -0.0005296751 -0.997341 0.07154175 0.01388096 -0.9778085 0.2093788 0.007141504 -0.9735379 0.2265148 0.03024797 -0.9883676 0.1509453 0.0185736 -0.9818499 0.1894729 0.008417608 -0.9901437 0.1399628 0.0050787 -0.9462568 0.3234144 -0.001072392 -0.7882944 0.6152899 0.003188239 -0.9223063 0.3863288 0.01006146 -0.9382415 0.345981 6.759929e-05 -0.9548222 0.295282 0.03351204 -0.9608608 0.2769571 0.006423937 0.9987766 0.04072822 0.02804344 0.9998316 0.01705058 0.006787117 0.9944618 0.1050636 -0.002720595 0.9978644 0.06011328 -0.02555279 0.9927396 0.1165665 -0.02966927 0.9889113 0.1483304 -0.00725209 -0.9893789 -0.1430945 -0.02556143 -0.9845486 -0.1748078 -0.01031445 -0.9807967 -0.1950327 -0.0001361265 -0.9928392 -0.1188892 0.0116517 -0.9928707 -0.1190257 0.006378653 -0.9889622 -0.147786 0.01063469 0.9659849 -0.257731 0.02116462 0.936174 -0.3512025 0.01532875 0.943302 -0.3319048 0.004535097 0.924528 -0.380331 -0.0244208 0.8972905 -0.4405558 -0.02793458 0.8879935 -0.4594426 -0.01949417 -0.728541 -0.6849026 -0.01167939 -0.7090813 -0.7050461 -0.01066543 -0.6763549 -0.7365756 0.0006414134 -0.7919741 -0.6105531 -0.001385944 -0.7995745 -0.6005636 0.00201386 -0.7255075 -0.6882039 0.00377514 0.8300894 -0.557292 -0.01942428 0.9496083 -0.311145 -0.03785349 0.827843 -0.5608336 0.011904 0.955998 -0.2933621 0.002539417 0.730486 -0.6829274 0.0006390004 0.9290202 -0.3698661 -0.01097806 0.8480387 -0.5299148 0.004549233 0.9909389 -0.1342076 0.005336715 0.9867919 -0.1619753 0.002406523 0.7829716 -0.6219962 -0.008731937 0.9707799 -0.2398959 -0.006026568 0.6837161 -0.7295611 -0.01652218 -0.9915656 -0.1273942 0.0238409 -0.7453441 -0.6663805 0.01998226 -0.7785663 -0.6274976 -0.009015836 -0.9900177 -0.1409343 -0.001545951 -0.7516303 -0.6595817 0.001979187 -0.9867157 -0.1622015 0.009094474 -0.9952583 -0.09716519 -0.004443895 -0.8334676 -0.5525432 -0.005267231 -0.8249099 -0.5651294 -0.01234126 -0.9933642 -0.1138099 -0.01657959 -0.9806856 -0.1955589 -0.003542682 -0.7104787 -0.7037007 -0.005025236 -0.02229973 -0.9996738 -0.01245235 -0.01440446 -0.9998681 0.007508764 -0.005147357 -0.9998946 0.0135764 0.003981169 -0.9998854 -0.01460653 0.01546537 -0.999858 -0.00670066 0.01487136 -0.9998844 0.003155044 -0.02221135 -0.9996319 -0.01557938 -0.01518208 -0.9997413 0.01693779 -0.006928492 -0.9995818 0.02807623 -0.0001662506 -0.9997282 -0.02331334 -0.002695735 -0.999966 -0.007796401 0.003634295 -0.9999898 -0.002698886 -0.01558569 -0.9998316 -0.009687312 -0.0008346016 -0.9995765 0.02908873 0.0043724 -0.9994746 0.03211655 -0.008066451 -0.9997598 -0.02037974 -0.005378848 -0.9999136 -0.01199538 -0.003559194 -0.9999785 -0.005503641 -0.008447417 -0.9999593 -0.003161061 -0.0006022435 -0.9990478 0.04362489 0.002230394 -0.9995118 0.03116396 -0.006204979 -0.9996945 -0.02392636 -0.002630874 -0.9998883 -0.01471617 -0.003940247 -0.999969 -0.006817538 -0.02291635 -0.9997069 -0.007812005 -0.03706396 -0.9992626 -0.01002245 -0.03809275 -0.9992681 0.003492255 -0.006759648 -0.9999754 0.001881094 -0.02850978 -0.99958 0.005197473 -0.03567696 -0.9993633 0.0004613524 -0.02355023 -0.9994828 -0.02189997 -0.02562363 -0.9996009 -0.01189156 -0.02811867 -0.999592 0.005017372 -0.00646914 -0.999892 0.01319345 -0.01563144 -0.9997045 0.01861459 -0.02376538 -0.9997112 0.003579919 -0.01894127 -0.9994769 -0.02621457 -0.01878507 -0.9997338 -0.01339552 -0.02354203 -0.9997226 -0.0007667503 -0.003770151 -0.9999174 0.01228384 -0.008920072 -0.9994904 0.03064994 -0.01532081 -0.9998255 0.01068442 -0.03362682 0.9978335 0.05654739 -0.04375083 0.9987168 0.02550883 -0.03831679 0.9991676 0.01399982 -0.0354197 0.9984645 -0.04259324 -0.02052945 0.9995977 -0.01957171 -0.02790736 0.9995942 0.005709869 -0.01326708 0.9960745 0.08751875 -0.03073673 0.999197 0.02570271 -0.02971765 0.9995461 0.004937289 -0.009679059 0.9990088 -0.04344796 -0.01131483 0.9998358 -0.01415104 -0.01490615 0.999865 -0.006914994 5.458847e-06 0.9947653 0.1021858 -0.003087997 0.9992981 0.03733333 -0.007839533 0.9999534 0.005625624 -0.005672956 0.9984044 -0.05618337 -0.01377621 0.9997555 -0.01729464 -0.01003356 0.9999492 -0.0009714625 0.002403743 0.9964662 0.08396 0.01216908 0.9993051 0.0352318 0.008835328 0.9998694 0.01353025 0.0009157206 0.9981729 -0.06041597 0.0001924763 0.9998016 -0.01992007 -0.001813627 0.9999914 -0.003721878 0.04316845 0.9987008 -0.02707875 0.04420214 0.9990211 -0.001726932 0.04505671 0.9989844 7.287282e-05 0.0438553 0.9981214 0.04278204 0.04283487 0.9986262 0.03018056 0.0459583 0.998905 0.008753572 0.02469834 0.9988327 -0.0415116 0.03309587 0.9994229 -0.007645713 0.03713744 0.9993102 8.234556e-05 0.02844473 0.9982933 0.05100403 0.02828701 0.9991419 0.03025403 0.03167774 0.9993699 0.01601025 0.02168378 0.9983235 -0.05366493 0.02925462 0.9994539 -0.01536358 0.03153392 0.9995021 -0.001096858 0.01726487 0.9981911 0.05758811 0.02486595 0.99913 0.03348016 0.02250434 0.9996803 0.01152348 0.4976728 0.578661 0.6461218 0.02480702 0.3233517 0.9459537 0.2623711 0.3057866 0.9152355 0.04021677 0.7238198 0.688816 -0.4271531 0.6256453 0.6527696 -0.2151893 0.3164511 0.9238789 0.01683594 0.2767122 0.9608053 -0.03677921 0.2913728 0.9559023 0.05448776 0.2810687 0.9581396 -0.005946749 0.2593447 0.9657665 0.02375723 0.2251679 0.9740303 0.03586223 0.2372522 0.9707859 0.03931417 0.9610771 0.2734687 0.6349108 0.6232123 0.4566122 -0.9337476 0.2854604 0.2159347 -0.9944833 0.03526197 -0.09879034 -0.9875672 0.1362594 -0.07838675 0.9590078 0.05348155 0.2782871 -0.5675458 0.6900527 0.4491315 0.9870442 -0.1002318 -0.125289 0.9987543 0.04981114 -0.002934023 0.951483 0.2323023 0.2017813 0.9801595 0.02844268 0.1961588 -0.9885586 -0.06006724 -0.1383614 -0.9836663 0.04606324 0.1740078 0.7544244 -0.6508158 -0.08533833 0.7136078 -0.653752 0.2517383 -0.7370678 -0.6757531 -0.009422019 -0.6820455 -0.6102749 0.402962 -0.008023199 -0.9998832 0.01300607 0.01032315 -0.9437692 0.3304438 -0.945025 0.1420632 0.2945262 0.9994648 -0.02047627 0.02551207 0.08839005 0.1717372 0.9811695 0.2563181 -0.1691118 0.9516839 0.4179652 0.1286007 0.8993147 -0.1126747 0.235047 0.9654312 -0.3340279 -0.377095 0.863843 -0.50784 -0.410123 0.7575603 -0.4240555 -0.2019659 0.8828288 0.02666715 0.6405453 0.7674573 0.2026272 0.4374006 0.8761409 0.03025196 0.2467573 0.968605 -0.2104024 0.5018254 0.8389888 -0.4767375 0.1998586 0.8560245 0.3933971 -0.4348078 0.8100499 0.1857953 -0.3347821 0.9237971 0.2005733 -0.8332473 0.5152371 0.1530537 -0.453583 0.8779733 0.3981887 -0.2894902 0.8704258 -0.3601767 -0.7954179 0.487425 -0.3419223 -0.5835249 0.7366056 -0.6628055 0.2741433 0.696803 -0.5910516 -0.3144259 0.7428286 0.2669091 0.5892469 0.7625927 0.5651251 0.2126544 0.7971272 0.02603999 0.8550683 0.5178611 -0.2612252 0.6430706 0.7198761 0.9873927 -0.04664203 -0.1512622 0.9168222 -0.1406999 -0.3736852 -0.9071202 -0.211948 -0.3636083 -0.9350363 0.05036028 -0.3509573 0.6671752 -0.568382 -0.4814759 -0.6206891 -0.6739564 -0.4006592 -0.07527245 -0.9261051 -0.3696802 0.4330435 -0.4452466 0.7837275 0.4224964 0.4095837 0.8085406 0.1265464 0.6440016 0.7544852 0.1375104 -0.5961387 0.791018 -0.1249519 0.5784156 0.8061156 -0.354186 -0.3590452 0.8635038 -0.1771976 -0.6743001 0.7168824 -0.3956316 0.3646279 0.8429247 0.4264302 0.2173952 0.8780072 -0.4733493 -0.370592 0.7991258 0.5021912 -0.3772718 0.7781195 -0.5098958 0.3689652 0.7770913 0.02434499 0.9163381 0.3996647 0.5703099 0.5506486 0.6095349 0.606425 -0.5952603 0.5271754 -0.03085773 -0.8675823 0.4963353 -0.5092345 -0.4829729 0.7123324 -0.5087284 0.5393509 0.671041 0.02580725 0.734559 0.6780538 -0.01683208 -0.7537899 0.6568999 0.3294943 0.5707005 0.7521532 0.9243133 -5.326038e-08 0.3816347 0.4621565 0.8004786 0.3816352 0.6589886 -1.980784e-08 0.752153 -0.4621565 0.8004785 0.3816352 -0.3294943 0.5707005 0.7521532 -0.9243132 -7.304188e-08 0.3816347 -0.6589885 -3.961567e-08 0.752153 -0.3294943 -0.5707008 0.752153 -0.4621566 -0.8004787 0.3816347 0.4621566 -0.8004788 0.3816347 0.3294943 -0.5707008 0.752153 0 0 1 -0.04457804 -0.7310045 0.680915 -0.06342438 0.4855243 0.8719194 -0.009012878 0.4699733 0.8826346 0.1126342 -0.7079956 0.697177 -0.1194578 0.50182 0.8566834 0.2771889 -0.6637131 0.6947311 0.03738507 0.4841575 0.8741818 -0.3174805 -0.6419334 0.6979453 -0.1713559 -0.6939438 0.699342 0.07403011 0.4437032 0.8931108 -0.4608368 -0.5938955 0.6594829 0.1340517 0.4421839 0.8868503 -0.5116759 -0.5149481 0.6877617 0.1759608 0.3969335 0.9008227 0.2623845 0.3269407 0.9078899 -0.57929 -0.2910028 0.7614069 -0.5798417 -0.3912374 0.7146446 0.40451 0.3381649 0.8497153 -0.1413521 0.4741925 0.869 0.4634212 -0.6408533 0.6120032 0.5467656 -0.5631939 0.6195644 -0.230072 0.482359 0.8452199 0.6357655 -0.4441519 0.6312934 0.7330395 -0.3280746 0.5958357 -0.347382 0.4889505 0.8001582 -0.391227 0.3683604 0.8433576 0.7720502 -0.2797981 0.5706589 -0.3795316 0.2126883 0.9003996 -0.7053472 -0.1994007 0.6802387 0.3936003 0.3527495 0.848909 -0.100642 0.9922601 0.0727393 0.01377321 0.9935487 0.1125668 -0.002135744 -0.9591955 -0.2827356 -0.1942719 -0.9551172 -0.2236283 -0.2375726 0.9713188 0.009951191 0.1636302 -0.9404598 -0.2979272 0.3558105 -0.8948591 -0.2694922 0.2923884 0.9460711 0.1394939 0.1290109 0.9889758 0.07268417 -0.3791184 -0.8960769 -0.2309016 0.397827 0.9122146 0.09797063 -0.5385852 -0.8220785 -0.1846967 0.5244376 0.8490874 0.06337034 -0.8004722 -0.5973749 -0.04886196 -0.6425662 -0.7538801 -0.1370162 0.7231219 0.6903774 -0.02176812 0.6794784 0.7315742 0.05575167 -0.9312296 -0.3629405 0.03294763 -0.3549824 0.9327346 -0.06319492 0.5015267 -0.813941 -0.293208 -0.6632386 0.7350419 -0.1408119 -0.4545775 0.8737012 -0.1732213 0.6171051 -0.7334663 -0.2849711 -0.8409552 0.5408844 -0.01544013 0.7760272 -0.5778684 -0.2526854 0.9053022 -0.413062 -0.09903431 -0.9769698 0.07705691 0.1989779 0.9286824 -0.3509028 0.1200677 -0.1722098 0.4600284 0.871044 0.3271194 0.9413677 -0.08258161 0.2966126 0.9528705 -0.06370898 0.5500909 0.4956875 0.6720818 0.8106306 0.5821142 0.06341208 -0.9544315 -0.2617062 0.1434236 -0.5858744 0.4698085 0.6603265 -0.3278715 0.944719 0.002507665 0.1975534 0.4217133 0.8849466 -0.3233352 0.9462734 0.004579221 0.02997656 0.9585385 -0.2833819 -0.05235182 0.9311107 -0.3609601 -0.1812557 -0.8201416 -0.5426916 0.05042409 -0.8140116 -0.5786558 -0.1811256 0.8795853 -0.4399127 0.1345206 -0.767623 -0.6266252 0.2936122 -0.769615 -0.5669961 0.3320202 0.9249451 -0.185038 0.1458404 0.9445424 -0.2942282 -0.3103248 -0.7716342 -0.555229 0.3569329 0.8822487 -0.3069789 -0.4841562 -0.7632575 -0.4278209 0.5117531 0.7941365 -0.327805 -0.5895954 -0.6813829 -0.4336988 -0.7389092 -0.5791558 -0.3443717 0.834881 0.5497767 -0.02682085 0.6676512 0.7040391 -0.242014 -0.8954189 -0.4357869 -0.09118577 -0.2452109 0.7935886 -0.5568561 0.4655863 -0.7339882 -0.4944601 -0.3513958 0.7229246 -0.5948959 -0.6901596 0.6526778 -0.3125564 0.5386286 -0.6428589 -0.5446206 -0.9391994 0.3423114 -0.02696954 0.6848005 -0.5350862 -0.494703 0.8397943 -0.540716 0.04870099 -0.7000354 -0.3958396 0.594358 0.7377929 -0.4867506 0.4676916 0.6239742 0.5641198 0.5407634 -0.5995734 0.575585 0.5560698 0.4275941 0.5045158 0.7500847 -0.3426767 0.4666166 0.8153782 0.7997616 -0.0449793 0.5986303 -0.7799532 -0.4359296 0.4490416 0.5748434 0.4802234 0.6625258 -0.3329101 0.4345502 0.8368614 0.2991801 0.5100855 0.8064143 -0.537318 0.4305465 0.7252028 -0.8124927 0.004526463 0.5829537 0.7984944 -0.05119719 0.5998213 -0.7543454 -0.009393962 0.6564106 0.8544314 0.01803136 0.5192512</float_array>
          <technique_common>
            <accessor count="1324" source="#normals-array-array" stride="3">
              <param type="float" name="X"/>
              <param type="float" name="Y"/>
              <param type="float" name="Z"/>
            </accessor>
          </technique_common>
        </source>
        <source id="texcoords-array">
          <float_array count="2648" id="texcoords-array-array">0.3200107 0.38983 0.3200046 0.3473693 0.2697573 0.3898279 0.2697511 0.3473662 0.2223317 0.7691466 0.2223552 0.8116114 0.2725872 0.7691383 0.2726087 0.8116011 0.6304966 0.2577218 0.5927731 0.3081105 0.6306862 0.3079783 0.5925887 0.2578396 0.7739694 0.6957692 0.7315302 0.6957251 0.77399 0.7336186 0.7314934 0.7335817 0.80188 0.2570934 0.8396668 0.3074104 0.8397704 0.2571058 0.8018 0.3073838 0.7744102 0.9086744 0.7319577 0.9087071 0.7744246 0.9465628 0.7319351 0.9465925 0.5215421 0.5612789 0.5164132 0.5555074 0.5139697 0.5634847 0.524008 0.55393 0.5257146 0.5608597 0.5275964 0.554053 0.5203439 0.5644461 0.5141686 0.5661813 0.5238851 0.5635554 0.524496 0.1830437 0.5232803 0.1757789 0.5173172 0.1813525 0.5169533 0.1740539 0.5232179 0.1732318 0.5176288 0.1717898 0.526467 0.1833491 0.5255927 0.1760371 0.5252082 0.1738745 0.01312242 0.1800817 0.01920859 0.1781967 0.01443026 0.1733815 0.02154856 0.1721802 0.009547384 0.18018 0.01109096 0.1736029 0.0216777 0.168474 0.01465062 0.170118 0.01182483 0.1709359 0.01393623 0.5646162 0.02005315 0.5653039 0.01873301 0.5593971 0.01286721 0.558282 0.01990453 0.5690553 0.0140705 0.5678786 0.01048726 0.5645485 0.008527556 0.556927 0.01139537 0.5672995 0.01535477 0.9788652 0.01626595 0.9865452 0.02342114 0.979638 0.02526401 0.9874707 0.01656934 0.9904523 0.02554587 0.9922552 0.0108009 0.9791102 0.01225736 0.98629 0.01315009 0.9895442 0.5245985 0.9688525 0.5152642 0.9722676 0.523676 0.9783332 0.5137698 0.9821451 0.5325808 0.966249 0.5312688 0.9760302 0.5147496 0.9875835 0.5238799 0.9853357 0.5304694 0.9826893 0.5266556 0.5962247 0.5143715 0.5945561 0.518748 0.6043259 0.5279613 0.6063359 0.526632 0.5917682 0.5144832 0.5892704 0.5312699 0.5964522 0.532263 0.6063154 0.5304899 0.5928301 0.01584879 0.5934891 0.02390492 0.6015391 0.02466646 0.5927788 0.01481667 0.6024554 0.01150197 0.5935496 0.009225549 0.6022053 0.02450247 0.587818 0.01627312 0.5892304 0.01273704 0.5899961 0.5597656 0.05351937 0.5515865 0.05653793 0.5582302 0.06260258 0.5508515 0.06411231 0.5479991 0.05723691 0.5476271 0.06370533 0.5599726 0.05018628 0.5519688 0.0521152 0.5487269 0.05366188 0.5577987 0.5643322 0.5568947 0.558079 0.5516572 0.5637552 0.55095 0.5580627 0.5519217 0.5666978 0.5572575 0.5676265 0.5475738 0.5578545 0.5486202 0.5634733 0.5493142 0.5660399 0.7251028 0.5599414 0.7266217 0.5512098 0.7173049 0.5517858 0.7162175 0.561856 0.7321934 0.5597764 0.7321965 0.5503519 0.7255353 0.5677444 0.7166398 0.5690788 0.7319915 0.5669008 0.7298853 0.05192763 0.7230108 0.05992943 0.7308139 0.06123734 0.7222371 0.05106467 0.7296935 0.04791081 0.7226839 0.04645848 0.7337821 0.05211109 0.7354846 0.06098104 0.7328965 0.0487175 0.5556699 0.7688401 0.5565278 0.7751835 0.5626786 0.7695115 0.5639925 0.7761367 0.5566662 0.7786069 0.5642641 0.7804856 0.552021 0.7695494 0.5533002 0.7750421 0.5539203 0.7777264 0.9487229 0.7683963 0.9430672 0.7698743 0.9476631 0.7743554 0.9411495 0.7754131 0.9507502 0.7741411 0.9519023 0.7683543 0.9410368 0.7786253 0.9474253 0.77742 0.9500584 0.7767466 0.9468196 0.5990382 0.9367278 0.597512 0.9384816 0.6063809 0.9478589 0.6089423 0.9469067 0.5947632 0.9371041 0.593115 0.9511766 0.599238 0.9527817 0.6088532 0.9504468 0.595785 0.5655638 0.6016805 0.5723397 0.6106591 0.5757201 0.6003317 0.5628005 0.6116083 0.5569798 0.6010789 0.5547659 0.6098914 0.5660434 0.5937525 0.576006 0.5930556 0.5594427 0.5950614 0.7662618 0.05117536 0.7601746 0.05237556 0.7648094 0.05721849 0.7589827 0.05936056 0.7569645 0.05254775 0.7553881 0.05943954 0.7661757 0.04790783 0.7603868 0.04910493 0.7577701 0.04976398 0.7668512 0.563132 0.7654961 0.5561613 0.7606953 0.5613148 0.7591887 0.555326 0.7607885 0.5640217 0.7668737 0.5658953 0.7568641 0.5554603 0.7580633 0.561198 0.7585091 0.5632704 0.936282 0.5634713 0.9368796 0.5552419 0.9296772 0.5559102 0.9289577 0.5641017 0.9401307 0.5631853 0.9411372 0.5553188 0.9360022 0.5673877 0.9289905 0.5685008 0.9393312 0.5666015 0.9362667 0.05340356 0.9280332 0.06367975 0.9376637 0.06570303 0.926422 0.05182511 0.9361539 0.04870623 0.9265614 0.04669017 0.9406319 0.05352449 0.9425507 0.06571531 0.9395526 0.04968607 0.5577895 0.9803944 0.5595975 0.9869254 0.5639443 0.9822301 0.5669516 0.9884096 0.560068 0.9894181 0.5675081 0.9905927 0.5551318 0.9805277 0.5569583 0.9866804 0.5578572 0.9889466 0.9482176 0.9781641 0.9394041 0.9802356 0.9457495 0.9860419 0.938458 0.988426 0.9495644 0.9862264 0.951234 0.9780893 0.9388967 0.9913788 0.9458417 0.9897184 0.9491042 0.9897963 0.9491524 0.8094918 0.9419111 0.8086851 0.9426357 0.8155236 0.9497858 0.8165814 0.9489484 0.8057486 0.9419839 0.8044603 0.9528667 0.8098218 0.9540803 0.8167198 0.9521422 0.8066311 0.5563802 0.8092663 0.5647643 0.8164184 0.5653086 0.8080886 0.5559528 0.8172189 0.5522261 0.8097367 0.5512216 0.8169791 0.5562962 0.8050219 0.5646957 0.8026317 0.5528123 0.8063031 0.5240276 0.3898597 0.5206093 0.3473765 0.5206063 0.3898485 0.5240337 0.3473487 0.5269046 0.3898351 0.526798 0.3473446 0.2697808 0.1723678 0.2194997 0.1777058 0.2697716 0.1777263 0.2195079 0.1722786 0.2697911 0.1689148 0.2195202 0.1687753 0.0185721 0.3898535 0.01284773 0.3473734 0.01271961 0.3898495 0.01858439 0.3473786 0.008801217 0.3898361 0.009010308 0.3473662 0.3200323 0.5646808 0.2697491 0.5595385 0.2697593 0.5648714 0.3200148 0.5594781 0.2697839 0.5681604 0.3200609 0.5676449 0.2726067 0.9866015 0.3228888 0.9863361 0.2726026 0.9813333 0.3228847 0.9798205 0.272621 0.9901571 0.3229001 0.9898579 0.5212776 0.7692275 0.5282298 0.8114771 0.5284451 0.7689989 0.5214559 0.811475 0.5313047 0.8114873 0.5313365 0.7690061 0.2724796 0.5932933 0.2222005 0.5992227 0.2724898 0.5991633 0.2221882 0.5934634 0.2724734 0.5896138 0.2222128 0.5895 0.01496528 0.7691681 0.01500218 0.8116411 0.02123697 0.7691681 0.02125747 0.8116421 0.009904068 0.7691752 0.01002706 0.8116708 0.550458 0.308256 0.5505625 0.3585279 0.5548683 0.3082448 0.5553983 0.3585085 0.5475297 0.3082622 0.547583 0.3585331 0.6887907 0.5590456 0.6887262 0.564773 0.6888912 0.5689702 0.7297612 0.3080664 0.7246917 0.2578232 0.7238277 0.3080336 0.7300677 0.257814 0.7334582 0.3080839 0.7337401 0.2578315 0.6296151 0.05184263 0.5918405 0.05701959 0.6297135 0.05687714 0.5917339 0.0516448 0.6295751 0.04893166 0.5916242 0.04815376 0.7314616 0.7761818 0.7740114 0.7761418 0.7314565 0.7711206 0.7740033 0.771135 0.7314668 0.7795017 0.7740197 0.779475 0.9434177 0.6375149 0.9491256 0.6376512 0.9535771 0.6375529 0.73131 0.5947723 0.7738947 0.6000734 0.7739428 0.5943849 0.7313304 0.6017256 0.7313007 0.5915447 0.773949 0.5914023 0.5557806 0.6949933 0.5615552 0.7328734 0.5616935 0.6949964 0.5554373 0.7329001 0.5513938 0.694979 0.5507009 0.7329872 0.7588094 0.3073592 0.7588186 0.3576475 0.7641361 0.3073541 0.7640612 0.3576424 0.7553604 0.3073633 0.7554834 0.3576557 0.8969474 0.5588037 0.8970324 0.5648427 0.8972385 0.5698711 0.9371132 0.3075539 0.9323379 0.2572411 0.9328792 0.3075262 0.9369657 0.2572625 0.9393374 0.3075612 0.9397382 0.2572677 0.8395378 0.05056345 0.8017242 0.05616373 0.8395664 0.05608791 0.8016586 0.05042297 0.8395501 0.04699349 0.8015776 0.0463047 0.7318521 0.9873211 0.7744009 0.9874051 0.7319085 0.9840432 0.7744369 0.9840341 0.7318541 0.9904964 0.7744204 0.9905384 0.9440132 0.8484174 0.9503126 0.8477328 0.955833 0.8475277 0.7745557 0.8061166 0.7319812 0.8116534 0.7745373 0.8118747 0.7319669 0.8057394 0.7745814 0.8013393 0.7319812 0.8007971 0.5567892 0.908166 0.5622019 0.9460565 0.5621875 0.9081835 0.5567184 0.9460954 0.553084 0.9081691 0.5526329 0.9461774 0.7232118 0.3582614 0.6898116 0.3078738 0.689787 0.3582163 0.773746 0.635216 0.7313848 0.6351811 0.9324917 0.3578473 0.8972898 0.3578156 0.897381 0.3075478 0.7319762 0.8463818 0.7743734 0.8463757 0.6827394 0.559063 0.6826965 0.5649176 0.6828009 0.5693423 0.6909052 0.05677563 0.6915592 0.05010325 0.6915919 0.04437882 0.9433901 0.6439578 0.9490653 0.6440418 0.9535043 0.6440716 0.5618463 0.6375765 0.555919 0.6376481 0.5515895 0.6375867 0.8909022 0.5588632 0.8909965 0.5649227 0.890975 0.5698599 0.8981456 0.05614328 0.8978955 0.04971069 0.8976659 0.04472113 0.9500584 0.8544995 0.9439332 0.8550878 0.9548962 0.855509 0.5624756 0.8483897 0.555963 0.8487126 0.5506353 0.8491277 0.6833841 0.307844 0.6834333 0.3581887 0.7311623 0.6423322 0.7736169 0.6423661 0.8910918 0.307476 0.8912569 0.3577869 0.7322467 0.8541725 0.774527 0.8544349 0.6839448 0.05006123 0.6837982 0.05656046 0.6831464 0.04521221 0.5558984 0.6436831 0.5618565 0.6436882 0.551484 0.6436421 0.8915756 0.05603671 0.8913543 0.04980594 0.890685 0.0449959 0.5625022 0.8552908 0.5562449 0.8552293 0.5512072 0.8559242 0.6785269 0.5590825 0.6784459 0.5649565 0.6784398 0.5693095 0.9488152 0.6481724 0.9434115 0.6481109 0.9524568 0.6484317 0.8866353 0.5648735 0.8866066 0.5588939 0.8865564 0.5689907 0.9494978 0.8594767 0.9438995 0.8600045 0.9527335 0.8606861 0.6725903 0.307844 0.6726673 0.3581129 0.6782215 0.3078307 0.6783823 0.3581067 0.7315139 0.6542227 0.7735913 0.6471946 0.7311623 0.6466842 0.7739008 0.6540935 0.8813804 0.3074329 0.88691 0.3577715 0.8867204 0.3074402 0.8814173 0.3577551 0.7322303 0.8653025 0.7745527 0.8602484 0.7322559 0.8599123 0.7745178 0.8656971 0.6782522 0.0506075 0.6726037 0.05117941 0.6781723 0.05643743 0.6722655 0.05656964 0.6723802 0.04853606 0.677586 0.04755008 0.5558277 0.6479858 0.5618299 0.65325 0.5618524 0.6479582 0.5558267 0.653371 0.5515168 0.6479397 0.5512585 0.6533545 0.8813097 0.05039424 0.8866579 0.05599159 0.8866066 0.05016881 0.8813118 0.05593419 0.8810576 0.04703349 0.8860809 0.04629552 0.5570331 0.8660374 0.5624633 0.8600752 0.5567195 0.8602772 0.5624192 0.8658969 0.5534242 0.8662813 0.5527426 0.8607066 0.6314857 0.5591931 0.5936362 0.5593018 0.6314887 0.5649052 0.5936198 0.5650672 0.6314877 0.5691731 0.5935665 0.5694622 0.943508 0.6949933 0.9437919 0.7329206 0.9485846 0.6949748 0.9494383 0.7329196 0.9517762 0.6949594 0.9534674 0.7329339 0.8393902 0.5587217 0.8015766 0.5586069 0.8393133 0.5646244 0.8014423 0.5645157 0.8392743 0.5687908 0.8012312 0.5688338 0.9439292 0.90833 0.9441475 0.9462368 0.9487485 0.9083648 0.9495049 0.9462942 0.9514441 0.9083936 0.9529437 0.9463445 0.6731827 0.5591112 0.67311 0.5649493 0.6730629 0.5694571 0.9484041 0.653293 0.9433368 0.6532541 0.9515426 0.6534232 0.8810893 0.5647802 0.8811467 0.5588099 0.8811283 0.5688226 0.9487783 0.8654112 0.943838 0.8659636 0.9514155 0.8656479 0.06872508 0.3898423 0.06871996 0.3473846 0.1189857 0.3473815 0.1189857 0.3898402 0.1692453 0.389831 0.1692442 0.3473765 0.2195018 0.3898258 0.2194997 0.3473693 0.4708171 0.3473826 0.4708264 0.3898485 0.4205535 0.3898443 0.4205514 0.3473836 0.3702723 0.3473765 0.3702836 0.3898402 0.4736306 0.7690502 0.4736327 0.8115191 0.4233547 0.7690902 0.4233639 0.8115488 0.37309 0.7691178 0.3731084 0.8115714 0.3228375 0.7691301 0.322856 0.8115878 0.07151091 0.7691762 0.07151809 0.811637 0.1218033 0.7691732 0.1218043 0.8116298 0.1720741 0.769165 0.1720864 0.8116216 0.6313207 0.5090986 0.5934569 0.5092114 0.631089 0.4588237 0.5932426 0.4589487 0.6309107 0.4085405 0.593092 0.4086809 0.6308174 0.3582522 0.5929249 0.3583854 0.5920486 0.1070209 0.6299298 0.1068405 0.5921572 0.1572764 0.6299841 0.1571329 0.5923232 0.2075616 0.630142 0.2074417 0.8394936 0.5085431 0.8016371 0.5084683 0.8394845 0.458263 0.8016268 0.4582272 0.8395798 0.4079911 0.801675 0.4079573 0.8396361 0.357713 0.8017344 0.3576741 0.8018113 0.1062676 0.8396525 0.1062123 0.801881 0.1565374 0.839756 0.1565199 0.8398022 0.2068144 0.8019066 0.2068123 0.4708243 0.1779692 0.4708776 0.173196 0.4205791 0.1778892 0.4206016 0.1729633 0.3703093 0.1778113 0.3703277 0.1727061 0.3200374 0.177756 0.3200527 0.1724519 0.06875174 0.1777191 0.06865846 0.1719086 0.1189467 0.1720398 0.1189713 0.1776996 0.1692279 0.1721075 0.1692309 0.1776873 0.4709309 0.1705157 0.4206273 0.1700319 0.3703513 0.1696312 0.3200712 0.169133 0.06858364 0.1677401 0.1189426 0.168023 0.1692432 0.1683521 0.06871689 0.5595519 0.06863899 0.5654607 0.118915 0.5653183 0.1189416 0.5595683 0.1692063 0.5651389 0.1692053 0.5595929 0.2194885 0.5650241 0.2194782 0.5595908 0.4707905 0.5592854 0.4708295 0.5639797 0.4205412 0.5593418 0.4205647 0.5642 0.3702806 0.5594002 0.3703 0.5644184 0.06856417 0.5697522 0.1189406 0.5694027 0.1692361 0.5687221 0.2195079 0.5683911 0.4708633 0.5663012 0.4205904 0.5666856 0.3703277 0.5671653 0.07153243 0.9813231 0.07146581 0.9870843 0.1217572 0.98703 0.1217715 0.981363 0.1720372 0.9869469 0.1720413 0.9813671 0.2223214 0.9868004 0.2223184 0.9813896 0.472946 0.97853 0.4726539 0.9854925 0.4233874 0.9786581 0.423366 0.9858984 0.3731627 0.9796298 0.3731637 0.9861885 0.07144839 0.9912149 0.1217613 0.9910539 0.1720557 0.990808 0.2223409 0.9904984 0.4726816 0.9886761 0.4233782 0.989292 0.373175 0.9895667 0.4733355 0.6003163 0.4732883 0.5932462 0.4233311 0.5992032 0.4233516 0.5928987 0.3730561 0.5931755 0.3730664 0.6011465 0.3227822 0.5990741 0.322775 0.5932391 0.07140123 0.5993221 0.07134384 0.5931294 0.1216331 0.5992842 0.1216311 0.5932523 0.1719163 0.5935066 0.1719142 0.5992893 0.4733601 0.5889158 0.4233465 0.5884647 0.3730131 0.5888902 0.3227299 0.5892745 0.07134077 0.5886534 0.1216629 0.5888389 0.1719491 0.5895861 0.5544974 0.107148 0.5497682 0.1071255 0.5500122 0.1574138 0.5546132 0.1574076 0.5548028 0.2076958 0.5501782 0.207701 0.5550621 0.257977 0.5504048 0.2579811 0.5558329 0.5093446 0.5505031 0.5093805 0.5504417 0.4591004 0.5556504 0.4590789 0.5504559 0.4088111 0.5554813 0.4087957 0.5474118 0.1071009 0.5477798 0.1574158 0.54783 0.207704 0.547788 0.2579852 0.5466267 0.5094112 0.5468512 0.4591066 0.547213 0.4088141 0.7214283 0.5085298 0.7283396 0.5082684 0.7225108 0.4588431 0.7293809 0.4588503 0.7231933 0.4085559 0.7294742 0.4086061 0.7295327 0.3583137 0.7255548 0.1068641 0.7311531 0.1068302 0.7313837 0.1571749 0.7259022 0.1571575 0.7310168 0.2075205 0.7256829 0.2075431 0.7314299 0.508255 0.7330431 0.4588944 0.7328166 0.4086245 0.7331671 0.3583485 0.7351289 0.1068067 0.7352345 0.15718 0.7346861 0.2075411 0.7641525 0.1062829 0.7586147 0.106241 0.7586772 0.1565199 0.7641934 0.1565363 0.7588381 0.206799 0.7642263 0.2068042 0.7588667 0.257077 0.7642037 0.257075 0.7639444 0.5084764 0.7586352 0.5085585 0.7639096 0.4582251 0.7586987 0.4582508 0.7639731 0.4079338 0.7587602 0.4079461 0.754559 0.106202 0.7547045 0.156519 0.755179 0.2068062 0.7553512 0.2570812 0.7556126 0.5086476 0.7555767 0.4582671 0.7556208 0.4079542 0.9319537 0.5087962 0.936896 0.5087942 0.9324538 0.4584834 0.9374125 0.4584916 0.9373152 0.4081756 0.9324692 0.4081377 0.9371593 0.3578709 0.9323985 0.1065894 0.9382335 0.1067227 0.9328208 0.1567885 0.9377508 0.1567465 0.9369216 0.2070122 0.9309451 0.2070061 0.9400692 0.5088034 0.9408062 0.4585039 0.9403162 0.4081797 0.9399339 0.3578761 0.9420494 0.10678 0.9412653 0.1567495 0.9400611 0.2070214 0.6910989 0.1070403 0.6914864 0.1573409 0.6918892 0.2072367 0.6901724 0.2575445 0.6891208 0.508909 0.689667 0.4586904 0.6899408 0.4084421 0.8977039 0.1063741 0.8974814 0.1565005 0.8975962 0.2068739 0.8974712 0.2572339 0.8971196 0.5086497 0.8966881 0.4583091 0.8972385 0.4081008 0.683708 0.1069224 0.683875 0.1573728 0.6846264 0.2073135 0.6833708 0.2575107 0.6833084 0.5089356 0.6835451 0.4586658 0.6834969 0.4083416 0.8911257 0.1063045 0.8913839 0.1565425 0.8915305 0.2068698 0.8914281 0.2571754 0.8911031 0.5086681 0.8906808 0.4583327 0.8911954 0.4080486 0.672453 0.1067257 0.6781231 0.1067656 0.6723043 0.1572365 0.6778709 0.1573235 0.6732842 0.2073084 0.6786233 0.207332 0.6782758 0.2575772 0.6725484 0.2575383 0.6733181 0.508953 0.6789153 0.5089489 0.6731284 0.4586791 0.6788477 0.4586791 0.6727185 0.4083878 0.6783578 0.4083232 0.8813168 0.1061436 0.8866128 0.1061835 0.8815147 0.1564893 0.8870023 0.1565199 0.8815947 0.2068185 0.8870699 0.2068431 0.8815557 0.2571335 0.8870453 0.2571458 0.8812646 0.508623 0.8867707 0.5086466 0.8811057 0.4583266 0.8864703 0.4583389 0.8813528 0.4080403 0.886867 0.4080486 0.2697573 0.5172859 0.3200158 0.5172766 0.2697624 0.4747842 0.3200169 0.4747739 0.2697604 0.4322876 0.3200158 0.4322958 0.2697583 0.2199748 0.3200169 0.219983 0.2697552 0.2624426 0.3200097 0.2624458 0.2697542 0.3049045 0.3200046 0.3049106 0.222261 0.6416824 0.2725267 0.6416485 0.222304 0.6842117 0.2725564 0.6842005 0.2223204 0.7266837 0.2725677 0.7266704 0.2223696 0.9390089 0.2726323 0.9389833 0.2223819 0.8965276 0.2726323 0.8965123 0.2223696 0.854069 0.2726231 0.8540567 0.6042004 0.6951972 0.6040907 0.7330098 0.646661 0.6953878 0.6465361 0.7332671 0.689088 0.695601 0.6890039 0.7334669 0.9014603 0.733099 0.9013588 0.6952331 0.8588765 0.6954975 0.8589883 0.7333624 0.816422 0.69572 0.8164927 0.733551 0.6045315 0.9084632 0.6044854 0.9462696 0.6470352 0.908619 0.6469501 0.9464654 0.689496 0.9087236 0.6894396 0.9465761 0.9018365 0.9462379 0.9018354 0.9083956 0.8593932 0.9463824 0.8593501 0.9084858 0.816915 0.9465013 0.8168801 0.9086447 0.5206401 0.5172582 0.5249172 0.5172757 0.5240245 0.4748119 0.5206032 0.4747894 0.5235817 0.4323348 0.5206104 0.4323205 0.5240286 0.2203714 0.520596 0.2200015 0.5236688 0.2623945 0.5206052 0.2624417 0.5241352 0.3049045 0.5206145 0.3049055 0.5281017 0.5172818 0.5268144 0.4747975 0.526592 0.4323574 0.5269465 0.2200466 0.5268155 0.2624252 0.5271116 0.3048789 0.01861412 0.2200271 0.01259662 0.2199102 0.01860079 0.2624396 0.01283748 0.2624119 0.01857722 0.3049045 0.01272679 0.3048973 0.01856389 0.5172121 0.01250745 0.5173044 0.01280366 0.4748108 0.01860797 0.4747842 0.01272679 0.4323276 0.01857517 0.4323173 0.008476309 0.2198149 0.009169175 0.2624048 0.008888339 0.304885 0.00788491 0.5173792 0.008671049 0.4748067 0.008728446 0.4323215 0.5151309 0.9368227 0.5260836 0.9345012 0.5170579 0.8962181 0.5269302 0.8958604 0.5206575 0.8539553 0.5279193 0.8539573 0.5225987 0.6415727 0.5289125 0.6415656 0.5219069 0.6836122 0.5287054 0.6839586 0.5214672 0.7265105 0.5283836 0.7265157 0.531235 0.9338185 0.5307102 0.8957518 0.5308732 0.8539686 0.5320396 0.6415461 0.5319155 0.6840283 0.5316081 0.726529 0.02102173 0.6417613 0.01425089 0.6416793 0.01475517 0.6841841 0.02122467 0.6842189 0.01494274 0.7266817 0.0212585 0.7266899 0.01510468 0.9391155 0.0212667 0.9390489 0.01549109 0.8966148 0.02134152 0.8965994 0.01527277 0.8541172 0.02131179 0.8541192 0.008012004 0.6416075 0.009442838 0.6842293 0.009788248 0.7266991 0.01038375 0.9391606 0.01126418 0.8966261 0.01056516 0.8541613 0.6038858 0.7707608 0.603815 0.7766134 0.6463567 0.7764965 0.6463659 0.7709504 0.6889117 0.7762054 0.6889138 0.7710161 0.901612 0.7707311 0.9016417 0.7761337 0.8591031 0.7759368 0.8591123 0.770892 0.8165624 0.7758672 0.8165644 0.7710253 0.6037648 0.7812318 0.6463782 0.7804446 0.6889229 0.7798132 0.9016735 0.7799444 0.8591 0.7792249 0.8165655 0.7789871 0.9016755 0.6020977 0.9017534 0.5961612 0.859183 0.5956067 0.8591082 0.6021315 0.816547 0.6011373 0.8165788 0.5947713 0.6063046 0.6080015 0.6082479 0.5980737 0.6465012 0.6051695 0.6467574 0.5965548 0.6887436 0.60207 0.6886995 0.5952193 0.9017893 0.5929233 0.8592364 0.5925708 0.8166065 0.5915611 0.6086097 0.5929981 0.6467718 0.5926784 0.6886749 0.5919824 0.6043387 0.9837552 0.6045837 0.9877936 0.6468322 0.9839213 0.6468139 0.9877003 0.6893074 0.9873406 0.6893688 0.9840012 0.9019604 0.9838291 0.9020066 0.9881257 0.8595551 0.9872657 0.8594731 0.9838495 0.8170318 0.9872647 0.8169591 0.9839572 0.604351 0.9905538 0.6468087 0.990688 0.6893259 0.990153 0.9020302 0.9915531 0.8594823 0.9906101 0.8170052 0.9903693 0.9020886 0.8134707 0.9021798 0.8076766 0.8596073 0.8128833 0.8596627 0.8070298 0.8171241 0.8064046 0.8170872 0.8122407 0.604223 0.8128085 0.6040743 0.8061012 0.646738 0.8058808 0.6468098 0.8119414 0.6893586 0.8055898 0.6893996 0.8115324 0.9022762 0.8031124 0.8597221 0.8027793 0.81716 0.8018374 0.6039093 0.7998326 0.6466908 0.8007069 0.6893411 0.8005142 0.6040477 0.6371019 0.6466529 0.636572 0.689005 0.6357448 0.9010391 0.6362665 0.858647 0.6354127 0.8162652 0.6348234 0.6050306 0.8459063 0.6472864 0.8463224 0.6895953 0.8462538 0.9016796 0.847578 0.8592927 0.8468636 0.8167745 0.8461164 0.6040599 0.6431634 0.6466683 0.6431911 0.6889794 0.642283 0.9010165 0.6428365 0.8586541 0.6423804 0.8163041 0.6416783 0.6050767 0.8527868 0.6473622 0.8540424 0.6897378 0.8543611 0.9017555 0.8548377 0.8593357 0.854643 0.8168279 0.8537707 0.6040722 0.6475072 0.6043029 0.6537953 0.6466939 0.6477337 0.6467698 0.6535052 0.6889937 0.646843 0.6891987 0.653866 0.901079 0.6478926 0.901158 0.6535103 0.8587249 0.6536702 0.8586982 0.6479172 0.8163257 0.6540095 0.8163031 0.6475174 0.6049793 0.8640203 0.6050849 0.8586546 0.6473468 0.859735 0.647314 0.8652585 0.6897409 0.8603069 0.6897153 0.8656869 0.9018282 0.8655751 0.9017944 0.8602495 0.8593553 0.8599778 0.8593491 0.8657032 0.8168423 0.865199 0.8168361 0.8594602 0.06876301 0.5171916 0.06874149 0.4747545 0.06872918 0.4323009 0.06878453 0.2200527 0.06875276 0.2624857 0.0687343 0.304928 0.1190134 0.5172367 0.1190154 0.4747832 0.1189939 0.4323082 0.1190052 0.220022 0.1190041 0.2624786 0.1189949 0.3049291 0.1692627 0.5172685 0.1692586 0.4747934 0.1692514 0.432303 0.1692463 0.2199922 0.1692535 0.262455 0.1692494 0.3049198 0.219511 0.5172797 0.2195079 0.4747812 0.2195069 0.4322866 0.2195008 0.2199758 0.2195028 0.2624426 0.2195018 0.3049096 0.4707966 0.2200127 0.4707915 0.2624652 0.4707997 0.3049188 0.4707864 0.5172327 0.4708079 0.474776 0.4708151 0.4323132 0.4205422 0.2199872 0.4205237 0.2624581 0.4205299 0.3049188 0.420536 0.517249 0.420533 0.4747719 0.420536 0.4323082 0.3702775 0.2199861 0.3702642 0.2624529 0.3702611 0.3049147 0.3702765 0.5172665 0.3702744 0.4747791 0.3702693 0.4322999 0.473522 0.6416424 0.4735702 0.6841226 0.4736132 0.7265854 0.4736542 0.9389197 0.473646 0.8964426 0.4736358 0.8539839 0.4232706 0.6417274 0.4232778 0.6842026 0.4233219 0.7266418 0.4233936 0.9389331 0.4233946 0.8964744 0.4233793 0.8540065 0.3730397 0.6416434 0.3730418 0.6842231 0.3730633 0.7266694 0.3731412 0.9389576 0.3731258 0.8964805 0.3731207 0.854026 0.3227904 0.6416855 0.3228058 0.6842046 0.322816 0.7266694 0.3228857 0.9389894 0.3228796 0.8965041 0.3228703 0.8540434 0.07160214 0.9389935 0.07155909 0.8965533 0.0715232 0.8540998 0.07147093 0.6417849 0.07152116 0.6842794 0.07151295 0.7267207 0.1218453 0.939016 0.1218433 0.8965471 0.1218176 0.8540875 0.1217346 0.6417624 0.1217777 0.6842477 0.1218043 0.7267196 0.1721039 0.9390233 0.1721141 0.896544 0.1721039 0.8540813 0.1719983 0.6417265 0.1720526 0.6842394 0.172068 0.7267042 0.5226614 0.07919616 0.5083265 0.1121924 0.521817 0.1134818 0.5089568 0.07866323 0.4955618 0.07847148 0.4935754 0.1132646 0.5081359 0.1287947 0.4880541 0.1299118 0.5262324 0.1300799 0.492081 0.1430323 0.5086063 0.1501895 0.522107 0.1438317 0.5090799 0.07246226 0.5264456 0.07538432 0.4463311 0.03276849 0.4447619 0.04574239 0.4511341 0.04210579 0.5322521 0.1033604 0.4921097 0.07461661 0.5180276 0.03659976 0.5300698 0.04929996 0.5363292 0.03872454 0.5227947 0.02765393 0.4633054 0.03160721 0.4612893 0.02322006 0.508472 0.02780056 0.5097214 0.0192433 0.4748597 0.02100617 0.4742386 0.01578397 0.4933704 0.02017897 0.4938859 0.01475906 0.4852559 0.1029381 0.5359161 0.05310971 0.07778967 0.02705145 0.1000619 0.04574662 0.1030373 0.03106827 0.04423783 0.02603573 0.02563494 0.05013138 0.04053673 0.0542568 0.01738202 0.04183644 0.06112393 0.01457369 0.08946387 0.01902199 0.06073342 0.02587992 0.03148434 0.01622075 0.01811486 0.02723289 0.07929941 0.05497319 0.09335767 0.05313551 0.08188538 0.0632323 0.0955357 0.05633432 0.1049007 0.04934216 0.03771093 0.06397337 0.02243299 0.05349219 0.01329246 0.02474433 0.01328631 0.04346812 0.09288004 0.01236594 0.107871 0.02877748 0.06123155 0.008540809 0.0297532 0.01181966 0.5290458 0.0586096 0.5157358 0.04899967 0.4667615 0.04290015 0.452567 0.05227637 0.5060603 0.04214269 0.4769056 0.03890693 0.4920574 0.03748226 0.4635133 0.149743 0.4637869 0.06983352 0.4290411 0.06821918 0.4269614 0.1507269 0.3778948 0.06567329 0.3428005 0.1464671 0.3780465 0.1501437 0.3425053 0.06626868 0.424933 0.07530987 0.3824989 0.1443117 0.4234766 0.1452393 0.3823586 0.07235909 0.4285224 0.06335998 0.4667829 0.06717277 0.4662591 0.1522725 0.3784022 0.1535876 0.3395524 0.1492807 0.3403416 0.06391245 0.3779553 0.06265986 0.4265945 0.1547847 0.1661826 0.02164072 0.1773013 0.02987212 0.1693661 0.01612657 0.1709342 0.02987212 0.1534947 0.01612657 0.1566771 0.0216397 0.1455585 0.02987117 0.1519244 0.02987117 0.1566771 0.03810251 0.1534936 0.04361671 0.169365 0.04361784 0.1661815 0.03810352 0.1614299 0.02987117 0.1641643 0.09214813 0.1451149 0.117421 0.1641207 0.1164443 0.1426742 0.09337419 0.1192136 0.1193867 0.115634 0.09727114 0.1831675 0.116788 0.2062594 0.09598678 0.1844192 0.09299272 0.2060466 0.1170787 0.2339755 0.1015958 0.2302354 0.1198921 0.2572085 0.108479 0.2541048 0.1233425 0.2758218 0.1279454 0.296569 0.1267021 0.2791041 0.1174583 0.2938949 0.1336963 0.09224874 0.1219853 0.08740358 0.1022464 0.06914386 0.1074272 0.07196151 0.1255514 0.05149499 0.1142185 0.03179676 0.1240758 0.05159352 0.1293904 0.03307381 0.1325256 0.02244367 0.1291747 0.02554887 0.1342215 0.3054907 0.1313978 0.3019275 0.1363314 0.1460689 0.1342651 0.1645851 0.1338326 0.1644647 0.07646102 0.1862005 0.07821947 0.1204968 0.1355204 0.1414267 0.07809728 0.112779 0.08270037 0.2055771 0.1335719 0.1833195 0.1337358 0.2092658 0.08229816 0.2290454 0.1345357 0.2377283 0.08969706 0.2523436 0.1366285 0.2836199 0.1081309 0.2612927 0.09844911 0.2907546 0.1449184 0.2731063 0.1403752 0.3014943 0.1172236 0.09395323 0.136942 0.08361319 0.08972317 0.0531608 0.1411805 0.07383563 0.1387434 0.06493665 0.09676999 0.03480396 0.1441346 0.04708637 0.1049011 0.02683624 0.1146314 0.02992463 0.1494313 0.01534509 0.1157029 0.3898629 0.0338726 0.3733724 0.0314517 0.3734801 0.03751427 0.3882845 0.04052556 0.2980286 0.1509889 0.3129174 0.1187107 0.2217454 0.02786577 0.2079137 0.03293419 0.2237266 0.03394067 0.2088167 0.03918219 0.1652422 0.149808 0.1459608 0.1504477 0.1900472 0.0610112 0.1651994 0.05738991 0.1212559 0.1517084 0.1387042 0.05800366 0.1084022 0.06536758 0.2057865 0.1483086 0.1857133 0.1498086 0.2151073 0.06642205 0.2285942 0.1482061 0.243586 0.07740629 0.2511394 0.149282 0.2675777 0.0882448 0.2894759 0.09931356 0.288853 0.1556109 0.2707345 0.1519442 0.3057677 0.1082047 0.09527963 0.1531168 0.07798114 0.07603937 0.07748577 0.1547922 0.0553956 0.1535325 0.06037315 0.08377993 0.03825211 0.1558004 0.03951231 0.09396553 0.02189405 0.1050521 0.02810105 0.157101 0.01116765 0.110036 0.4208719 0.04616177 0.4221643 0.030644 0.4172733 0.04153925 0.4170529 0.03564066 0.2945703 0.1567994 0.3179696 0.1141867 0.2581302 0.04087752 0.2533724 0.02964604 0.2538141 0.03489691 0.2583177 0.02269381 0.223452 0.02052814 0.2238794 0.04198241 0.3923382 0.02480179 0.3884372 0.0481748</float_array>
          <technique_common>
            <accessor count="1324" source="#texcoords-array-array" stride="2">
              <param type="float" name="S"/>
              <param type="float" name="T"/>
            </accessor>
          </technique_common>
        </source>
        <vertices id="verts-array-vertices">
          <input semantic="POSITION" source="#verts-array"/>
        </vertices>
        <triangles count="2204" material="material0">
          <input offset="0" semantic="VERTEX" source="#verts-array-vertices"/>
          <input offset="1" semantic="NORMAL" source="#normals-array"/>
          <input offset="2" semantic="TEXCOORD" source="#texcoords-array"/>
          <p>0 0 0 1 1 1 2 2 2 2 2 2 1 1 1 3 3 3 4 4 4 5 5 5 6 6 6 6 6 6 5 5 5 7 7 7 8 8 8 9 9 9 10 10 10 9 9 9 8 8 8 11 11 11 12 12 12 13 13 13 14 14 14 13 13 13 15 15 15 14 14 14 16 16 16 17 17 17 18 18 18 17 17 17 16 16 16 19 19 19 20 20 20 21 21 21 22 22 22 21 21 21 23 23 23 22 22 22 24 24 24 25 25 25 26 26 26 25 25 25 24 24 24 27 27 27 28 28 28 27 27 27 24 24 24 27 27 27 28 28 28 29 29 29 30 30 30 26 26 26 31 31 31 24 24 24 26 26 26 30 30 30 30 30 30 32 32 32 24 24 24 28 28 28 24 24 24 32 32 32 33 33 33 34 34 34 35 35 35 35 35 35 34 34 34 36 36 36 36 36 36 34 34 34 37 37 37 36 36 36 37 37 37 38 38 38 39 39 39 40 40 40 33 33 33 33 33 33 40 40 40 34 34 34 40 40 40 41 41 41 34 34 34 37 37 37 34 34 34 41 41 41 42 42 42 43 43 43 44 44 44 43 43 43 45 45 45 44 44 44 46 46 46 44 44 44 47 47 47 44 44 44 46 46 46 42 42 42 48 48 48 49 49 49 45 45 45 44 44 44 45 45 45 49 49 49 47 47 47 44 44 44 50 50 50 44 44 44 49 49 49 50 50 50 51 51 51 52 52 52 53 53 53 53 53 53 54 54 54 51 51 51 55 55 55 51 51 51 56 56 56 51 51 51 55 55 55 52 52 52 51 51 51 54 54 54 57 57 57 54 54 54 58 58 58 57 57 57 56 56 56 51 51 51 59 59 59 51 51 51 57 57 57 59 59 59 60 60 60 61 61 61 62 62 62 62 62 62 61 61 61 63 63 63 63 63 63 61 61 61 64 64 64 63 63 63 64 64 64 65 65 65 66 66 66 67 67 67 60 60 60 60 60 60 67 67 67 61 61 61 67 67 67 68 68 68 61 61 61 61 61 61 68 68 68 64 64 64 69 69 69 70 70 70 71 71 71 70 70 70 72 72 72 71 71 71 73 73 73 69 69 69 74 74 74 69 69 69 71 71 71 74 74 74 75 75 75 76 76 76 72 72 72 71 71 71 72 72 72 76 76 76 74 74 74 71 71 71 77 77 77 71 71 71 76 76 76 77 77 77 78 78 78 79 79 79 80 80 80 78 78 78 80 80 80 81 81 81 82 82 82 83 83 83 79 79 79 82 82 82 79 79 79 78 78 78 78 78 78 81 81 81 84 84 84 81 81 81 85 85 85 84 84 84 86 86 86 82 82 82 78 78 78 78 78 78 84 84 84 86 86 86 87 87 87 88 88 88 89 89 89 88 88 88 87 87 87 90 90 90 91 91 91 90 90 90 87 87 87 90 90 90 91 91 91 92 92 92 87 87 87 93 93 93 94 94 94 93 93 93 87 87 87 89 89 89 95 95 95 91 91 91 87 87 87 87 87 87 94 94 94 95 95 95 96 96 96 97 97 97 98 98 98 98 98 98 97 97 97 99 99 99 99 99 99 97 97 97 100 100 100 99 99 99 100 100 100 101 101 101 102 102 102 103 103 103 96 96 96 96 96 96 103 103 103 97 97 97 103 103 103 104 104 104 97 97 97 97 97 97 104 104 104 100 100 100 105 105 105 106 106 106 107 107 107 106 106 106 108 108 108 107 107 107 109 109 109 110 110 110 105 105 105 105 105 105 107 107 107 109 109 109 111 111 111 112 112 112 108 108 108 107 107 107 108 108 108 112 112 112 109 109 109 107 107 107 113 113 113 107 107 107 112 112 112 113 113 113 114 114 114 115 115 115 116 116 116 116 116 116 117 117 117 114 114 114 118 118 118 119 119 119 115 115 115 118 118 118 115 115 115 114 114 114 120 120 120 114 114 114 117 117 117 117 117 117 121 121 121 120 120 120 122 122 122 118 118 118 114 114 114 114 114 114 120 120 120 122 122 122 123 123 123 124 124 124 125 125 125 124 124 124 123 123 123 126 126 126 127 127 127 126 126 126 123 123 123 126 126 126 127 127 127 128 128 128 129 129 129 125 125 125 130 130 130 125 125 125 129 129 129 123 123 123 131 131 131 123 123 123 129 129 129 123 123 123 131 131 131 127 127 127 132 132 132 133 133 133 134 134 134 134 134 134 133 133 133 135 135 135 135 135 135 133 133 133 136 136 136 135 135 135 136 136 136 137 137 137 138 138 138 133 133 133 132 132 132 133 133 133 138 138 138 139 139 139 136 136 136 133 133 133 140 140 140 133 133 133 139 139 139 140 140 140 141 141 141 142 142 142 143 143 143 142 142 142 144 144 144 143 143 143 145 145 145 146 146 146 141 141 141 141 141 141 143 143 143 145 145 145 147 147 147 148 148 148 144 144 144 143 143 143 144 144 144 148 148 148 145 145 145 143 143 143 149 149 149 143 143 143 148 148 148 149 149 149 150 150 150 151 151 151 152 152 152 150 150 150 152 152 152 153 153 153 154 154 154 155 155 155 151 151 151 154 154 154 151 151 151 150 150 150 150 150 150 153 153 153 156 156 156 153 153 153 157 157 157 156 156 156 158 158 158 154 154 154 150 150 150 150 150 150 156 156 156 158 158 158 159 159 159 160 160 160 161 161 161 160 160 160 159 159 159 162 162 162 163 163 163 162 162 162 159 159 159 162 162 162 163 163 163 164 164 164 165 165 165 161 161 161 166 166 166 161 161 161 165 165 165 159 159 159 167 167 167 159 159 159 165 165 165 159 159 159 167 167 167 163 163 163 168 168 168 169 169 169 170 170 170 170 170 170 169 169 169 171 171 171 171 171 171 169 169 169 172 172 172 171 171 171 172 172 172 173 173 173 174 174 174 175 175 175 168 168 168 168 168 168 175 175 175 169 169 169 175 175 175 176 176 176 169 169 169 172 172 172 169 169 169 176 176 176 177 177 177 178 178 178 179 179 179 178 178 178 180 180 180 179 179 179 181 181 181 182 182 182 177 177 177 177 177 177 179 179 179 181 181 181 183 183 183 184 184 184 180 180 180 179 179 179 180 180 180 184 184 184 185 185 185 179 179 179 184 184 184 179 179 179 185 185 185 181 181 181 186 186 186 187 187 187 188 188 188 186 186 186 188 188 188 189 189 189 190 190 190 191 191 191 187 187 187 190 190 190 187 187 187 186 186 186 186 186 186 189 189 189 192 192 192 189 189 189 193 193 193 192 192 192 194 194 194 190 190 190 186 186 186 186 186 186 192 192 192 194 194 194 195 195 195 196 196 196 197 197 197 196 196 196 195 195 195 198 198 198 199 199 199 198 198 198 195 195 195 198 198 198 199 199 199 200 200 200 201 201 201 197 197 197 202 202 202 197 197 197 201 201 201 195 195 195 203 203 203 195 195 195 201 201 201 195 195 195 203 203 203 199 199 199 204 204 204 205 205 205 206 206 206 206 206 206 205 205 205 207 207 207 208 208 208 209 209 209 207 207 207 207 207 207 205 205 205 208 208 208 210 210 210 211 211 211 204 204 204 205 205 205 204 204 204 211 211 211 212 212 212 205 205 205 211 211 211 205 205 205 212 212 212 208 208 208 213 213 213 214 214 214 215 215 215 214 214 214 216 216 216 215 215 215 217 217 217 218 218 218 213 213 213 213 213 213 215 215 215 217 217 217 219 219 219 220 220 220 216 216 216 215 215 215 216 216 216 220 220 220 217 217 217 220 220 220 221 221 221 220 220 220 217 217 217 215 215 215 222 222 222 223 223 223 224 224 224 222 222 222 224 224 224 225 225 225 226 226 226 227 227 227 223 223 223 226 226 226 223 223 223 222 222 222 222 222 222 225 225 225 228 228 228 225 225 225 229 229 229 228 228 228 230 230 230 226 226 226 222 222 222 222 222 222 228 228 228 230 230 230 231 231 231 232 232 232 233 233 233 232 232 232 231 231 231 234 234 234 235 235 235 234 234 234 231 231 231 234 234 234 235 235 235 236 236 236 237 237 237 233 233 233 238 238 238 233 233 233 237 237 237 231 231 231 239 239 239 231 231 231 237 237 237 231 231 231 239 239 239 235 235 235 240 240 240 241 241 241 242 242 242 241 241 241 240 240 240 243 243 243 244 244 244 243 243 243 240 240 240 243 243 243 244 244 244 245 245 245 246 246 246 247 247 247 248 248 248 247 247 247 246 246 246 249 249 249 250 250 250 249 249 249 246 246 246 249 249 249 250 250 250 251 251 251 252 252 252 253 253 253 254 254 254 253 253 253 252 252 252 255 255 255 256 256 256 253 253 253 257 257 257 253 253 253 256 256 256 254 254 254 258 258 258 259 259 259 260 260 260 259 259 259 258 258 258 261 261 261 262 262 262 258 258 258 260 260 260 258 258 258 262 262 262 263 263 263 264 264 264 265 265 265 266 266 266 267 267 267 266 266 266 265 265 265 268 268 268 269 269 269 264 264 264 265 265 265 264 264 264 269 269 269 270 270 270 271 271 271 272 272 272 271 271 271 270 270 270 273 273 273 272 272 272 274 274 274 275 275 275 274 274 274 272 272 272 271 271 271 276 276 276 277 277 277 278 278 278 277 277 277 276 276 276 279 279 279 280 280 280 281 281 281 276 276 276 279 279 279 276 276 276 281 281 281 282 282 282 283 283 283 284 284 284 284 284 284 283 283 283 285 285 285 286 286 286 287 287 287 282 282 282 282 282 282 287 287 287 283 283 283 288 288 288 289 289 289 290 290 290 291 291 291 290 290 290 289 289 289 292 292 292 289 289 289 288 288 288 289 289 289 292 292 292 293 293 293 116 116 116 294 294 294 117 117 117 294 294 294 295 295 295 117 117 117 117 117 117 295 295 295 121 121 121 121 121 121 295 295 295 296 296 296 297 297 297 298 298 298 299 299 299 298 298 298 297 297 297 300 300 300 301 301 301 300 300 300 297 297 297 300 300 300 301 301 301 302 302 302 303 303 303 304 304 304 305 305 305 304 304 304 303 303 303 306 306 306 307 307 307 306 306 306 303 303 303 306 306 306 307 307 307 308 308 308 309 309 309 310 310 310 311 311 311 312 312 312 311 311 311 310 310 310 313 313 313 314 314 314 309 309 309 310 310 310 309 309 309 314 314 314 152 152 152 315 315 315 153 153 153 153 153 153 315 315 315 316 316 316 153 153 153 316 316 316 157 157 157 316 316 316 317 317 317 157 157 157 318 318 318 319 319 319 320 320 320 319 319 319 318 318 318 321 321 321 322 322 322 320 320 320 323 323 323 320 320 320 322 322 322 318 318 318 324 324 324 325 325 325 326 326 326 325 325 325 324 324 324 327 327 327 328 328 328 327 327 327 324 324 324 327 327 327 328 328 328 329 329 329 330 330 330 331 331 331 332 332 332 333 333 333 332 332 332 331 331 331 334 334 334 335 335 335 330 330 330 331 331 331 330 330 330 335 335 335 188 188 188 336 336 336 189 189 189 189 189 189 336 336 336 337 337 337 189 189 189 337 337 337 193 193 193 337 337 337 338 338 338 193 193 193 339 339 339 340 340 340 341 341 341 340 340 340 339 339 339 342 342 342 343 343 343 342 342 342 339 339 339 342 342 342 343 343 343 344 344 344 345 345 345 346 346 346 347 347 347 346 346 346 345 345 345 348 348 348 349 349 349 348 348 348 345 345 345 348 348 348 349 349 349 350 350 350 351 351 351 352 352 352 353 353 353 354 354 354 353 353 353 352 352 352 355 355 355 352 352 352 351 351 351 352 352 352 355 355 355 356 356 356 224 224 224 357 357 357 225 225 225 225 225 225 357 357 357 358 358 358 225 225 225 358 358 358 229 229 229 358 358 358 359 359 359 229 229 229 360 360 360 361 361 361 362 362 362 361 361 361 360 360 360 363 363 363 364 364 364 363 363 363 360 360 360 363 363 363 364 364 364 365 365 365 366 366 366 367 367 367 368 368 368 367 367 367 366 366 366 369 369 369 370 370 370 369 369 369 366 366 366 369 369 369 370 370 370 371 371 371 372 372 372 373 373 373 374 374 374 373 373 373 372 372 372 299 299 299 319 319 319 321 321 321 375 375 375 321 321 321 376 376 376 375 375 375 377 377 377 341 341 341 378 378 378 341 341 341 379 379 379 378 378 378 362 362 362 380 380 380 381 381 381 380 380 380 362 362 362 361 361 361 295 295 295 294 294 294 382 382 382 295 295 295 382 382 382 383 383 383 295 295 295 383 383 383 296 296 296 296 296 296 383 383 383 384 384 384 126 126 126 385 385 385 124 124 124 385 385 385 126 126 126 386 386 386 128 128 128 386 386 386 126 126 126 386 386 386 128 128 128 387 387 387 316 316 316 315 315 315 388 388 388 316 316 316 388 388 388 389 389 389 316 316 316 390 390 390 317 317 317 390 390 390 316 316 316 389 389 389 162 162 162 391 391 391 160 160 160 391 391 391 162 162 162 392 392 392 164 164 164 392 392 392 162 162 162 392 392 392 164 164 164 393 393 393 337 337 337 336 336 336 394 394 394 337 337 337 394 394 394 395 395 395 337 337 337 396 396 396 338 338 338 396 396 396 337 337 337 395 395 395 198 198 198 397 397 397 196 196 196 397 397 397 198 198 198 398 398 398 200 200 200 398 398 398 198 198 198 398 398 398 200 200 200 399 399 399 357 357 357 400 400 400 358 358 358 400 400 400 357 357 357 401 401 401 358 358 358 402 402 402 359 359 359 402 402 402 358 358 358 400 400 400 234 234 234 403 403 403 232 232 232 403 403 403 234 234 234 404 404 404 236 236 236 404 404 404 234 234 234 404 404 404 236 236 236 405 405 405 406 406 406 407 407 407 373 373 373 374 374 374 373 373 373 407 407 407 408 408 408 409 409 409 376 376 376 375 375 375 376 376 376 409 409 409 410 410 410 378 378 378 379 379 379 378 378 378 410 410 410 411 411 411 412 412 412 381 381 381 380 380 380 381 381 381 412 412 412 413 413 413 386 386 386 414 414 414 385 385 385 385 385 385 414 414 414 415 415 415 387 387 387 416 416 416 386 386 386 386 386 386 416 416 416 414 414 414 417 417 417 391 391 391 392 392 392 391 391 391 417 417 417 418 418 418 393 393 393 417 417 417 392 392 392 417 417 417 393 393 393 419 419 419 398 398 398 420 420 420 397 397 397 420 420 420 398 398 398 421 421 421 399 399 399 421 421 421 398 398 398 421 421 421 399 399 399 422 422 422 404 404 404 423 423 423 403 403 403 423 423 423 404 404 404 424 424 424 405 405 405 424 424 424 404 404 404 424 424 424 405 405 405 425 425 425 383 383 383 382 382 382 426 426 426 383 383 383 426 426 426 427 427 427 383 383 383 428 428 428 384 384 384 428 428 428 383 383 383 427 427 427 388 388 388 429 429 429 389 389 389 429 429 429 388 388 388 430 430 430 389 389 389 431 431 431 390 390 390 431 431 431 389 389 389 429 429 429 394 394 394 432 432 432 395 395 395 432 432 432 394 394 394 433 433 433 395 395 395 434 434 434 396 396 396 434 434 434 395 395 395 432 432 432 435 435 435 401 401 401 436 436 436 401 401 401 435 435 435 400 400 400 437 437 437 402 402 402 435 435 435 435 435 435 402 402 402 400 400 400 438 438 438 439 439 439 440 440 440 441 441 441 440 440 440 439 439 439 442 442 442 443 443 443 444 444 444 443 443 443 442 442 442 445 445 445 446 446 446 447 447 447 448 448 448 447 447 447 446 446 446 449 449 449 450 450 450 451 451 451 452 452 452 451 451 451 450 450 450 453 453 453 454 454 454 455 455 455 456 456 456 456 456 456 455 455 455 457 457 457 458 458 458 454 454 454 459 459 459 454 454 454 458 458 458 455 455 455 460 460 460 461 461 461 462 462 462 461 461 461 460 460 460 463 463 463 464 464 464 463 463 463 460 460 460 463 463 463 464 464 464 465 465 465 466 466 466 467 467 467 468 468 468 467 467 467 466 466 466 469 469 469 470 470 470 468 468 468 471 471 471 468 468 468 470 470 470 466 466 466 472 472 472 473 473 473 474 474 474 473 473 473 472 472 472 475 475 475 476 476 476 474 474 474 477 477 477 474 474 474 476 476 476 472 472 472 478 478 478 479 479 479 480 480 480 480 480 480 479 479 479 481 481 481 480 480 480 481 481 481 482 482 482 482 482 482 481 481 481 483 483 483 484 484 484 485 485 485 486 486 486 486 486 486 485 485 485 487 487 487 486 486 486 487 487 487 488 488 488 487 487 487 489 489 489 488 488 488 490 490 490 491 491 491 492 492 492 492 492 492 491 491 491 493 493 493 492 492 492 493 493 493 494 494 494 494 494 494 493 493 493 495 495 495 496 496 496 497 497 497 498 498 498 498 498 498 497 497 497 499 499 499 498 498 498 499 499 499 500 500 500 499 499 499 501 501 501 500 500 500 427 427 427 426 426 426 502 502 502 427 427 427 502 502 502 503 503 503 428 428 428 427 427 427 503 503 503 428 428 428 503 503 503 504 504 504 430 430 430 505 505 505 429 429 429 505 505 505 430 430 430 506 506 506 429 429 429 507 507 507 431 431 431 507 507 507 429 429 429 505 505 505 433 433 433 508 508 508 432 432 432 508 508 508 433 433 433 509 509 509 432 432 432 510 510 510 434 434 434 510 510 510 432 432 432 508 508 508 436 436 436 511 511 511 435 435 435 511 511 511 436 436 436 512 512 512 435 435 435 511 511 511 437 437 437 511 511 511 513 513 513 437 437 437 440 440 440 441 441 441 406 406 406 407 407 407 406 406 406 441 441 441 444 444 444 443 443 443 408 408 408 408 408 408 443 443 443 409 409 409 448 448 448 411 411 411 410 410 410 411 411 411 448 448 448 447 447 447 413 413 413 452 452 452 451 451 451 452 452 452 413 413 413 412 412 412 414 414 414 456 456 456 415 415 415 456 456 456 414 414 414 454 454 454 454 454 454 416 416 416 459 459 459 416 416 416 454 454 454 414 414 414 417 417 417 462 462 462 418 418 418 462 462 462 417 417 417 460 460 460 419 419 419 464 464 464 417 417 417 417 417 417 464 464 464 460 460 460 421 421 421 468 468 468 420 420 420 420 420 420 468 468 468 467 467 467 422 422 422 471 471 471 421 421 421 421 421 421 471 471 471 468 468 468 423 423 423 424 424 424 474 474 474 423 423 423 474 474 474 473 473 473 425 425 425 477 477 477 424 424 424 424 424 424 477 477 477 474 474 474 514 514 514 255 255 255 252 252 252 255 255 255 514 514 514 515 515 515 516 516 516 514 514 514 517 517 517 514 514 514 516 516 516 515 515 515 518 518 518 516 516 516 517 517 517 516 516 516 518 518 518 519 519 519 520 520 520 519 519 519 518 518 518 519 519 519 520 520 520 521 521 521 2 2 2 3 3 3 520 520 520 520 520 520 3 3 3 521 521 521 242 242 242 522 522 522 523 523 523 522 522 522 242 242 242 241 241 241 524 524 524 523 523 523 522 522 522 524 524 524 522 522 522 525 525 525 524 524 524 526 526 526 527 527 527 526 526 526 524 524 524 525 525 525 527 527 527 1 1 1 0 0 0 1 1 1 527 527 527 526 526 526 528 528 528 529 529 529 270 270 270 270 270 270 529 529 529 273 273 273 530 530 530 531 531 531 528 528 528 528 528 528 531 531 531 529 529 529 532 532 532 531 531 531 530 530 530 531 531 531 532 532 532 533 533 533 534 534 534 533 533 533 532 532 532 533 533 533 534 534 534 535 535 535 6 6 6 7 7 7 534 534 534 534 534 534 7 7 7 535 535 535 536 536 536 284 284 284 285 285 285 536 536 536 285 285 285 537 537 537 538 538 538 536 536 536 537 537 537 538 538 538 537 537 537 539 539 539 540 540 540 538 538 538 539 539 539 540 540 540 539 539 539 541 541 541 540 540 540 5 5 5 4 4 4 5 5 5 540 540 540 541 541 541 542 542 542 543 543 543 478 478 478 478 478 478 543 543 543 479 479 479 544 544 544 543 543 543 542 542 542 543 543 543 544 544 544 545 545 545 546 546 546 545 545 545 544 544 544 545 545 545 546 546 546 547 547 547 548 548 548 547 547 547 546 546 546 547 547 547 548 548 548 549 549 549 10 10 10 549 549 549 548 548 548 549 549 549 10 10 10 9 9 9 305 305 305 550 550 550 551 551 551 550 550 550 305 305 305 304 304 304 551 551 551 552 552 552 553 553 553 552 552 552 551 551 551 550 550 550 553 553 553 554 554 554 555 555 555 554 554 554 553 553 553 552 552 552 555 555 555 11 11 11 8 8 8 11 11 11 555 555 555 554 554 554 556 556 556 557 557 557 490 490 490 490 490 490 557 557 557 491 491 491 558 558 558 559 559 559 556 556 556 556 556 556 559 559 559 557 557 557 560 560 560 561 561 561 558 558 558 558 558 558 561 561 561 559 559 559 562 562 562 563 563 563 560 560 560 560 560 560 563 563 563 561 561 561 19 19 19 562 562 562 17 17 17 562 562 562 19 19 19 563 563 563 347 347 347 564 564 564 565 565 565 564 564 564 347 347 347 346 346 346 565 565 565 566 566 566 567 567 567 566 566 566 565 565 565 564 564 564 568 568 568 567 567 567 566 566 566 568 568 568 566 566 566 569 569 569 18 18 18 568 568 568 569 569 569 18 18 18 569 569 569 16 16 16 36 36 36 570 570 570 35 35 35 570 570 570 36 36 36 571 571 571 571 571 571 572 572 572 570 570 570 572 572 572 571 571 571 573 573 573 573 573 573 574 574 574 572 572 572 574 574 574 573 573 573 575 575 575 575 575 575 576 576 576 574 574 574 576 576 576 575 575 575 577 577 577 577 577 577 248 248 248 576 576 576 248 248 248 577 577 577 246 246 246 43 43 43 578 578 578 45 45 45 45 45 45 578 578 578 579 579 579 578 578 578 580 580 580 579 579 579 580 580 580 578 578 578 581 581 581 581 581 581 582 582 582 580 580 580 582 582 582 581 581 581 583 583 583 583 583 583 249 249 249 582 582 582 249 249 249 583 583 583 247 247 247 38 38 38 584 584 584 36 36 36 571 571 571 36 36 36 584 584 584 584 584 584 573 573 573 571 571 571 573 573 573 584 584 584 585 585 585 585 585 585 575 575 575 573 573 573 575 575 575 585 585 585 586 586 586 586 586 586 577 577 577 575 575 575 577 577 577 586 586 586 587 587 587 587 587 587 246 246 246 577 577 577 246 246 246 587 587 587 250 250 250 579 579 579 48 48 48 45 45 45 48 48 48 579 579 579 588 588 588 579 579 579 589 589 589 588 588 588 589 589 589 579 579 579 580 580 580 580 580 580 590 590 590 589 589 589 590 590 590 580 580 580 582 582 582 582 582 582 251 251 251 590 590 590 251 251 251 582 582 582 249 249 249 591 591 591 52 52 52 592 592 592 52 52 52 591 591 591 53 53 53 593 593 593 591 591 591 592 592 592 591 591 591 593 593 593 594 594 594 595 595 595 594 594 594 593 593 593 594 594 594 595 595 595 596 596 596 597 597 597 596 596 596 595 595 595 596 596 596 597 597 597 598 598 598 260 260 260 598 598 598 597 597 597 598 598 598 260 260 260 259 259 259 25 25 25 599 599 599 26 26 26 600 600 600 26 26 26 599 599 599 599 599 599 601 601 601 600 600 600 602 602 602 600 600 600 601 601 601 601 601 601 603 603 603 602 602 602 604 604 604 602 602 602 603 603 603 603 603 603 261 261 261 604 604 604 258 258 258 604 604 604 261 261 261 55 55 55 592 592 592 52 52 52 592 592 592 55 55 55 605 605 605 605 605 605 593 593 593 592 592 592 593 593 593 605 605 605 606 606 606 606 606 606 595 595 595 593 593 593 595 595 595 606 606 606 607 607 607 607 607 607 597 597 597 595 595 595 597 597 597 607 607 607 608 608 608 608 608 608 260 260 260 597 597 597 260 260 260 608 608 608 262 262 262 26 26 26 609 609 609 31 31 31 609 609 609 26 26 26 600 600 600 600 600 600 602 602 602 609 609 609 610 610 610 609 609 609 602 602 602 602 602 602 611 611 611 610 610 610 611 611 611 602 602 602 604 604 604 604 604 604 263 263 263 611 611 611 263 263 263 604 604 604 258 258 258 63 63 63 612 612 612 62 62 62 612 612 612 63 63 63 613 613 613 613 613 613 614 614 614 612 612 612 615 615 615 612 612 612 614 614 614 614 614 614 616 616 616 615 615 615 617 617 617 615 615 615 616 616 616 616 616 616 618 618 618 617 617 617 619 619 619 617 617 617 618 618 618 618 618 618 264 264 264 619 619 619 266 266 266 619 619 619 264 264 264 620 620 620 72 72 72 70 70 70 72 72 72 620 620 620 621 621 621 622 622 622 621 621 621 620 620 620 621 621 621 622 622 622 623 623 623 624 624 624 623 623 623 622 622 622 623 623 623 624 624 624 625 625 625 267 267 267 625 625 625 624 624 624 625 625 625 267 267 267 265 265 265 65 65 65 613 613 613 63 63 63 613 613 613 65 65 65 626 626 626 626 626 626 627 627 627 613 613 613 614 614 614 613 613 613 627 627 627 627 627 627 628 628 628 614 614 614 616 616 616 614 614 614 628 628 628 628 628 628 629 629 629 616 616 616 618 618 618 616 616 616 629 629 629 629 629 629 268 268 268 618 618 618 264 264 264 618 618 618 268 268 268 72 72 72 630 630 630 75 75 75 630 630 630 72 72 72 621 621 621 623 623 623 630 630 630 621 621 621 630 630 630 623 623 623 631 631 631 625 625 625 631 631 631 623 623 623 631 631 631 625 625 625 632 632 632 265 265 265 632 632 632 625 625 625 632 632 632 265 265 265 269 269 269 633 633 633 79 79 79 634 634 634 79 79 79 633 633 633 80 80 80 634 634 634 635 635 635 633 633 633 635 635 635 634 634 634 636 636 636 637 637 637 635 635 635 636 636 636 635 635 635 637 637 637 638 638 638 637 637 637 639 639 639 638 638 638 639 639 639 637 637 637 640 640 640 276 276 276 639 639 639 640 640 640 639 639 639 276 276 276 278 278 278 88 88 88 641 641 641 89 89 89 642 642 642 89 89 89 641 641 641 641 641 641 643 643 643 642 642 642 644 644 644 642 642 642 643 643 643 643 643 643 645 645 645 644 644 644 645 645 645 643 643 643 646 646 646 646 646 646 279 279 279 645 645 645 279 279 279 646 646 646 277 277 277 83 83 83 634 634 634 79 79 79 634 634 634 83 83 83 647 647 647 647 647 647 636 636 636 634 634 634 636 636 636 647 647 647 648 648 648 648 648 648 637 637 637 636 636 636 637 637 637 648 648 648 649 649 649 649 649 649 640 640 640 637 637 637 640 640 640 649 649 649 650 650 650 650 650 650 276 276 276 640 640 640 276 276 276 650 650 650 280 280 280 642 642 642 93 93 93 89 89 89 93 93 93 642 642 642 651 651 651 642 642 642 652 652 652 651 651 651 652 652 652 642 642 642 644 644 644 645 645 645 652 652 652 644 644 644 652 652 652 645 645 645 653 653 653 279 279 279 653 653 653 645 645 645 653 653 653 279 279 279 281 281 281 99 99 99 654 654 654 98 98 98 654 654 654 99 99 99 655 655 655 655 655 655 656 656 656 654 654 654 657 657 657 654 654 654 656 656 656 656 656 656 658 658 658 657 657 657 658 658 658 656 656 656 659 659 659 659 659 659 660 660 660 658 658 658 660 660 660 659 659 659 661 661 661 661 661 661 290 290 290 660 660 660 290 290 290 661 661 661 288 288 288 662 662 662 108 108 108 106 106 106 108 108 108 662 662 662 663 663 663 662 662 662 664 664 664 663 663 663 664 664 664 662 662 662 665 665 665 665 665 665 666 666 666 664 664 664 666 666 666 665 665 665 667 667 667 667 667 667 289 289 289 666 666 666 289 289 289 667 667 667 291 291 291 101 101 101 668 668 668 99 99 99 655 655 655 99 99 99 668 668 668 668 668 668 669 669 669 655 655 655 656 656 656 655 655 655 669 669 669 669 669 669 659 659 659 656 656 656 659 659 659 669 669 669 670 670 670 670 670 670 661 661 661 659 659 659 661 661 661 670 670 670 671 671 671 671 671 671 288 288 288 661 661 661 288 288 288 671 671 671 292 292 292 663 663 663 111 111 111 108 108 108 111 111 111 663 663 663 672 672 672 663 663 663 673 673 673 672 672 672 673 673 673 663 663 663 664 664 664 664 664 664 674 674 674 673 673 673 674 674 674 664 664 664 666 666 666 666 666 666 293 293 293 674 674 674 293 293 293 666 666 666 289 289 289 115 115 115 675 675 675 116 116 116 675 675 675 115 115 115 676 676 676 676 676 676 677 677 677 675 675 675 677 677 677 676 676 676 678 678 678 678 678 678 679 679 679 677 677 677 679 679 679 678 678 678 680 680 680 680 680 680 372 372 372 679 679 679 372 372 372 680 680 680 681 681 681 681 681 681 299 299 299 372 372 372 299 299 299 681 681 681 297 297 297 124 124 124 682 682 682 125 125 125 683 683 683 125 125 125 682 682 682 682 682 682 684 684 684 683 683 683 684 684 684 682 682 682 685 685 685 685 685 685 686 686 686 684 684 684 686 686 686 685 685 685 687 687 687 687 687 687 298 298 298 686 686 686 300 300 300 686 686 686 298 298 298 676 676 676 119 119 119 688 688 688 119 119 119 676 676 676 115 115 115 688 688 688 678 678 678 676 676 676 678 678 678 688 688 688 689 689 689 689 689 689 680 680 680 678 678 678 680 680 680 689 689 689 690 690 690 690 690 690 681 681 681 680 680 680 681 681 681 690 690 690 691 691 691 691 691 691 297 297 297 681 681 681 297 297 297 691 691 691 301 301 301 125 125 125 692 692 692 130 130 130 692 692 692 125 125 125 683 683 683 683 683 683 693 693 693 692 692 692 693 693 693 683 683 683 684 684 684 684 684 684 694 694 694 693 693 693 694 694 694 684 684 684 686 686 686 686 686 686 300 300 300 694 694 694 302 302 302 694 694 694 300 300 300 171 171 171 695 695 695 170 170 170 695 695 695 171 171 171 696 696 696 696 696 696 697 697 697 695 695 695 698 698 698 695 695 695 697 697 697 697 697 697 699 699 699 698 698 698 700 700 700 698 698 698 699 699 699 699 699 699 701 701 701 700 700 700 702 702 702 700 700 700 701 701 701 701 701 701 330 330 330 702 702 702 332 332 332 702 702 702 330 330 330 703 703 703 180 180 180 178 178 178 180 180 180 703 703 703 704 704 704 705 705 705 704 704 704 703 703 703 704 704 704 705 705 705 706 706 706 707 707 707 706 706 706 705 705 705 706 706 706 707 707 707 708 708 708 333 333 333 708 708 708 707 707 707 708 708 708 333 333 333 331 331 331 173 173 173 696 696 696 171 171 171 696 696 696 173 173 173 709 709 709 709 709 709 710 710 710 696 696 696 697 697 697 696 696 696 710 710 710 710 710 710 711 711 711 697 697 697 699 699 699 697 697 697 711 711 711 711 711 711 712 712 712 699 699 699 701 701 701 699 699 699 712 712 712 712 712 712 334 334 334 701 701 701 330 330 330 701 701 701 334 334 334 704 704 704 183 183 183 180 180 180 183 183 183 704 704 704 713 713 713 706 706 706 713 713 713 704 704 704 713 713 713 706 706 706 714 714 714 708 708 708 714 714 714 706 706 706 714 714 714 708 708 708 715 715 715 331 331 331 715 715 715 708 708 708 715 715 715 331 331 331 335 335 335 187 187 187 716 716 716 188 188 188 716 716 716 187 187 187 717 717 717 717 717 717 718 718 718 716 716 716 718 718 718 717 717 717 719 719 719 720 720 720 718 718 718 719 719 719 718 718 718 720 720 720 721 721 721 722 722 722 721 721 721 720 720 720 721 721 721 722 722 722 377 377 377 339 339 339 377 377 377 722 722 722 377 377 377 339 339 339 341 341 341 196 196 196 723 723 723 197 197 197 724 724 724 197 197 197 723 723 723 723 723 723 725 725 725 724 724 724 726 726 726 724 724 724 725 725 725 725 725 725 727 727 727 726 726 726 727 727 727 725 725 725 728 728 728 728 728 728 340 340 340 727 727 727 342 342 342 727 727 727 340 340 340 729 729 729 187 187 187 191 191 191 187 187 187 729 729 729 717 717 717 729 729 729 719 719 719 717 717 717 719 719 719 729 729 729 730 730 730 731 731 731 719 719 719 730 730 730 719 719 719 731 731 731 720 720 720 732 732 732 720 720 720 731 731 731 720 720 720 732 732 732 722 722 722 343 343 343 722 722 722 732 732 732 722 722 722 343 343 343 339 339 339 197 197 197 724 724 724 202 202 202 733 733 733 202 202 202 724 724 724 724 724 724 734 734 734 733 733 733 734 734 734 724 724 724 726 726 726 726 726 726 735 735 735 734 734 734 735 735 735 726 726 726 727 727 727 727 727 727 344 344 344 735 735 735 344 344 344 727 727 727 342 342 342 682 682 682 124 124 124 736 736 736 124 124 124 385 385 385 736 736 736 685 685 685 736 736 736 737 737 737 736 736 736 685 685 685 682 682 682 687 687 687 685 685 685 738 738 738 685 685 685 737 737 737 738 738 738 298 298 298 738 738 738 739 739 739 738 738 738 298 298 298 687 687 687 299 299 299 739 739 739 373 373 373 739 739 739 299 299 299 298 298 298 740 740 740 116 116 116 675 675 675 116 116 116 740 740 740 294 294 294 675 675 675 741 741 741 740 740 740 741 741 741 675 675 675 677 677 677 677 677 677 742 742 742 741 741 741 742 742 742 677 677 677 679 679 679 679 679 679 374 374 374 742 742 742 374 374 374 679 679 679 372 372 372 723 723 723 196 196 196 743 743 743 196 196 196 397 397 397 743 743 743 725 725 725 723 723 723 744 744 744 723 723 723 743 743 743 744 744 744 728 728 728 744 744 744 745 745 745 744 744 744 728 728 728 725 725 725 340 340 340 728 728 728 746 746 746 728 728 728 745 745 745 746 746 746 341 341 341 746 746 746 379 379 379 746 746 746 341 341 341 340 340 340 188 188 188 747 747 747 336 336 336 747 747 747 188 188 188 716 716 716 716 716 716 748 748 748 747 747 747 748 748 748 716 716 716 718 718 718 721 721 721 748 748 748 718 718 718 748 748 748 721 721 721 749 749 749 377 377 377 749 749 749 721 721 721 749 749 749 377 377 377 378 378 378 415 415 415 750 750 750 385 385 385 736 736 736 385 385 385 750 750 750 750 750 750 737 737 737 736 736 736 737 737 737 750 750 750 751 751 751 751 751 751 738 738 738 737 737 737 738 738 738 751 751 751 752 752 752 752 752 752 739 739 739 738 738 738 739 739 739 752 752 752 753 753 753 753 753 753 406 406 406 739 739 739 373 373 373 739 739 739 406 406 406 294 294 294 754 754 754 382 382 382 754 754 754 294 294 294 740 740 740 740 740 740 755 755 755 754 754 754 755 755 755 740 740 740 741 741 741 742 742 742 755 755 755 741 741 741 755 755 755 742 742 742 756 756 756 374 374 374 756 756 756 742 742 742 756 756 756 374 374 374 407 407 407 420 420 420 757 757 757 397 397 397 743 743 743 397 397 397 757 757 757 757 757 757 744 744 744 743 743 743 744 744 744 757 757 757 758 758 758 758 758 758 759 759 759 744 744 744 745 745 745 744 744 744 759 759 759 759 759 759 760 760 760 745 745 745 746 746 746 745 745 745 760 760 760 760 760 760 379 379 379 746 746 746 379 379 379 760 760 760 410 410 410 336 336 336 761 761 761 394 394 394 761 761 761 336 336 336 747 747 747 747 747 747 762 762 762 761 761 761 762 762 762 747 747 747 748 748 748 749 749 749 762 762 762 748 748 748 762 762 762 749 749 749 763 763 763 378 378 378 763 763 763 749 749 749 763 763 763 378 378 378 411 411 411 457 457 457 764 764 764 456 456 456 765 765 765 456 456 456 764 764 764 764 764 764 766 766 766 765 765 765 767 767 767 765 765 765 766 766 766 766 766 766 768 768 768 767 767 767 769 769 769 767 767 767 768 768 768 768 768 768 770 770 770 769 769 769 770 770 770 768 768 768 771 771 771 771 771 771 438 438 438 770 770 770 440 440 440 770 770 770 438 438 438 426 426 426 772 772 772 502 502 502 772 772 772 426 426 426 773 773 773 773 773 773 774 774 774 772 772 772 774 774 774 773 773 773 775 775 775 775 775 775 776 776 776 774 774 774 776 776 776 775 775 775 777 777 777 441 441 441 776 776 776 777 777 777 776 776 776 441 441 441 439 439 439 469 469 469 778 778 778 467 467 467 779 779 779 467 467 467 778 778 778 778 778 778 780 780 780 779 779 779 781 781 781 779 779 779 780 780 780 780 780 780 782 782 782 781 781 781 783 783 783 781 781 781 782 782 782 782 782 782 784 784 784 783 783 783 785 785 785 783 783 783 784 784 784 784 784 784 446 446 446 785 785 785 448 448 448 785 785 785 446 446 446 433 433 433 786 786 786 509 509 509 786 786 786 433 433 433 787 787 787 787 787 787 788 788 788 786 786 786 788 788 788 787 787 787 789 789 789 789 789 789 790 790 790 788 788 788 790 790 790 789 789 789 791 791 791 791 791 791 449 449 449 790 790 790 449 449 449 791 791 791 447 447 447 456 456 456 750 750 750 415 415 415 750 750 750 456 456 456 765 765 765 765 765 765 767 767 767 750 750 750 751 751 751 750 750 750 767 767 767 767 767 767 769 769 769 751 751 751 752 752 752 751 751 751 769 769 769 769 769 769 753 753 753 752 752 752 753 753 753 769 769 769 770 770 770 770 770 770 440 440 440 753 753 753 406 406 406 753 753 753 440 440 440 382 382 382 773 773 773 426 426 426 773 773 773 382 382 382 754 754 754 755 755 755 773 773 773 754 754 754 773 773 773 755 755 755 775 775 775 755 755 755 777 777 777 775 775 775 777 777 777 755 755 755 756 756 756 756 756 756 441 441 441 777 777 777 441 441 441 756 756 756 407 407 407 467 467 467 757 757 757 420 420 420 757 757 757 467 467 467 779 779 779 779 779 779 758 758 758 757 757 757 758 758 758 779 779 779 781 781 781 781 781 781 759 759 759 758 758 758 759 759 759 781 781 781 783 783 783 783 783 783 760 760 760 759 759 759 760 760 760 783 783 783 785 785 785 785 785 785 448 448 448 760 760 760 410 410 410 760 760 760 448 448 448 761 761 761 433 433 433 394 394 394 433 433 433 761 761 761 787 787 787 761 761 761 789 789 789 787 787 787 789 789 789 761 761 761 762 762 762 762 762 762 791 791 791 789 789 789 791 791 791 762 762 762 763 763 763 763 763 763 447 447 447 791 791 791 447 447 447 763 763 763 411 411 411 771 771 771 8 8 8 438 438 438 438 438 438 8 8 8 10 10 10 9 9 9 11 11 11 660 660 660 9 9 9 660 660 660 290 290 290 445 445 445 442 442 442 12 12 12 442 442 442 13 13 13 12 12 12 15 15 15 312 312 312 14 14 14 312 312 312 15 15 15 311 311 311 784 784 784 18 18 18 446 446 446 446 446 446 18 18 18 17 17 17 19 19 19 16 16 16 702 702 702 19 19 19 702 702 702 332 332 332 453 453 453 21 21 21 20 20 20 21 21 21 453 453 453 450 450 450 22 22 22 353 353 353 354 354 354 353 353 353 22 22 22 23 23 23 455 455 455 303 303 303 457 457 457 457 457 457 303 303 303 305 305 305 306 306 306 96 96 96 304 304 304 96 96 96 98 98 98 304 304 304 458 458 458 303 303 303 455 455 455 303 303 303 458 458 458 307 307 307 308 308 308 102 102 102 306 306 306 102 102 102 96 96 96 306 306 306 463 463 463 326 326 326 461 461 461 326 326 326 463 463 463 324 324 324 327 327 327 132 132 132 325 325 325 325 325 325 132 132 132 134 134 134 328 328 328 463 463 463 465 465 465 463 463 463 328 328 328 324 324 324 329 329 329 132 132 132 327 327 327 132 132 132 329 329 329 138 138 138 466 466 466 347 347 347 469 469 469 347 347 347 466 466 466 345 345 345 348 348 348 168 168 168 346 346 346 346 346 346 168 168 168 170 170 170 470 470 470 345 345 345 466 466 466 345 345 345 470 470 470 349 349 349 350 350 350 174 174 174 348 348 348 174 174 174 168 168 168 348 348 348 472 472 472 368 368 368 475 475 475 368 368 368 472 472 472 366 366 366 369 369 369 204 204 204 367 367 367 204 204 204 206 206 206 367 367 367 476 476 476 366 366 366 472 472 472 366 366 366 476 476 476 370 370 370 371 371 371 210 210 210 369 369 369 210 210 210 204 204 204 369 369 369 479 479 479 105 105 105 481 481 481 105 105 105 479 479 479 106 106 106 502 502 502 478 478 478 503 503 503 503 503 503 478 478 478 480 480 480 481 481 481 105 105 105 483 483 483 483 483 483 105 105 105 110 110 110 503 503 503 482 482 482 504 504 504 482 482 482 503 503 503 480 480 480 485 485 485 141 141 141 487 487 487 141 141 141 485 485 485 142 142 142 506 506 506 484 484 484 505 505 505 505 505 505 484 484 484 486 486 486 487 487 487 146 146 146 489 489 489 146 146 146 487 487 487 141 141 141 505 505 505 486 486 486 507 507 507 507 507 507 486 486 486 488 488 488 491 491 491 177 177 177 493 493 493 177 177 177 491 491 491 178 178 178 490 490 490 508 508 508 509 509 509 508 508 508 490 490 490 492 492 492 493 493 493 182 182 182 495 495 495 182 182 182 493 493 493 177 177 177 508 508 508 494 494 494 510 510 510 494 494 494 508 508 508 492 492 492 497 497 497 213 213 213 499 499 499 213 213 213 497 497 497 214 214 214 512 512 512 498 498 498 511 511 511 498 498 498 512 512 512 496 496 496 499 499 499 218 218 218 501 501 501 218 218 218 499 499 499 213 213 213 511 511 511 500 500 500 513 513 513 500 500 500 511 511 511 498 498 498 772 772 772 542 542 542 502 502 502 502 502 502 542 542 542 478 478 478 543 543 543 106 106 106 479 479 479 106 106 106 543 543 543 662 662 662 774 774 774 544 544 544 772 772 772 772 772 772 544 544 544 542 542 542 543 543 543 545 545 545 665 665 665 543 543 543 665 665 665 662 662 662 776 776 776 544 544 544 774 774 774 544 544 544 776 776 776 546 546 546 545 545 545 547 547 547 667 667 667 545 545 545 667 667 667 665 665 665 439 439 439 546 546 546 776 776 776 546 546 546 439 439 439 548 548 548 547 547 547 549 549 549 291 291 291 547 547 547 291 291 291 667 667 667 438 438 438 10 10 10 439 439 439 439 439 439 10 10 10 548 548 548 9 9 9 291 291 291 549 549 549 291 291 291 9 9 9 290 290 290 550 550 550 304 304 304 98 98 98 550 550 550 98 98 98 654 654 654 305 305 305 764 764 764 457 457 457 764 764 764 305 305 305 551 551 551 550 550 550 657 657 657 552 552 552 657 657 657 550 550 550 654 654 654 764 764 764 553 553 553 766 766 766 553 553 553 764 764 764 551 551 551 554 554 554 552 552 552 657 657 657 554 554 554 657 657 657 658 658 658 766 766 766 555 555 555 768 768 768 555 555 555 766 766 766 553 553 553 554 554 554 660 660 660 11 11 11 660 660 660 554 554 554 658 658 658 768 768 768 555 555 555 771 771 771 771 771 771 555 555 555 8 8 8 786 786 786 490 490 490 509 509 509 490 490 490 786 786 786 556 556 556 557 557 557 178 178 178 491 491 491 178 178 178 557 557 557 703 703 703 788 788 788 558 558 558 786 786 786 786 786 786 558 558 558 556 556 556 557 557 557 559 559 559 705 705 705 557 557 557 705 705 705 703 703 703 790 790 790 558 558 558 788 788 788 558 558 558 790 790 790 560 560 560 561 561 561 705 705 705 559 559 559 705 705 705 561 561 561 707 707 707 449 449 449 560 560 560 790 790 790 560 560 560 449 449 449 562 562 562 561 561 561 563 563 563 333 333 333 561 561 561 333 333 333 707 707 707 446 446 446 562 562 562 449 449 449 562 562 562 446 446 446 17 17 17 19 19 19 333 333 333 563 563 563 333 333 333 19 19 19 332 332 332 564 564 564 346 346 346 170 170 170 564 564 564 170 170 170 695 695 695 469 469 469 565 565 565 778 778 778 565 565 565 469 469 469 347 347 347 566 566 566 564 564 564 695 695 695 566 566 566 695 695 695 698 698 698 778 778 778 567 567 567 780 780 780 567 567 567 778 778 778 565 565 565 566 566 566 700 700 700 569 569 569 700 700 700 566 566 566 698 698 698 780 780 780 567 567 567 782 782 782 782 782 782 567 567 567 568 568 568 569 569 569 702 702 702 16 16 16 702 702 702 569 569 569 700 700 700 782 782 782 568 568 568 784 784 784 784 784 784 568 568 568 18 18 18 261 261 261 792 792 792 259 259 259 792 792 792 261 261 261 793 793 793 793 793 793 794 794 794 792 792 792 794 794 794 793 793 793 795 795 795 795 795 795 796 796 796 794 794 794 796 796 796 795 795 795 797 797 797 797 797 797 0 0 0 796 796 796 796 796 796 0 0 0 2 2 2 798 798 798 799 799 799 576 576 576 798 798 798 576 576 576 248 248 248 800 800 800 801 801 801 799 799 799 800 800 800 799 799 799 798 798 798 802 802 802 803 803 803 801 801 801 802 802 802 801 801 801 800 800 800 3 3 3 1 1 1 803 803 803 3 3 3 803 803 803 802 802 802 277 277 277 804 804 804 278 278 278 278 278 278 804 804 804 805 805 805 804 804 804 806 806 806 805 805 805 805 805 805 806 806 806 807 807 807 808 808 808 807 807 807 806 806 806 807 807 807 808 808 808 809 809 809 808 808 808 4 4 4 809 809 809 809 809 809 4 4 4 6 6 6 810 810 810 266 266 266 811 811 811 266 266 266 810 810 810 619 619 619 812 812 812 811 811 811 813 813 813 811 811 811 812 812 812 810 810 810 814 814 814 813 813 813 815 815 815 813 813 813 814 814 814 812 812 812 7 7 7 5 5 5 814 814 814 7 7 7 814 814 814 815 815 815 816 816 816 326 326 326 817 817 817 326 326 326 325 325 325 817 817 817 818 818 818 817 817 817 819 819 819 817 817 817 818 818 818 816 816 816 820 820 820 819 819 819 821 821 821 819 819 819 820 820 820 818 818 818 13 13 13 820 820 820 15 15 15 820 820 820 821 821 821 15 15 15 484 484 484 822 822 822 485 485 485 822 822 822 484 484 484 823 823 823 824 824 824 822 822 822 823 823 823 822 822 822 824 824 824 825 825 825 826 826 826 825 825 825 824 824 824 825 825 825 826 826 826 827 827 827 12 12 12 827 827 827 826 826 826 827 827 827 12 12 12 14 14 14 828 828 828 367 367 367 829 829 829 367 367 367 828 828 828 368 368 368 830 830 830 828 828 828 831 831 831 828 828 828 829 829 829 831 831 831 832 832 832 830 830 830 833 833 833 830 830 830 831 831 831 833 833 833 21 21 21 832 832 832 23 23 23 832 832 832 833 833 833 23 23 23 496 496 496 834 834 834 497 497 497 834 834 834 496 496 496 835 835 835 835 835 835 836 836 836 834 834 834 836 836 836 835 835 835 837 837 837 837 837 837 838 838 838 836 836 836 838 838 838 837 837 837 839 839 839 20 20 20 838 838 838 839 839 839 838 838 838 20 20 20 22 22 22 27 27 27 840 840 840 25 25 25 840 840 840 27 27 27 841 841 841 842 842 842 840 840 840 841 841 841 840 840 840 842 842 842 843 843 843 842 842 842 844 844 844 843 843 843 843 843 843 844 844 844 845 845 845 844 844 844 242 242 242 845 845 845 242 242 242 844 844 844 240 240 240 846 846 846 33 33 33 847 847 847 33 33 33 35 35 35 847 847 847 848 848 848 846 846 846 849 849 849 849 849 849 846 846 846 847 847 847 850 850 850 849 849 849 851 851 851 849 849 849 850 850 850 848 848 848 243 243 243 851 851 851 241 241 241 851 851 851 243 243 243 850 850 850 29 29 29 841 841 841 27 27 27 841 841 841 29 29 29 852 852 852 852 852 852 853 853 853 841 841 841 841 841 841 853 853 853 842 842 842 853 853 853 854 854 854 842 842 842 842 842 842 854 854 854 844 844 844 854 854 854 240 240 240 844 844 844 240 240 240 854 854 854 244 244 244 855 855 855 39 39 39 846 846 846 846 846 846 39 39 39 33 33 33 856 856 856 846 846 846 848 848 848 846 846 846 856 856 856 855 855 855 857 857 857 856 856 856 850 850 850 850 850 850 856 856 856 848 848 848 245 245 245 850 850 850 243 243 243 850 850 850 245 245 245 857 857 857 858 858 858 42 42 42 859 859 859 42 42 42 858 858 858 43 43 43 860 860 860 858 858 858 861 861 861 861 861 861 858 858 858 859 859 859 862 862 862 861 861 861 863 863 863 861 861 861 862 862 862 860 860 860 255 255 255 863 863 863 253 253 253 863 863 863 255 255 255 862 862 862 53 53 53 864 864 864 54 54 54 54 54 54 864 864 864 865 865 865 864 864 864 866 866 866 865 865 865 866 866 866 864 864 864 867 867 867 867 867 867 868 868 868 866 866 866 868 868 868 867 867 867 869 869 869 869 869 869 254 254 254 868 868 868 254 254 254 869 869 869 252 252 252 46 46 46 859 859 859 42 42 42 859 859 859 46 46 46 870 870 870 861 861 861 859 859 859 871 871 871 859 859 859 870 870 870 871 871 871 871 871 871 863 863 863 861 861 861 863 863 863 871 871 871 872 872 872 257 257 257 863 863 863 872 872 872 863 863 863 257 257 257 253 253 253 54 54 54 865 865 865 58 58 58 58 58 58 865 865 865 873 873 873 865 865 865 874 874 874 873 873 873 874 874 874 865 865 865 866 866 866 866 866 866 875 875 875 874 874 874 875 875 875 866 866 866 868 868 868 868 868 868 254 254 254 875 875 875 256 256 256 875 875 875 254 254 254 876 876 876 69 69 69 877 877 877 69 69 69 876 876 876 70 70 70 878 878 878 877 877 877 879 879 879 877 877 877 878 878 878 876 876 876 880 880 880 879 879 879 881 881 881 879 879 879 880 880 880 878 878 878 273 273 273 881 881 881 271 271 271 881 881 881 273 273 273 880 880 880 80 80 80 882 882 882 81 81 81 81 81 81 882 882 882 883 883 883 884 884 884 883 883 883 882 882 882 883 883 883 884 884 884 885 885 885 884 884 884 886 886 886 885 885 885 885 885 885 886 886 886 887 887 887 886 886 886 272 272 272 887 887 887 272 272 272 886 886 886 270 270 270 877 877 877 73 73 73 888 888 888 73 73 73 877 877 877 69 69 69 879 879 879 888 888 888 889 889 889 888 888 888 879 879 879 877 877 877 881 881 881 889 889 889 890 890 890 889 889 889 881 881 881 879 879 879 271 271 271 890 890 890 274 274 274 890 890 890 271 271 271 881 881 881 81 81 81 883 883 883 85 85 85 85 85 85 883 883 883 891 891 891 885 885 885 891 891 891 883 883 883 891 891 891 885 885 885 892 892 892 885 885 885 887 887 887 892 892 892 892 892 892 887 887 887 893 893 893 887 887 887 275 275 275 893 893 893 275 275 275 887 887 887 272 272 272 90 90 90 894 894 894 88 88 88 894 894 894 90 90 90 895 895 895 895 895 895 896 896 896 894 894 894 894 894 894 896 896 896 897 897 897 896 896 896 898 898 898 897 897 897 897 897 897 898 898 898 899 899 899 282 282 282 899 899 899 898 898 898 899 899 899 282 282 282 284 284 284 900 900 900 60 60 60 901 901 901 60 60 60 62 62 62 901 901 901 902 902 902 901 901 901 903 903 903 901 901 901 902 902 902 900 900 900 904 904 904 902 902 902 905 905 905 905 905 905 902 902 902 903 903 903 283 283 283 904 904 904 285 285 285 285 285 285 904 904 904 905 905 905 92 92 92 895 895 895 90 90 90 895 895 895 92 92 92 906 906 906 906 906 906 907 907 907 895 895 895 895 895 895 907 907 907 896 896 896 907 907 907 908 908 908 896 896 896 896 896 896 908 908 908 898 898 898 908 908 908 286 286 286 898 898 898 898 898 898 286 286 286 282 282 282 909 909 909 66 66 66 900 900 900 900 900 900 66 66 66 60 60 60 910 910 910 900 900 900 902 902 902 900 900 900 910 910 910 909 909 909 911 911 911 910 910 910 904 904 904 904 904 904 910 910 910 902 902 902 287 287 287 911 911 911 283 283 283 283 283 283 911 911 911 904 904 904 135 135 135 912 912 912 134 134 134 912 912 912 135 135 135 913 913 913 913 913 913 914 914 914 912 912 912 915 915 915 912 912 912 914 914 914 914 914 914 916 916 916 915 915 915 917 917 917 915 915 915 916 916 916 916 916 916 309 309 309 917 917 917 311 311 311 917 917 917 309 309 309 918 918 918 144 144 144 142 142 142 144 144 144 918 918 918 919 919 919 918 918 918 920 920 920 919 919 919 920 920 920 918 918 918 921 921 921 921 921 921 922 922 922 920 920 920 922 922 922 921 921 921 923 923 923 312 312 312 922 922 922 923 923 923 922 922 922 312 312 312 310 310 310 137 137 137 913 913 913 135 135 135 913 913 913 137 137 137 924 924 924 924 924 924 925 925 925 913 913 913 914 914 914 913 913 913 925 925 925 925 925 925 926 926 926 914 914 914 916 916 916 914 914 914 926 926 926 926 926 926 313 313 313 916 916 916 309 309 309 916 916 916 313 313 313 919 919 919 147 147 147 144 144 144 147 147 147 919 919 919 927 927 927 919 919 919 928 928 928 927 927 927 928 928 928 919 919 919 920 920 920 920 920 920 929 929 929 928 928 928 929 929 929 920 920 920 922 922 922 310 310 310 929 929 929 922 922 922 929 929 929 310 310 310 314 314 314 151 151 151 930 930 930 152 152 152 930 930 930 151 151 151 931 931 931 932 932 932 930 930 930 931 931 931 930 930 930 932 932 932 933 933 933 932 932 932 934 934 934 933 933 933 934 934 934 932 932 932 935 935 935 935 935 935 319 319 319 934 934 934 319 319 319 935 935 935 320 320 320 160 160 160 936 936 936 161 161 161 937 937 937 161 161 161 936 936 936 936 936 936 938 938 938 937 937 937 939 939 939 937 937 937 938 938 938 938 938 938 940 940 940 939 939 939 941 941 941 939 939 939 940 940 940 940 940 940 318 318 318 941 941 941 318 318 318 940 940 940 321 321 321 942 942 942 151 151 151 155 155 155 151 151 151 942 942 942 931 931 931 943 943 943 931 931 931 942 942 942 931 931 931 943 943 943 932 932 932 943 943 943 935 935 935 932 932 932 935 935 935 943 943 943 944 944 944 944 944 944 320 320 320 935 935 935 320 320 320 944 944 944 323 323 323 161 161 161 937 937 937 166 166 166 945 945 945 166 166 166 937 937 937 937 937 937 939 939 939 945 945 945 946 946 946 945 945 945 939 939 939 947 947 947 946 946 946 941 941 941 941 941 941 946 946 946 939 939 939 941 941 941 318 318 318 947 947 947 322 322 322 947 947 947 318 318 318 207 207 207 948 948 948 206 206 206 948 948 948 207 207 207 949 949 949 949 949 949 950 950 950 948 948 948 950 950 950 949 949 949 951 951 951 951 951 951 952 952 952 950 950 950 953 953 953 950 950 950 952 952 952 952 952 952 351 351 351 953 953 953 353 353 353 953 953 953 351 351 351 954 954 954 216 216 216 214 214 214 216 216 216 954 954 954 955 955 955 954 954 954 956 956 956 955 955 955 956 956 956 954 954 954 957 957 957 957 957 957 958 958 958 956 956 956 958 958 958 957 957 957 959 959 959 959 959 959 352 352 352 958 958 958 352 352 352 959 959 959 354 354 354 949 949 949 209 209 209 960 960 960 209 209 209 949 949 949 207 207 207 951 951 951 949 949 949 961 961 961 961 961 961 949 949 949 960 960 960 961 961 961 962 962 962 951 951 951 952 952 952 951 951 951 962 962 962 962 962 962 351 351 351 952 952 952 351 351 351 962 962 962 355 355 355 216 216 216 963 963 963 219 219 219 963 963 963 216 216 216 955 955 955 955 955 955 964 964 964 963 963 963 964 964 964 955 955 955 956 956 956 956 956 956 958 958 958 964 964 964 964 964 964 958 958 958 965 965 965 958 958 958 356 356 356 965 965 965 356 356 356 958 958 958 352 352 352 223 223 223 966 966 966 224 224 224 966 966 966 223 223 223 967 967 967 967 967 967 968 968 968 966 966 966 968 968 968 967 967 967 969 969 969 970 970 970 968 968 968 969 969 969 968 968 968 970 970 970 971 971 971 360 360 360 971 971 971 970 970 970 971 971 971 360 360 360 362 362 362 232 232 232 972 972 972 233 233 233 973 973 973 233 233 233 972 972 972 972 972 972 974 974 974 973 973 973 974 974 974 972 972 972 975 975 975 975 975 975 976 976 976 974 974 974 976 976 976 975 975 975 977 977 977 977 977 977 363 363 363 976 976 976 363 363 363 977 977 977 361 361 361 227 227 227 967 967 967 223 223 223 967 967 967 227 227 227 978 978 978 979 979 979 967 967 967 978 978 978 967 967 967 979 979 979 969 969 969 979 979 979 970 970 970 969 969 969 970 970 970 979 979 979 980 980 980 980 980 980 360 360 360 970 970 970 360 360 360 980 980 980 364 364 364 233 233 233 973 973 973 238 238 238 981 981 981 238 238 238 973 973 973 973 973 973 982 982 982 981 981 981 982 982 982 973 973 973 974 974 974 974 974 974 983 983 983 982 982 982 983 983 983 974 974 974 976 976 976 976 976 976 365 365 365 983 983 983 365 365 365 976 976 976 363 363 363 936 936 936 160 160 160 984 984 984 160 160 160 391 391 391 984 984 984 938 938 938 936 936 936 985 985 985 936 936 936 984 984 984 985 985 985 940 940 940 938 938 938 986 986 986 938 938 938 985 985 985 986 986 986 321 321 321 940 940 940 376 376 376 940 940 940 986 986 986 376 376 376 987 987 987 152 152 152 930 930 930 152 152 152 987 987 987 315 315 315 933 933 933 987 987 987 930 930 930 987 987 987 933 933 933 988 988 988 933 933 933 989 989 989 988 988 988 989 989 989 933 933 933 934 934 934 934 934 934 375 375 375 989 989 989 375 375 375 934 934 934 319 319 319 972 972 972 232 232 232 990 990 990 232 232 232 403 403 403 990 990 990 975 975 975 990 990 990 991 991 991 990 990 990 975 975 975 972 972 972 977 977 977 991 991 991 992 992 992 991 991 991 977 977 977 975 975 975 361 361 361 992 992 992 380 380 380 992 992 992 361 361 361 977 977 977 224 224 224 993 993 993 357 357 357 993 993 993 224 224 224 966 966 966 966 966 966 994 994 994 993 993 993 994 994 994 966 966 966 968 968 968 968 968 968 995 995 995 994 994 994 995 995 995 968 968 968 971 971 971 362 362 362 995 995 995 971 971 971 995 995 995 362 362 362 381 381 381 418 418 418 984 984 984 391 391 391 984 984 984 418 418 418 996 996 996 996 996 996 985 985 985 984 984 984 985 985 985 996 996 996 997 997 997 997 997 997 998 998 998 985 985 985 986 986 986 985 985 985 998 998 998 998 998 998 408 408 408 986 986 986 376 376 376 986 986 986 408 408 408 315 315 315 999 999 999 388 388 388 999 999 999 315 315 315 987 987 987 987 987 987 1000 1000 1000 999 999 999 1000 1000 1000 987 987 987 988 988 988 988 988 988 1001 1001 1001 1000 1000 1000 1001 1001 1001 988 988 988 989 989 989 375 375 375 1001 1001 1001 989 989 989 1001 1001 1001 375 375 375 409 409 409 423 423 423 1002 1002 1002 403 403 403 990 990 990 403 403 403 1002 1002 1002 1002 1002 1002 991 991 991 990 990 990 991 991 991 1002 1002 1002 1003 1003 1003 1003 1003 1003 992 992 992 991 991 991 992 992 992 1003 1003 1003 1004 1004 1004 1004 1004 1004 380 380 380 992 992 992 380 380 380 1004 1004 1004 412 412 412 993 993 993 401 401 401 357 357 357 401 401 401 993 993 993 1005 1005 1005 993 993 993 1006 1006 1006 1005 1005 1005 1006 1006 1006 993 993 993 994 994 994 994 994 994 1007 1007 1007 1006 1006 1006 1007 1007 1007 994 994 994 995 995 995 995 995 995 413 413 413 1007 1007 1007 413 413 413 995 995 995 381 381 381 461 461 461 1008 1008 1008 462 462 462 1008 1008 1008 461 461 461 1009 1009 1009 1009 1009 1009 1010 1010 1010 1008 1008 1008 1010 1010 1010 1009 1009 1009 1011 1011 1011 1011 1011 1011 1012 1012 1012 1010 1010 1010 1012 1012 1012 1011 1011 1011 1013 1013 1013 1013 1013 1013 444 444 444 1012 1012 1012 444 444 444 1013 1013 1013 442 442 442 1014 1014 1014 506 506 506 430 430 430 506 506 506 1014 1014 1014 1015 1015 1015 1014 1014 1014 1016 1016 1016 1015 1015 1015 1016 1016 1016 1014 1014 1014 1017 1017 1017 1017 1017 1017 1018 1018 1018 1016 1016 1016 1018 1018 1018 1017 1017 1017 1019 1019 1019 1019 1019 1019 445 445 445 1018 1018 1018 445 445 445 1019 1019 1019 443 443 443 475 475 475 1020 1020 1020 473 473 473 1021 1021 1021 473 473 473 1020 1020 1020 1020 1020 1020 1022 1022 1022 1021 1021 1021 1022 1022 1022 1020 1020 1020 1023 1023 1023 1023 1023 1023 1024 1024 1024 1022 1022 1022 1024 1024 1024 1023 1023 1023 1025 1025 1025 1025 1025 1025 450 450 450 1024 1024 1024 452 452 452 1024 1024 1024 450 450 450 436 436 436 1026 1026 1026 512 512 512 1026 1026 1026 436 436 436 1027 1027 1027 1028 1028 1028 1026 1026 1026 1027 1027 1027 1026 1026 1026 1028 1028 1028 1029 1029 1029 1028 1028 1028 1030 1030 1030 1029 1029 1029 1030 1030 1030 1028 1028 1028 1031 1031 1031 451 451 451 1030 1030 1030 1031 1031 1031 1030 1030 1030 451 451 451 453 453 453 462 462 462 996 996 996 418 418 418 996 996 996 462 462 462 1008 1008 1008 1008 1008 1008 997 997 997 996 996 996 997 997 997 1008 1008 1008 1010 1010 1010 1010 1010 1010 998 998 998 997 997 997 998 998 998 1010 1010 1010 1012 1012 1012 1012 1012 1012 408 408 408 998 998 998 408 408 408 1012 1012 1012 444 444 444 999 999 999 430 430 430 388 388 388 430 430 430 999 999 999 1014 1014 1014 1017 1017 1017 999 999 999 1000 1000 1000 999 999 999 1017 1017 1017 1014 1014 1014 1019 1019 1019 1000 1000 1000 1001 1001 1001 1000 1000 1000 1019 1019 1019 1017 1017 1017 443 443 443 1001 1001 1001 409 409 409 1001 1001 1001 443 443 443 1019 1019 1019 1002 1002 1002 473 473 473 1021 1021 1021 473 473 473 1002 1002 1002 423 423 423 1003 1003 1003 1002 1002 1002 1022 1022 1022 1022 1022 1022 1002 1002 1002 1021 1021 1021 1004 1004 1004 1022 1022 1022 1024 1024 1024 1022 1022 1022 1004 1004 1004 1003 1003 1003 412 412 412 1004 1004 1004 452 452 452 452 452 452 1004 1004 1004 1024 1024 1024 401 401 401 1005 1005 1005 436 436 436 436 436 436 1005 1005 1005 1027 1027 1027 1005 1005 1005 1028 1028 1028 1027 1027 1027 1028 1028 1028 1005 1005 1005 1006 1006 1006 1006 1006 1006 1007 1007 1007 1028 1028 1028 1028 1028 1028 1007 1007 1007 1031 1031 1031 1007 1007 1007 451 451 451 1031 1031 1031 451 451 451 1007 1007 1007 413 413 413 591 591 591 864 864 864 53 53 53 864 864 864 591 591 591 1032 1032 1032 1032 1032 1032 867 867 867 864 864 864 867 867 867 1032 1032 1032 1033 1033 1033 1033 1033 1033 1034 1034 1034 867 867 867 867 867 867 1034 1034 1034 869 869 869 1034 1034 1034 514 514 514 869 869 869 869 869 869 514 514 514 252 252 252 1035 1035 1035 43 43 43 858 858 858 43 43 43 1035 1035 1035 578 578 578 860 860 860 1036 1036 1036 1035 1035 1035 860 860 860 1035 1035 1035 858 858 858 1037 1037 1037 860 860 860 862 862 862 860 860 860 1037 1037 1037 1036 1036 1036 255 255 255 515 515 515 1037 1037 1037 255 255 255 1037 1037 1037 862 862 862 594 594 594 1032 1032 1032 591 591 591 1032 1032 1032 594 594 594 1038 1038 1038 1038 1038 1038 1039 1039 1039 1032 1032 1032 1032 1032 1032 1039 1039 1039 1033 1033 1033 1039 1039 1039 1040 1040 1040 1033 1033 1033 1033 1033 1033 1040 1040 1040 1034 1034 1034 1040 1040 1040 517 517 517 1034 1034 1034 1034 1034 1034 517 517 517 514 514 514 1035 1035 1035 1041 1041 1041 581 581 581 1035 1035 1035 581 581 581 578 578 578 1036 1036 1036 1042 1042 1042 1041 1041 1041 1036 1036 1036 1041 1041 1041 1035 1035 1035 1037 1037 1037 1043 1043 1043 1042 1042 1042 1037 1037 1037 1042 1042 1042 1036 1036 1036 515 515 515 516 516 516 1043 1043 1043 515 515 515 1043 1043 1043 1037 1037 1037 596 596 596 1038 1038 1038 594 594 594 1038 1038 1038 596 596 596 1044 1044 1044 1045 1045 1045 1038 1038 1038 1044 1044 1044 1038 1038 1038 1045 1045 1045 1039 1039 1039 1046 1046 1046 1039 1039 1039 1045 1045 1045 1039 1039 1039 1046 1046 1046 1040 1040 1040 518 518 518 1040 1040 1040 1046 1046 1046 1040 1040 1040 518 518 518 517 517 517 1041 1041 1041 1047 1047 1047 583 583 583 1041 1041 1041 583 583 583 581 581 581 1042 1042 1042 1048 1048 1048 1047 1047 1047 1042 1042 1042 1047 1047 1047 1041 1041 1041 1043 1043 1043 1049 1049 1049 1048 1048 1048 1043 1043 1043 1048 1048 1048 1042 1042 1042 516 516 516 519 519 519 1049 1049 1049 516 516 516 1049 1049 1049 1043 1043 1043 598 598 598 1044 1044 1044 596 596 596 1044 1044 1044 598 598 598 1050 1050 1050 1050 1050 1050 1051 1051 1051 1044 1044 1044 1044 1044 1044 1051 1051 1051 1045 1045 1045 1052 1052 1052 1045 1045 1045 1051 1051 1051 1045 1045 1045 1052 1052 1052 1046 1046 1046 520 520 520 1046 1046 1046 1052 1052 1052 1046 1046 1046 520 520 520 518 518 518 1047 1047 1047 1053 1053 1053 247 247 247 1047 1047 1047 247 247 247 583 583 583 1048 1048 1048 1054 1054 1054 1053 1053 1053 1048 1048 1048 1053 1053 1053 1047 1047 1047 1049 1049 1049 1055 1055 1055 1054 1054 1054 1049 1049 1049 1054 1054 1054 1048 1048 1048 519 519 519 521 521 521 1055 1055 1055 519 519 519 1055 1055 1055 1049 1049 1049 259 259 259 1050 1050 1050 598 598 598 1050 1050 1050 259 259 259 792 792 792 792 792 792 1051 1051 1051 1050 1050 1050 1051 1051 1051 792 792 792 794 794 794 794 794 794 796 796 796 1051 1051 1051 1051 1051 1051 796 796 796 1052 1052 1052 796 796 796 2 2 2 1052 1052 1052 1052 1052 1052 2 2 2 520 520 520 1053 1053 1053 798 798 798 248 248 248 1053 1053 1053 248 248 248 247 247 247 1054 1054 1054 800 800 800 798 798 798 1054 1054 1054 798 798 798 1053 1053 1053 1055 1055 1055 802 802 802 800 800 800 1055 1055 1055 800 800 800 1054 1054 1054 521 521 521 3 3 3 802 802 802 521 521 521 802 802 802 1055 1055 1055 1056 1056 1056 847 847 847 35 35 35 1056 1056 1056 35 35 35 570 570 570 849 849 849 1056 1056 1056 1057 1057 1057 1056 1056 1056 849 849 849 847 847 847 851 851 851 1057 1057 1057 1058 1058 1058 1057 1057 1057 851 851 851 849 849 849 241 241 241 1058 1058 1058 522 522 522 1058 1058 1058 241 241 241 851 851 851 25 25 25 1059 1059 1059 599 599 599 1059 1059 1059 25 25 25 840 840 840 843 843 843 1059 1059 1059 840 840 840 1059 1059 1059 843 843 843 1060 1060 1060 845 845 845 1060 1060 1060 843 843 843 1060 1060 1060 845 845 845 1061 1061 1061 845 845 845 242 242 242 1061 1061 1061 1061 1061 1061 242 242 242 523 523 523 1062 1062 1062 1056 1056 1056 570 570 570 1062 1062 1062 570 570 570 572 572 572 1063 1063 1063 1057 1057 1057 1056 1056 1056 1063 1063 1063 1056 1056 1056 1062 1062 1062 1064 1064 1064 1058 1058 1058 1057 1057 1057 1064 1064 1064 1057 1057 1057 1063 1063 1063 525 525 525 522 522 522 1058 1058 1058 525 525 525 1058 1058 1058 1064 1064 1064 599 599 599 1065 1065 1065 601 601 601 1065 1065 1065 599 599 599 1059 1059 1059 1059 1059 1059 1060 1060 1060 1065 1065 1065 1065 1065 1065 1060 1060 1060 1066 1066 1066 1060 1060 1060 1061 1061 1061 1066 1066 1066 1066 1066 1066 1061 1061 1061 1067 1067 1067 523 523 523 1067 1067 1067 1061 1061 1061 1067 1067 1067 523 523 523 524 524 524 1068 1068 1068 1062 1062 1062 572 572 572 1068 1068 1068 572 572 572 574 574 574 1063 1063 1063 1068 1068 1068 1069 1069 1069 1068 1068 1068 1063 1063 1063 1062 1062 1062 1070 1070 1070 1064 1064 1064 1063 1063 1063 1070 1070 1070 1063 1063 1063 1069 1069 1069 526 526 526 525 525 525 1064 1064 1064 526 526 526 1064 1064 1064 1070 1070 1070 601 601 601 1071 1071 1071 603 603 603 1071 1071 1071 601 601 601 1065 1065 1065 1065 1065 1065 1066 1066 1066 1071 1071 1071 1071 1071 1071 1066 1066 1066 1072 1072 1072 1066 1066 1066 1067 1067 1067 1072 1072 1072 1072 1072 1072 1067 1067 1067 1073 1073 1073 524 524 524 1073 1073 1073 1067 1067 1067 1073 1073 1073 524 524 524 527 527 527 799 799 799 1068 1068 1068 574 574 574 799 799 799 574 574 574 576 576 576 1069 1069 1069 799 799 799 801 801 801 799 799 799 1069 1069 1069 1068 1068 1068 803 803 803 1070 1070 1070 1069 1069 1069 803 803 803 1069 1069 1069 801 801 801 1 1 1 526 526 526 1070 1070 1070 1 1 1 1070 1070 1070 803 803 803 603 603 603 793 793 793 261 261 261 793 793 793 603 603 603 1071 1071 1071 1072 1072 1072 793 793 793 1071 1071 1071 793 793 793 1072 1072 1072 795 795 795 1073 1073 1073 795 795 795 1072 1072 1072 795 795 795 1073 1073 1073 797 797 797 527 527 527 797 797 797 1073 1073 1073 797 797 797 527 527 527 0 0 0 633 633 633 1074 1074 1074 80 80 80 80 80 80 1074 1074 1074 882 882 882 1074 1074 1074 884 884 884 882 882 882 884 884 884 1074 1074 1074 1075 1075 1075 1075 1075 1075 886 886 886 884 884 884 886 886 886 1075 1075 1075 1076 1076 1076 1076 1076 1076 528 528 528 886 886 886 886 886 886 528 528 528 270 270 270 1077 1077 1077 70 70 70 876 876 876 70 70 70 1077 1077 1077 620 620 620 1078 1078 1078 876 876 876 878 878 878 876 876 876 1078 1078 1078 1077 1077 1077 1079 1079 1079 878 878 878 880 880 880 878 878 878 1079 1079 1079 1078 1078 1078 529 529 529 880 880 880 273 273 273 880 880 880 529 529 529 1079 1079 1079 635 635 635 1080 1080 1080 633 633 633 633 633 633 1080 1080 1080 1074 1074 1074 1081 1081 1081 1074 1074 1074 1080 1080 1080 1074 1074 1074 1081 1081 1081 1075 1075 1075 1081 1081 1081 1082 1082 1082 1075 1075 1075 1075 1075 1075 1082 1082 1082 1076 1076 1076 1082 1082 1082 530 530 530 1076 1076 1076 1076 1076 1076 530 530 530 528 528 528 1083 1083 1083 620 620 620 1077 1077 1077 620 620 620 1083 1083 1083 622 622 622 1078 1078 1078 1084 1084 1084 1083 1083 1083 1078 1078 1078 1083 1083 1083 1077 1077 1077 1085 1085 1085 1078 1078 1078 1079 1079 1079 1078 1078 1078 1085 1085 1085 1084 1084 1084 529 529 529 531 531 531 1085 1085 1085 529 529 529 1085 1085 1085 1079 1079 1079 638 638 638 1080 1080 1080 635 635 635 1080 1080 1080 638 638 638 1086 1086 1086 1087 1087 1087 1080 1080 1080 1086 1086 1086 1080 1080 1080 1087 1087 1087 1081 1081 1081 1088 1088 1088 1081 1081 1081 1087 1087 1087 1081 1081 1081 1088 1088 1088 1082 1082 1082 532 532 532 1082 1082 1082 1088 1088 1088 1082 1082 1082 532 532 532 530 530 530 1089 1089 1089 622 622 622 1083 1083 1083 622 622 622 1089 1089 1089 624 624 624 1084 1084 1084 1090 1090 1090 1089 1089 1089 1084 1084 1084 1089 1089 1089 1083 1083 1083 1091 1091 1091 1084 1084 1084 1085 1085 1085 1084 1084 1084 1091 1091 1091 1090 1090 1090 531 531 531 533 533 533 1091 1091 1091 531 531 531 1091 1091 1091 1085 1085 1085 639 639 639 1092 1092 1092 638 638 638 638 638 638 1092 1092 1092 1086 1086 1086 1092 1092 1092 1087 1087 1087 1086 1086 1086 1087 1087 1087 1092 1092 1092 1093 1093 1093 1093 1093 1093 1094 1094 1094 1087 1087 1087 1087 1087 1087 1094 1094 1094 1088 1088 1088 534 534 534 1088 1088 1088 1094 1094 1094 1088 1088 1088 534 534 534 532 532 532 1095 1095 1095 624 624 624 1089 1089 1089 624 624 624 1095 1095 1095 267 267 267 1090 1090 1090 1096 1096 1096 1095 1095 1095 1090 1090 1090 1095 1095 1095 1089 1089 1089 1091 1091 1091 1097 1097 1097 1096 1096 1096 1091 1091 1091 1096 1096 1096 1090 1090 1090 533 533 533 535 535 535 1097 1097 1097 533 533 533 1097 1097 1097 1091 1091 1091 278 278 278 1092 1092 1092 639 639 639 1092 1092 1092 278 278 278 805 805 805 805 805 805 1093 1093 1093 1092 1092 1092 1093 1093 1093 805 805 805 807 807 807 807 807 807 809 809 809 1093 1093 1093 1093 1093 1093 809 809 809 1094 1094 1094 809 809 809 6 6 6 1094 1094 1094 1094 1094 1094 6 6 6 534 534 534 811 811 811 267 267 267 1095 1095 1095 267 267 267 811 811 811 266 266 266 1096 1096 1096 813 813 813 811 811 811 1096 1096 1096 811 811 811 1095 1095 1095 1097 1097 1097 815 815 815 813 813 813 1097 1097 1097 813 813 813 1096 1096 1096 535 535 535 7 7 7 815 815 815 535 535 535 815 815 815 1097 1097 1097 1098 1098 1098 901 901 901 62 62 62 1098 1098 1098 62 62 62 612 612 612 903 903 903 1098 1098 1098 1099 1099 1099 1098 1098 1098 903 903 903 901 901 901 1100 1100 1100 905 905 905 903 903 903 1100 1100 1100 903 903 903 1099 1099 1099 537 537 537 285 285 285 905 905 905 537 537 537 905 905 905 1100 1100 1100 88 88 88 1101 1101 1101 641 641 641 1101 1101 1101 88 88 88 894 894 894 894 894 894 897 897 897 1101 1101 1101 1101 1101 1101 897 897 897 1102 1102 1102 897 897 897 899 899 899 1102 1102 1102 1102 1102 1102 899 899 899 1103 1103 1103 899 899 899 536 536 536 1103 1103 1103 536 536 536 899 899 899 284 284 284 1098 1098 1098 615 615 615 1104 1104 1104 615 615 615 1098 1098 1098 612 612 612 1105 1105 1105 1099 1099 1099 1098 1098 1098 1105 1105 1105 1098 1098 1098 1104 1104 1104 1106 1106 1106 1100 1100 1100 1099 1099 1099 1106 1106 1106 1099 1099 1099 1105 1105 1105 537 537 537 1106 1106 1106 539 539 539 1106 1106 1106 537 537 537 1100 1100 1100 641 641 641 1101 1101 1101 643 643 643 643 643 643 1101 1101 1101 1107 1107 1107 1101 1101 1101 1102 1102 1102 1107 1107 1107 1107 1107 1107 1102 1102 1102 1108 1108 1108 1102 1102 1102 1103 1103 1103 1108 1108 1108 1108 1108 1108 1103 1103 1103 1109 1109 1109 1103 1103 1103 538 538 538 1109 1109 1109 538 538 538 1103 1103 1103 536 536 536 1104 1104 1104 617 617 617 1110 1110 1110 617 617 617 1104 1104 1104 615 615 615 1111 1111 1111 1105 1105 1105 1104 1104 1104 1111 1111 1111 1104 1104 1104 1110 1110 1110 1112 1112 1112 1106 1106 1106 1105 1105 1105 1112 1112 1112 1105 1105 1105 1111 1111 1111 539 539 539 1112 1112 1112 541 541 541 1112 1112 1112 539 539 539 1106 1106 1106 643 643 643 1107 1107 1107 646 646 646 646 646 646 1107 1107 1107 1113 1113 1113 1107 1107 1107 1108 1108 1108 1113 1113 1113 1113 1113 1113 1108 1108 1108 1114 1114 1114 1108 1108 1108 1115 1115 1115 1114 1114 1114 1115 1115 1115 1108 1108 1108 1109 1109 1109 1109 1109 1109 538 538 538 1115 1115 1115 1115 1115 1115 538 538 538 540 540 540 1110 1110 1110 619 619 619 810 810 810 619 619 619 1110 1110 1110 617 617 617 812 812 812 1111 1111 1111 1110 1110 1110 812 812 812 1110 1110 1110 810 810 810 1112 1112 1112 812 812 812 814 814 814 812 812 812 1112 1112 1112 1111 1111 1111 5 5 5 541 541 541 1112 1112 1112 5 5 5 1112 1112 1112 814 814 814 646 646 646 1113 1113 1113 277 277 277 277 277 277 1113 1113 1113 804 804 804 1113 1113 1113 1114 1114 1114 804 804 804 804 804 804 1114 1114 1114 806 806 806 1114 1114 1114 808 808 808 806 806 806 808 808 808 1114 1114 1114 1115 1115 1115 540 540 540 808 808 808 1115 1115 1115 808 808 808 540 540 540 4 4 4 1009 1009 1009 326 326 326 816 816 816 326 326 326 1009 1009 1009 461 461 461 1011 1011 1011 1009 1009 1009 818 818 818 1009 1009 1009 816 816 816 818 818 818 1013 1013 1013 818 818 818 820 820 820 818 818 818 1013 1013 1013 1011 1011 1011 442 442 442 820 820 820 13 13 13 820 820 820 442 442 442 1013 1013 1013 506 506 506 823 823 823 484 484 484 823 823 823 506 506 506 1015 1015 1015 1015 1015 1015 824 824 824 823 823 823 824 824 824 1015 1015 1015 1016 1016 1016 1018 1018 1018 824 824 824 1016 1016 1016 824 824 824 1018 1018 1018 826 826 826 445 445 445 826 826 826 1018 1018 1018 826 826 826 445 445 445 12 12 12 822 822 822 142 142 142 485 485 485 142 142 142 822 822 822 918 918 918 822 822 822 921 921 921 918 918 918 921 921 921 822 822 822 825 825 825 825 825 825 923 923 923 921 921 921 923 923 923 825 825 825 827 827 827 14 14 14 923 923 923 827 827 827 923 923 923 14 14 14 312 312 312 817 817 817 134 134 134 912 912 912 134 134 134 817 817 817 325 325 325 819 819 819 817 817 817 915 915 915 817 817 817 912 912 912 915 915 915 821 821 821 819 819 819 917 917 917 819 819 819 915 915 915 917 917 917 15 15 15 821 821 821 311 311 311 821 821 821 917 917 917 311 311 311 1020 1020 1020 475 475 475 828 828 828 475 475 475 368 368 368 828 828 828 1023 1023 1023 828 828 828 830 830 830 828 828 828 1023 1023 1023 1020 1020 1020 1025 1025 1025 1023 1023 1023 832 832 832 1023 1023 1023 830 830 830 832 832 832 450 450 450 1025 1025 1025 21 21 21 1025 1025 1025 832 832 832 21 21 21 512 512 512 835 835 835 496 496 496 835 835 835 512 512 512 1026 1026 1026 1029 1029 1029 835 835 835 1026 1026 1026 835 835 835 1029 1029 1029 837 837 837 1029 1029 1029 839 839 839 837 837 837 839 839 839 1029 1029 1029 1030 1030 1030 453 453 453 839 839 839 1030 1030 1030 839 839 839 453 453 453 20 20 20 834 834 834 214 214 214 497 497 497 214 214 214 834 834 834 954 954 954 834 834 834 957 957 957 954 954 954 957 957 957 834 834 834 836 836 836 838 838 838 957 957 957 836 836 836 957 957 957 838 838 838 959 959 959 22 22 22 959 959 959 838 838 838 959 959 959 22 22 22 354 354 354 829 829 829 206 206 206 948 948 948 206 206 206 829 829 829 367 367 367 831 831 831 829 829 829 950 950 950 829 829 829 948 948 948 950 950 950 833 833 833 831 831 831 953 953 953 831 831 831 950 950 950 953 953 953 23 23 23 953 953 953 353 353 353 953 953 953 23 23 23 833 833 833 1116 1116 1116 1117 1117 1117 1118 1118 1118 1117 1117 1117 1116 1116 1116 1119 1119 1119 1117 1117 1117 1119 1119 1119 1120 1120 1120 1120 1120 1120 1121 1121 1121 1117 1117 1117 1121 1121 1121 1122 1122 1122 1117 1117 1117 1122 1122 1122 1121 1121 1121 1123 1123 1123 1117 1117 1117 1122 1122 1122 1118 1118 1118 1118 1118 1118 1122 1122 1122 1124 1124 1124 1125 1125 1125 1122 1122 1122 1123 1123 1123 1122 1122 1122 1125 1125 1125 1126 1126 1126 1122 1122 1122 1127 1127 1127 1124 1124 1124 1127 1127 1127 1122 1122 1122 1126 1126 1126 1128 1128 1128 1116 1116 1116 1129 1129 1129 1116 1116 1116 1128 1128 1128 1119 1119 1119 1130 1130 1130 1131 1131 1131 1132 1132 1132 1133 1133 1133 1129 1129 1129 1116 1116 1116 1116 1116 1116 1118 1118 1118 1133 1133 1133 1128 1128 1128 1134 1134 1134 1120 1120 1120 1128 1128 1128 1120 1120 1120 1119 1119 1119 1135 1135 1135 1136 1136 1136 1137 1137 1137 1137 1137 1137 1138 1138 1138 1135 1135 1135 1139 1139 1139 1130 1130 1130 1132 1132 1132 1130 1130 1130 1139 1139 1139 1140 1140 1140 1141 1141 1141 1135 1135 1135 1138 1138 1138 1138 1138 1138 1142 1142 1142 1141 1141 1141 1143 1143 1143 1140 1140 1140 1139 1139 1139 1140 1140 1140 1143 1143 1143 1144 1144 1144 1144 1144 1144 1145 1145 1145 1146 1146 1146 1145 1145 1145 1144 1144 1144 1143 1143 1143 1142 1142 1142 1146 1146 1146 1145 1145 1145 1142 1142 1142 1145 1145 1145 1141 1141 1141 1147 1147 1147 1120 1120 1120 1134 1134 1134 1120 1120 1120 1147 1147 1147 1121 1121 1121 1137 1137 1137 1136 1136 1136 1148 1148 1148 1149 1149 1149 1150 1150 1150 1151 1151 1151 1152 1152 1152 1153 1153 1153 1154 1154 1154 1153 1153 1153 1152 1152 1152 1155 1155 1155 1156 1156 1156 1149 1149 1149 1157 1157 1157 1149 1149 1149 1156 1156 1156 1158 1158 1158 1156 1156 1156 1159 1159 1159 1152 1152 1152 1156 1156 1156 1152 1152 1152 1158 1158 1158 1149 1149 1149 1151 1151 1151 1157 1157 1157 1160 1160 1160 1152 1152 1152 1159 1159 1159 1149 1149 1149 1161 1161 1161 1162 1162 1162 1149 1149 1149 1162 1162 1162 1150 1150 1150 1152 1152 1152 1160 1160 1160 1155 1155 1155 1162 1162 1162 1161 1161 1161 1163 1163 1163 1162 1162 1162 1163 1163 1163 1164 1164 1164 1165 1165 1165 1162 1162 1162 1164 1164 1164 1162 1162 1162 1165 1165 1165 1150 1150 1150 1153 1153 1153 1166 1166 1166 1154 1154 1154 1166 1166 1166 1153 1153 1153 1167 1167 1167 1168 1168 1168 1155 1155 1155 1160 1160 1160 1168 1168 1168 1169 1169 1169 1155 1155 1155 1151 1151 1151 1170 1170 1170 1157 1157 1157 1170 1170 1170 1151 1151 1151 1171 1171 1171 1172 1172 1172 1157 1157 1157 1170 1170 1170 1157 1157 1157 1172 1172 1172 1156 1156 1156 1172 1172 1172 1173 1173 1173 1159 1159 1159 1172 1172 1172 1159 1159 1159 1156 1156 1156 1173 1173 1173 1168 1168 1168 1160 1160 1160 1160 1160 1160 1159 1159 1159 1173 1173 1173 1165 1165 1165 1171 1171 1171 1151 1151 1151 1165 1165 1165 1151 1151 1151 1150 1150 1150 1167 1167 1167 1155 1155 1155 1169 1169 1169 1155 1155 1155 1167 1167 1167 1153 1153 1153 1148 1148 1148 1136 1136 1136 1174 1174 1174 1175 1175 1175 1174 1174 1174 1136 1136 1136 1136 1136 1136 1135 1135 1135 1175 1175 1175 1176 1176 1176 1132 1132 1132 1177 1177 1177 1132 1132 1132 1176 1176 1176 1139 1139 1139 1175 1175 1175 1135 1135 1135 1178 1178 1178 1135 1135 1135 1141 1141 1141 1178 1178 1178 1179 1179 1179 1139 1139 1139 1176 1176 1176 1139 1139 1139 1179 1179 1179 1143 1143 1143 1179 1179 1179 1145 1145 1145 1143 1143 1143 1145 1145 1145 1179 1179 1179 1180 1180 1180 1145 1145 1145 1180 1180 1180 1141 1141 1141 1141 1141 1141 1180 1180 1180 1178 1178 1178 1132 1132 1132 1131 1131 1131 1177 1177 1177 1181 1181 1181 1182 1182 1182 1183 1183 1183 1183 1183 1183 1184 1184 1184 1181 1181 1181 1185 1185 1185 1186 1186 1186 1187 1187 1187 1186 1186 1186 1185 1185 1185 1188 1188 1188 1189 1189 1189 1190 1190 1190 1191 1191 1191 1190 1190 1190 1189 1189 1189 1192 1192 1192 1184 1184 1184 1190 1190 1190 1187 1187 1187 1190 1190 1190 1184 1184 1184 1191 1191 1191 1184 1184 1184 1183 1183 1183 1189 1189 1189 1184 1184 1184 1189 1189 1189 1191 1191 1191 1185 1185 1185 1189 1189 1189 1183 1183 1183 1189 1189 1189 1185 1185 1185 1192 1192 1192 1192 1192 1192 1187 1187 1187 1190 1190 1190 1187 1187 1187 1192 1192 1192 1185 1185 1185 1193 1193 1193 1182 1182 1182 1194 1194 1194 1182 1182 1182 1193 1193 1193 1183 1183 1183 1195 1195 1195 1194 1194 1194 1182 1182 1182 1195 1195 1195 1182 1182 1182 1181 1181 1181 1186 1186 1186 1196 1196 1196 1187 1187 1187 1196 1196 1196 1186 1186 1186 1197 1197 1197 1188 1188 1188 1197 1197 1197 1186 1186 1186 1197 1197 1197 1188 1188 1188 1198 1198 1198 1199 1199 1199 1198 1198 1198 1188 1188 1188 1199 1199 1199 1188 1188 1188 1185 1185 1185 1184 1184 1184 1187 1187 1187 1196 1196 1196 1184 1184 1184 1196 1196 1196 1200 1200 1200 1193 1193 1193 1199 1199 1199 1185 1185 1185 1193 1193 1193 1185 1185 1185 1183 1183 1183 1200 1200 1200 1181 1181 1181 1184 1184 1184 1181 1181 1181 1200 1200 1200 1195 1195 1195 1201 1201 1201 1202 1202 1202 1203 1203 1203 1202 1202 1202 1201 1201 1201 1204 1204 1204 1205 1205 1205 1206 1206 1206 1203 1203 1203 1203 1203 1203 1206 1206 1206 1201 1201 1201 1206 1206 1206 1207 1207 1207 1208 1208 1208 1207 1207 1207 1206 1206 1206 1205 1205 1205 1208 1208 1208 1207 1207 1207 1209 1209 1209 1207 1207 1207 1210 1210 1210 1209 1209 1209 1211 1211 1211 1209 1209 1209 1210 1210 1210 1209 1209 1209 1211 1211 1211 1212 1212 1212 1202 1202 1202 1212 1212 1212 1211 1211 1211 1212 1212 1212 1202 1202 1202 1204 1204 1204 1204 1204 1204 1201 1201 1201 1213 1213 1213 1201 1201 1201 1206 1206 1206 1213 1213 1213 1206 1206 1206 1208 1208 1208 1213 1213 1213 1208 1208 1208 1209 1209 1209 1213 1213 1213 1209 1209 1209 1212 1212 1212 1213 1213 1213 1212 1212 1212 1204 1204 1204 1213 1213 1213 1214 1214 1214 1215 1215 1215 1216 1216 1216 1215 1215 1215 1214 1214 1214 1217 1217 1217 1217 1217 1217 1218 1218 1218 1215 1215 1215 1218 1218 1218 1217 1217 1217 1219 1219 1219 1220 1220 1220 1221 1221 1221 1222 1222 1222 1221 1221 1221 1220 1220 1220 1223 1223 1223 1223 1223 1223 1224 1224 1224 1221 1221 1221 1224 1224 1224 1223 1223 1223 1225 1225 1225 1224 1224 1224 1225 1225 1225 1226 1226 1226 1225 1225 1225 1227 1227 1227 1226 1226 1226 1228 1228 1228 1229 1229 1229 1230 1230 1230 1229 1229 1229 1228 1228 1228 1231 1231 1231 1219 1219 1219 1232 1232 1232 1218 1218 1218 1232 1232 1232 1219 1219 1219 1233 1233 1233 1234 1234 1234 1232 1232 1232 1233 1233 1233 1232 1232 1232 1234 1234 1234 1235 1235 1235 1236 1236 1236 1237 1237 1237 1238 1238 1238 1238 1238 1238 1237 1237 1237 1239 1239 1239 1227 1227 1227 1230 1230 1230 1226 1226 1226 1230 1230 1230 1227 1227 1227 1228 1228 1228 1216 1216 1216 1222 1222 1222 1214 1214 1214 1222 1222 1222 1216 1216 1216 1220 1220 1220 1235 1235 1235 1234 1234 1234 1236 1236 1236 1236 1236 1236 1238 1238 1238 1235 1235 1235 1240 1240 1240 1239 1239 1239 1237 1237 1237 1239 1239 1239 1240 1240 1240 1241 1241 1241 1242 1242 1242 1229 1229 1229 1243 1243 1243 1229 1229 1229 1231 1231 1231 1243 1243 1243 1244 1244 1244 1245 1245 1245 1216 1216 1216 1244 1244 1244 1216 1216 1216 1215 1215 1215 1214 1214 1214 1222 1222 1222 1246 1246 1246 1222 1222 1222 1247 1247 1247 1246 1246 1246 1248 1248 1248 1215 1215 1215 1218 1218 1218 1215 1215 1215 1248 1248 1248 1244 1244 1244 1249 1249 1249 1250 1250 1250 1217 1217 1217 1219 1219 1219 1217 1217 1217 1250 1250 1250 1251 1251 1251 1220 1220 1220 1252 1252 1252 1220 1220 1220 1251 1251 1251 1223 1223 1223 1222 1222 1222 1221 1221 1221 1247 1247 1247 1221 1221 1221 1253 1253 1253 1247 1247 1247 1254 1254 1254 1223 1223 1223 1251 1251 1251 1223 1223 1223 1254 1254 1254 1225 1225 1225 1255 1255 1255 1253 1253 1253 1224 1224 1224 1221 1221 1221 1224 1224 1224 1253 1253 1253 1256 1256 1256 1225 1225 1225 1254 1254 1254 1225 1225 1225 1256 1256 1256 1227 1227 1227 1257 1257 1257 1226 1226 1226 1230 1230 1230 1226 1226 1226 1257 1257 1257 1258 1258 1258 1259 1259 1259 1231 1231 1231 1260 1260 1260 1231 1231 1231 1228 1228 1228 1260 1260 1260 1261 1261 1261 1230 1230 1230 1229 1229 1229 1230 1230 1230 1261 1261 1261 1257 1257 1257 1262 1262 1262 1218 1218 1218 1232 1232 1232 1218 1218 1218 1262 1262 1262 1248 1248 1248 1233 1233 1233 1219 1219 1219 1250 1250 1250 1233 1233 1233 1250 1250 1250 1263 1263 1263 1264 1264 1264 1235 1235 1235 1238 1238 1238 1235 1235 1235 1264 1264 1264 1265 1265 1265 1233 1233 1233 1263 1263 1263 1234 1234 1234 1234 1234 1234 1263 1263 1263 1266 1266 1266 1264 1264 1264 1239 1239 1239 1267 1267 1267 1239 1239 1239 1264 1264 1264 1238 1238 1238 1268 1268 1268 1269 1269 1269 1237 1237 1237 1237 1237 1237 1236 1236 1236 1268 1268 1268 1260 1260 1260 1227 1227 1227 1256 1256 1256 1227 1227 1227 1260 1260 1260 1228 1228 1228 1258 1258 1258 1255 1255 1255 1226 1226 1226 1224 1224 1224 1226 1226 1226 1255 1255 1255 1252 1252 1252 1216 1216 1216 1245 1245 1245 1216 1216 1216 1252 1252 1252 1220 1220 1220 1217 1217 1217 1214 1214 1214 1249 1249 1249 1214 1214 1214 1246 1246 1246 1249 1249 1249 1265 1265 1265 1232 1232 1232 1235 1235 1235 1232 1232 1232 1265 1265 1265 1262 1262 1262 1268 1268 1268 1236 1236 1236 1266 1266 1266 1236 1236 1236 1234 1234 1234 1266 1266 1266 1267 1267 1267 1241 1241 1241 1270 1270 1270 1241 1241 1241 1267 1267 1267 1239 1239 1239 1240 1240 1240 1269 1269 1269 1271 1271 1271 1269 1269 1269 1240 1240 1240 1237 1237 1237 1272 1272 1272 1273 1273 1273 1274 1274 1274 1272 1272 1272 1274 1274 1274 1275 1275 1275 1243 1243 1243 1259 1259 1259 1276 1276 1276 1259 1259 1259 1243 1243 1243 1231 1231 1231 1261 1261 1261 1242 1242 1242 1277 1277 1277 1242 1242 1242 1261 1261 1261 1229 1229 1229 1278 1278 1278 1279 1279 1279 1280 1280 1280 1280 1280 1280 1279 1279 1279 1281 1281 1281 1282 1282 1282 1244 1244 1244 1283 1283 1283 1244 1244 1244 1282 1282 1282 1245 1245 1245 1246 1246 1246 1247 1247 1247 1284 1284 1284 1246 1246 1246 1284 1284 1284 1285 1285 1285 1283 1283 1283 1248 1248 1248 1286 1286 1286 1248 1248 1248 1283 1283 1283 1244 1244 1244 1287 1287 1287 1288 1288 1288 1249 1249 1249 1250 1250 1250 1249 1249 1249 1288 1288 1288 1289 1289 1289 1251 1251 1251 1290 1290 1290 1290 1290 1290 1251 1251 1251 1252 1252 1252 1247 1247 1247 1253 1253 1253 1291 1291 1291 1247 1247 1247 1291 1291 1291 1284 1284 1284 1289 1289 1289 1254 1254 1254 1251 1251 1251 1254 1254 1254 1289 1289 1289 1292 1292 1292 1253 1253 1253 1255 1255 1255 1293 1293 1293 1253 1253 1253 1293 1293 1293 1291 1291 1291 1256 1256 1256 1292 1292 1292 1294 1294 1294 1292 1292 1292 1256 1256 1256 1254 1254 1254 1257 1257 1257 1295 1295 1295 1258 1258 1258 1295 1295 1295 1257 1257 1257 1296 1296 1296 1297 1297 1297 1260 1260 1260 1298 1298 1298 1260 1260 1260 1297 1297 1297 1259 1259 1259 1299 1299 1299 1296 1296 1296 1261 1261 1261 1261 1261 1261 1296 1296 1296 1257 1257 1257 1286 1286 1286 1262 1262 1262 1300 1300 1300 1262 1262 1262 1286 1286 1286 1248 1248 1248 1288 1288 1288 1301 1301 1301 1250 1250 1250 1263 1263 1263 1250 1250 1250 1301 1301 1301 1302 1302 1302 1264 1264 1264 1303 1303 1303 1264 1264 1264 1302 1302 1302 1265 1265 1265 1266 1266 1266 1263 1263 1263 1304 1304 1304 1263 1263 1263 1301 1301 1301 1304 1304 1304 1305 1305 1305 1264 1264 1264 1267 1267 1267 1264 1264 1264 1305 1305 1305 1303 1303 1303 1269 1269 1269 1306 1306 1306 1307 1307 1307 1269 1269 1269 1268 1268 1268 1306 1306 1306 1298 1298 1298 1260 1260 1260 1294 1294 1294 1294 1294 1294 1260 1260 1260 1256 1256 1256 1255 1255 1255 1258 1258 1258 1295 1295 1295 1255 1255 1255 1295 1295 1295 1293 1293 1293 1290 1290 1290 1252 1252 1252 1282 1282 1282 1282 1282 1282 1252 1252 1252 1245 1245 1245 1249 1249 1249 1246 1246 1246 1287 1287 1287 1246 1246 1246 1285 1285 1285 1287 1287 1287 1300 1300 1300 1265 1265 1265 1302 1302 1302 1265 1265 1265 1300 1300 1300 1262 1262 1262 1268 1268 1268 1304 1304 1304 1306 1306 1306 1304 1304 1304 1268 1268 1268 1266 1266 1266 1308 1308 1308 1305 1305 1305 1270 1270 1270 1270 1270 1270 1305 1305 1305 1267 1267 1267 1271 1271 1271 1307 1307 1307 1309 1309 1309 1307 1307 1307 1271 1271 1271 1269 1269 1269 1310 1310 1310 1311 1311 1311 1312 1312 1312 1312 1312 1312 1311 1311 1311 1313 1313 1313 1276 1276 1276 1297 1297 1297 1314 1314 1314 1297 1297 1297 1276 1276 1276 1259 1259 1259 1315 1315 1315 1299 1299 1299 1277 1277 1277 1277 1277 1277 1299 1299 1299 1261 1261 1261 1316 1316 1316 1317 1317 1317 1318 1318 1318 1317 1317 1317 1316 1316 1316 1319 1319 1319 1319 1319 1319 1320 1320 1320 1317 1317 1317 1317 1317 1317 1320 1320 1320 1278 1278 1278 1317 1317 1317 1280 1280 1280 1318 1318 1318 1280 1280 1280 1317 1317 1317 1278 1278 1278 1318 1318 1318 1321 1321 1321 1316 1316 1316 1321 1321 1321 1318 1318 1318 1280 1280 1280 1311 1311 1311 1322 1322 1322 1313 1313 1313 1313 1313 1313 1322 1322 1322 1272 1272 1272 1313 1313 1313 1272 1272 1272 1312 1312 1312 1312 1312 1312 1272 1272 1272 1275 1275 1275 1312 1312 1312 1323 1323 1323 1310 1310 1310 1323 1323 1323 1312 1312 1312 1275 1275 1275</p>
        </triangles>
      </mesh>
    </geometry>
  </library_geometries>
  <library_materials>
    <material id="9b391b03435c44718955bf5a9b328e8b" name="pbrmaterial">
      <instance_effect url="#1ca9bc784dde46b8aaad04b88cb52fdb"/>
    </material>
  </library_materials>
  <library_visual_scenes>
    <visual_scene id="scene">
      <node id="node0" name="node0">
        <instance_geometry url="#a5f4c3f6eedb41dcbe3616db1e9b8cf3">
          <bind_material>
            <technique_common>
              <instance_material symbol="material0" target="#9b391b03435c44718955bf5a9b328e8b"/>
            </technique_common>
          </bind_material>
        </instance_geometry>
      </node>
    </visual_scene>
  </library_visual_scenes>
  <scene>
    <instance_visual_scene url="#scene"/>
  </scene>
</COLLADA>
