# https://github.com/mikedh/trimesh
mtllib material.mtl
usemtl material_0
v -0.06408805 0.00865828 0.00173071
v -0.06408805 -0.03413438 0.00116752
v 0.00119251 0.00865828 0.00147022
v 0.00119251 -0.03413438 0.00045266
v -0.06408805 -0.03413438 0.26491604
v -0.06408805 0.00865828 0.26383133
v 0.00119251 -0.03413438 0.26361468
v 0.00119251 0.00865828 0.26263353
v -0.06408803 0.19043800 0.12684085
v 0.00119252 0.19001137 0.07357681
v 0.00119253 0.19030453 0.12684085
v -0.06408804 0.19079738 0.07357681
v 0.34152663 -0.03413438 0.12684085
v 0.34108364 0.00865828 0.12684085
v 0.34070705 -0.03413438 0.07357681
v 0.34112191 0.00865828 0.07357681
v 0.06647307 -0.21835326 0.07357681
v 0.00119251 -0.21889223 0.12684085
v 0.06647307 -0.21881079 0.12684085
v 0.00119251 -0.21823105 0.07357681
v -0.33644504 0.00865828 0.12684085
v -0.33669814 -0.03413438 0.12684085
v -0.33536645 0.00865828 0.07357681
v -0.33568468 -0.03413438 0.07357681
v -0.32566614 0.18109541 0.01150288
v -0.31926759 0.17564432 0.00757821
v -0.31597819 0.18351011 0.01009430
v -0.32917392 0.17401531 0.00863634
v -0.33018438 0.17990789 0.01437941
v -0.33335775 0.17390562 0.01101254
v -0.32367330 0.18378288 0.01350744
v -0.31602574 0.18571771 0.01237069
v -0.32766133 0.18239575 0.01524419
v -0.32908936 -0.19964594 0.01199163
v -0.32744726 -0.20682650 0.01342445
v -0.32048454 -0.20159014 0.00788645
v -0.31969507 -0.20875000 0.01090898
v -0.32698850 -0.20913821 0.01489631
v -0.32041380 -0.21085906 0.01233472
v -0.33132581 -0.19925510 0.01334503
v -0.33005804 -0.20639453 0.01495702
v -0.32919175 -0.20830880 0.01605585
v 0.33441174 -0.20265167 0.00590014
v 0.32694028 -0.20487179 0.00257023
v 0.33178517 -0.20873789 0.00938917
v 0.32343475 -0.21055344 0.00580109
v 0.33741054 -0.20200799 0.00985659
v 0.33517703 -0.20796097 0.01207434
v 0.32281665 -0.21360092 0.00891082
v 0.33085337 -0.21141903 0.01184140
v 0.33388493 -0.21025454 0.01343992
v 0.33270354 0.18387077 0.00823175
v 0.32538062 0.18516253 0.00541928
v 0.32750249 0.17975702 0.00139986
v 0.33486810 0.17831403 0.00430545
v 0.32507166 0.18783709 0.00929056
v 0.33179619 0.18624538 0.01123650
v 0.33640143 0.18319514 0.01077381
v 0.33967665 0.17652117 0.00732378
v 0.33482655 0.18541209 0.01247696
v -0.33280006 0.17714078 0.27395137
v -0.33085085 0.18434530 0.27023719
v -0.32252391 0.17810775 0.27731885
v -0.31994543 0.18593167 0.27452015
v -0.32975012 0.18756735 0.26731886
v -0.31909066 0.18973588 0.27023671
v -0.33710872 0.17689911 0.26931423
v -0.33516147 0.18354631 0.26729552
v -0.33365803 0.18639932 0.26569083
v 0.32843629 0.16713915 0.27118957
v 0.31630941 0.17060619 0.27248902
v 0.32732326 0.17672288 0.27054336
v 0.31436343 0.18060362 0.27131174
v 0.33840335 0.16446499 0.26808202
v 0.33660641 0.17409402 0.26712967
v 0.31537105 0.18520383 0.26695607
v 0.32697422 0.18322406 0.26656013
v 0.33536913 0.18059173 0.26534975
v 0.33072151 -0.20802440 0.26898277
v 0.31525435 -0.20995094 0.27330129
v 0.32121680 -0.20014954 0.27549000
v 0.33250322 -0.19794046 0.27073560
v 0.32995466 -0.21193930 0.26600205
v 0.31491675 -0.21453736 0.26932366
v 0.33592157 -0.20742491 0.26578348
v 0.33724121 -0.19780887 0.26745202
v 0.33432085 -0.21058325 0.26393990
v -0.33140787 -0.21016993 0.27146779
v -0.32180184 -0.20327666 0.28000000
v -0.32053485 -0.21160626 0.27497819
v -0.33363522 -0.20210619 0.27699701
v -0.33608385 -0.20929939 0.26831513
v -0.33950493 -0.20168183 0.27197331
v -0.32019777 -0.21482907 0.26940448
v -0.33008225 -0.21335084 0.26767731
v -0.33414376 -0.21225266 0.26620287
v -0.32936568 0.18749532 0.02870832
v -0.32516467 0.18561222 0.01765634
v -0.31789743 0.18983243 0.02610971
v -0.31578492 0.18773958 0.01602342
v -0.32367330 0.18378288 0.01350744
v -0.31602574 0.18571771 0.01237069
v -0.33301877 0.18570529 0.02946935
v -0.33023202 0.18368447 0.01895038
v -0.32766133 0.18239575 0.01524419
v 0.33369004 0.18936761 0.02324638
v 0.32566364 0.19054458 0.02187071
v 0.33250948 0.18747817 0.01507257
v 0.32556224 0.18932288 0.01359302
v 0.33590447 0.18622423 0.01584651
v 0.33754516 0.18782917 0.02273847
v 0.32507166 0.18783709 0.00929056
v 0.33179619 0.18624538 0.01123650
v 0.33482655 0.18541209 0.01247696
v 0.32820933 0.18708227 0.25819930
v 0.31690029 0.18833617 0.26049668
v 0.31777917 0.18969637 0.24747198
v 0.33093845 0.18913965 0.24595260
v 0.32697422 0.18322406 0.26656013
v 0.31537105 0.18520383 0.26695607
v 0.33708443 0.18323596 0.25732576
v 0.33921055 0.18560235 0.24570647
v 0.33536913 0.18059173 0.26534975
v -0.33066396 0.18958813 0.26271006
v -0.32096532 0.19368587 0.25363561
v -0.31910090 0.19222657 0.26455887
v -0.33239395 0.19206026 0.25252741
v -0.33485546 0.18733680 0.26154484
v -0.33689866 0.18888852 0.25243208
v -0.32975012 0.18756735 0.26731886
v -0.31909066 0.18973588 0.27023671
v -0.33365803 0.18639932 0.26569083
v 0.34130119 0.18537528 0.02308136
v 0.33866718 0.18391708 0.01478347
v 0.34481496 0.17868076 0.02183102
v 0.34256745 0.17715494 0.01263915
v 0.33640143 0.18319514 0.01077381
v 0.33967665 0.17652117 0.00732378
v 0.33754516 0.18782917 0.02273847
v 0.33590447 0.18622423 0.01584651
v 0.33482655 0.18541209 0.01247696
v 0.33932344 -0.20995311 0.02372445
v 0.34092733 -0.20435403 0.02152594
v 0.33709926 -0.20857237 0.01577275
v 0.33920969 -0.20228482 0.01394814
v 0.33514538 -0.21121815 0.01662917
v 0.33712611 -0.21267920 0.02411827
v 0.33741054 -0.20200799 0.00985659
v 0.33517703 -0.20796097 0.01207434
v 0.33388493 -0.21025454 0.01343992
v 0.33856370 -0.20780748 0.26050326
v 0.34130820 -0.19779598 0.26292779
v 0.34239537 -0.19970684 0.25041983
v 0.34157886 -0.20922378 0.24698498
v 0.33592157 -0.20742491 0.26578348
v 0.33724121 -0.19780887 0.26745202
v 0.33579801 -0.21159328 0.25956266
v 0.33865308 -0.21367616 0.24682097
v 0.33432085 -0.21058325 0.26393990
v 0.34123597 0.17520240 0.25724856
v 0.34558016 0.16879902 0.24502978
v 0.34350000 0.16512278 0.25938685
v 0.34498016 0.17860286 0.24398024
v 0.33708443 0.18323596 0.25732576
v 0.33921055 0.18560235 0.24570647
v 0.33660641 0.17409402 0.26712967
v 0.33840335 0.16446499 0.26808202
v 0.33536913 0.18059173 0.26534975
v 0.33368522 -0.21464917 0.02383094
v 0.33163125 -0.21295019 0.01573014
v 0.32612831 -0.21644422 0.02154583
v 0.32319523 -0.21526081 0.01344527
v 0.33085337 -0.21141903 0.01184140
v 0.32281665 -0.21360092 0.00891082
v 0.33712611 -0.21267920 0.02411827
v 0.33514538 -0.21121815 0.01662917
v 0.33388493 -0.21025454 0.01343992
v -0.33070848 -0.21330709 0.02524588
v -0.32205927 -0.21558926 0.02272616
v -0.32770523 -0.21081172 0.01765534
v -0.32050948 -0.21239320 0.01488752
v -0.33059619 -0.20942441 0.01852237
v -0.33365746 -0.21170077 0.02581667
v -0.32041380 -0.21085906 0.01233472
v -0.32698850 -0.20913821 0.01489631
v -0.32919175 -0.20830880 0.01605585
v -0.33075803 -0.21475187 0.26264824
v -0.32018168 -0.21603884 0.26363952
v -0.32111035 -0.21669226 0.25352701
v -0.33175488 -0.21621734 0.25251414
v -0.33008225 -0.21335084 0.26767731
v -0.32019777 -0.21482907 0.26940448
v -0.33537698 -0.21317572 0.26181084
v -0.33708917 -0.21460057 0.25232320
v -0.33414376 -0.21225266 0.26620287
v 0.33074737 -0.21412409 0.26071500
v 0.31788862 -0.21814812 0.24968242
v 0.31518272 -0.21685940 0.26320082
v 0.33322049 -0.21671941 0.24732733
v 0.33579801 -0.21159328 0.25956266
v 0.33865308 -0.21367616 0.24682097
v 0.32995466 -0.21193930 0.26600205
v 0.31491675 -0.21453736 0.26932366
v 0.33432085 -0.21058325 0.26393990
v -0.33563041 -0.20943804 0.02551958
v -0.33238457 -0.20733402 0.01717342
v -0.33774123 -0.20337013 0.02248344
v -0.33368621 -0.20004462 0.01496504
v -0.33005804 -0.20639453 0.01495702
v -0.33132581 -0.19925510 0.01334503
v -0.33365746 -0.21170077 0.02581667
v -0.33059619 -0.20942441 0.01852237
v -0.32919175 -0.20830880 0.01605585
v -0.33581459 0.18352960 0.02878492
v -0.33888723 0.17490337 0.02553927
v -0.33312330 0.18059201 0.01833029
v -0.33584558 0.17374966 0.01433182
v -0.33023202 0.18368447 0.01895038
v -0.33301877 0.18570529 0.02946935
v -0.33335775 0.17390562 0.01101254
v -0.33018438 0.17990789 0.01437941
v -0.32766133 0.18239575 0.01524419
v -0.33714644 0.18411184 0.26255125
v -0.33963805 0.17708351 0.26398870
v -0.34095196 0.17793573 0.25440823
v -0.33965992 0.18511703 0.25298347
v -0.33516147 0.18354631 0.26729552
v -0.33710872 0.17689911 0.26931423
v -0.33485546 0.18733680 0.26154484
v -0.33689866 0.18888852 0.25243208
v -0.33365803 0.18639932 0.26569083
v -0.33871272 -0.20999312 0.26315387
v -0.34444021 -0.20238400 0.25331863
v -0.34286504 -0.20159086 0.26505631
v -0.34121541 -0.21100989 0.25236278
v -0.33537698 -0.21317572 0.26181084
v -0.33708917 -0.21460057 0.25232320
v -0.33608385 -0.20929939 0.26831513
v -0.33950493 -0.20168183 0.27197331
v -0.33414376 -0.21225266 0.26620287
v -0.32890174 0.00867510 0.01145403
v -0.32452400 -0.03413438 0.01049480
v -0.32451649 0.00865828 0.01061032
v -0.32886050 -0.03416030 0.01155820
v -0.33228419 0.00865357 0.01318292
v -0.33214414 -0.03416651 0.01315437
v 0.00119251 -0.21031435 0.00659557
v 0.06647307 -0.20508472 0.00436576
v 0.00119251 -0.20505963 0.00485849
v 0.06647307 -0.21033198 0.00652629
v 0.00119251 -0.21322551 0.00925727
v 0.06647307 -0.21335599 0.00907514
v 0.32746055 0.00865828 0.00208978
v 0.33450279 -0.03413438 0.00521921
v 0.33457098 0.00865828 0.00501121
v 0.32741848 -0.03413438 0.00273084
v 0.33772390 0.00865828 0.00934361
v 0.33772916 -0.03413438 0.00933799
v -0.06408805 0.18451061 0.00788387
v 0.00119251 0.17958031 0.00492154
v 0.00119251 0.18476397 0.00688763
v -0.06408805 0.17954985 0.00551961
v 0.00119251 0.18702722 0.01026534
v -0.06408805 0.18652430 0.01096720
v 0.00119251 0.18481157 0.27016151
v 0.06647370 0.18458046 0.26979688
v 0.00119251 0.17951329 0.27062203
v 0.06647253 0.17801796 0.26994686
v 0.00119251 0.18805264 0.26802785
v 0.06647373 0.18777234 0.26762579
v 0.32415139 -0.03390047 0.26922949
v 0.33315408 0.00865963 0.26838480
v 0.33342440 -0.03413438 0.26835358
v 0.32436221 0.00865864 0.26873882
v 0.33672071 0.00865893 0.26643347
v 0.33675061 -0.03413438 0.26646416
v 0.00119251 -0.21019560 0.26979948
v -0.06408805 -0.20517851 0.27433813
v 0.00119251 -0.20516982 0.27416760
v -0.06408805 -0.21058164 0.27131713
v 0.00119251 -0.21122982 0.26481908
v -0.06408805 -0.21224279 0.26623291
v -0.33324411 -0.03413438 0.27507845
v -0.33322829 0.00865828 0.27503038
v -0.32510310 -0.03413438 0.27519208
v -0.32509700 0.00865828 0.27509923
v -0.33879819 -0.03413438 0.27126460
v -0.33842959 0.00865828 0.27086542
v 0.00119251 0.18783305 0.01422437
v 0.06647307 0.18790852 0.01418690
v 0.00119251 0.18865684 0.02031165
v 0.06647307 0.18880819 0.02086296
v 0.00119251 0.18702722 0.01026534
v 0.06647307 0.18711095 0.01014844
v 0.32734797 0.19164996 0.20743627
v 0.33470712 0.19108896 0.20728474
v 0.33943479 0.18901908 0.20723269
v 0.00119251 0.19028653 0.26385341
v -0.06408805 0.19052768 0.25616949
v 0.00119251 0.19080854 0.25554375
v -0.06408805 0.18991207 0.26366797
v 0.00119251 0.18805264 0.26802785
v -0.06408805 0.18823097 0.26827672
v -0.33118511 0.18860425 0.12684085
v -0.32489593 0.19092341 0.07357681
v -0.32478526 0.18971542 0.12684085
v -0.33172013 0.18977362 0.07357681
v -0.33402569 0.18666870 0.12684085
v -0.33550506 0.18781651 0.07357681
v 0.33903794 0.00865828 0.01379121
v 0.33881406 -0.03413438 0.01387720
v 0.34029779 0.00865828 0.02077609
v 0.34004462 -0.03413438 0.02079557
v 0.33772390 0.00865828 0.00934361
v 0.33772916 -0.03413438 0.00933799
v 0.34275489 -0.20517976 0.20673760
v 0.34223293 -0.21089561 0.20660130
v 0.34025346 -0.21509311 0.20676025
v 0.33924250 0.00865822 0.26279472
v 0.34072342 -0.03410236 0.25526573
v 0.33903051 -0.03413438 0.26306783
v 0.34122568 0.00865791 0.25325266
v 0.33672071 0.00865893 0.26643347
v 0.33675061 -0.03413438 0.26646416
v 0.34289416 0.18556340 0.12684085
v 0.34512464 0.17976325 0.07357681
v 0.34410561 0.17970703 0.12684085
v 0.34415357 0.18591040 0.07357681
v 0.33969164 0.18921420 0.12684085
v 0.33998329 0.18944054 0.07357681
v 0.00119251 -0.21510615 0.01333376
v -0.06408805 -0.21491941 0.01342631
v 0.00119250 -0.21614479 0.02067846
v -0.06408805 -0.21565311 0.02072723
v 0.00119251 -0.21322551 0.00925727
v -0.06408805 -0.21298884 0.00958761
v -0.32507226 -0.21832462 0.20756569
v -0.33291540 -0.21786548 0.20761612
v -0.33900502 -0.21600559 0.20777966
v 0.00119251 -0.21138978 0.26168635
v 0.06647306 -0.21352369 0.25592334
v 0.00119251 -0.21122682 0.25569553
v 0.06647307 -0.21271909 0.26234515
v 0.00119251 -0.21122982 0.26481908
v 0.06647307 -0.21220571 0.26618116
v 0.33424875 -0.21556347 0.12684085
v 0.32739093 -0.21760010 0.07357681
v 0.32733835 -0.21702615 0.12684085
v 0.33476631 -0.21669447 0.07357681
v 0.33744711 -0.21294884 0.12684085
v 0.33904777 -0.21419079 0.07357681
v -0.33479110 -0.03417899 0.01657586
v -0.33507068 0.00863221 0.01640076
v -0.33621929 -0.03413438 0.02090644
v -0.33647288 0.00865828 0.02088691
v -0.33214414 -0.03416651 0.01315437
v -0.33228419 0.00865357 0.01318292
v -0.34377551 0.17979140 0.20822142
v -0.34284667 0.18614568 0.20924708
v -0.34005606 0.19129552 0.20961600
v -0.33997539 0.00865828 0.26434817
v -0.34188675 -0.03413438 0.25639162
v -0.34088873 0.00865828 0.25631481
v -0.34062067 -0.03413438 0.26459624
v -0.33842959 0.00865828 0.27086542
v -0.33879819 -0.03413438 0.27126460
v -0.33798695 -0.21034478 0.12684085
v -0.33908968 -0.20503809 0.07357681
v -0.33978959 -0.20507669 0.12684085
v -0.33887044 -0.21058807 0.07357681
v -0.33615316 -0.21379542 0.12684085
v -0.33700086 -0.21445312 0.07357681
v 0.06646687 0.19078286 0.25474502
v 0.00119254 0.19340079 0.20787127
v 0.06649556 0.19351514 0.20791325
v 0.34849722 -0.03398120 0.20651361
v 0.34843427 0.00878678 0.20683939
v -0.06408806 -0.21356818 0.25592777
v -0.06408805 -0.22110281 0.20756569
v 0.00119251 -0.22109883 0.20756569
v -0.34966813 -0.03405352 0.20828729
v -0.34857575 0.00872362 0.20854492
v 0.32741274 0.19233849 0.19897065
v 0.33499016 0.19170946 0.19883366
v 0.33995347 0.18943095 0.19881606
v -0.32533753 0.19598411 0.20836887
v -0.33392129 0.19461445 0.20936414
v -0.34005606 0.19129552 0.20961600
v 0.34285313 -0.20519662 0.19783077
v 0.34264714 -0.21096878 0.19759942
v 0.34062442 -0.21521232 0.19775012
v 0.34457609 0.17973595 0.20739223
v 0.34295150 0.18558484 0.20725557
v 0.33943479 0.18901908 0.20723269
v -0.32507891 -0.21840703 0.19915765
v -0.33294123 -0.21786441 0.19910703
v -0.33893183 -0.21599009 0.19892592
v 0.32765315 -0.22042396 0.20753054
v 0.33571601 -0.21868468 0.20714003
v 0.34025346 -0.21509311 0.20676025
v -0.34241500 0.18600419 0.19967753
v -0.34288449 0.17968915 0.19887983
v -0.33930037 0.19045782 0.19869825
v -0.34470937 -0.20530258 0.20833513
v -0.34327894 -0.21177796 0.20809164
v -0.33900502 -0.21600559 0.20777966
v 0.00119254 0.19362111 0.19892361
v 0.06651040 0.19368659 0.19907912
v 0.34921034 0.00904475 0.19681325
v 0.35000000 -0.03384983 0.19653428
v 0.00117910 -0.21831887 0.19936396
v -0.06408820 -0.22038848 0.19915881
v -0.34432896 -0.03383389 0.19902762
v -0.34345246 0.00882933 0.19875984
v -0.33427057 0.19384680 0.19845732
v -0.32563820 0.19559885 0.19819550
v -0.33930037 0.19045782 0.19869825
v 0.34227231 0.18537387 0.19880464
v 0.34447936 0.17970048 0.19892732
v 0.33995347 0.18943095 0.19881606
v 0.32783717 -0.22065038 0.19787557
v 0.33611729 -0.21893690 0.19778481
v 0.34062442 -0.21521232 0.19775012
v -0.34453780 -0.20533184 0.19866190
v -0.34311723 -0.21180778 0.19880765
v -0.33893183 -0.21599009 0.19892592
v 0.32743889 0.19264662 0.19300489
v 0.33495344 0.19162865 0.19283838
v 0.33970272 0.18922714 0.19280751
v 0.34063834 -0.21050949 0.19222313
v 0.34139828 -0.20512977 0.19226939
v 0.33835343 -0.21370821 0.19242067
v -0.33232962 -0.21660213 0.19326527
v -0.32508600 -0.21850951 0.19316602
v -0.33651445 -0.21406523 0.19352657
v -0.33806744 0.18488672 0.19483415
v -0.33819448 0.17944861 0.19427235
v -0.33451775 0.18694694 0.19491070
v 0.00119254 0.19084830 0.18569642
v 0.06646495 0.19055939 0.18564309
v 0.00119254 0.19027893 0.19348342
v 0.06650163 0.19056076 0.19360101
v 0.33810482 0.00870342 0.18515361
v 0.34466667 -0.03379575 0.19281092
v 0.34546563 0.00905001 0.19218219
v 0.33878357 -0.03409278 0.18542192
v 0.00119344 -0.21721908 0.18555199
v -0.06408673 -0.21991419 0.19315930
v 0.00119181 -0.21751155 0.19317384
v -0.06409539 -0.21928368 0.18556429
v -0.33541837 -0.03386817 0.18784428
v -0.33701668 0.00880876 0.19468530
v -0.33802154 -0.03385185 0.19483192
v -0.33565901 0.00878075 0.18722624
v -0.33162950 0.18895121 0.19504275
v -0.33095008 0.18800798 0.18728082
v -0.32485110 0.19050203 0.19474013
v -0.32489202 0.19070127 0.18656150
v -0.33344325 0.18616449 0.18729387
v -0.33451775 0.18694694 0.19491070
v 0.34245172 0.18544748 0.19281512
v 0.34508726 0.17976467 0.18543518
v 0.34528659 0.17978359 0.19293866
v 0.34316952 0.18564183 0.18533049
v 0.33970272 0.18922714 0.19280751
v 0.34027884 0.18967432 0.18531272
v 0.33391483 -0.21493479 0.18549049
v 0.32730760 -0.21677673 0.19314835
v 0.33453339 -0.21611323 0.19256984
v 0.32732376 -0.21690685 0.18555477
v 0.33730476 -0.21283529 0.18536823
v 0.33835343 -0.21370821 0.19242067
v -0.33745096 -0.21018181 0.18595776
v -0.34027634 -0.20504977 0.19391972
v -0.33870396 -0.21050817 0.19378046
v -0.33903669 -0.20499931 0.18613091
v -0.33582731 -0.21356629 0.18573921
v -0.33651445 -0.21406523 0.19352657
v 0.32736239 0.19181232 0.12684085
v 0.32738678 0.19207866 0.07357681
v 0.33470331 0.19108059 0.12684085
v 0.33481693 0.19132893 0.07357681
v 0.33969164 0.18921420 0.12684085
v 0.33998329 0.18944054 0.07357681
v 0.34027011 -0.20497167 0.12684085
v 0.34299759 -0.20512206 0.07357681
v 0.33903677 -0.20997700 0.12684085
v 0.34187578 -0.21075906 0.07357681
v 0.33744711 -0.21294884 0.12684085
v 0.33904777 -0.21419079 0.07357681
v -0.32508165 -0.21842782 0.12684085
v -0.32508410 -0.21845417 0.07357681
v -0.33245865 -0.21686331 0.12684085
v -0.33261035 -0.21719493 0.07357681
v -0.33615316 -0.21379542 0.12684085
v -0.33700086 -0.21445312 0.07357681
v -0.33666722 0.17942827 0.12684085
v -0.33953524 0.17958658 0.07357681
v -0.33554163 0.18419508 0.12684085
v -0.33776279 0.18480704 0.07357681
v -0.33402569 0.18666870 0.12684085
v -0.33550506 0.18781651 0.07357681
v 0.32743245 0.19256483 0.18548475
v 0.33480815 0.19130094 0.18535950
v 0.34027884 0.18967432 0.18531272
v 0.33892940 -0.20995091 0.18538168
v 0.34001436 -0.20497452 0.18540177
v 0.33730476 -0.21283529 0.18536823
v -0.33235506 -0.21665729 0.18556009
v -0.32511947 -0.21893021 0.18555285
v -0.33582731 -0.21356629 0.18573921
v -0.33599590 0.18430740 0.18711129
v -0.33623352 0.17936804 0.18629876
v -0.33344325 0.18616449 0.18729387
v 0.26231472 0.00865828 0.00141254
v 0.26231472 -0.03413438 0.00138292
v 0.19703416 -0.03413438 0.00042628
v 0.19703416 0.00865828 0.00148916
v 0.13175362 0.00865828 0.00107923
v 0.13175360 -0.03413438 0.00058773
v 0.06647307 0.00865828 0.00098974
v 0.06647307 -0.03413438 0.00043476
v -0.25992970 -0.03413438 0.00690072
v -0.25992970 0.00865828 0.00727353
v -0.19464914 0.00865828 0.00552844
v -0.19464914 -0.03413438 0.00535663
v -0.12936859 -0.03413438 0.00304632
v -0.12936858 0.00865828 0.00380936
v 0.26231472 -0.03413438 0.26650777
v 0.26231472 0.00865828 0.26535700
v 0.19703416 -0.03413438 0.26466114
v 0.19703416 0.00865828 0.26368463
v 0.13175362 -0.03413438 0.26337775
v 0.13175360 0.00865828 0.26303952
v 0.06647307 -0.03413438 0.26305109
v 0.06647307 0.00865828 0.26231822
v -0.25992970 -0.03413438 0.27075781
v -0.25992970 0.00865828 0.27074570
v -0.19464915 -0.03413438 0.26805168
v -0.19464914 0.00865828 0.26824318
v -0.12936858 -0.03413438 0.26621097
v -0.12936859 0.00865828 0.26580801
v 0.26231472 0.19261123 0.12684085
v 0.26231472 0.19206899 0.07357681
v 0.19703418 0.19139769 0.12684085
v 0.19703416 0.19176443 0.07357681
v 0.13175362 0.19211090 0.12684085
v 0.13175362 0.19242396 0.07357681
v 0.06647309 0.19125042 0.12684085
v 0.06647308 0.19061452 0.07357681
v -0.25992967 0.19120796 0.07357681
v -0.25992967 0.19095836 0.12684085
v -0.19464912 0.19131029 0.07357681
v -0.19464910 0.19035278 0.12684085
v -0.12936859 0.19094299 0.07357681
v -0.12936858 0.19031949 0.12684085
v -0.25992967 -0.21967322 0.12684085
v -0.25992970 -0.21886352 0.07357681
v -0.19464912 -0.22093920 0.12684085
v -0.19464914 -0.21914762 0.07357681
v -0.12936858 -0.22055217 0.12684085
v -0.12936858 -0.21884052 0.07357681
v -0.06408805 -0.21960758 0.12684085
v -0.06408805 -0.21836387 0.07357681
v 0.26231472 -0.21807940 0.07357681
v 0.26231470 -0.21867430 0.12684085
v 0.19703414 -0.21851340 0.07357681
v 0.19703415 -0.21909173 0.12684085
v 0.13175363 -0.21873331 0.12684085
v 0.13175362 -0.21836270 0.07357681
v -0.25992972 -0.20488469 0.00829462
v -0.25992970 -0.20964902 0.00921129
v -0.19464914 -0.20492494 0.00750415
v -0.19464914 -0.20983957 0.00846213
v -0.12936859 -0.20498638 0.00629720
v -0.12936859 -0.21002652 0.00772719
v -0.06408805 -0.20504904 0.00506667
v -0.06408805 -0.21022069 0.00696381
v 0.26231472 -0.20517759 0.00254176
v 0.26231472 -0.21086510 0.00443035
v 0.19703416 -0.21070500 0.00505975
v 0.19703416 -0.20513527 0.00337288
v 0.13175360 -0.21057341 0.00557708
v 0.13175360 -0.20511903 0.00369187
v -0.25992970 -0.21207365 0.01086507
v -0.19464914 -0.21249506 0.01027685
v -0.12936859 -0.21261170 0.01011404
v -0.06408805 -0.21298884 0.00958761
v 0.26231472 -0.21436665 0.00766443
v 0.19703416 -0.21422150 0.00786704
v 0.13175360 -0.21364252 0.00867520
v 0.26231472 0.17973089 0.00196415
v 0.26231472 0.18554957 0.00379914
v 0.19703416 0.18538762 0.00443581
v 0.19703416 0.17967402 0.00308133
v 0.13175362 0.18499650 0.00597359
v 0.13175362 0.17963883 0.00377225
v 0.06647307 0.18482581 0.00664436
v 0.06647307 0.17961153 0.00430859
v -0.25992970 0.17940764 0.00831283
v -0.25992970 0.18397266 0.00999840
v -0.19464914 0.17945634 0.00735669
v -0.19464914 0.18414124 0.00933578
v -0.12936858 0.17949913 0.00651686
v -0.12936858 0.18432900 0.00859765
v 0.26231472 0.18861004 0.00805596
v 0.19703416 0.18814296 0.00870787
v 0.13175362 0.18755963 0.00952202
v 0.06647307 0.18711095 0.01014844
v -0.25992970 0.18594898 0.01177034
v -0.19464914 0.18582073 0.01194948
v -0.12936859 0.18606357 0.01161043
v -0.25992970 0.17965578 0.27342336
v -0.25992970 0.18538281 0.27240732
v -0.19464914 0.18530964 0.27211919
v -0.19464914 0.17962771 0.27286895
v -0.12936859 0.18520144 0.27169410
v -0.12936859 0.17958617 0.27205489
v -0.06408805 0.18498905 0.27085907
v -0.06408805 0.17956041 0.27154883
v 0.26134115 0.17689761 0.26969043
v 0.26094042 0.18384638 0.26855561
v 0.19696995 0.17694368 0.26978644
v 0.19693704 0.18422032 0.26899638
v 0.13175099 0.17787105 0.26962545
v 0.13174962 0.18447889 0.26950432
v -0.25992970 0.18870088 0.26893283
v -0.19464914 0.18855475 0.26872863
v -0.12936859 0.18824654 0.26829868
v -0.06408805 0.18823097 0.26827672
v 0.26095092 0.18645202 0.26594718
v 0.19693723 0.18733260 0.26699152
v 0.13174933 0.18747121 0.26723643
v 0.26202998 -0.20401211 0.27546304
v 0.26186225 -0.21090420 0.27306756
v 0.19703191 -0.20500447 0.27597850
v 0.19702925 -0.21102885 0.27313085
v 0.13174801 -0.21055791 0.27204329
v 0.13174770 -0.20298592 0.27576624
v 0.06647307 -0.20519377 0.27463786
v 0.06647307 -0.21057184 0.27127866
v -0.25992970 -0.20527361 0.27620605
v -0.25992970 -0.21097106 0.27284811
v -0.19464914 -0.20524997 0.27574186
v -0.19464914 -0.21101171 0.27300803
v -0.12936858 -0.21063726 0.27153579
v -0.12936858 -0.20517878 0.27434347
v 0.26185878 -0.21381624 0.26847598
v 0.19702967 -0.21332241 0.26775099
v 0.13175334 -0.21226215 0.26650083
v 0.06647307 -0.21220571 0.26618116
v -0.25992970 -0.21290628 0.26715900
v -0.19464914 -0.21323949 0.26762404
v -0.12936858 -0.21263202 0.26677620
v -0.25992970 0.18855329 0.02088837
v -0.25992970 0.18731322 0.01448189
v -0.19464914 0.18696368 0.01465510
v -0.19464914 0.18806315 0.02093692
v -0.12936859 0.18813652 0.02092965
v -0.12936859 0.18706569 0.01460450
v -0.06408805 0.18806332 0.02093687
v -0.06408805 0.18734481 0.01446623
v 0.26231472 0.19057459 0.02068791
v 0.26231472 0.18971000 0.01329419
v 0.19703416 0.18936515 0.01346508
v 0.19703416 0.18994038 0.02075072
v 0.13175360 0.18855256 0.01386770
v 0.13175360 0.18960682 0.02078379
v -0.25992970 0.18594898 0.01177034
v -0.19464914 0.18582073 0.01194948
v -0.12936859 0.18606357 0.01161043
v -0.06408805 0.18652430 0.01096720
v 0.26231472 0.18861004 0.00805596
v 0.19703416 0.18814296 0.00870787
v 0.13175362 0.18755963 0.00952202
v 0.26147596 0.18920708 0.25260975
v 0.26105742 0.18799338 0.26214778
v 0.19698712 0.19090501 0.25384554
v 0.19695258 0.19008118 0.26345578
v 0.13175360 0.18978681 0.25425158
v 0.13174955 0.18904497 0.26302453
v 0.06647604 0.19001274 0.26356872
v -0.25992970 0.19157574 0.25627337
v -0.25992970 0.19055607 0.26398695
v -0.19464914 0.19014315 0.26378233
v -0.19464914 0.19137403 0.25625339
v -0.12936858 0.18979441 0.26360954
v -0.12936858 0.19055906 0.25617249
v 0.26095092 0.18645202 0.26594718
v 0.19693723 0.18733260 0.26699152
v 0.13174933 0.18747121 0.26723643
v 0.06647373 0.18777234 0.26762579
v -0.25992970 0.18870088 0.26893283
v -0.19464914 0.18855475 0.26872863
v -0.12936859 0.18824654 0.26829868
v 0.26231472 -0.21651008 0.02064222
v 0.26231472 -0.21599017 0.01289566
v 0.19703416 -0.21591164 0.01293458
v 0.19703416 -0.21654298 0.02063896
v 0.13175362 -0.21544112 0.01316776
v 0.13175362 -0.21610991 0.02068192
v 0.06647306 -0.21522749 0.01327363
v 0.06647307 -0.21604373 0.02068849
v -0.25992970 -0.21633214 0.02065987
v -0.25992970 -0.21435058 0.01370821
v -0.19464914 -0.21585582 0.02070713
v -0.19464914 -0.21454415 0.01361228
v -0.12936858 -0.21588144 0.02070459
v -0.12936858 -0.21453989 0.01361438
v 0.26231472 -0.21436665 0.00766443
v 0.19703416 -0.21422150 0.00786704
v 0.13175360 -0.21364252 0.00867520
v 0.06647307 -0.21335599 0.00907514
v -0.25992970 -0.21207365 0.01086507
v -0.19464914 -0.21249506 0.01027685
v -0.12936859 -0.21261170 0.01011404
v -0.25992970 -0.21464985 0.25603507
v -0.25992970 -0.21377818 0.26286998
v -0.19464914 -0.21468928 0.25603902
v -0.19464914 -0.21392002 0.26294027
v -0.12936859 -0.21347694 0.26272070
v -0.12936859 -0.21429193 0.25599961
v -0.06408805 -0.21289723 0.26243342
v 0.26214365 -0.21609815 0.25530011
v 0.26193805 -0.21504320 0.26337146
v 0.19703444 -0.21383702 0.25587137
v 0.19703184 -0.21370011 0.26281804
v 0.13175401 -0.21282081 0.26215362
v 0.13175372 -0.21367955 0.25383657
v -0.25992970 -0.21290628 0.26715900
v -0.19464914 -0.21323949 0.26762404
v -0.12936858 -0.21263202 0.26677620
v -0.06408805 -0.21224279 0.26623291
v 0.26185878 -0.21381624 0.26847598
v 0.19702967 -0.21332241 0.26775099
v 0.13175334 -0.21226215 0.26650083
v -0.25987371 0.19721285 0.20850913
v -0.19433599 0.19775751 0.20857184
v -0.12935588 0.19668959 0.20920568
v -0.06408700 0.19321498 0.20787892
v 0.26231410 0.19452247 0.20778799
v 0.19703237 0.19534500 0.20802307
v 0.13169884 0.19553021 0.20803191
v 0.26231470 -0.22386870 0.20756569
v 0.19703414 -0.22226073 0.20756569
v 0.13175363 -0.21904547 0.20756569
v 0.06647307 -0.21932679 0.20756569
v -0.25992967 -0.21986409 0.20756569
v -0.19464912 -0.22500000 0.20756569
v -0.12936858 -0.22174654 0.20756569
v -0.25991614 0.19682881 0.19828365
v -0.19423729 0.19791970 0.19768406
v -0.12914496 0.19789046 0.19877806
v -0.06409347 0.19351740 0.19862498
v 0.26233959 0.19429860 0.19960995
v 0.19705317 0.19657569 0.19951465
v 0.13156278 0.19688952 0.19894595
v 0.26229278 -0.21996654 0.19953061
v 0.19704666 -0.22053519 0.19931074
v 0.13177918 -0.21800331 0.19926203
v 0.06647171 -0.21837336 0.19923901
v -0.25994695 -0.22038336 0.19913698
v -0.19463923 -0.22250855 0.19932080
v -0.12935462 -0.22149416 0.19907379
v -0.25987238 0.19163111 0.18656193
v -0.25985596 0.19205378 0.19438791
v -0.19435048 0.19136635 0.18649780
v -0.19424541 0.19218819 0.19443029
v -0.12932117 0.19155940 0.18771952
v -0.12930563 0.19197281 0.19555690
v -0.06408552 0.19015132 0.19347324
v -0.06411177 0.19116233 0.18580352
v 0.26231511 0.19353386 0.18589677
v 0.26231389 0.19279765 0.19373545
v 0.19703326 0.19285274 0.18599008
v 0.19703577 0.19387633 0.19398614
v 0.13172634 0.19207761 0.18578731
v 0.13165724 0.19302035 0.19380770
v 0.26231449 -0.21867501 0.18555338
v 0.26231444 -0.21857609 0.19316804
v 0.19703366 -0.21923074 0.18556206
v 0.19703407 -0.22014448 0.19316305
v 0.13175522 -0.21875503 0.18555498
v 0.13175295 -0.21883817 0.19316380
v 0.06647450 -0.21858667 0.18555230
v 0.06647284 -0.21851130 0.19316459
v -0.25993189 -0.21963584 0.18554867
v -0.25992855 -0.22016307 0.19316876
v -0.19464832 -0.22065276 0.18556771
v -0.19464933 -0.22198876 0.19315917
v -0.12937191 -0.21971816 0.18556889
v -0.12936860 -0.22062100 0.19316630
v 0.00119251 0.13703632 0.00741393
v -0.06408805 0.13703632 0.00703556
v 0.00119250 0.09424367 0.00479522
v -0.06408805 0.09424365 0.00455579
v 0.00119251 0.05145097 0.00223862
v -0.06408805 0.05145097 0.00289456
v 0.00119251 -0.16251244 0.00260808
v -0.06408805 -0.16251242 0.00303322
v 0.00119251 -0.11971976 0.00153760
v -0.06408805 -0.11971977 0.00218537
v 0.00119251 -0.07692708 0.00100357
v -0.06408805 -0.07692707 0.00125883
v -0.06408805 -0.16251244 0.26967544
v 0.00119251 -0.16251242 0.26918977
v -0.06408805 -0.11971976 0.26636843
v 0.00119251 -0.11971977 0.26548801
v -0.06408805 -0.07692708 0.26527076
v 0.00119251 -0.07692707 0.26460581
v -0.06408805 0.13703632 0.26592555
v 0.00119251 0.13703632 0.26471113
v -0.06408806 0.09424367 0.26393391
v 0.00119251 0.09424365 0.26289010
v -0.06408805 0.05145097 0.26364454
v 0.00119251 0.05145097 0.26249307
v 0.33955237 0.13703632 0.12684085
v 0.34037039 0.13703632 0.07357681
v 0.34108521 0.09424367 0.12684085
v 0.34087025 0.09424365 0.07357681
v 0.34097409 0.05145097 0.12684085
v 0.34132267 0.05145097 0.07357681
v 0.33950887 -0.16251242 0.07357681
v 0.33979037 -0.16251244 0.12684085
v 0.34124562 -0.11971976 0.12684085
v 0.34038751 -0.11971977 0.07357681
v 0.34164640 -0.07692708 0.12684085
v 0.34086657 -0.07692707 0.07357681
v -0.33678997 -0.16251242 0.12684085
v -0.33553397 -0.16251244 0.07357681
v -0.33716586 -0.11971977 0.12684085
v -0.33612600 -0.11971976 0.07357681
v -0.33728615 -0.07692707 0.12684085
v -0.33606500 -0.07692708 0.07357681
v -0.33537771 0.13703632 0.07357681
v -0.33594992 0.13703632 0.12684085
v -0.33573720 0.09424367 0.07357681
v -0.33648711 0.09424365 0.12684085
v -0.33551301 0.05145097 0.07357681
v -0.33651800 0.05145097 0.12684085
v -0.32469580 0.13703632 0.00787561
v -0.33018245 0.13702560 0.00880021
v -0.32890896 0.09426290 0.01091325
v -0.32455995 0.09424365 0.00994723
v -0.32811503 0.05147209 0.01169569
v -0.32455577 0.05145097 0.01001030
v -0.32836888 -0.16209151 0.01181571
v -0.32460996 -0.16251242 0.00918374
v -0.32841765 -0.11975895 0.01098251
v -0.32456878 -0.11971977 0.00981243
v -0.32899391 -0.07692761 0.01116065
v -0.32455825 -0.07692707 0.00997286
v -0.33353719 0.13703438 0.01143354
v -0.33191656 0.09427522 0.01309468
v -0.33144425 0.05150248 0.01392276
v -0.33185375 -0.16238989 0.01343409
v -0.33214078 -0.11972439 0.01282127
v -0.33221624 -0.07695657 0.01349133
v 0.32751427 -0.16251244 0.00127173
v 0.33480007 -0.16251244 0.00431234
v 0.32742007 -0.11971976 0.00270685
v 0.33434254 -0.11971976 0.00570788
v 0.32745807 -0.07692708 0.00212789
v 0.33445483 -0.07692708 0.00536545
v 0.32752352 0.13703632 0.00113039
v 0.33504287 0.13703632 0.00357166
v 0.33479598 0.09424367 0.00432485
v 0.32742064 0.09424367 0.00269771
v 0.33468220 0.05145097 0.00467175
v 0.32745849 0.05145097 0.00212140
v 0.33876967 -0.16251244 0.00821107
v 0.33765341 -0.11971976 0.00941997
v 0.33725740 -0.07692708 0.00984894
v 0.34048474 0.13703632 0.00635371
v 0.33902358 0.09424367 0.00793607
v 0.33834267 0.05145097 0.00867358
v 0.31612825 0.13489780 0.26940196
v 0.33031064 0.13257096 0.26840860
v 0.31869086 0.09402511 0.26650003
v 0.33150715 0.09366155 0.26719923
v 0.32333028 0.05145126 0.26782819
v 0.33276200 0.05145221 0.26755929
v 0.32603388 -0.16250519 0.27261715
v 0.33354981 -0.16249884 0.26911022
v 0.32504596 -0.12013192 0.27144278
v 0.33366671 -0.11979779 0.26929619
v 0.32442373 -0.07692453 0.27026697
v 0.33332593 -0.07692606 0.26894232
v 0.33674052 0.13191414 0.26642026
v 0.33624066 0.09355890 0.26577699
v 0.33628992 0.05145113 0.26590884
v 0.33691479 -0.16249919 0.26665724
v 0.33688930 -0.11973712 0.26641286
v 0.33698355 -0.07692691 0.26671931
v -0.32534838 -0.16251244 0.27892977
v -0.33401268 -0.16251244 0.27742293
v -0.33353130 -0.11971976 0.27595456
v -0.32513985 -0.11971976 0.27575185
v -0.33328834 -0.07692708 0.27521342
v -0.32509283 -0.07692708 0.27503541
v -0.33292277 0.13703632 0.27409824
v -0.32516373 0.13703632 0.27611605
v -0.33246021 0.09424367 0.27268735
v -0.32505266 0.09424367 0.27442287
v -0.33289986 0.05145097 0.27402832
v -0.32506353 0.05145097 0.27458860
v -0.34167922 -0.16251244 0.27438468
v -0.33928374 -0.11971976 0.27179044
v -0.33907904 -0.07692708 0.27156876
v -0.33807909 0.13703632 0.27048583
v -0.33691417 0.09424367 0.26922424
v -0.33805123 0.05145097 0.27045568
v 0.34337895 0.13703632 0.02053894
v 0.34282965 0.13703632 0.01233328
v 0.34128344 0.09424365 0.01292774
v 0.34256122 0.09424365 0.02060189
v 0.33978193 0.05145097 0.01350509
v 0.34039040 0.05145097 0.02076895
v 0.34178953 -0.16251242 0.02066128
v 0.34071437 -0.16251242 0.01314656
v 0.33891116 -0.11971977 0.01383997
v 0.34024222 -0.11971977 0.02078036
v 0.33820371 -0.07692707 0.01411237
v 0.33868882 -0.07692707 0.02089991
v 0.34048474 0.13703632 0.00635371
v 0.33902358 0.09424367 0.00793607
v 0.33834267 0.05145097 0.00867358
v 0.33876967 -0.16251244 0.00821107
v 0.33765341 -0.11971976 0.00941997
v 0.33725740 -0.07692708 0.00984894
v 0.34148226 -0.16250594 0.25512252
v 0.33970073 -0.16250110 0.26323365
v 0.33854707 -0.11971326 0.26251339
v 0.34025364 -0.11968979 0.25353136
v 0.34021931 -0.07692572 0.25390672
v 0.33905634 -0.07692763 0.26279150
v 0.34401255 0.13446611 0.24746080
v 0.34092621 0.13233948 0.26092220
v 0.34236305 0.09397170 0.25021949
v 0.33988856 0.09361429 0.26201603
v 0.34145849 0.05145113 0.25346084
v 0.33941029 0.05145095 0.26284339
v 0.33691479 -0.16249919 0.26665724
v 0.33688930 -0.11973712 0.26641286
v 0.33698355 -0.07692691 0.26671931
v 0.33674052 0.13191414 0.26642026
v 0.33624066 0.09355890 0.26577699
v 0.33628992 0.05145113 0.26590884
v -0.33713945 -0.16251244 0.02083562
v -0.33466262 -0.16220935 0.01585393
v -0.33651912 -0.11971976 0.02088336
v -0.33475596 -0.11972551 0.01592933
v -0.33463627 -0.07697880 0.01644992
v -0.33591364 -0.07692708 0.02092996
v -0.33817986 0.13703632 0.02075554
v -0.33655008 0.13703539 0.01498797
v -0.33509463 0.09431740 0.01629357
v -0.33627092 0.09424367 0.02090247
v -0.33461099 0.05152950 0.01663495
v -0.33633077 0.05145097 0.02089784
v -0.33185375 -0.16238989 0.01343409
v -0.33214078 -0.11972439 0.01282127
v -0.33221624 -0.07695657 0.01349133
v -0.33353719 0.13703438 0.01143354
v -0.33191656 0.09427522 0.01309468
v -0.33144425 0.05150248 0.01392276
v -0.34142622 0.13703632 0.25635620
v -0.34001170 0.13703632 0.26436211
v -0.34071594 0.09424365 0.25630152
v -0.34044934 0.09424365 0.26453044
v -0.34038702 0.05145097 0.26450647
v -0.34080206 0.05145097 0.25630812
v -0.34505492 -0.16251242 0.25663546
v -0.34450376 -0.16251242 0.26608936
v -0.34125065 -0.11971977 0.26483856
v -0.34254918 -0.11971977 0.25644260
v -0.34090145 -0.07692707 0.26470427
v -0.34165737 -0.07692707 0.25637395
v -0.33807909 0.13703632 0.27048583
v -0.33691417 0.09424367 0.26922424
v -0.33805123 0.05145097 0.27045568
v -0.34167922 -0.16251244 0.27438468
v -0.33928374 -0.11971976 0.27179044
v -0.33907904 -0.07692708 0.27156876
v 0.34721096 0.13723581 0.20666344
v 0.34884089 0.09427896 0.20665342
v 0.34870751 0.05155229 0.20670433
v 0.34535235 -0.16248148 0.20721502
v 0.34723361 -0.11972078 0.20731566
v 0.34845919 -0.07692820 0.20725792
v -0.34807219 -0.16235168 0.20997431
v -0.34961968 -0.11964102 0.20866783
v -0.35000000 -0.07686883 0.20829959
v -0.34585161 0.13707770 0.20857623
v -0.34660269 0.09432458 0.20900481
v -0.34747135 0.05146596 0.20912256
v 0.34736250 0.13725991 0.19800418
v 0.34777212 0.09430731 0.19750409
v 0.34908002 0.05162316 0.19743181
v 0.34561282 -0.16250018 0.19799163
v 0.34785613 -0.11977953 0.19755461
v 0.34949295 -0.07700224 0.19749047
v -0.34469923 -0.16222994 0.20058632
v -0.34462100 -0.11954682 0.19924869
v -0.34418034 -0.07674842 0.19864066
v -0.34265535 0.13711604 0.19886340
v -0.34308655 0.09435136 0.19892098
v -0.34310326 0.05148954 0.19926127
v 0.34423489 0.13723601 0.19254229
v 0.33909987 0.13711261 0.18522379
v 0.34454580 0.09429289 0.19230122
v 0.34042468 0.09425022 0.18566630
v 0.34512868 0.05160609 0.19255165
v 0.33856680 0.05145593 0.18554486
v 0.34072514 -0.16245840 0.19308294
v 0.33859993 -0.16250234 0.18551660
v 0.33925793 -0.11971805 0.18563762
v 0.34191211 -0.11971464 0.19318866
v 0.33809687 -0.07692717 0.18554487
v 0.34263765 -0.07690948 0.19352473
v -0.33528020 -0.16226362 0.18960069
v -0.33728787 -0.16220060 0.19724723
v -0.33826324 -0.11952232 0.19519964
v -0.33608687 -0.11954995 0.18784229
v -0.33724937 -0.07674794 0.19463228
v -0.33467871 -0.07677098 0.18743057
v -0.33538112 0.13709517 0.18712044
v -0.33676413 0.13710132 0.19455319
v -0.33766825 0.09433750 0.19453114
v -0.33583795 0.09431447 0.18690991
v -0.33284885 0.05147279 0.18799478
v -0.33639731 0.05147599 0.19542457
v 0.26231472 0.13703632 0.00273162
v 0.26231472 0.09424367 0.00289429
v 0.26231472 0.05145097 0.00212540
v 0.26231472 -0.16251244 0.00173183
v 0.26231472 -0.11971976 0.00066832
v 0.26231472 -0.07692708 0.00079369
v 0.19703416 0.13703632 0.00502158
v 0.19703416 0.09424367 0.00509499
v 0.19703416 0.05145097 0.00302321
v 0.19703416 -0.16251244 0.00114332
v 0.19703416 -0.11971976 0.00069486
v 0.19703416 -0.07692708 0.00000000
v 0.13175362 0.13703632 0.00651663
v 0.13175362 0.09424367 0.00507534
v 0.13175362 0.05145097 0.00279527
v 0.13175360 -0.16251244 0.00163180
v 0.13175360 -0.11971976 0.00131209
v 0.13175360 -0.07692708 0.00021301
v 0.06647307 0.13703632 0.00787745
v 0.06647307 0.09424367 0.00490990
v 0.06647307 0.05145097 0.00220985
v 0.06647307 -0.16251244 0.00222596
v 0.06647307 -0.11971976 0.00143763
v 0.06647307 -0.07692708 0.00058599
v -0.25992970 -0.16251242 0.00771145
v -0.25992970 -0.11971977 0.00658330
v -0.25992970 -0.07692707 0.00645177
v -0.25992970 0.13703632 0.00749270
v -0.25992970 0.09424365 0.00734864
v -0.25992970 0.05145097 0.00714096
v -0.19464914 -0.16251242 0.00596127
v -0.19464914 -0.11971977 0.00468585
v -0.19464914 -0.07692707 0.00453489
v -0.19464914 0.13703632 0.00722914
v -0.19464914 0.09424365 0.00560622
v -0.19464914 0.05145097 0.00501581
v -0.12936860 -0.16251242 0.00411325
v -0.12936859 -0.11971977 0.00309454
v -0.12936859 -0.07692707 0.00256245
v -0.12936858 0.13703632 0.00717983
v -0.12936858 0.09424365 0.00512353
v -0.12936858 0.05145097 0.00334573
v 0.26231472 -0.16251242 0.27059259
v 0.26231472 -0.11971977 0.26838331
v 0.26231472 -0.07692707 0.26748685
v 0.26231472 0.13703632 0.26691559
v 0.26231470 0.09424365 0.26500973
v 0.26231472 0.05145097 0.26474337
v 0.19703416 -0.16251242 0.26791420
v 0.19703416 -0.11971977 0.26515720
v 0.19703416 -0.07692707 0.26473654
v 0.19703416 0.13703632 0.26527404
v 0.19703415 0.09424365 0.26484818
v 0.19703416 0.05145097 0.26369487
v 0.13175362 -0.16251242 0.26850065
v 0.13175362 -0.11971977 0.26390453
v 0.13175362 -0.07692707 0.26339912
v 0.13175360 0.13703632 0.26464186
v 0.13175360 0.09424365 0.26271941
v 0.13175360 0.05145097 0.26256268
v 0.06647307 -0.16251242 0.26791494
v 0.06647306 -0.11971977 0.26470218
v 0.06647307 -0.07692707 0.26380793
v 0.06647307 0.13703632 0.26478309
v 0.06647307 0.09424365 0.26291365
v 0.06647307 0.05145097 0.26228686
v -0.25992970 0.13703632 0.27110150
v -0.25992970 0.09424367 0.27072478
v -0.25992970 0.05145097 0.27094452
v -0.25992970 -0.16251244 0.27477336
v -0.25992970 -0.11971976 0.27155516
v -0.25992970 -0.07692708 0.27093554
v -0.19464914 0.13703632 0.26917763
v -0.19464914 0.09424367 0.26823652
v -0.19464915 0.05145097 0.26823446
v -0.19464914 -0.16251244 0.27208586
v -0.19464914 -0.11971976 0.26996594
v -0.19464914 -0.07692708 0.26822415
v -0.12936859 0.13703632 0.26753967
v -0.12936859 0.09424367 0.26600615
v -0.12936859 0.05145097 0.26557097
v -0.12936859 -0.16251244 0.27034257
v -0.12936858 -0.11971976 0.26743389
v -0.12936859 -0.07692708 0.26645318
v 0.01614421 0.20264049 0.24190815
v -0.00307580 0.21501058 0.19869400
v 0.01434027 0.21460906 0.19638176
v -0.00221751 0.20366109 0.24317061
v -0.02024691 0.20322580 0.24335870
v -0.02217611 0.21512897 0.19694758
v -0.00332448 0.22015177 0.17640333
v -0.02938533 0.21976821 0.17459718
v 0.02013163 0.21956775 0.17425771
v -0.02417812 0.22377955 0.15702868
v -0.00273478 0.22500000 0.14706200
v 0.01478942 0.22326474 0.15565855
v -0.00233429 0.19764628 0.24560005
v 0.01926575 0.19759855 0.24362044
v -0.02217611 0.21512897 0.19694758
v -0.02527773 0.20373223 0.20565028
v -0.02578199 0.20510121 0.19560213
v 0.01839224 0.20175607 0.20467588
v -0.02330016 0.19836357 0.24505643
v 0.02263792 0.20955548 0.17227354
v 0.01817592 0.20278565 0.19503163
v 0.01434027 0.21460906 0.19638176
v 0.02013163 0.21956775 0.17425771
v -0.03099787 0.21111197 0.17502334
v -0.02938533 0.21976821 0.17459718
v 0.01772758 0.21454406 0.15471877
v 0.01478942 0.22326474 0.15565855
v -0.02642499 0.21854505 0.15481577
v -0.02417812 0.22377955 0.15702868
v -0.00271126 0.21976550 0.14450405
v -0.00273478 0.22500000 0.14706200
v -0.02527773 0.20373223 0.20565028
v 0.01839224 0.20175607 0.20467588
v 0.01926575 0.19759855 0.24362044
v 0.04550866 0.19644573 0.21420518
v 0.05130835 0.19562999 0.23462291
v -0.02330016 0.19836357 0.24505643
v -0.04260912 0.19585723 0.20858779
v -0.02527773 0.20373223 0.20565028
v -0.05528835 0.19571651 0.21834478
v -0.00191323 0.19482028 0.26102806
v 0.03496663 0.19526722 0.25357286
v -0.00233429 0.19764628 0.24560005
v -0.04048109 0.19446755 0.25675075
v -0.05669387 0.19530395 0.23931145
v 0.01839224 0.20175607 0.20467588
v 0.03523676 0.19564597 0.20529191
v 0.01660338 0.19395096 0.19897143
v 0.03676207 0.19374896 0.20072393
v 0.05021806 0.19353965 0.20869182
v -0.02110702 0.19567222 0.19788511
v -0.04448979 0.19273981 0.20428270
v -0.06143544 0.19129900 0.24106188
v -0.05877862 0.19273451 0.21561663
v 0.03888970 0.19036560 0.26047218
v 0.05658184 0.19234209 0.23664876
v -0.00189980 0.18944855 0.26518915
v -0.04240719 0.19116747 0.26113821
v 0.01660338 0.19395096 0.19897143
v 0.01648097 0.19818463 0.17704144
v -0.02527535 0.20000665 0.17549621
v -0.02110702 0.19567222 0.19788511
v 0.01226518 0.20153608 0.16306390
v -0.01826722 0.20251368 0.16366982
v -0.00262163 0.20312476 0.15213637
v 0.07562019 0.19423817 0.06639922
v 0.07619964 0.19411909 0.17964178
v 0.03061403 0.19493192 0.18097916
v 0.02764226 0.19285326 0.06619468
v -0.03360785 0.19290568 0.18337718
v -0.07980596 0.19358628 0.07038462
v -0.03360785 0.19289209 0.06619468
v -0.07991243 0.19381194 0.18374619
v 0.02637978 0.19995071 0.17142683
v -0.03042859 0.19980705 0.07280678
v 0.02525610 0.19911330 0.07212360
v -0.03129986 0.20063799 0.17556586
v 0.03026689 0.19049633 0.18361683
v 0.07871650 0.19062447 0.18221827
v 0.07778634 0.19058661 0.06429269
v -0.03360785 0.18993056 0.06388219
v -0.08301394 0.19038158 0.06741816
v -0.08182379 0.19122721 0.18628249
v -0.03412443 0.19072089 0.18623508
v 0.02774937 0.18984303 0.06244749
v 0.00393756 0.20607473 0.11482017
v 0.01424383 0.19936540 0.10218513
v 0.00572276 0.19936540 0.11816883
v 0.01067343 0.20607473 0.10218513
v -0.01131938 0.19936540 0.11816883
v -0.00953418 0.20607473 0.11482017
v -0.01984045 0.19936540 0.10218513
v -0.01627005 0.20607473 0.10218513
v -0.00953418 0.20607473 0.08955010
v -0.01131938 0.19936540 0.08620145
v 0.00572276 0.19936540 0.08620145
v 0.00393756 0.20607473 0.08955010
v -0.00279831 0.20607473 0.10218513
v -0.00326009 0.21885220 0.00964045
v 0.02189328 0.22064895 0.04546194
v -0.00227743 0.22054945 0.04369848
v 0.02749184 0.21997174 0.01139160
v 0.05430395 0.22011387 0.05286409
v 0.06444464 0.21989089 0.02297954
v -0.02641703 0.21985659 0.04654363
v -0.06133730 0.21703759 0.02386144
v -0.03198314 0.21827434 0.01338245
v -0.05502373 0.21887995 0.05264692
v -0.09529421 0.21467467 0.04352887
v -0.08337652 0.21689157 0.06602113
v -0.12099753 0.21244065 0.06547525
v -0.10985589 0.21513621 0.08249723
v -0.13151099 0.21362292 0.10163604
v -0.15377676 0.21127189 0.11634609
v -0.14138931 0.21101967 0.09151763
v -0.14611172 0.21257267 0.12223236
v 0.08669950 0.21917724 0.06577393
v 0.10013289 0.21679741 0.04164696
v 0.12145718 0.21521092 0.05884878
v 0.10891909 0.21793037 0.08034515
v 0.13884948 0.21393412 0.07979030
v 0.15318514 0.21327548 0.10774899
v 0.12921994 0.21674916 0.09815808
v 0.14618346 0.21525080 0.11595580
v 0.15826346 0.21327548 0.12209592
v 0.15126523 0.21525080 0.12497144
v -0.15940175 0.21127189 0.12944823
v -0.15179996 0.21257267 0.13225248
v 0.02052101 0.20533313 0.05619784
v -0.00206827 0.20489476 0.05470960
v -0.00328866 0.20305022 0.00871980
v -0.03245276 0.20310530 0.01109810
v 0.05185071 0.20526202 0.06209591
v 0.02767801 0.20390628 0.01019696
v 0.06454597 0.20464836 0.02269314
v -0.05208280 0.20418439 0.06284732
v -0.02493479 0.20446469 0.05706100
v -0.06213091 0.20287540 0.02185527
v -0.07951002 0.20371553 0.07434394
v -0.09556910 0.20223868 0.04307386
v -0.10551450 0.20311016 0.08932586
v -0.14475277 0.20117501 0.08902904
v -0.12283655 0.20173204 0.06341125
v -0.14331805 0.20118342 0.12431551
v -0.12702501 0.20194116 0.10635201
v -0.15826890 0.20116126 0.11390358
v 0.08336243 0.20530781 0.07328357
v 0.09939509 0.20382987 0.04296472
v 0.12877174 0.20474426 0.09870568
v 0.10610789 0.20510582 0.08467613
v 0.12134433 0.20362671 0.05898284
v 0.14503437 0.20389900 0.11695116
v 0.13972270 0.20338690 0.07911559
v 0.15306547 0.20289716 0.10780944
v 0.14748955 0.19876849 0.12437410
v 0.15594634 0.19817687 0.12258960
v 0.14748955 0.19876849 0.12437410
v 0.15126523 0.21525080 0.12497144
v 0.15826346 0.21327548 0.12209592
v 0.15594634 0.19817687 0.12258960
v -0.15175935 0.19671450 0.13237462
v -0.15928530 0.19642514 0.12939437
v -0.15928530 0.19642514 0.12939437
v -0.15940175 0.21127189 0.12944823
v -0.15175935 0.19671450 0.13237462
v -0.15179996 0.21257267 0.13225248
v -0.00230079 0.18924012 0.04925207
v 0.02252553 0.19001731 0.04835978
v -0.03214767 0.18793623 0.02474254
v -0.00380757 0.18724827 0.02436450
v 0.05430395 0.19041014 0.05286409
v 0.02575838 0.18784082 0.02880752
v 0.06101942 0.18940579 0.03620408
v -0.05338723 0.18948883 0.05979034
v -0.02874250 0.18907279 0.05001236
v -0.05988732 0.18871318 0.03543111
v -0.08206699 0.19053949 0.06921525
v -0.09380138 0.18980266 0.05092522
v -0.10867814 0.19108411 0.08422076
v -0.12018887 0.19102348 0.07091321
v -0.14191020 0.19133039 0.09401439
v -0.14611172 0.19031448 0.12223236
v -0.12899868 0.19044836 0.10286455
v -0.15554171 0.19105058 0.11441300
v 0.08738263 0.19143842 0.06190052
v 0.09614298 0.19086229 0.05262766
v 0.10995754 0.19228130 0.07044120
v 0.13100658 0.19273936 0.09324043
v 0.11417050 0.19204250 0.06664259
v 0.14656214 0.19205277 0.11207516
v 0.13367515 0.19217509 0.08822794
v 0.15235104 0.19185361 0.10820719
v 0.13938933 0.19206855 0.12584585
v 0.16100097 0.19176629 0.12228923
v 0.15950585 0.19237914 0.16641664
v 0.14151962 0.19214750 0.16698961
v 0.15541669 0.19785847 0.16398347
v 0.14647028 0.19876849 0.16352876
v -0.14569937 0.19041349 0.13201219
v -0.16455982 0.19040557 0.13095948
v -0.14378261 0.19138940 0.17852301
v -0.15802081 0.19723409 0.17456737
v -0.15006530 0.19757781 0.17542935
v -0.16563080 0.19105531 0.17880900
v -0.16455982 0.19040557 0.13095948
v -0.14569937 0.19041349 0.13201219
v 0.13938933 0.19206855 0.12584585
v 0.16100097 0.19176629 0.12228923
vt 0.32001072 0.38982999
vt 0.32000458 0.34736925
vt 0.26975727 0.38982791
vt 0.26975113 0.34736621
vt 0.22233167 0.76914656
vt 0.22235525 0.81161135
vt 0.27258718 0.76913834
vt 0.27260873 0.81160110
vt 0.63049662 0.25772178
vt 0.59277314 0.30811054
vt 0.63068622 0.30797833
vt 0.59258872 0.25783962
vt 0.77396941 0.69576919
vt 0.73153025 0.69572508
vt 0.77398998 0.73361862
vt 0.73149341 0.73358166
vt 0.80188000 0.25709343
vt 0.83966684 0.30741042
vt 0.83977038 0.25710577
vt 0.80180001 0.30738378
vt 0.77441025 0.90867436
vt 0.73195767 0.90870714
vt 0.77442461 0.94656277
vt 0.73193514 0.94659251
vt 0.52154207 0.56127894
vt 0.51641315 0.55550742
vt 0.51396972 0.56348467
vt 0.52400804 0.55393004
vt 0.52571464 0.56085974
vt 0.52759641 0.55405301
vt 0.52034390 0.56444609
vt 0.51416856 0.56618130
vt 0.52388513 0.56355536
vt 0.52449596 0.18304372
vt 0.52328032 0.17577887
vt 0.51731718 0.18135250
vt 0.51695335 0.17405391
vt 0.52321786 0.17323178
vt 0.51762879 0.17178977
vt 0.52646697 0.18334913
vt 0.52559268 0.17603713
vt 0.52520823 0.17387450
vt 0.01312242 0.18008167
vt 0.01920859 0.17819673
vt 0.01443026 0.17338151
vt 0.02154856 0.17218024
vt 0.00954738 0.18017995
vt 0.01109096 0.17360288
vt 0.02167770 0.16847402
vt 0.01465062 0.17011803
vt 0.01182483 0.17093593
vt 0.01393623 0.56461620
vt 0.02005315 0.56530392
vt 0.01873301 0.55939710
vt 0.01286721 0.55828202
vt 0.01990453 0.56905526
vt 0.01407050 0.56787860
vt 0.01048726 0.56454849
vt 0.00852756 0.55692703
vt 0.01139537 0.56729949
vt 0.01535477 0.97886521
vt 0.01626595 0.98654521
vt 0.02342114 0.97963804
vt 0.02526401 0.98747069
vt 0.01656934 0.99045229
vt 0.02554587 0.99225521
vt 0.01080090 0.97911018
vt 0.01225736 0.98628998
vt 0.01315009 0.98954421
vt 0.52459848 0.96885246
vt 0.51526421 0.97226757
vt 0.52367598 0.97833323
vt 0.51376981 0.98214507
vt 0.53258079 0.96624905
vt 0.53126884 0.97603017
vt 0.51474965 0.98758346
vt 0.52387995 0.98533571
vt 0.53046942 0.98268932
vt 0.52665555 0.59622467
vt 0.51437145 0.59455609
vt 0.51874799 0.60432589
vt 0.52796131 0.60633588
vt 0.52663201 0.59176821
vt 0.51448321 0.58927041
vt 0.53126991 0.59645224
vt 0.53226304 0.60631537
vt 0.53048992 0.59283006
vt 0.01584879 0.59348905
vt 0.02390492 0.60153908
vt 0.02466646 0.59277880
vt 0.01481667 0.60245538
vt 0.01150197 0.59354961
vt 0.00922555 0.60220528
vt 0.02450247 0.58781803
vt 0.01627312 0.58923042
vt 0.01273704 0.58999610
vt 0.55976564 0.05351937
vt 0.55158651 0.05653793
vt 0.55823022 0.06260258
vt 0.55085152 0.06411231
vt 0.54799908 0.05723691
vt 0.54762709 0.06370533
vt 0.55997264 0.05018628
vt 0.55196881 0.05211520
vt 0.54872686 0.05366188
vt 0.55779868 0.56433225
vt 0.55689472 0.55807900
vt 0.55165720 0.56375521
vt 0.55094999 0.55806267
vt 0.55192167 0.56669784
vt 0.55725753 0.56762648
vt 0.54757380 0.55785453
vt 0.54862022 0.56347334
vt 0.54931420 0.56603986
vt 0.72510278 0.55994141
vt 0.72662175 0.55120981
vt 0.71730494 0.55178583
vt 0.71621746 0.56185603
vt 0.73219341 0.55977637
vt 0.73219645 0.55035192
vt 0.72553527 0.56774437
vt 0.71663982 0.56907880
vt 0.73199153 0.56690085
vt 0.72988528 0.05192763
vt 0.72301084 0.05992943
vt 0.73081386 0.06123734
vt 0.72223705 0.05106467
vt 0.72969353 0.04791081
vt 0.72268391 0.04645848
vt 0.73378211 0.05211109
vt 0.73548460 0.06098104
vt 0.73289651 0.04871750
vt 0.55566990 0.76884007
vt 0.55652779 0.77518350
vt 0.56267858 0.76951146
vt 0.56399250 0.77613670
vt 0.55666620 0.77860689
vt 0.56426412 0.78048563
vt 0.55202103 0.76954937
vt 0.55330020 0.77504206
vt 0.55392027 0.77772641
vt 0.94872290 0.76839626
vt 0.94306719 0.76987427
vt 0.94766307 0.77435535
vt 0.94114947 0.77541310
vt 0.95075023 0.77414113
vt 0.95190233 0.76835430
vt 0.94103682 0.77862531
vt 0.94742531 0.77741998
vt 0.95005840 0.77674657
vt 0.94681960 0.59903824
vt 0.93672782 0.59751201
vt 0.93848157 0.60638094
vt 0.94785887 0.60894227
vt 0.94690669 0.59476316
vt 0.93710411 0.59311497
vt 0.95117664 0.59923804
vt 0.95278174 0.60885316
vt 0.95044684 0.59578502
vt 0.56556380 0.60168052
vt 0.57233971 0.61065912
vt 0.57572007 0.60033166
vt 0.56280053 0.61160827
vt 0.55697978 0.60107887
vt 0.55476594 0.60989141
vt 0.56604344 0.59375250
vt 0.57600600 0.59305561
vt 0.55944270 0.59506142
vt 0.76626182 0.05117536
vt 0.76017463 0.05237556
vt 0.76480943 0.05721849
vt 0.75898266 0.05936056
vt 0.75696450 0.05254775
vt 0.75538808 0.05943954
vt 0.76617575 0.04790783
vt 0.76038682 0.04910493
vt 0.75777012 0.04976398
vt 0.76685119 0.56313205
vt 0.76549613 0.55616134
vt 0.76069534 0.56131482
vt 0.75918865 0.55532604
vt 0.76078850 0.56402171
vt 0.76687372 0.56589532
vt 0.75686407 0.55546027
vt 0.75806326 0.56119800
vt 0.75850910 0.56327045
vt 0.93628204 0.56347132
vt 0.93687958 0.55524194
vt 0.92967725 0.55591023
vt 0.92895770 0.56410170
vt 0.94013071 0.56318533
vt 0.94113719 0.55531883
vt 0.93600219 0.56738770
vt 0.92899048 0.56850076
vt 0.93933123 0.56660151
vt 0.93626672 0.05340356
vt 0.92803317 0.06367975
vt 0.93766367 0.06570303
vt 0.92642200 0.05182511
vt 0.93615389 0.04870623
vt 0.92656136 0.04669017
vt 0.94063193 0.05352449
vt 0.94255066 0.06571531
vt 0.93955261 0.04968607
vt 0.55778950 0.98039442
vt 0.55959749 0.98692542
vt 0.56394434 0.98223013
vt 0.56695157 0.98840958
vt 0.56006801 0.98941815
vt 0.56750810 0.99059272
vt 0.55513179 0.98052770
vt 0.55695826 0.98668045
vt 0.55785722 0.98894662
vt 0.94821763 0.97816414
vt 0.93940407 0.98023558
vt 0.94574952 0.98604190
vt 0.93845797 0.98842597
vt 0.94956440 0.98622644
vt 0.95123404 0.97808933
vt 0.93889672 0.99137884
vt 0.94584173 0.98971844
vt 0.94910419 0.98979634
vt 0.94915235 0.80949175
vt 0.94191110 0.80868512
vt 0.94263572 0.81552362
vt 0.94978577 0.81658137
vt 0.94894838 0.80574864
vt 0.94198388 0.80446029
vt 0.95286673 0.80982178
vt 0.95408034 0.81671977
vt 0.95214218 0.80663109
vt 0.55638021 0.80926627
vt 0.56476426 0.81641841
vt 0.56530857 0.80808860
vt 0.55595279 0.81721890
vt 0.55222607 0.80973673
vt 0.55122161 0.81697905
vt 0.55629617 0.80502194
vt 0.56469566 0.80263174
vt 0.55281228 0.80630314
vt 0.52402759 0.38985974
vt 0.52060932 0.34737647
vt 0.52060628 0.38984847
vt 0.52403373 0.34734875
vt 0.52690464 0.38983512
vt 0.52679801 0.34734464
vt 0.26978084 0.17236775
vt 0.21949974 0.17770576
vt 0.26977164 0.17772627
vt 0.21950792 0.17227864
vt 0.26979113 0.16891479
vt 0.21952024 0.16877532
vt 0.01857210 0.38985354
vt 0.01284773 0.34737337
vt 0.01271961 0.38984948
vt 0.01858439 0.34737855
vt 0.00880122 0.38983613
vt 0.00901031 0.34736621
vt 0.32003227 0.56468076
vt 0.26974908 0.55953854
vt 0.26975933 0.56487143
vt 0.32001480 0.55947810
vt 0.26978394 0.56816041
vt 0.32006094 0.56764489
vt 0.27260667 0.98660153
vt 0.32288879 0.98633611
vt 0.27260256 0.98133332
vt 0.32288468 0.97982049
vt 0.27262101 0.99015713
vt 0.32290006 0.98985785
vt 0.52127761 0.76922750
vt 0.52822983 0.81147707
vt 0.52844512 0.76899892
vt 0.52145594 0.81147504
vt 0.53130472 0.81148732
vt 0.53133649 0.76900613
vt 0.27247956 0.59329331
vt 0.22220048 0.59922272
vt 0.27248979 0.59916329
vt 0.22218819 0.59346342
vt 0.27247342 0.58961380
vt 0.22221279 0.58949995
vt 0.01496528 0.76916808
vt 0.01500218 0.81164110
vt 0.02123697 0.76916808
vt 0.02125747 0.81164211
vt 0.00990407 0.76917523
vt 0.01002706 0.81167078
vt 0.55045801 0.30825597
vt 0.55056250 0.35852790
vt 0.55486834 0.30824476
vt 0.55539829 0.35850847
vt 0.54752970 0.30826217
vt 0.54758298 0.35853308
vt 0.68879074 0.55904555
vt 0.68872619 0.56477302
vt 0.68889123 0.56897020
vt 0.72976124 0.30806643
vt 0.72469175 0.25782323
vt 0.72382772 0.30803359
vt 0.73006767 0.25781405
vt 0.73345822 0.30808389
vt 0.73374009 0.25783145
vt 0.62961513 0.05184263
vt 0.59184051 0.05701959
vt 0.62971348 0.05687714
vt 0.59173387 0.05164480
vt 0.62957513 0.04893166
vt 0.59162420 0.04815376
vt 0.73146158 0.77618182
vt 0.77401143 0.77614182
vt 0.73145652 0.77112061
vt 0.77400327 0.77113497
vt 0.73146677 0.77950168
vt 0.77401972 0.77947497
vt 0.94341773 0.63751495
vt 0.94912565 0.63765121
vt 0.95357710 0.63755286
vt 0.73130995 0.59477234
vt 0.77389467 0.60007340
vt 0.77394277 0.59438491
vt 0.73133039 0.60172564
vt 0.73130071 0.59154475
vt 0.77394897 0.59140229
vt 0.55578059 0.69499326
vt 0.56155521 0.73287344
vt 0.56169355 0.69499636
vt 0.55543727 0.73290014
vt 0.55139381 0.69497895
vt 0.55070090 0.73298723
vt 0.75880945 0.30735916
vt 0.75881863 0.35764748
vt 0.76413608 0.30735409
vt 0.76406121 0.35764241
vt 0.75536042 0.30736333
vt 0.75548345 0.35765570
vt 0.89694744 0.55880368
vt 0.89703244 0.56484270
vt 0.89723849 0.56987113
vt 0.93711323 0.30755395
vt 0.93233794 0.25724107
vt 0.93287921 0.30752623
vt 0.93696570 0.25726253
vt 0.93933743 0.30756116
vt 0.93973815 0.25726771
vt 0.83953780 0.05056345
vt 0.80172420 0.05616373
vt 0.83956641 0.05608791
vt 0.80165857 0.05042297
vt 0.83955008 0.04699349
vt 0.80157763 0.04630470
vt 0.73185205 0.98732108
vt 0.77440095 0.98740512
vt 0.73190850 0.98404324
vt 0.77443689 0.98403406
vt 0.73185414 0.99049640
vt 0.77442044 0.99053842
vt 0.94401324 0.84841740
vt 0.95031261 0.84773278
vt 0.95583302 0.84752774
vt 0.77455574 0.80611658
vt 0.73198122 0.81165338
vt 0.77453727 0.81187475
vt 0.73196691 0.80573940
vt 0.77458137 0.80133927
vt 0.73198122 0.80079710
vt 0.55678916 0.90816599
vt 0.56220186 0.94605649
vt 0.56218749 0.90818346
vt 0.55671841 0.94609541
vt 0.55308396 0.90816909
vt 0.55263293 0.94617742
vt 0.72321177 0.35826141
vt 0.68981159 0.30787379
vt 0.68978697 0.35821635
vt 0.77374601 0.63521600
vt 0.73138475 0.63518113
vt 0.93249172 0.35784733
vt 0.89728975 0.35781556
vt 0.89738101 0.30754781
vt 0.73197615 0.84638184
vt 0.77437335 0.84637570
vt 0.68273944 0.55906296
vt 0.68269646 0.56491756
vt 0.68280095 0.56934226
vt 0.69090521 0.05677563
vt 0.69155920 0.05010325
vt 0.69159192 0.04437882
vt 0.94339007 0.64395779
vt 0.94906527 0.64404178
vt 0.95350426 0.64407158
vt 0.56184632 0.63757646
vt 0.55591899 0.63764811
vt 0.55158955 0.63758671
vt 0.89090222 0.55886316
vt 0.89099652 0.56492269
vt 0.89097500 0.56985986
vt 0.89814562 0.05614328
vt 0.89789551 0.04971069
vt 0.89766592 0.04472113
vt 0.95005840 0.85449952
vt 0.94393325 0.85508782
vt 0.95489615 0.85550904
vt 0.56247556 0.84838974
vt 0.55596298 0.84871262
vt 0.55063528 0.84912771
vt 0.68338412 0.30784398
vt 0.68343329 0.35818869
vt 0.73116231 0.64233220
vt 0.77361685 0.64236605
vt 0.89109182 0.30747604
vt 0.89125687 0.35778689
vt 0.73224670 0.85417253
vt 0.77452701 0.85443491
vt 0.68394476 0.05006123
vt 0.68379819 0.05656046
vt 0.68314636 0.04521221
vt 0.55589843 0.64368308
vt 0.56185651 0.64368820
vt 0.55148399 0.64364213
vt 0.89157563 0.05603671
vt 0.89135426 0.04980594
vt 0.89068496 0.04499590
vt 0.56250221 0.85529077
vt 0.55624491 0.85522926
vt 0.55120724 0.85592419
vt 0.67852688 0.55908251
vt 0.67844594 0.56495649
vt 0.67843980 0.56930947
vt 0.94881517 0.64817238
vt 0.94341153 0.64811087
vt 0.95245677 0.64843172
vt 0.88663530 0.56487346
vt 0.88660663 0.55889392
vt 0.88655645 0.56899071
vt 0.94949782 0.85947669
vt 0.94389945 0.86000454
vt 0.95273352 0.86068612
vt 0.67259032 0.30784398
vt 0.67266726 0.35811287
vt 0.67822146 0.30783069
vt 0.67838234 0.35810667
vt 0.73151386 0.65422267
vt 0.77359128 0.64719456
vt 0.73116231 0.64668417
vt 0.77390081 0.65409350
vt 0.88138044 0.30743295
vt 0.88691002 0.35777152
vt 0.88672042 0.30744022
vt 0.88141733 0.35775506
vt 0.73223031 0.86530250
vt 0.77455270 0.86024845
vt 0.73225588 0.85991228
vt 0.77451777 0.86569715
vt 0.67825222 0.05060750
vt 0.67260367 0.05117941
vt 0.67817229 0.05643743
vt 0.67226547 0.05656964
vt 0.67238021 0.04853606
vt 0.67758596 0.04755008
vt 0.55582774 0.64798582
vt 0.56182986 0.65324998
vt 0.56185240 0.64795816
vt 0.55582672 0.65337098
vt 0.55151677 0.64793974
vt 0.55125850 0.65335453
vt 0.88130975 0.05039424
vt 0.88665789 0.05599159
vt 0.88660663 0.05016881
vt 0.88131177 0.05593419
vt 0.88105756 0.04703349
vt 0.88608086 0.04629552
vt 0.55703312 0.86603737
vt 0.56246328 0.86007524
vt 0.55671948 0.86027718
vt 0.56241924 0.86589694
vt 0.55342424 0.86628133
vt 0.55274260 0.86070663
vt 0.63148570 0.55919313
vt 0.59363621 0.55930179
vt 0.63148874 0.56490517
vt 0.59361982 0.56506717
vt 0.63148773 0.56917310
vt 0.59356654 0.56946218
vt 0.94350797 0.69499326
vt 0.94379187 0.73292065
vt 0.94858456 0.69497478
vt 0.94943833 0.73291957
vt 0.95177621 0.69495940
vt 0.95346743 0.73293394
vt 0.83939016 0.55872166
vt 0.80157655 0.55860686
vt 0.83931327 0.56462437
vt 0.80144227 0.56451571
vt 0.83927435 0.56879079
vt 0.80123121 0.56883383
vt 0.94392920 0.90832996
vt 0.94414753 0.94623685
vt 0.94874847 0.90836483
vt 0.94950491 0.94629425
vt 0.95144415 0.90839356
vt 0.95294368 0.94634449
vt 0.67318273 0.55911118
vt 0.67311001 0.56494927
vt 0.67306286 0.56945705
vt 0.94840413 0.65329301
vt 0.94333678 0.65325409
vt 0.95154256 0.65342325
vt 0.88108933 0.56478024
vt 0.88114673 0.55880988
vt 0.88112825 0.56882256
vt 0.94877827 0.86541116
vt 0.94383800 0.86596358
vt 0.95141548 0.86564791
vt 0.06872508 0.38984227
vt 0.06871996 0.34738463
vt 0.11898568 0.34738153
vt 0.11898568 0.38984019
vt 0.16924527 0.38983101
vt 0.16924424 0.34737647
vt 0.21950178 0.38982582
vt 0.21949974 0.34736925
vt 0.47081715 0.34738261
vt 0.47082639 0.38984847
vt 0.42055348 0.38984430
vt 0.42055142 0.34738362
vt 0.37027234 0.34737647
vt 0.37028363 0.38984019
vt 0.47363064 0.76905024
vt 0.47363269 0.81151915
vt 0.42335466 0.76909018
vt 0.42336389 0.81154883
vt 0.37308997 0.76911783
vt 0.37310842 0.81157142
vt 0.32283753 0.76913011
vt 0.32285601 0.81158781
vt 0.07151091 0.76917624
vt 0.07151809 0.81163698
vt 0.12180329 0.76917320
vt 0.12180431 0.81162983
vt 0.17207414 0.76916498
vt 0.17208645 0.81162161
vt 0.63132066 0.50909859
vt 0.59345686 0.50921136
vt 0.63108897 0.45882368
vt 0.59324259 0.45894867
vt 0.63091069 0.40854049
vt 0.59309196 0.40868086
vt 0.63081741 0.35825223
vt 0.59292489 0.35838544
vt 0.59204859 0.10702091
vt 0.62992978 0.10684049
vt 0.59215719 0.15727639
vt 0.62998408 0.15713292
vt 0.59232324 0.20756155
vt 0.63014197 0.20744169
vt 0.83949363 0.50854307
vt 0.80163711 0.50846827
vt 0.83948445 0.45826304
vt 0.80162680 0.45822716
vt 0.83957976 0.40799111
vt 0.80167496 0.40795732
vt 0.83963615 0.35771304
vt 0.80173439 0.35767412
vt 0.80181128 0.10626763
vt 0.83965254 0.10621226
vt 0.80188102 0.15653741
vt 0.83975601 0.15651995
vt 0.83980221 0.20681441
vt 0.80190659 0.20681232
vt 0.47082433 0.17796916
vt 0.47087762 0.17319596
vt 0.42057911 0.17788923
vt 0.42060164 0.17296332
vt 0.37030926 0.17781132
vt 0.37032771 0.17270607
vt 0.32003739 0.17775595
vt 0.32005274 0.17245185
vt 0.06875174 0.17771906
vt 0.06865846 0.17190862
vt 0.11894675 0.17203981
vt 0.11897134 0.17769963
vt 0.16922785 0.17210746
vt 0.16923092 0.17768735
vt 0.47093093 0.17051572
vt 0.42062727 0.17003191
vt 0.37035128 0.16963118
vt 0.32007122 0.16913301
vt 0.06858364 0.16774011
vt 0.11894264 0.16802305
vt 0.16924323 0.16835207
vt 0.06871689 0.55955189
vt 0.06863899 0.56546074
vt 0.11891498 0.56531829
vt 0.11894161 0.55956829
vt 0.16920634 0.56513894
vt 0.16920531 0.55959290
vt 0.21948846 0.56502414
vt 0.21947822 0.55959082
vt 0.47079051 0.55928540
vt 0.47082946 0.56397974
vt 0.42054117 0.55934179
vt 0.42056474 0.56420004
vt 0.37028056 0.55940020
vt 0.37030002 0.56441838
vt 0.06856417 0.56975222
vt 0.11894059 0.56940269
vt 0.16923606 0.56872213
vt 0.21950792 0.56839108
vt 0.47086328 0.56630123
vt 0.42059037 0.56668556
vt 0.37032771 0.56716526
vt 0.07153243 0.98132306
vt 0.07146581 0.98708433
vt 0.12175717 0.98702997
vt 0.12177151 0.98136300
vt 0.17203724 0.98694694
vt 0.17204134 0.98136711
vt 0.22232144 0.98680037
vt 0.22231837 0.98138964
vt 0.47294596 0.97853005
vt 0.47265387 0.98549253
vt 0.42338744 0.97865814
vt 0.42336595 0.98589844
vt 0.37316272 0.97962981
vt 0.37316373 0.98618847
vt 0.07144839 0.99121487
vt 0.12176126 0.99105394
vt 0.17205569 0.99080795
vt 0.22234090 0.99049842
vt 0.47268155 0.98867607
vt 0.42337823 0.98929203
vt 0.37317502 0.98956674
vt 0.47333547 0.60031629
vt 0.47328830 0.59324622
vt 0.42333111 0.59920323
vt 0.42335162 0.59289873
vt 0.37305614 0.59317547
vt 0.37306640 0.60114652
vt 0.32278219 0.59907407
vt 0.32277501 0.59323907
vt 0.07140123 0.59932208
vt 0.07134384 0.59312940
vt 0.12163315 0.59928417
vt 0.12163110 0.59325230
vt 0.17191631 0.59350657
vt 0.17191423 0.59928930
vt 0.47336006 0.58891577
vt 0.42334649 0.58846474
vt 0.37301308 0.58889019
vt 0.32272992 0.58927453
vt 0.07134077 0.58865339
vt 0.12166288 0.58883893
vt 0.17194910 0.58958608
vt 0.55449736 0.10714799
vt 0.54976821 0.10712546
vt 0.55001217 0.15741378
vt 0.55461317 0.15740764
vt 0.55480278 0.20769584
vt 0.55017823 0.20770097
vt 0.55506206 0.25797701
vt 0.55040479 0.25798106
vt 0.55583286 0.50934458
vt 0.55050308 0.50938046
vt 0.55044168 0.45910043
vt 0.55565035 0.45907891
vt 0.55045593 0.40881109
vt 0.55548126 0.40879571
vt 0.54741180 0.10710090
vt 0.54777980 0.15741581
vt 0.54782999 0.20770401
vt 0.54778802 0.25798517
vt 0.54662675 0.50941122
vt 0.54685116 0.45910656
vt 0.54721302 0.40881413
vt 0.72142833 0.50852978
vt 0.72833961 0.50826836
vt 0.72251076 0.45884311
vt 0.72938091 0.45885032
vt 0.72319335 0.40855587
vt 0.72947419 0.40860605
vt 0.72953266 0.35831368
vt 0.72555482 0.10686409
vt 0.73115307 0.10683024
vt 0.73138368 0.15717494
vt 0.72590220 0.15715748
vt 0.73101676 0.20752054
vt 0.72568291 0.20754308
vt 0.73142987 0.50825500
vt 0.73304307 0.45889437
vt 0.73281658 0.40862453
vt 0.73316711 0.35834855
vt 0.73512888 0.10680670
vt 0.73523450 0.15718001
vt 0.73468614 0.20754111
vt 0.76415247 0.10628289
vt 0.75861466 0.10624099
vt 0.75867718 0.15651995
vt 0.76419342 0.15653634
vt 0.75883812 0.20679903
vt 0.76422626 0.20680416
vt 0.75886673 0.25707704
vt 0.76420367 0.25707501
vt 0.76394445 0.50847644
vt 0.75863516 0.50855845
vt 0.76390958 0.45822513
vt 0.75869870 0.45825076
vt 0.76397312 0.40793377
vt 0.75876021 0.40794605
vt 0.75455898 0.10620201
vt 0.75470448 0.15651900
vt 0.75517899 0.20680624
vt 0.75535119 0.25708115
vt 0.75561255 0.50864762
vt 0.75557667 0.45826709
vt 0.75562078 0.40795422
vt 0.93195367 0.50879622
vt 0.93689603 0.50879419
vt 0.93245381 0.45848340
vt 0.93741250 0.45849156
vt 0.93731523 0.40817559
vt 0.93246919 0.40813768
vt 0.93715930 0.35787094
vt 0.93239850 0.10658944
vt 0.93823349 0.10672265
vt 0.93282080 0.15678853
vt 0.93775076 0.15674651
vt 0.93692160 0.20701224
vt 0.93094510 0.20700610
vt 0.94006920 0.50880337
vt 0.94080621 0.45850390
vt 0.94031620 0.40817970
vt 0.93993390 0.35787606
vt 0.94204944 0.10677999
vt 0.94126534 0.15674955
vt 0.94006109 0.20702142
vt 0.69109893 0.10704035
vt 0.69148636 0.15734094
vt 0.69188923 0.20723671
vt 0.69017243 0.25754446
vt 0.68912077 0.50890899
vt 0.68966705 0.45869040
vt 0.68994081 0.40844214
vt 0.89770389 0.10637414
vt 0.89748144 0.15650052
vt 0.89759618 0.20687389
vt 0.89747119 0.25723392
vt 0.89711964 0.50864971
vt 0.89668810 0.45830911
vt 0.89723849 0.40810078
vt 0.68370801 0.10692245
vt 0.68387502 0.15737277
vt 0.68462640 0.20731354
vt 0.68337083 0.25751066
vt 0.68330836 0.50893557
vt 0.68354505 0.45866579
vt 0.68349689 0.40834165
vt 0.89112568 0.10630453
vt 0.89138395 0.15654254
vt 0.89153051 0.20686978
vt 0.89142805 0.25717545
vt 0.89110315 0.50866812
vt 0.89068085 0.45833272
vt 0.89119536 0.40804857
vt 0.67245305 0.10672569
vt 0.67812306 0.10676563
vt 0.67230433 0.15723646
vt 0.67787093 0.15732354
vt 0.67328423 0.20730841
vt 0.67862326 0.20733202
vt 0.67827576 0.25757724
vt 0.67254835 0.25753832
vt 0.67331809 0.50895303
vt 0.67891532 0.50894892
vt 0.67312843 0.45867914
vt 0.67884767 0.45867914
vt 0.67271847 0.40838778
vt 0.67835778 0.40832323
vt 0.88131684 0.10614359
vt 0.88661277 0.10618353
vt 0.88151467 0.15648925
vt 0.88700229 0.15651995
vt 0.88159466 0.20681852
vt 0.88706994 0.20684314
vt 0.88155574 0.25713348
vt 0.88704532 0.25714576
vt 0.88126463 0.50862300
vt 0.88677067 0.50864661
vt 0.88110572 0.45832658
vt 0.88647032 0.45833886
vt 0.88135278 0.40804029
vt 0.88686705 0.40804857
vt 0.26975727 0.51728594
vt 0.32001585 0.51727664
vt 0.26976240 0.47478420
vt 0.32001686 0.47477394
vt 0.26976037 0.43228763
vt 0.32001585 0.43229580
vt 0.26975831 0.21997482
vt 0.32001686 0.21998304
vt 0.26975521 0.26244265
vt 0.32000971 0.26244581
vt 0.26975423 0.30490446
vt 0.32000458 0.30491060
vt 0.22226095 0.64168239
vt 0.27252671 0.64164853
vt 0.22230400 0.68421173
vt 0.27255642 0.68420053
vt 0.22232041 0.72668374
vt 0.27256772 0.72667044
vt 0.22236960 0.93900889
vt 0.27263227 0.93898326
vt 0.22238190 0.89652765
vt 0.27263227 0.89651227
vt 0.22236960 0.85406899
vt 0.27262309 0.85405672
vt 0.60420042 0.69519722
vt 0.60409069 0.73300982
vt 0.64666104 0.69538784
vt 0.64653605 0.73326707
vt 0.68908799 0.69560105
vt 0.68900394 0.73346692
vt 0.90146029 0.73309898
vt 0.90135878 0.69523311
vt 0.85887653 0.69549751
vt 0.85898834 0.73336238
vt 0.81642199 0.69571996
vt 0.81649274 0.73355097
vt 0.60453147 0.90846324
vt 0.60448539 0.94626963
vt 0.64703524 0.90861905
vt 0.64695013 0.94646543
vt 0.68949598 0.90872359
vt 0.68943959 0.94657612
vt 0.90183645 0.94623786
vt 0.90183544 0.90839559
vt 0.85939318 0.94638240
vt 0.85935009 0.90848577
vt 0.81691498 0.94650131
vt 0.81688011 0.90864468
vt 0.52064008 0.51725823
vt 0.52491724 0.51727569
vt 0.52402449 0.47481191
vt 0.52060318 0.47478938
vt 0.52358174 0.43233484
vt 0.52061039 0.43232048
vt 0.52402860 0.22037143
vt 0.52059603 0.22000152
vt 0.52366883 0.26239455
vt 0.52060521 0.26244169
vt 0.52413517 0.30490446
vt 0.52061450 0.30490553
vt 0.52810168 0.51728177
vt 0.52681440 0.47479755
vt 0.52659202 0.43235737
vt 0.52694654 0.22004658
vt 0.52681547 0.26242524
vt 0.52711165 0.30487889
vt 0.01861412 0.22002709
vt 0.01259662 0.21991020
vt 0.01860079 0.26243961
vt 0.01283748 0.26241189
vt 0.01857722 0.30490446
vt 0.01272679 0.30489731
vt 0.01856389 0.51721209
vt 0.01250745 0.51730436
vt 0.01280366 0.47481084
vt 0.01860797 0.47478420
vt 0.01272679 0.43232757
vt 0.01857517 0.43231732
vt 0.00847631 0.21981490
vt 0.00916918 0.26240480
vt 0.00888834 0.30488497
vt 0.00788491 0.51737916
vt 0.00867105 0.47480673
vt 0.00872845 0.43232149
vt 0.51513094 0.93682265
vt 0.52608359 0.93450117
vt 0.51705790 0.89621812
vt 0.52693021 0.89586043
vt 0.52065748 0.85395527
vt 0.52791929 0.85395730
vt 0.52259874 0.64157271
vt 0.52891248 0.64156556
vt 0.52190691 0.68361217
vt 0.52870542 0.68395859
vt 0.52146721 0.72651052
vt 0.52838361 0.72651565
vt 0.53123504 0.93381852
vt 0.53071022 0.89575177
vt 0.53087318 0.85396856
vt 0.53203958 0.64154607
vt 0.53191555 0.68402833
vt 0.53160810 0.72652900
vt 0.02102173 0.64176130
vt 0.01425089 0.64167929
vt 0.01475517 0.68418407
vt 0.02122467 0.68421894
vt 0.01494274 0.72668171
vt 0.02125850 0.72668993
vt 0.01510468 0.93911546
vt 0.02126670 0.93904889
vt 0.01549109 0.89661479
vt 0.02134152 0.89659941
vt 0.01527277 0.85411716
vt 0.02131179 0.85411924
vt 0.00801200 0.64160752
vt 0.00944284 0.68422925
vt 0.00978825 0.72669911
vt 0.01038375 0.93916059
vt 0.01126418 0.89662606
vt 0.01056516 0.85416126
vt 0.60388577 0.77076083
vt 0.60381496 0.77661335
vt 0.64635670 0.77649647
vt 0.64636588 0.77095044
vt 0.68891174 0.77620542
vt 0.68891376 0.77101606
vt 0.90161198 0.77073109
vt 0.90164173 0.77613366
vt 0.85910308 0.77593684
vt 0.85911232 0.77089202
vt 0.81656235 0.77586716
vt 0.81656444 0.77102530
vt 0.60376477 0.78123176
vt 0.64637822 0.78044462
vt 0.68892294 0.77981323
vt 0.90167350 0.77994442
vt 0.85909998 0.77922487
vt 0.81656551 0.77898711
vt 0.90167552 0.60209769
vt 0.90175337 0.59616119
vt 0.85918301 0.59560668
vt 0.85910821 0.60213149
vt 0.81654704 0.60113728
vt 0.81657881 0.59477133
vt 0.60630465 0.60800147
vt 0.60824794 0.59807372
vt 0.64650124 0.60516948
vt 0.64675742 0.59655476
vt 0.68874359 0.60206997
vt 0.68869954 0.59521925
vt 0.90178931 0.59292328
vt 0.85923636 0.59257078
vt 0.81660652 0.59156114
vt 0.60860974 0.59299815
vt 0.64677179 0.59267837
vt 0.68867493 0.59198242
vt 0.60433871 0.98375523
vt 0.60458368 0.98779356
vt 0.64683223 0.98392129
vt 0.64681387 0.98770028
vt 0.68930739 0.98734057
vt 0.68936878 0.98400122
vt 0.90196043 0.98382908
vt 0.90200657 0.98812568
vt 0.85955507 0.98726571
vt 0.85947311 0.98384953
vt 0.81703180 0.98726469
vt 0.81695908 0.98395717
vt 0.60435104 0.99055380
vt 0.64680868 0.99068803
vt 0.68932587 0.99015301
vt 0.90203017 0.99155307
vt 0.85948229 0.99061012
vt 0.81700516 0.99036926
vt 0.90208858 0.81347066
vt 0.90217984 0.80767655
vt 0.85960734 0.81288332
vt 0.85966271 0.80702984
vt 0.81712407 0.80640459
vt 0.81708717 0.81224072
vt 0.60422295 0.81280851
vt 0.60407430 0.80610120
vt 0.64673799 0.80588084
vt 0.64680976 0.81194139
vt 0.68935859 0.80558980
vt 0.68939960 0.81153244
vt 0.90227616 0.80311245
vt 0.85972208 0.80277932
vt 0.81715995 0.80183744
vt 0.60390931 0.79983258
vt 0.64669085 0.80070686
vt 0.68934113 0.80051422
vt 0.60404766 0.63710189
vt 0.64665294 0.63657200
vt 0.68900496 0.63574481
vt 0.90103906 0.63626653
vt 0.85864699 0.63541269
vt 0.81626517 0.63482338
vt 0.60503060 0.84590632
vt 0.64728636 0.84632242
vt 0.68959534 0.84625375
vt 0.90167964 0.84757799
vt 0.85929269 0.84686357
vt 0.81677455 0.84611642
vt 0.60405993 0.64316344
vt 0.64666831 0.64319110
vt 0.68897939 0.64228302
vt 0.90101647 0.64283645
vt 0.85865414 0.64238036
vt 0.81630415 0.64167827
vt 0.60507667 0.85278678
vt 0.64736217 0.85404235
vt 0.68973780 0.85436112
vt 0.90175545 0.85483772
vt 0.85933572 0.85464299
vt 0.81682789 0.85377073
vt 0.60407221 0.64750719
vt 0.60430288 0.65379530
vt 0.64669389 0.64773369
vt 0.64676976 0.65350521
vt 0.68899369 0.64684302
vt 0.68919867 0.65386599
vt 0.90107900 0.64789259
vt 0.90115798 0.65351033
vt 0.85872489 0.65367019
vt 0.85869825 0.64791715
vt 0.81632566 0.65400946
vt 0.81630313 0.64751744
vt 0.60497934 0.86402029
vt 0.60508490 0.85865462
vt 0.64734679 0.85973495
vt 0.64731395 0.86525846
vt 0.68974090 0.86030686
vt 0.68971527 0.86568689
vt 0.90182823 0.86557513
vt 0.90179437 0.86024946
vt 0.85935527 0.85997784
vt 0.85934907 0.86570323
vt 0.81684226 0.86519897
vt 0.81683606 0.85946023
vt 0.06876301 0.51719159
vt 0.06874149 0.47475445
vt 0.06872918 0.43230093
vt 0.06878453 0.22005272
vt 0.06875276 0.26248574
vt 0.06873430 0.30492800
vt 0.11901337 0.51723671
vt 0.11901543 0.47478318
vt 0.11899389 0.43230820
vt 0.11900517 0.22002196
vt 0.11900414 0.26247859
vt 0.11899491 0.30492908
vt 0.16926269 0.51726848
vt 0.16925859 0.47479343
vt 0.16925143 0.43230301
vt 0.16924629 0.21999222
vt 0.16925347 0.26245499
vt 0.16924937 0.30491984
vt 0.21951102 0.51727974
vt 0.21950792 0.47478116
vt 0.21950690 0.43228656
vt 0.21950077 0.21997583
vt 0.21950281 0.26244265
vt 0.21950178 0.30490959
vt 0.47079664 0.22001272
vt 0.47079155 0.26246524
vt 0.47079974 0.30491883
vt 0.47078642 0.51723266
vt 0.47080791 0.47477603
vt 0.47081509 0.43231320
vt 0.42054221 0.21998715
vt 0.42052373 0.26245809
vt 0.42052987 0.30491883
vt 0.42053604 0.51724899
vt 0.42053297 0.47477192
vt 0.42053604 0.43230820
vt 0.37027749 0.21998608
vt 0.37026417 0.26245290
vt 0.37026107 0.30491471
vt 0.37027648 0.51726645
vt 0.37027439 0.47477913
vt 0.37026930 0.43229991
vt 0.47352201 0.64164239
vt 0.47357020 0.68412256
vt 0.47361323 0.72658539
vt 0.47365421 0.93891972
vt 0.47364601 0.89644259
vt 0.47363576 0.85398394
vt 0.42327061 0.64172745
vt 0.42327780 0.68420255
vt 0.42332187 0.72664177
vt 0.42339358 0.93893307
vt 0.42339462 0.89647436
vt 0.42337927 0.85400647
vt 0.37303972 0.64164340
vt 0.37304178 0.68422306
vt 0.37306330 0.72666943
vt 0.37314120 0.93895763
vt 0.37312582 0.89648050
vt 0.37312073 0.85402596
vt 0.32279041 0.64168549
vt 0.32280576 0.68420458
vt 0.32281604 0.72666943
vt 0.32288569 0.93898940
vt 0.32287955 0.89650410
vt 0.32287034 0.85404336
vt 0.07160214 0.93899351
vt 0.07155909 0.89655328
vt 0.07152320 0.85409975
vt 0.07147093 0.64178491
vt 0.07152116 0.68427944
vt 0.07151295 0.72672069
vt 0.12184531 0.93901604
vt 0.12184326 0.89654714
vt 0.12181763 0.85408747
vt 0.12173461 0.64176238
vt 0.12177765 0.68424767
vt 0.12180431 0.72671962
vt 0.17210387 0.93902326
vt 0.17211412 0.89654404
vt 0.17210387 0.85408133
vt 0.17199829 0.64172649
vt 0.17205262 0.68423945
vt 0.17206800 0.72670424
vt 0.52266145 0.07919616
vt 0.50832653 0.11219239
vt 0.52181697 0.11348182
vt 0.50895685 0.07866323
vt 0.49556181 0.07847148
vt 0.49357542 0.11326456
vt 0.50813591 0.12879467
vt 0.48805407 0.12991178
vt 0.52623242 0.13007987
vt 0.49208105 0.14303225
vt 0.50860631 0.15018952
vt 0.52210701 0.14383167
vt 0.50907987 0.07246226
vt 0.52644563 0.07538432
vt 0.44633114 0.03276849
vt 0.44476193 0.04574239
vt 0.45113409 0.04210579
vt 0.53225207 0.10336041
vt 0.49210975 0.07461661
vt 0.51802760 0.03659976
vt 0.53006983 0.04929996
vt 0.53632915 0.03872454
vt 0.52279466 0.02765393
vt 0.46330544 0.03160721
vt 0.46128932 0.02322006
vt 0.50847197 0.02780056
vt 0.50972140 0.01924330
vt 0.47485968 0.02100617
vt 0.47423857 0.01578397
vt 0.49337035 0.02017897
vt 0.49388593 0.01475906
vt 0.48525593 0.10293812
vt 0.53591615 0.05310971
vt 0.07778967 0.02705145
vt 0.10006189 0.04574662
vt 0.10303733 0.03106827
vt 0.04423783 0.02603573
vt 0.02563494 0.05013138
vt 0.04053673 0.05425680
vt 0.01738202 0.04183644
vt 0.06112393 0.01457369
vt 0.08946387 0.01902199
vt 0.06073342 0.02587992
vt 0.03148434 0.01622075
vt 0.01811486 0.02723289
vt 0.07929941 0.05497319
vt 0.09335767 0.05313551
vt 0.08188538 0.06323230
vt 0.09553570 0.05633432
vt 0.10490069 0.04934216
vt 0.03771093 0.06397337
vt 0.02243299 0.05349219
vt 0.01329246 0.02474433
vt 0.01328631 0.04346812
vt 0.09288004 0.01236594
vt 0.10787100 0.02877748
vt 0.06123155 0.00854081
vt 0.02975320 0.01181966
vt 0.52904582 0.05860960
vt 0.51573581 0.04899967
vt 0.46676150 0.04290015
vt 0.45256698 0.05227637
vt 0.50606030 0.04214269
vt 0.47690555 0.03890693
vt 0.49205735 0.03748226
vt 0.46351326 0.14974296
vt 0.46378693 0.06983352
vt 0.42904106 0.06821918
vt 0.42696142 0.15072685
vt 0.37789485 0.06567329
vt 0.34280050 0.14646715
vt 0.37804654 0.15014368
vt 0.34250528 0.06626868
vt 0.42493305 0.07530987
vt 0.38249895 0.14431173
vt 0.42347658 0.14523929
vt 0.38235855 0.07235909
vt 0.42852241 0.06335998
vt 0.46678287 0.06717277
vt 0.46625912 0.15227252
vt 0.37840223 0.15358758
vt 0.33955243 0.14928073
vt 0.34034160 0.06391245
vt 0.37795532 0.06265986
vt 0.42659450 0.15478468
vt 0.16618258 0.02164072
vt 0.17730126 0.02987212
vt 0.16936606 0.01612657
vt 0.17093423 0.02987212
vt 0.15349469 0.01612657
vt 0.15667714 0.02163970
vt 0.14555846 0.02987117
vt 0.15192443 0.02987117
vt 0.15667714 0.03810251
vt 0.15349364 0.04361671
vt 0.16936502 0.04361784
vt 0.16618153 0.03810352
vt 0.16142985 0.02987117
vt 0.16416432 0.09214813
vt 0.14511487 0.11742103
vt 0.16412066 0.11644435
vt 0.14267419 0.09337419
vt 0.11921360 0.11938667
vt 0.11563399 0.09727114
vt 0.18316750 0.11678797
vt 0.20625941 0.09598678
vt 0.18441920 0.09299272
vt 0.20604658 0.11707866
vt 0.23397553 0.10159576
vt 0.23023538 0.11989206
vt 0.25720847 0.10847896
vt 0.25410476 0.12334245
vt 0.27582181 0.12794542
vt 0.29656905 0.12670207
vt 0.27910408 0.11745834
vt 0.29389489 0.13369626
vt 0.09224874 0.12198526
vt 0.08740358 0.10224640
vt 0.06914386 0.10742718
vt 0.07196151 0.12555140
vt 0.05149499 0.11421853
vt 0.03179676 0.12407583
vt 0.05159352 0.12939042
vt 0.03307381 0.13252556
vt 0.02244367 0.12917471
vt 0.02554887 0.13422149
vt 0.30549073 0.13139784
vt 0.30192748 0.13633144
vt 0.14606889 0.13426512
vt 0.16458508 0.13383257
vt 0.16446465 0.07646102
vt 0.18620048 0.07821947
vt 0.12049676 0.13552040
vt 0.14142670 0.07809728
vt 0.11277901 0.08270037
vt 0.20557709 0.13357192
vt 0.18331954 0.13373578
vt 0.20926578 0.08229816
vt 0.22904538 0.13453567
vt 0.23772827 0.08969706
vt 0.25234357 0.13662851
vt 0.28361994 0.10813087
vt 0.26129270 0.09844911
vt 0.29075465 0.14491838
vt 0.27310634 0.14037520
vt 0.30149427 0.11722362
vt 0.09395323 0.13694203
vt 0.08361319 0.08972317
vt 0.05316080 0.14118052
vt 0.07383563 0.13874340
vt 0.06493665 0.09676999
vt 0.03480396 0.14413464
vt 0.04708637 0.10490108
vt 0.02683624 0.11463141
vt 0.02992463 0.14943135
vt 0.01534509 0.11570293
vt 0.38986292 0.03387260
vt 0.37337244 0.03145170
vt 0.37348008 0.03751427
vt 0.38828447 0.04052556
vt 0.29802859 0.15098894
vt 0.31291744 0.11871070
vt 0.22174543 0.02786577
vt 0.20791367 0.03293419
vt 0.22372663 0.03394067
vt 0.20881668 0.03918219
vt 0.16524224 0.14980805
vt 0.14596082 0.15044767
vt 0.19004723 0.06101120
vt 0.16519938 0.05738991
vt 0.12125587 0.15170836
vt 0.13870421 0.05800366
vt 0.10840224 0.06536758
vt 0.20578645 0.14830858
vt 0.18571329 0.14980859
vt 0.21510726 0.06642205
vt 0.22859415 0.14820611
vt 0.24358605 0.07740629
vt 0.25113943 0.14928198
vt 0.26757771 0.08824480
vt 0.28947595 0.09931356
vt 0.28885299 0.15561086
vt 0.27073452 0.15194416
vt 0.30576774 0.10820472
vt 0.09527963 0.15311676
vt 0.07798114 0.07603937
vt 0.07748577 0.15479219
vt 0.05539560 0.15353251
vt 0.06037315 0.08377993
vt 0.03825211 0.15580040
vt 0.03951231 0.09396553
vt 0.02189405 0.10505211
vt 0.02810105 0.15710104
vt 0.01116765 0.11003596
vt 0.42087185 0.04616177
vt 0.42216429 0.03064400
vt 0.41727325 0.04153925
vt 0.41705287 0.03564066
vt 0.29457030 0.15679944
vt 0.31796962 0.11418670
vt 0.25813019 0.04087752
vt 0.25337237 0.02964604
vt 0.25381410 0.03489691
vt 0.25831774 0.02269381
vt 0.22345197 0.02052814
vt 0.22387937 0.04198241
vt 0.39233816 0.02480179
vt 0.38843721 0.04817480
f 3/3 2/2 1/1
f 4/4 2/2 3/3
f 7/7 6/6 5/5
f 8/8 6/6 7/7
f 11/11 10/10 9/9
f 12/12 9/9 10/10
f 15/15 14/14 13/13
f 15/15 16/16 14/14
f 19/19 18/18 17/17
f 20/20 17/17 18/18
f 23/23 22/22 21/21
f 23/23 24/24 22/22
f 27/27 26/26 25/25
f 28/28 25/25 26/26
f 25/25 28/28 29/29
f 30/30 29/29 28/28
f 32/32 27/27 31/31
f 31/31 27/27 25/25
f 25/25 33/33 31/31
f 33/33 25/25 29/29
f 36/36 35/35 34/34
f 37/37 35/35 36/36
f 38/38 35/35 37/37
f 39/39 38/38 37/37
f 34/34 41/41 40/40
f 35/35 41/41 34/34
f 35/35 42/42 41/41
f 42/42 35/35 38/38
f 45/45 44/44 43/43
f 45/45 46/46 44/44
f 48/48 45/45 47/47
f 43/43 47/47 45/45
f 46/46 50/50 49/49
f 50/50 46/46 45/45
f 51/51 45/45 48/48
f 51/51 50/50 45/45
f 54/54 53/53 52/52
f 52/52 55/55 54/54
f 57/57 52/52 56/56
f 53/53 56/56 52/52
f 58/58 55/55 52/52
f 58/58 59/59 55/55
f 60/60 52/52 57/57
f 60/60 58/58 52/52
f 63/63 62/62 61/61
f 64/64 62/62 63/63
f 65/65 62/62 64/64
f 66/66 65/65 64/64
f 61/61 68/68 67/67
f 62/62 68/68 61/61
f 62/62 69/69 68/68
f 65/65 69/69 62/62
f 72/72 71/71 70/70
f 72/72 73/73 71/71
f 75/75 70/70 74/74
f 75/75 72/72 70/70
f 73/73 77/77 76/76
f 77/77 73/73 72/72
f 78/78 72/72 75/75
f 78/78 77/77 72/72
f 81/81 80/80 79/79
f 82/82 81/81 79/79
f 80/80 84/84 83/83
f 79/79 80/80 83/83
f 85/85 82/82 79/79
f 85/85 86/86 82/82
f 79/79 83/83 87/87
f 87/87 85/85 79/79
f 90/90 89/89 88/88
f 91/91 88/88 89/89
f 88/88 91/91 92/92
f 93/93 92/92 91/91
f 95/95 94/94 88/88
f 90/90 88/88 94/94
f 88/88 92/92 96/96
f 96/96 95/95 88/88
f 99/99 98/98 97/97
f 100/100 98/98 99/99
f 101/101 98/98 100/100
f 102/102 101/101 100/100
f 97/97 104/104 103/103
f 98/98 104/104 97/97
f 98/98 105/105 104/104
f 101/101 105/105 98/98
f 108/108 107/107 106/106
f 108/108 109/109 107/107
f 106/106 111/111 110/110
f 110/110 108/108 106/106
f 109/109 113/113 112/112
f 113/113 109/109 108/108
f 114/114 108/108 110/110
f 114/114 113/113 108/108
f 117/117 116/116 115/115
f 115/115 118/118 117/117
f 116/116 120/120 119/119
f 115/115 116/116 119/119
f 118/118 115/115 121/121
f 121/121 122/122 118/118
f 115/115 119/119 123/123
f 123/123 121/121 115/115
f 126/126 125/125 124/124
f 127/127 124/124 125/125
f 124/124 127/127 128/128
f 129/129 128/128 127/127
f 131/131 126/126 130/130
f 124/124 130/130 126/126
f 130/130 124/124 132/132
f 128/128 132/132 124/124
f 135/135 134/134 133/133
f 136/136 134/134 135/135
f 137/137 134/134 136/136
f 138/138 137/137 136/136
f 133/133 134/134 139/139
f 140/140 139/139 134/134
f 141/141 134/134 137/137
f 141/141 140/140 134/134
f 144/144 143/143 142/142
f 144/144 145/145 143/143
f 142/142 147/147 146/146
f 146/146 144/144 142/142
f 145/145 149/149 148/148
f 149/149 145/145 144/144
f 150/150 144/144 146/146
f 150/150 149/149 144/144
f 153/153 152/152 151/151
f 154/154 153/153 151/151
f 152/152 156/156 155/155
f 151/151 152/152 155/155
f 157/157 154/154 151/151
f 157/157 158/158 154/154
f 151/151 155/155 159/159
f 159/159 157/157 151/151
f 162/162 161/161 160/160
f 163/163 160/160 161/161
f 160/160 163/163 164/164
f 165/165 164/164 163/163
f 167/167 162/162 166/166
f 160/160 166/166 162/162
f 166/166 160/160 168/168
f 164/164 168/168 160/160
f 171/171 170/170 169/169
f 172/172 170/170 171/171
f 173/173 170/170 172/172
f 174/174 173/173 172/172
f 169/169 176/176 175/175
f 170/170 176/176 169/169
f 170/170 177/177 176/176
f 177/177 170/170 173/173
f 180/180 179/179 178/178
f 180/180 181/181 179/179
f 178/178 183/183 182/182
f 182/182 180/180 178/178
f 181/181 185/185 184/184
f 185/185 181/181 180/180
f 185/185 180/180 186/186
f 182/182 186/186 180/180
f 189/189 188/188 187/187
f 190/190 189/189 187/187
f 188/188 192/192 191/191
f 187/187 188/188 191/191
f 193/193 190/190 187/187
f 193/193 194/194 190/190
f 187/187 191/191 195/195
f 195/195 193/193 187/187
f 198/198 197/197 196/196
f 199/199 196/196 197/197
f 196/196 199/199 200/200
f 201/201 200/200 199/199
f 203/203 198/198 202/202
f 196/196 202/202 198/198
f 202/202 196/196 204/204
f 200/200 204/204 196/196
f 207/207 206/206 205/205
f 208/208 206/206 207/207
f 208/208 210/210 209/209
f 209/209 206/206 208/208
f 205/205 212/212 211/211
f 212/212 205/205 206/206
f 212/212 206/206 213/213
f 209/209 213/213 206/206
f 216/216 215/215 214/214
f 216/216 217/217 215/215
f 214/214 219/219 218/218
f 218/218 216/216 214/214
f 217/217 221/221 220/220
f 221/221 217/217 216/216
f 222/222 221/221 218/218
f 216/216 218/218 221/221
f 225/225 224/224 223/223
f 226/226 225/225 223/223
f 224/224 228/228 227/227
f 223/223 224/224 227/227
f 229/229 226/226 223/223
f 229/229 230/230 226/226
f 223/223 227/227 231/231
f 231/231 229/229 223/223
f 234/234 233/233 232/232
f 235/235 232/232 233/233
f 232/232 235/235 236/236
f 237/237 236/236 235/235
f 239/239 234/234 238/238
f 232/232 238/238 234/234
f 238/238 232/232 240/240
f 236/236 240/240 232/232
f 243/243 242/242 241/241
f 244/244 241/241 242/242
f 241/241 244/244 245/245
f 246/246 245/245 244/244
f 249/249 248/248 247/247
f 250/250 247/247 248/248
f 247/247 250/250 251/251
f 252/252 251/251 250/250
f 255/255 254/254 253/253
f 256/256 253/253 254/254
f 258/258 254/254 257/257
f 255/255 257/257 254/254
f 261/261 260/260 259/259
f 262/262 259/259 260/260
f 261/261 259/259 263/263
f 264/264 263/263 259/259
f 267/267 266/266 265/265
f 266/266 267/267 268/268
f 265/265 270/270 269/269
f 270/270 265/265 266/266
f 273/273 272/272 271/271
f 274/274 271/271 272/272
f 276/276 275/275 273/273
f 272/272 273/273 275/275
f 279/279 278/278 277/277
f 280/280 277/277 278/278
f 277/277 282/282 281/281
f 282/282 277/277 280/280
f 285/285 284/284 283/283
f 286/286 284/284 285/285
f 283/283 288/288 287/287
f 284/284 288/288 283/283
f 291/291 290/290 289/289
f 290/290 291/291 292/292
f 289/289 290/290 293/293
f 294/294 293/293 290/290
f 118/118 295/295 117/117
f 118/118 296/296 295/295
f 122/122 296/296 118/118
f 297/297 296/296 122/122
f 300/300 299/299 298/298
f 301/301 298/298 299/299
f 298/298 301/301 302/302
f 303/303 302/302 301/301
f 306/306 305/305 304/304
f 307/307 304/304 305/305
f 304/304 307/307 308/308
f 309/309 308/308 307/307
f 312/312 311/311 310/310
f 311/311 312/312 313/313
f 310/310 315/315 314/314
f 315/315 310/310 311/311
f 154/154 316/316 153/153
f 317/317 316/316 154/154
f 158/158 317/317 154/154
f 158/158 318/318 317/317
f 321/321 320/320 319/319
f 322/322 319/319 320/320
f 324/324 321/321 323/323
f 319/319 323/323 321/321
f 327/327 326/326 325/325
f 328/328 325/325 326/326
f 325/325 328/328 329/329
f 330/330 329/329 328/328
f 333/333 332/332 331/331
f 332/332 333/333 334/334
f 331/331 336/336 335/335
f 336/336 331/331 332/332
f 190/190 337/337 189/189
f 338/338 337/337 190/190
f 194/194 338/338 190/190
f 194/194 339/339 338/338
f 342/342 341/341 340/340
f 343/343 340/340 341/341
f 340/340 343/343 344/344
f 345/345 344/344 343/343
f 348/348 347/347 346/346
f 349/349 346/346 347/347
f 346/346 349/349 350/350
f 351/351 350/350 349/349
f 354/354 353/353 352/352
f 353/353 354/354 355/355
f 352/352 353/353 356/356
f 357/357 356/356 353/353
f 226/226 358/358 225/225
f 359/359 358/358 226/226
f 230/230 359/359 226/226
f 230/230 360/360 359/359
f 363/363 362/362 361/361
f 364/364 361/361 362/362
f 361/361 364/364 365/365
f 366/366 365/365 364/364
f 369/369 368/368 367/367
f 370/370 367/367 368/368
f 367/367 370/370 371/371
f 372/372 371/371 370/370
f 375/375 374/374 373/373
f 300/300 373/373 374/374
f 376/376 322/322 320/320
f 376/376 377/377 322/322
f 379/379 342/342 378/378
f 379/379 380/380 342/342
f 382/382 381/381 363/363
f 362/362 363/363 381/381
f 383/383 295/295 296/296
f 384/384 383/383 296/296
f 297/297 384/384 296/296
f 385/385 384/384 297/297
f 125/125 386/386 127/127
f 387/387 127/127 386/386
f 127/127 387/387 129/129
f 388/388 129/129 387/387
f 389/389 316/316 317/317
f 390/390 389/389 317/317
f 318/318 391/391 317/317
f 390/390 317/317 391/391
f 161/161 392/392 163/163
f 393/393 163/163 392/392
f 163/163 393/393 165/165
f 394/394 165/165 393/393
f 395/395 337/337 338/338
f 396/396 395/395 338/338
f 339/339 397/397 338/338
f 396/396 338/338 397/397
f 197/197 398/398 199/199
f 399/399 199/199 398/398
f 199/199 399/399 201/201
f 400/400 201/201 399/399
f 359/359 401/401 358/358
f 402/402 358/358 401/401
f 360/360 403/403 359/359
f 401/401 359/359 403/403
f 233/233 404/404 235/235
f 405/405 235/235 404/404
f 235/235 405/405 237/237
f 406/406 237/237 405/405
f 374/374 408/408 407/407
f 408/408 374/374 375/375
f 377/377 410/410 409/409
f 410/410 377/377 376/376
f 380/380 379/379 411/411
f 412/412 411/411 379/379
f 381/381 382/382 413/413
f 414/414 413/413 382/382
f 386/386 415/415 387/387
f 416/416 415/415 386/386
f 387/387 417/417 388/388
f 415/415 417/417 387/387
f 393/393 392/392 418/418
f 419/419 418/418 392/392
f 393/393 418/418 394/394
f 420/420 394/394 418/418
f 398/398 421/421 399/399
f 422/422 399/399 421/421
f 399/399 422/422 400/400
f 423/423 400/400 422/422
f 404/404 424/424 405/405
f 425/425 405/405 424/424
f 405/405 425/425 406/406
f 426/426 406/406 425/425
f 427/427 383/383 384/384
f 428/428 427/427 384/384
f 385/385 429/429 384/384
f 428/428 384/384 429/429
f 390/390 430/430 389/389
f 431/431 389/389 430/430
f 391/391 432/432 390/390
f 430/430 390/390 432/432
f 396/396 433/433 395/395
f 434/434 395/395 433/433
f 397/397 435/435 396/396
f 433/433 396/396 435/435
f 437/437 402/402 436/436
f 401/401 436/436 402/402
f 436/436 403/403 438/438
f 401/401 403/403 436/436
f 441/441 440/440 439/439
f 440/440 441/441 442/442
f 445/445 444/444 443/443
f 446/446 443/443 444/444
f 449/449 448/448 447/447
f 450/450 447/447 448/448
f 453/453 452/452 451/451
f 454/454 451/451 452/452
f 457/457 456/456 455/455
f 458/458 456/456 457/457
f 460/460 455/455 459/459
f 456/456 459/459 455/455
f 463/463 462/462 461/461
f 464/464 461/461 462/462
f 461/461 464/464 465/465
f 466/466 465/465 464/464
f 469/469 468/468 467/467
f 470/470 467/467 468/468
f 472/472 469/469 471/471
f 467/467 471/471 469/469
f 475/475 474/474 473/473
f 476/476 473/473 474/474
f 478/478 475/475 477/477
f 473/473 477/477 475/475
f 481/481 480/480 479/479
f 482/482 480/480 481/481
f 483/483 482/482 481/481
f 484/484 482/482 483/483
f 487/487 486/486 485/485
f 488/488 486/486 487/487
f 489/489 488/488 487/487
f 489/489 490/490 488/488
f 493/493 492/492 491/491
f 494/494 492/492 493/493
f 495/495 494/494 493/493
f 496/496 494/494 495/495
f 499/499 498/498 497/497
f 500/500 498/498 499/499
f 501/501 500/500 499/499
f 501/501 502/502 500/500
f 503/503 427/427 428/428
f 504/504 503/503 428/428
f 504/504 428/428 429/429
f 505/505 504/504 429/429
f 430/430 506/506 431/431
f 507/507 431/431 506/506
f 432/432 508/508 430/430
f 506/506 430/430 508/508
f 433/433 509/509 434/434
f 510/510 434/434 509/509
f 435/435 511/511 433/433
f 509/509 433/433 511/511
f 436/436 512/512 437/437
f 513/513 437/437 512/512
f 438/438 512/512 436/436
f 438/438 514/514 512/512
f 407/407 442/442 441/441
f 442/442 407/407 408/408
f 409/409 444/444 445/445
f 410/410 444/444 409/409
f 411/411 412/412 449/449
f 448/448 449/449 412/412
f 452/452 453/453 414/414
f 413/413 414/414 453/453
f 416/416 457/457 415/415
f 455/455 415/415 457/457
f 460/460 417/417 455/455
f 415/415 455/455 417/417
f 419/419 463/463 418/418
f 461/461 418/418 463/463
f 418/418 465/465 420/420
f 461/461 465/465 418/418
f 421/421 469/469 422/422
f 468/468 469/469 421/421
f 422/422 472/472 423/423
f 469/469 472/472 422/422
f 475/475 425/425 424/424
f 474/474 475/475 424/424
f 425/425 478/478 426/426
f 475/475 478/478 425/425
f 253/253 256/256 515/515
f 516/516 515/515 256/256
f 518/518 515/515 517/517
f 516/516 517/517 515/515
f 518/518 517/517 519/519
f 520/520 519/519 517/517
f 519/519 520/520 521/521
f 522/522 521/521 520/520
f 521/521 4/4 3/3
f 522/522 4/4 521/521
f 524/524 523/523 243/243
f 242/242 243/243 523/523
f 523/523 524/524 525/525
f 526/526 523/523 525/525
f 528/528 527/527 525/525
f 526/526 525/525 527/527
f 1/1 2/2 528/528
f 527/527 528/528 2/2
f 271/271 530/530 529/529
f 274/274 530/530 271/271
f 529/529 532/532 531/531
f 530/530 532/532 529/529
f 531/531 532/532 533/533
f 534/534 533/533 532/532
f 533/533 534/534 535/535
f 536/536 535/535 534/534
f 535/535 8/8 7/7
f 536/536 8/8 535/535
f 286/286 285/285 537/537
f 538/538 286/286 537/537
f 538/538 537/537 539/539
f 540/540 538/538 539/539
f 540/540 539/539 541/541
f 542/542 540/540 541/541
f 5/5 6/6 541/541
f 542/542 541/541 6/6
f 479/479 544/544 543/543
f 480/480 544/544 479/479
f 543/543 544/544 545/545
f 546/546 545/545 544/544
f 545/545 546/546 547/547
f 548/548 547/547 546/546
f 547/547 548/548 549/549
f 550/550 549/549 548/548
f 549/549 550/550 11/11
f 10/10 11/11 550/550
f 552/552 551/551 306/306
f 305/305 306/306 551/551
f 554/554 553/553 552/552
f 551/551 552/552 553/553
f 556/556 555/555 554/554
f 553/553 554/554 555/555
f 9/9 12/12 556/556
f 555/555 556/556 12/12
f 491/491 558/558 557/557
f 492/492 558/558 491/491
f 557/557 560/560 559/559
f 558/558 560/560 557/557
f 559/559 562/562 561/561
f 560/560 562/562 559/559
f 561/561 564/564 563/563
f 562/562 564/564 561/561
f 18/18 563/563 20/20
f 564/564 20/20 563/563
f 566/566 565/565 348/348
f 347/347 348/348 565/565
f 568/568 567/567 566/566
f 565/565 566/566 567/567
f 567/567 568/568 569/569
f 570/570 567/567 569/569
f 570/570 569/569 19/19
f 17/17 570/570 19/19
f 36/36 571/571 37/37
f 572/572 37/37 571/571
f 571/571 573/573 572/572
f 574/574 572/572 573/573
f 573/573 575/575 574/574
f 576/576 574/574 575/575
f 575/575 577/577 576/576
f 578/578 576/576 577/577
f 577/577 249/249 578/578
f 247/247 578/578 249/249
f 46/46 579/579 44/44
f 580/580 579/579 46/46
f 580/580 581/581 579/579
f 582/582 579/579 581/581
f 581/581 583/583 582/582
f 584/584 582/582 583/583
f 583/583 250/250 584/584
f 248/248 584/584 250/250
f 37/37 585/585 39/39
f 585/585 37/37 572/572
f 572/572 574/574 585/585
f 586/586 585/585 574/574
f 574/574 576/576 586/586
f 587/587 586/586 576/576
f 576/576 578/578 587/587
f 588/588 587/587 578/578
f 578/578 247/247 588/588
f 251/251 588/588 247/247
f 46/46 49/49 580/580
f 589/589 580/580 49/49
f 589/589 590/590 580/580
f 581/581 580/580 590/590
f 590/590 591/591 581/581
f 583/583 581/581 591/591
f 591/591 252/252 583/583
f 250/250 583/583 252/252
f 593/593 53/53 592/592
f 54/54 592/592 53/53
f 593/593 592/592 594/594
f 595/595 594/594 592/592
f 594/594 595/595 596/596
f 597/597 596/596 595/595
f 596/596 597/597 598/598
f 599/599 598/598 597/597
f 598/598 599/599 261/261
f 260/260 261/261 599/599
f 27/27 600/600 26/26
f 600/600 27/27 601/601
f 601/601 602/602 600/600
f 602/602 601/601 603/603
f 603/603 604/604 602/602
f 604/604 603/603 605/605
f 605/605 262/262 604/604
f 262/262 605/605 259/259
f 53/53 593/593 56/56
f 606/606 56/56 593/593
f 593/593 594/594 606/606
f 607/607 606/606 594/594
f 594/594 596/596 607/607
f 608/608 607/607 596/596
f 596/596 598/598 608/608
f 609/609 608/608 598/598
f 598/598 261/261 609/609
f 263/263 609/609 261/261
f 32/32 610/610 27/27
f 601/601 27/27 610/610
f 610/610 603/603 601/601
f 603/603 610/610 611/611
f 611/611 612/612 603/603
f 605/605 603/603 612/612
f 612/612 264/264 605/605
f 259/259 605/605 264/264
f 63/63 613/613 64/64
f 614/614 64/64 613/613
f 613/613 615/615 614/614
f 615/615 613/613 616/616
f 616/616 617/617 615/615
f 617/617 616/616 618/618
f 618/618 619/619 617/617
f 619/619 618/618 620/620
f 620/620 265/265 619/619
f 265/265 620/620 267/267
f 71/71 73/73 621/621
f 622/622 621/621 73/73
f 621/621 622/622 623/623
f 624/624 623/623 622/622
f 623/623 624/624 625/625
f 626/626 625/625 624/624
f 625/625 626/626 268/268
f 266/266 268/268 626/626
f 64/64 614/614 66/66
f 627/627 66/66 614/614
f 614/614 628/628 627/627
f 628/628 614/614 615/615
f 615/615 629/629 628/628
f 629/629 615/615 617/617
f 617/617 630/630 629/629
f 630/630 617/617 619/619
f 619/619 269/269 630/630
f 269/269 619/619 265/265
f 76/76 631/631 73/73
f 622/622 73/73 631/631
f 622/622 631/631 624/624
f 632/632 624/624 631/631
f 624/624 632/632 626/626
f 633/633 626/626 632/632
f 626/626 633/633 266/266
f 270/270 266/266 633/633
f 635/635 80/80 634/634
f 81/81 634/634 80/80
f 634/634 636/636 635/635
f 637/637 635/635 636/636
f 637/637 636/636 638/638
f 639/639 638/638 636/636
f 639/639 640/640 638/638
f 641/641 638/638 640/640
f 641/641 640/640 277/277
f 279/279 277/277 640/640
f 90/90 642/642 89/89
f 642/642 90/90 643/643
f 643/643 644/644 642/642
f 644/644 643/643 645/645
f 645/645 646/646 644/644
f 647/647 644/644 646/646
f 646/646 280/280 647/647
f 278/278 647/647 280/280
f 80/80 635/635 84/84
f 648/648 84/84 635/635
f 635/635 637/637 648/648
f 649/649 648/648 637/637
f 637/637 638/638 649/649
f 650/650 649/649 638/638
f 638/638 641/641 650/650
f 651/651 650/650 641/641
f 641/641 277/277 651/651
f 281/281 651/651 277/277
f 90/90 94/94 643/643
f 652/652 643/643 94/94
f 652/652 653/653 643/643
f 645/645 643/643 653/653
f 645/645 653/653 646/646
f 654/654 646/646 653/653
f 646/646 654/654 280/280
f 282/282 280/280 654/654
f 99/99 655/655 100/100
f 656/656 100/100 655/655
f 655/655 657/657 656/656
f 657/657 655/655 658/658
f 658/658 659/659 657/657
f 660/660 657/657 659/659
f 659/659 661/661 660/660
f 662/662 660/660 661/661
f 661/661 291/291 662/662
f 289/289 662/662 291/291
f 107/107 109/109 663/663
f 664/664 663/663 109/109
f 664/664 665/665 663/663
f 666/666 663/663 665/665
f 665/665 667/667 666/666
f 668/668 666/666 667/667
f 667/667 290/290 668/668
f 292/292 668/668 290/290
f 100/100 669/669 102/102
f 669/669 100/100 656/656
f 656/656 670/670 669/669
f 670/670 656/656 657/657
f 657/657 660/660 670/670
f 671/671 670/670 660/660
f 660/660 662/662 671/671
f 672/672 671/671 662/662
f 662/662 289/289 672/672
f 293/293 672/672 289/289
f 109/109 112/112 664/664
f 673/673 664/664 112/112
f 673/673 674/674 664/664
f 665/665 664/664 674/674
f 674/674 675/675 665/665
f 667/667 665/665 675/675
f 675/675 294/294 667/667
f 290/290 667/667 294/294
f 117/117 676/676 116/116
f 677/677 116/116 676/676
f 676/676 678/678 677/677
f 679/679 677/677 678/678
f 678/678 680/680 679/679
f 681/681 679/679 680/680
f 680/680 373/373 681/681
f 682/682 681/681 373/373
f 373/373 300/300 682/682
f 298/298 682/682 300/300
f 126/126 683/683 125/125
f 683/683 126/126 684/684
f 684/684 685/685 683/683
f 686/686 683/683 685/685
f 685/685 687/687 686/686
f 688/688 686/686 687/687
f 687/687 299/299 688/688
f 299/299 687/687 301/301
f 689/689 120/120 677/677
f 116/116 677/677 120/120
f 677/677 679/679 689/689
f 690/690 689/689 679/679
f 679/679 681/681 690/690
f 691/691 690/690 681/681
f 681/681 682/682 691/691
f 692/692 691/691 682/682
f 682/682 298/298 692/692
f 302/302 692/692 298/298
f 131/131 693/693 126/126
f 684/684 126/126 693/693
f 693/693 694/694 684/684
f 685/685 684/684 694/694
f 694/694 695/695 685/685
f 687/687 685/685 695/695
f 695/695 301/301 687/687
f 301/301 695/695 303/303
f 171/171 696/696 172/172
f 697/697 172/172 696/696
f 696/696 698/698 697/697
f 698/698 696/696 699/699
f 699/699 700/700 698/698
f 700/700 699/699 701/701
f 701/701 702/702 700/700
f 702/702 701/701 703/703
f 703/703 331/331 702/702
f 331/331 703/703 333/333
f 179/179 181/181 704/704
f 705/705 704/704 181/181
f 704/704 705/705 706/706
f 707/707 706/706 705/705
f 706/706 707/707 708/708
f 709/709 708/708 707/707
f 708/708 709/709 334/334
f 332/332 334/334 709/709
f 172/172 697/697 174/174
f 710/710 174/174 697/697
f 697/697 711/711 710/710
f 711/711 697/697 698/698
f 698/698 712/712 711/711
f 712/712 698/698 700/700
f 700/700 713/713 712/712
f 713/713 700/700 702/702
f 702/702 335/335 713/713
f 335/335 702/702 331/331
f 181/181 184/184 705/705
f 714/714 705/705 184/184
f 705/705 714/714 707/707
f 715/715 707/707 714/714
f 707/707 715/715 709/709
f 716/716 709/709 715/715
f 709/709 716/716 332/332
f 336/336 332/332 716/716
f 189/189 717/717 188/188
f 718/718 188/188 717/717
f 717/717 719/719 718/718
f 720/720 718/718 719/719
f 720/720 719/719 721/721
f 722/722 721/721 719/719
f 721/721 722/722 723/723
f 378/378 723/723 722/722
f 723/723 378/378 340/340
f 342/342 340/340 378/378
f 198/198 724/724 197/197
f 724/724 198/198 725/725
f 725/725 726/726 724/724
f 726/726 725/725 727/727
f 727/727 728/728 726/726
f 729/729 726/726 728/728
f 728/728 341/341 729/729
f 341/341 728/728 343/343
f 192/192 188/188 730/730
f 718/718 730/730 188/188
f 718/718 720/720 730/730
f 731/731 730/730 720/720
f 731/731 720/720 732/732
f 721/721 732/732 720/720
f 732/732 721/721 733/733
f 723/723 733/733 721/721
f 733/733 723/723 344/344
f 340/340 344/344 723/723
f 203/203 725/725 198/198
f 725/725 203/203 734/734
f 734/734 735/735 725/725
f 727/727 725/725 735/735
f 735/735 736/736 727/727
f 728/728 727/727 736/736
f 736/736 345/345 728/728
f 343/343 728/728 345/345
f 737/737 125/125 683/683
f 737/737 386/386 125/125
f 738/738 737/737 686/686
f 683/683 686/686 737/737
f 739/739 686/686 688/688
f 739/739 738/738 686/686
f 740/740 739/739 299/299
f 688/688 299/299 739/739
f 374/374 740/740 300/300
f 299/299 300/300 740/740
f 676/676 117/117 741/741
f 295/295 741/741 117/117
f 741/741 742/742 676/676
f 678/678 676/676 742/742
f 742/742 743/743 678/678
f 680/680 678/678 743/743
f 743/743 375/375 680/680
f 373/373 680/680 375/375
f 744/744 197/197 724/724
f 744/744 398/398 197/197
f 745/745 724/724 726/726
f 745/745 744/744 724/724
f 746/746 745/745 729/729
f 726/726 729/729 745/745
f 747/747 729/729 341/341
f 747/747 746/746 729/729
f 380/380 747/747 342/342
f 341/341 342/342 747/747
f 337/337 748/748 189/189
f 717/717 189/189 748/748
f 748/748 749/749 717/717
f 719/719 717/717 749/749
f 719/719 749/749 722/722
f 750/750 722/722 749/749
f 722/722 750/750 378/378
f 379/379 378/378 750/750
f 386/386 751/751 416/416
f 751/751 386/386 737/737
f 737/737 738/738 751/751
f 752/752 751/751 738/738
f 738/738 739/739 752/752
f 753/753 752/752 739/739
f 739/739 740/740 753/753
f 754/754 753/753 740/740
f 740/740 407/407 754/754
f 407/407 740/740 374/374
f 383/383 755/755 295/295
f 741/741 295/295 755/755
f 755/755 756/756 741/741
f 742/742 741/741 756/756
f 742/742 756/756 743/743
f 757/757 743/743 756/756
f 743/743 757/757 375/375
f 408/408 375/375 757/757
f 398/398 758/758 421/421
f 758/758 398/398 744/744
f 744/744 745/745 758/758
f 759/759 758/758 745/745
f 745/745 760/760 759/759
f 760/760 745/745 746/746
f 746/746 761/761 760/760
f 761/761 746/746 747/747
f 747/747 380/380 761/761
f 411/411 761/761 380/380
f 395/395 762/762 337/337
f 748/748 337/337 762/762
f 762/762 763/763 748/748
f 749/749 748/748 763/763
f 749/749 763/763 750/750
f 764/764 750/750 763/763
f 750/750 764/764 379/379
f 412/412 379/379 764/764
f 457/457 765/765 458/458
f 765/765 457/457 766/766
f 766/766 767/767 765/765
f 767/767 766/766 768/768
f 768/768 769/769 767/767
f 769/769 768/768 770/770
f 770/770 771/771 769/769
f 772/772 769/769 771/771
f 771/771 439/439 772/772
f 439/439 771/771 441/441
f 503/503 773/773 427/427
f 774/774 427/427 773/773
f 773/773 775/775 774/774
f 776/776 774/774 775/775
f 775/775 777/777 776/776
f 778/778 776/776 777/777
f 778/778 777/777 442/442
f 440/440 442/442 777/777
f 468/468 779/779 470/470
f 779/779 468/468 780/780
f 780/780 781/781 779/779
f 781/781 780/780 782/782
f 782/782 783/783 781/781
f 783/783 782/782 784/784
f 784/784 785/785 783/783
f 785/785 784/784 786/786
f 786/786 447/447 785/785
f 447/447 786/786 449/449
f 510/510 787/787 434/434
f 788/788 434/434 787/787
f 787/787 789/789 788/788
f 790/790 788/788 789/789
f 789/789 791/791 790/790
f 792/792 790/790 791/791
f 791/791 450/450 792/792
f 448/448 792/792 450/450
f 416/416 751/751 457/457
f 766/766 457/457 751/751
f 751/751 768/768 766/766
f 768/768 751/751 752/752
f 752/752 770/770 768/768
f 770/770 752/752 753/753
f 753/753 754/754 770/770
f 771/771 770/770 754/754
f 754/754 441/441 771/771
f 441/441 754/754 407/407
f 427/427 774/774 383/383
f 755/755 383/383 774/774
f 755/755 774/774 756/756
f 776/776 756/756 774/774
f 776/776 778/778 756/756
f 757/757 756/756 778/778
f 778/778 442/442 757/757
f 408/408 757/757 442/442
f 421/421 758/758 468/468
f 780/780 468/468 758/758
f 758/758 759/759 780/780
f 782/782 780/780 759/759
f 759/759 760/760 782/782
f 784/784 782/782 760/760
f 760/760 761/761 784/784
f 786/786 784/784 761/761
f 761/761 449/449 786/786
f 449/449 761/761 411/411
f 395/395 434/434 762/762
f 788/788 762/762 434/434
f 788/788 790/790 762/762
f 763/763 762/762 790/790
f 790/790 792/792 763/763
f 764/764 763/763 792/792
f 792/792 448/448 764/764
f 412/412 764/764 448/448
f 439/439 9/9 772/772
f 11/11 9/9 439/439
f 661/661 12/12 10/10
f 291/291 661/661 10/10
f 13/13 443/443 446/446
f 13/13 14/14 443/443
f 15/15 313/313 16/16
f 312/312 16/16 313/313
f 447/447 19/19 785/785
f 18/18 19/19 447/447
f 703/703 17/17 20/20
f 333/333 703/703 20/20
f 21/21 22/22 454/454
f 451/451 454/454 22/22
f 355/355 354/354 23/23
f 24/24 23/23 354/354
f 458/458 304/304 456/456
f 306/306 304/304 458/458
f 305/305 97/97 307/307
f 305/305 99/99 97/97
f 456/456 304/304 459/459
f 308/308 459/459 304/304
f 307/307 103/103 309/309
f 307/307 97/97 103/103
f 462/462 327/327 464/464
f 325/325 464/464 327/327
f 326/326 133/133 328/328
f 135/135 133/133 326/326
f 466/466 464/464 329/329
f 325/325 329/329 464/464
f 328/328 133/133 330/330
f 139/139 330/330 133/133
f 470/470 348/348 467/467
f 346/346 467/467 348/348
f 347/347 169/169 349/349
f 171/171 169/169 347/347
f 467/467 346/346 471/471
f 350/350 471/471 346/346
f 349/349 175/175 351/351
f 349/349 169/169 175/175
f 476/476 369/369 473/473
f 367/367 473/473 369/369
f 368/368 205/205 370/370
f 368/368 207/207 205/205
f 473/473 367/367 477/477
f 371/371 477/477 367/367
f 370/370 211/211 372/372
f 370/370 205/205 211/211
f 482/482 106/106 480/480
f 107/107 480/480 106/106
f 504/504 479/479 503/503
f 481/481 479/479 504/504
f 484/484 106/106 482/482
f 111/111 106/106 484/484
f 505/505 483/483 504/504
f 481/481 504/504 483/483
f 488/488 142/142 486/486
f 143/143 486/486 142/142
f 506/506 485/485 507/507
f 487/487 485/485 506/506
f 490/490 147/147 488/488
f 142/142 488/488 147/147
f 508/508 487/487 506/506
f 489/489 487/487 508/508
f 494/494 178/178 492/492
f 179/179 492/492 178/178
f 510/510 509/509 491/491
f 493/493 491/491 509/509
f 496/496 183/183 494/494
f 178/178 494/494 183/183
f 511/511 495/495 509/509
f 493/493 509/509 495/495
f 500/500 214/214 498/498
f 215/215 498/498 214/214
f 512/512 499/499 513/513
f 497/497 513/513 499/499
f 502/502 219/219 500/500
f 214/214 500/500 219/219
f 514/514 501/501 512/512
f 499/499 512/512 501/501
f 503/503 543/543 773/773
f 479/479 543/543 503/503
f 480/480 107/107 544/544
f 663/663 544/544 107/107
f 773/773 545/545 775/775
f 543/543 545/545 773/773
f 666/666 546/546 544/544
f 663/663 666/666 544/544
f 775/775 545/545 777/777
f 547/547 777/777 545/545
f 668/668 548/548 546/546
f 666/666 668/668 546/546
f 777/777 547/547 440/440
f 549/549 440/440 547/547
f 292/292 550/550 548/548
f 668/668 292/292 548/548
f 440/440 11/11 439/439
f 549/549 11/11 440/440
f 550/550 292/292 10/10
f 291/291 10/10 292/292
f 99/99 305/305 551/551
f 655/655 99/99 551/551
f 458/458 765/765 306/306
f 552/552 306/306 765/765
f 553/553 658/658 551/551
f 655/655 551/551 658/658
f 767/767 554/554 765/765
f 552/552 765/765 554/554
f 658/658 553/553 555/555
f 659/659 658/658 555/555
f 769/769 556/556 767/767
f 554/554 767/767 556/556
f 12/12 661/661 555/555
f 659/659 555/555 661/661
f 772/772 556/556 769/769
f 9/9 556/556 772/772
f 510/510 491/491 787/787
f 557/557 787/787 491/491
f 492/492 179/179 558/558
f 704/704 558/558 179/179
f 787/787 559/559 789/789
f 557/557 559/559 787/787
f 706/706 560/560 558/558
f 704/704 706/706 558/558
f 789/789 559/559 791/791
f 561/561 791/791 559/559
f 560/560 706/706 562/562
f 708/708 562/562 706/706
f 791/791 561/561 450/450
f 563/563 450/450 561/561
f 334/334 564/564 562/562
f 708/708 334/334 562/562
f 450/450 563/563 447/447
f 18/18 447/447 563/563
f 564/564 334/334 20/20
f 333/333 20/20 334/334
f 171/171 347/347 565/565
f 696/696 171/171 565/565
f 779/779 566/566 470/470
f 348/348 470/470 566/566
f 696/696 565/565 567/567
f 699/699 696/696 567/567
f 781/781 568/568 779/779
f 566/566 779/779 568/568
f 570/570 701/701 567/567
f 699/699 567/567 701/701
f 783/783 568/568 781/781
f 569/569 568/568 783/783
f 17/17 703/703 570/570
f 701/701 570/570 703/703
f 785/785 569/569 783/783
f 19/19 569/569 785/785
f 260/260 793/793 262/262
f 794/794 262/262 793/793
f 793/793 795/795 794/794
f 796/796 794/794 795/795
f 795/795 797/797 796/796
f 798/798 796/796 797/797
f 797/797 1/1 798/798
f 3/3 1/1 797/797
f 577/577 800/800 799/799
f 249/249 577/577 799/799
f 800/800 802/802 801/801
f 799/799 800/800 801/801
f 802/802 804/804 803/803
f 801/801 802/802 803/803
f 804/804 2/2 4/4
f 803/803 804/804 4/4
f 279/279 805/805 278/278
f 806/806 805/805 279/279
f 806/806 807/807 805/805
f 808/808 807/807 806/806
f 807/807 808/808 809/809
f 810/810 809/809 808/808
f 810/810 5/5 809/809
f 7/7 5/5 810/810
f 812/812 267/267 811/811
f 620/620 811/811 267/267
f 814/814 812/812 813/813
f 811/811 813/813 812/812
f 816/816 814/814 815/815
f 813/813 815/815 814/814
f 815/815 6/6 8/8
f 816/816 815/815 8/8
f 818/818 327/327 817/817
f 818/818 326/326 327/327
f 820/820 818/818 819/819
f 817/817 819/819 818/818
f 822/822 820/820 821/821
f 819/819 821/821 820/820
f 16/16 821/821 14/14
f 16/16 822/822 821/821
f 486/486 823/823 485/485
f 824/824 485/485 823/823
f 824/824 823/823 825/825
f 826/826 825/825 823/823
f 825/825 826/826 827/827
f 828/828 827/827 826/826
f 827/827 828/828 13/13
f 15/15 13/13 828/828
f 830/830 368/368 829/829
f 369/369 829/829 368/368
f 832/832 829/829 831/831
f 832/832 830/830 829/829
f 834/834 831/831 833/833
f 834/834 832/832 831/831
f 24/24 833/833 22/22
f 24/24 834/834 833/833
f 498/498 835/835 497/497
f 836/836 497/497 835/835
f 835/835 837/837 836/836
f 838/838 836/836 837/837
f 837/837 839/839 838/838
f 840/840 838/838 839/839
f 840/840 839/839 21/21
f 23/23 21/21 839/839
f 26/26 841/841 28/28
f 842/842 28/28 841/841
f 842/842 841/841 843/843
f 844/844 843/843 841/841
f 844/844 845/845 843/843
f 846/846 845/845 844/844
f 846/846 243/243 845/845
f 241/241 845/845 243/243
f 848/848 34/34 847/847
f 848/848 36/36 34/34
f 850/850 847/847 849/849
f 848/848 847/847 850/850
f 852/852 850/850 851/851
f 849/849 851/851 850/850
f 242/242 852/852 244/244
f 851/851 244/244 852/852
f 28/28 842/842 30/30
f 853/853 30/30 842/842
f 842/842 854/854 853/853
f 843/843 854/854 842/842
f 843/843 855/855 854/854
f 845/845 855/855 843/843
f 845/845 241/241 855/855
f 245/245 855/855 241/241
f 847/847 40/40 856/856
f 34/34 40/40 847/847
f 849/849 847/847 857/857
f 856/856 857/857 847/847
f 851/851 857/857 858/858
f 849/849 857/857 851/851
f 244/244 851/851 246/246
f 858/858 246/246 851/851
f 860/860 43/43 859/859
f 44/44 859/859 43/43
f 862/862 859/859 861/861
f 860/860 859/859 862/862
f 864/864 862/862 863/863
f 861/861 863/863 862/862
f 254/254 864/864 256/256
f 863/863 256/256 864/864
f 55/55 865/865 54/54
f 866/866 865/865 55/55
f 866/866 867/867 865/865
f 868/868 865/865 867/867
f 867/867 869/869 868/868
f 870/870 868/868 869/869
f 869/869 255/255 870/870
f 253/253 870/870 255/255
f 43/43 860/860 47/47
f 871/871 47/47 860/860
f 872/872 860/860 862/862
f 872/872 871/871 860/860
f 862/862 864/864 872/872
f 873/873 872/872 864/864
f 873/873 864/864 258/258
f 254/254 258/258 864/864
f 59/59 866/866 55/55
f 874/874 866/866 59/59
f 874/874 875/875 866/866
f 867/867 866/866 875/875
f 875/875 876/876 867/867
f 869/869 867/867 876/876
f 876/876 255/255 869/869
f 255/255 876/876 257/257
f 878/878 70/70 877/877
f 71/71 877/877 70/70
f 880/880 878/878 879/879
f 877/877 879/879 878/878
f 882/882 880/880 881/881
f 879/879 881/881 880/880
f 272/272 882/882 274/274
f 881/881 274/274 882/882
f 82/82 883/883 81/81
f 884/884 883/883 82/82
f 883/883 884/884 885/885
f 886/886 885/885 884/884
f 886/886 887/887 885/885
f 888/888 887/887 886/886
f 888/888 273/273 887/887
f 271/271 887/887 273/273
f 889/889 74/74 878/878
f 70/70 878/878 74/74
f 890/890 889/889 880/880
f 878/878 880/880 889/889
f 891/891 890/890 882/882
f 880/880 882/882 890/890
f 275/275 891/891 272/272
f 882/882 272/272 891/891
f 86/86 884/884 82/82
f 892/892 884/884 86/86
f 884/884 892/892 886/886
f 893/893 886/886 892/892
f 893/893 888/888 886/886
f 894/894 888/888 893/893
f 894/894 276/276 888/888
f 273/273 888/888 276/276
f 89/89 895/895 91/91
f 896/896 91/91 895/895
f 895/895 897/897 896/896
f 898/898 897/897 895/895
f 898/898 899/899 897/897
f 900/900 899/899 898/898
f 899/899 900/900 283/283
f 285/285 283/283 900/900
f 902/902 61/61 901/901
f 902/902 63/63 61/61
f 904/904 902/902 903/903
f 901/901 903/903 902/902
f 906/906 903/903 905/905
f 904/904 903/903 906/906
f 286/286 905/905 284/284
f 906/906 905/905 286/286
f 91/91 896/896 93/93
f 907/907 93/93 896/896
f 896/896 908/908 907/907
f 897/897 908/908 896/896
f 897/897 909/909 908/908
f 899/899 909/909 897/897
f 899/899 287/287 909/909
f 283/283 287/287 899/899
f 901/901 67/67 910/910
f 61/61 67/67 901/901
f 903/903 901/901 911/911
f 910/910 911/911 901/901
f 905/905 911/911 912/912
f 903/903 911/911 905/905
f 284/284 912/912 288/288
f 905/905 912/912 284/284
f 135/135 913/913 136/136
f 914/914 136/136 913/913
f 913/913 915/915 914/914
f 915/915 913/913 916/916
f 916/916 917/917 915/915
f 917/917 916/916 918/918
f 918/918 310/310 917/917
f 310/310 918/918 312/312
f 143/143 145/145 919/919
f 920/920 919/919 145/145
f 920/920 921/921 919/919
f 922/922 919/919 921/921
f 921/921 923/923 922/922
f 924/924 922/922 923/923
f 924/924 923/923 313/313
f 311/311 313/313 923/923
f 136/136 914/914 138/138
f 925/925 138/138 914/914
f 914/914 926/926 925/925
f 926/926 914/914 915/915
f 915/915 927/927 926/926
f 927/927 915/915 917/917
f 917/917 314/314 927/927
f 314/314 917/917 310/310
f 145/145 148/148 920/920
f 928/928 920/920 148/148
f 928/928 929/929 920/920
f 921/921 920/920 929/929
f 929/929 930/930 921/921
f 923/923 921/921 930/930
f 923/923 930/930 311/311
f 315/315 311/311 930/930
f 153/153 931/931 152/152
f 932/932 152/152 931/931
f 932/932 931/931 933/933
f 934/934 933/933 931/931
f 934/934 935/935 933/933
f 936/936 933/933 935/935
f 935/935 320/320 936/936
f 321/321 936/936 320/320
f 162/162 937/937 161/161
f 937/937 162/162 938/938
f 938/938 939/939 937/937
f 939/939 938/938 940/940
f 940/940 941/941 939/939
f 941/941 940/940 942/942
f 942/942 319/319 941/941
f 322/322 941/941 319/319
f 156/156 152/152 943/943
f 932/932 943/943 152/152
f 943/943 932/932 944/944
f 933/933 944/944 932/932
f 933/933 936/936 944/944
f 945/945 944/944 936/936
f 936/936 321/321 945/945
f 324/324 945/945 321/321
f 167/167 938/938 162/162
f 938/938 167/167 946/946
f 946/946 940/940 938/938
f 940/940 946/946 947/947
f 942/942 947/947 948/948
f 940/940 947/947 942/942
f 948/948 319/319 942/942
f 319/319 948/948 323/323
f 207/207 949/949 208/208
f 950/950 208/208 949/949
f 949/949 951/951 950/950
f 952/952 950/950 951/951
f 951/951 953/953 952/952
f 953/953 951/951 954/954
f 954/954 352/352 953/953
f 352/352 954/954 354/354
f 215/215 217/217 955/955
f 956/956 955/955 217/217
f 956/956 957/957 955/955
f 958/958 955/955 957/957
f 957/957 959/959 958/958
f 960/960 958/958 959/959
f 959/959 353/353 960/960
f 355/355 960/960 353/353
f 961/961 210/210 950/950
f 208/208 950/950 210/210
f 962/962 950/950 952/952
f 961/961 950/950 962/962
f 952/952 963/963 962/962
f 963/963 952/952 953/953
f 953/953 352/352 963/963
f 356/356 963/963 352/352
f 220/220 964/964 217/217
f 956/956 217/217 964/964
f 964/964 965/965 956/956
f 957/957 956/956 965/965
f 965/965 959/959 957/957
f 966/966 959/959 965/965
f 966/966 357/357 959/959
f 353/353 959/959 357/357
f 225/225 967/967 224/224
f 968/968 224/224 967/967
f 967/967 969/969 968/968
f 970/970 968/968 969/969
f 970/970 969/969 971/971
f 972/972 971/971 969/969
f 971/971 972/972 361/361
f 363/363 361/361 972/972
f 234/234 973/973 233/233
f 973/973 234/234 974/974
f 974/974 975/975 973/973
f 976/976 973/973 975/975
f 975/975 977/977 976/976
f 978/978 976/976 977/977
f 977/977 364/364 978/978
f 362/362 978/978 364/364
f 224/224 968/968 228/228
f 979/979 228/228 968/968
f 979/979 968/968 980/980
f 970/970 980/980 968/968
f 970/970 971/971 980/980
f 981/981 980/980 971/971
f 971/971 361/361 981/981
f 365/365 981/981 361/361
f 239/239 974/974 234/234
f 974/974 239/239 982/982
f 982/982 983/983 974/974
f 975/975 974/974 983/983
f 983/983 984/984 975/975
f 977/977 975/975 984/984
f 984/984 366/366 977/977
f 364/364 977/977 366/366
f 985/985 161/161 937/937
f 985/985 392/392 161/161
f 986/986 937/937 939/939
f 986/986 985/985 937/937
f 987/987 939/939 941/941
f 987/987 986/986 939/939
f 377/377 941/941 322/322
f 377/377 987/987 941/941
f 931/931 153/153 988/988
f 316/316 988/988 153/153
f 931/931 988/988 934/934
f 989/989 934/934 988/988
f 989/989 990/990 934/934
f 935/935 934/934 990/990
f 990/990 376/376 935/935
f 320/320 935/935 376/376
f 991/991 233/233 973/973
f 991/991 404/404 233/233
f 992/992 991/991 976/976
f 973/973 976/976 991/991
f 993/993 992/992 978/978
f 976/976 978/978 992/992
f 381/381 993/993 362/362
f 978/978 362/362 993/993
f 358/358 994/994 225/225
f 967/967 225/225 994/994
f 994/994 995/995 967/967
f 969/969 967/967 995/995
f 995/995 996/996 969/969
f 972/972 969/969 996/996
f 972/972 996/996 363/363
f 382/382 363/363 996/996
f 392/392 985/985 419/419
f 997/997 419/419 985/985
f 985/985 986/986 997/997
f 998/998 997/997 986/986
f 986/986 999/999 998/998
f 999/999 986/986 987/987
f 987/987 409/409 999/999
f 409/409 987/987 377/377
f 389/389 1000/1000 316/316
f 988/988 316/316 1000/1000
f 1000/1000 1001/1001 988/988
f 989/989 988/988 1001/1001
f 1001/1001 1002/1002 989/989
f 990/990 989/989 1002/1002
f 990/990 1002/1002 376/376
f 410/410 376/376 1002/1002
f 404/404 1003/1003 424/424
f 1003/1003 404/404 991/991
f 991/991 992/992 1003/1003
f 1004/1004 1003/1003 992/992
f 992/992 993/993 1004/1004
f 1005/1005 1004/1004 993/993
f 993/993 381/381 1005/1005
f 413/413 1005/1005 381/381
f 358/358 402/402 994/994
f 1006/1006 994/994 402/402
f 1006/1006 1007/1007 994/994
f 995/995 994/994 1007/1007
f 1007/1007 1008/1008 995/995
f 996/996 995/995 1008/1008
f 1008/1008 414/414 996/996
f 382/382 996/996 414/414
f 463/463 1009/1009 462/462
f 1010/1010 462/462 1009/1009
f 1009/1009 1011/1011 1010/1010
f 1012/1012 1010/1010 1011/1011
f 1011/1011 1013/1013 1012/1012
f 1014/1014 1012/1012 1013/1013
f 1013/1013 445/445 1014/1014
f 443/443 1014/1014 445/445
f 431/431 507/507 1015/1015
f 1016/1016 1015/1015 507/507
f 1016/1016 1017/1017 1015/1015
f 1018/1018 1015/1015 1017/1017
f 1017/1017 1019/1019 1018/1018
f 1020/1020 1018/1018 1019/1019
f 1019/1019 446/446 1020/1020
f 444/444 1020/1020 446/446
f 474/474 1021/1021 476/476
f 1021/1021 474/474 1022/1022
f 1022/1022 1023/1023 1021/1021
f 1024/1024 1021/1021 1023/1023
f 1023/1023 1025/1025 1024/1024
f 1026/1026 1024/1024 1025/1025
f 1025/1025 451/451 1026/1026
f 451/451 1025/1025 453/453
f 513/513 1027/1027 437/437
f 1028/1028 437/437 1027/1027
f 1028/1028 1027/1027 1029/1029
f 1030/1030 1029/1029 1027/1027
f 1030/1030 1031/1031 1029/1029
f 1032/1032 1029/1029 1031/1031
f 1032/1032 1031/1031 452/452
f 454/454 452/452 1031/1031
f 419/419 997/997 463/463
f 1009/1009 463/463 997/997
f 997/997 998/998 1009/1009
f 1011/1011 1009/1009 998/998
f 998/998 999/999 1011/1011
f 1013/1013 1011/1011 999/999
f 999/999 409/409 1013/1013
f 445/445 1013/1013 409/409
f 389/389 431/431 1000/1000
f 1015/1015 1000/1000 431/431
f 1001/1001 1000/1000 1018/1018
f 1015/1015 1018/1018 1000/1000
f 1002/1002 1001/1001 1020/1020
f 1018/1018 1020/1020 1001/1001
f 410/410 1002/1002 444/444
f 1020/1020 444/444 1002/1002
f 1022/1022 474/474 1003/1003
f 424/424 1003/1003 474/474
f 1023/1023 1003/1003 1004/1004
f 1022/1022 1003/1003 1023/1023
f 1025/1025 1023/1023 1005/1005
f 1004/1004 1005/1005 1023/1023
f 453/453 1005/1005 413/413
f 1025/1025 1005/1005 453/453
f 437/437 1006/1006 402/402
f 1028/1028 1006/1006 437/437
f 1028/1028 1029/1029 1006/1006
f 1007/1007 1006/1006 1029/1029
f 1029/1029 1008/1008 1007/1007
f 1032/1032 1008/1008 1029/1029
f 1032/1032 452/452 1008/1008
f 414/414 1008/1008 452/452
f 54/54 865/865 592/592
f 1033/1033 592/592 865/865
f 865/865 868/868 1033/1033
f 1034/1034 1033/1033 868/868
f 868/868 1035/1035 1034/1034
f 870/870 1035/1035 868/868
f 870/870 515/515 1035/1035
f 253/253 515/515 870/870
f 859/859 44/44 1036/1036
f 579/579 1036/1036 44/44
f 1036/1036 1037/1037 861/861
f 859/859 1036/1036 861/861
f 863/863 861/861 1038/1038
f 1037/1037 1038/1038 861/861
f 1038/1038 516/516 256/256
f 863/863 1038/1038 256/256
f 592/592 1033/1033 595/595
f 1039/1039 595/595 1033/1033
f 1033/1033 1040/1040 1039/1039
f 1034/1034 1040/1040 1033/1033
f 1034/1034 1041/1041 1040/1040
f 1035/1035 1041/1041 1034/1034
f 1035/1035 518/518 1041/1041
f 515/515 518/518 1035/1035
f 582/582 1042/1042 1036/1036
f 579/579 582/582 1036/1036
f 1042/1042 1043/1043 1037/1037
f 1036/1036 1042/1042 1037/1037
f 1043/1043 1044/1044 1038/1038
f 1037/1037 1043/1043 1038/1038
f 1044/1044 517/517 516/516
f 1038/1038 1044/1044 516/516
f 595/595 1039/1039 597/597
f 1045/1045 597/597 1039/1039
f 1045/1045 1039/1039 1046/1046
f 1040/1040 1046/1046 1039/1039
f 1046/1046 1040/1040 1047/1047
f 1041/1041 1047/1047 1040/1040
f 1047/1047 1041/1041 519/519
f 518/518 519/519 1041/1041
f 584/584 1048/1048 1042/1042
f 582/582 584/584 1042/1042
f 1048/1048 1049/1049 1043/1043
f 1042/1042 1048/1048 1043/1043
f 1049/1049 1050/1050 1044/1044
f 1043/1043 1049/1049 1044/1044
f 1050/1050 520/520 517/517
f 1044/1044 1050/1050 517/517
f 597/597 1045/1045 599/599
f 1051/1051 599/599 1045/1045
f 1045/1045 1052/1052 1051/1051
f 1046/1046 1052/1052 1045/1045
f 1052/1052 1046/1046 1053/1053
f 1047/1047 1053/1053 1046/1046
f 1053/1053 1047/1047 521/521
f 519/519 521/521 1047/1047
f 248/248 1054/1054 1048/1048
f 584/584 248/248 1048/1048
f 1054/1054 1055/1055 1049/1049
f 1048/1048 1054/1054 1049/1049
f 1055/1055 1056/1056 1050/1050
f 1049/1049 1055/1055 1050/1050
f 1056/1056 522/522 520/520
f 1050/1050 1056/1056 520/520
f 599/599 1051/1051 260/260
f 793/793 260/260 1051/1051
f 1051/1051 1052/1052 793/793
f 795/795 793/793 1052/1052
f 1052/1052 797/797 795/795
f 1053/1053 797/797 1052/1052
f 1053/1053 3/3 797/797
f 521/521 3/3 1053/1053
f 249/249 799/799 1054/1054
f 248/248 249/249 1054/1054
f 799/799 801/801 1055/1055
f 1054/1054 799/799 1055/1055
f 801/801 803/803 1056/1056
f 1055/1055 801/801 1056/1056
f 803/803 4/4 522/522
f 1056/1056 803/803 522/522
f 36/36 848/848 1057/1057
f 571/571 36/36 1057/1057
f 1058/1058 1057/1057 850/850
f 848/848 850/850 1057/1057
f 1059/1059 1058/1058 852/852
f 850/850 852/852 1058/1058
f 523/523 1059/1059 242/242
f 852/852 242/242 1059/1059
f 600/600 1060/1060 26/26
f 841/841 26/26 1060/1060
f 841/841 1060/1060 844/844
f 1061/1061 844/844 1060/1060
f 844/844 1061/1061 846/846
f 1062/1062 846/846 1061/1061
f 1062/1062 243/243 846/846
f 524/524 243/243 1062/1062
f 571/571 1057/1057 1063/1063
f 573/573 571/571 1063/1063
f 1057/1057 1058/1058 1064/1064
f 1063/1063 1057/1057 1064/1064
f 1058/1058 1059/1059 1065/1065
f 1064/1064 1058/1058 1065/1065
f 1059/1059 523/523 526/526
f 1065/1065 1059/1059 526/526
f 602/602 1066/1066 600/600
f 1060/1060 600/600 1066/1066
f 1066/1066 1061/1061 1060/1060
f 1067/1067 1061/1061 1066/1066
f 1067/1067 1062/1062 1061/1061
f 1068/1068 1062/1062 1067/1067
f 1062/1062 1068/1068 524/524
f 525/525 524/524 1068/1068
f 573/573 1063/1063 1069/1069
f 575/575 573/573 1069/1069
f 1070/1070 1069/1069 1064/1064
f 1063/1063 1064/1064 1069/1069
f 1064/1064 1065/1065 1071/1071
f 1070/1070 1064/1064 1071/1071
f 1065/1065 526/526 527/527
f 1071/1071 1065/1065 527/527
f 604/604 1072/1072 602/602
f 1066/1066 602/602 1072/1072
f 1072/1072 1067/1067 1066/1066
f 1073/1073 1067/1067 1072/1072
f 1073/1073 1068/1068 1067/1067
f 1074/1074 1068/1068 1073/1073
f 1068/1068 1074/1074 525/525
f 528/528 525/525 1074/1074
f 575/575 1069/1069 800/800
f 577/577 575/575 800/800
f 802/802 800/800 1070/1070
f 1069/1069 1070/1070 800/800
f 1070/1070 1071/1071 804/804
f 802/802 1070/1070 804/804
f 1071/1071 527/527 2/2
f 804/804 1071/1071 2/2
f 262/262 794/794 604/604
f 1072/1072 604/604 794/794
f 1072/1072 794/794 1073/1073
f 796/796 1073/1073 794/794
f 1073/1073 796/796 1074/1074
f 798/798 1074/1074 796/796
f 1074/1074 798/798 528/528
f 1/1 528/528 798/798
f 81/81 1075/1075 634/634
f 883/883 1075/1075 81/81
f 883/883 885/885 1075/1075
f 1076/1076 1075/1075 885/885
f 885/885 887/887 1076/1076
f 1077/1077 1076/1076 887/887
f 887/887 529/529 1077/1077
f 271/271 529/529 887/887
f 877/877 71/71 1078/1078
f 621/621 1078/1078 71/71
f 879/879 877/877 1079/1079
f 1078/1078 1079/1079 877/877
f 881/881 879/879 1080/1080
f 1079/1079 1080/1080 879/879
f 274/274 881/881 530/530
f 1080/1080 530/530 881/881
f 634/634 1081/1081 636/636
f 1075/1075 1081/1081 634/634
f 1081/1081 1075/1075 1082/1082
f 1076/1076 1082/1082 1075/1075
f 1076/1076 1083/1083 1082/1082
f 1077/1077 1083/1083 1076/1076
f 1077/1077 531/531 1083/1083
f 529/529 531/531 1077/1077
f 1078/1078 621/621 1084/1084
f 623/623 1084/1084 621/621
f 1084/1084 1085/1085 1079/1079
f 1078/1078 1084/1084 1079/1079
f 1080/1080 1079/1079 1086/1086
f 1085/1085 1086/1086 1079/1079
f 1086/1086 532/532 530/530
f 1080/1080 1086/1086 530/530
f 636/636 1081/1081 639/639
f 1087/1087 639/639 1081/1081
f 1087/1087 1081/1081 1088/1088
f 1082/1082 1088/1088 1081/1081
f 1088/1088 1082/1082 1089/1089
f 1083/1083 1089/1089 1082/1082
f 1089/1089 1083/1083 533/533
f 531/531 533/533 1083/1083
f 1084/1084 623/623 1090/1090
f 625/625 1090/1090 623/623
f 1090/1090 1091/1091 1085/1085
f 1084/1084 1090/1090 1085/1085
f 1086/1086 1085/1085 1092/1092
f 1091/1091 1092/1092 1085/1085
f 1092/1092 534/534 532/532
f 1086/1086 1092/1092 532/532
f 639/639 1093/1093 640/640
f 1087/1087 1093/1093 639/639
f 1087/1087 1088/1088 1093/1093
f 1094/1094 1093/1093 1088/1088
f 1088/1088 1095/1095 1094/1094
f 1089/1089 1095/1095 1088/1088
f 1095/1095 1089/1089 535/535
f 533/533 535/535 1089/1089
f 1090/1090 625/625 1096/1096
f 268/268 1096/1096 625/625
f 1096/1096 1097/1097 1091/1091
f 1090/1090 1096/1096 1091/1091
f 1097/1097 1098/1098 1092/1092
f 1091/1091 1097/1097 1092/1092
f 1098/1098 536/536 534/534
f 1092/1092 1098/1098 534/534
f 640/640 1093/1093 279/279
f 806/806 279/279 1093/1093
f 1093/1093 1094/1094 806/806
f 808/808 806/806 1094/1094
f 1094/1094 810/810 808/808
f 1095/1095 810/810 1094/1094
f 1095/1095 7/7 810/810
f 535/535 7/7 1095/1095
f 1096/1096 268/268 812/812
f 267/267 812/812 268/268
f 812/812 814/814 1097/1097
f 1096/1096 812/812 1097/1097
f 814/814 816/816 1098/1098
f 1097/1097 814/814 1098/1098
f 816/816 8/8 536/536
f 1098/1098 816/816 536/536
f 63/63 902/902 1099/1099
f 613/613 63/63 1099/1099
f 1100/1100 1099/1099 904/904
f 902/902 904/904 1099/1099
f 904/904 906/906 1101/1101
f 1100/1100 904/904 1101/1101
f 906/906 286/286 538/538
f 1101/1101 906/906 538/538
f 642/642 1102/1102 89/89
f 895/895 89/89 1102/1102
f 1102/1102 898/898 895/895
f 1103/1103 898/898 1102/1102
f 1103/1103 900/900 898/898
f 1104/1104 900/900 1103/1103
f 1104/1104 537/537 900/900
f 285/285 900/900 537/537
f 1105/1105 616/616 1099/1099
f 613/613 1099/1099 616/616
f 1099/1099 1100/1100 1106/1106
f 1105/1105 1099/1099 1106/1106
f 1100/1100 1101/1101 1107/1107
f 1106/1106 1100/1100 1107/1107
f 540/540 1107/1107 538/538
f 1101/1101 538/538 1107/1107
f 644/644 1102/1102 642/642
f 1108/1108 1102/1102 644/644
f 1108/1108 1103/1103 1102/1102
f 1109/1109 1103/1103 1108/1108
f 1109/1109 1104/1104 1103/1103
f 1110/1110 1104/1104 1109/1109
f 1110/1110 539/539 1104/1104
f 537/537 1104/1104 539/539
f 1111/1111 618/618 1105/1105
f 616/616 1105/1105 618/618
f 1105/1105 1106/1106 1112/1112
f 1111/1111 1105/1105 1112/1112
f 1106/1106 1107/1107 1113/1113
f 1112/1112 1106/1106 1113/1113
f 542/542 1113/1113 540/540
f 1107/1107 540/540 1113/1113
f 647/647 1108/1108 644/644
f 1114/1114 1108/1108 647/647
f 1114/1114 1109/1109 1108/1108
f 1115/1115 1109/1109 1114/1114
f 1115/1115 1116/1116 1109/1109
f 1110/1110 1109/1109 1116/1116
f 1116/1116 539/539 1110/1110
f 541/541 539/539 1116/1116
f 811/811 620/620 1111/1111
f 618/618 1111/1111 620/620
f 1111/1111 1112/1112 813/813
f 811/811 1111/1111 813/813
f 815/815 813/813 1113/1113
f 1112/1112 1113/1113 813/813
f 1113/1113 542/542 6/6
f 815/815 1113/1113 6/6
f 278/278 1114/1114 647/647
f 805/805 1114/1114 278/278
f 805/805 1115/1115 1114/1114
f 807/807 1115/1115 805/805
f 807/807 809/809 1115/1115
f 1116/1116 1115/1115 809/809
f 1116/1116 809/809 541/541
f 5/5 541/541 809/809
f 817/817 327/327 1010/1010
f 462/462 1010/1010 327/327
f 819/819 1010/1010 1012/1012
f 819/819 817/817 1010/1010
f 821/821 819/819 1014/1014
f 1012/1012 1014/1014 819/819
f 14/14 821/821 443/443
f 1014/1014 443/443 821/821
f 485/485 824/824 507/507
f 1016/1016 507/507 824/824
f 824/824 825/825 1016/1016
f 1017/1017 1016/1016 825/825
f 1017/1017 825/825 1019/1019
f 827/827 1019/1019 825/825
f 1019/1019 827/827 446/446
f 13/13 446/446 827/827
f 486/486 143/143 823/823
f 919/919 823/823 143/143
f 919/919 922/922 823/823
f 826/826 823/823 922/922
f 922/922 924/924 826/826
f 828/828 826/826 924/924
f 828/828 924/924 15/15
f 313/313 15/15 924/924
f 913/913 135/135 818/818
f 326/326 818/818 135/135
f 916/916 818/818 820/820
f 916/916 913/913 818/818
f 918/918 820/820 822/822
f 918/918 916/916 820/820
f 312/312 822/822 16/16
f 312/312 918/918 822/822
f 829/829 476/476 1021/1021
f 829/829 369/369 476/476
f 831/831 829/829 1024/1024
f 1021/1021 1024/1024 829/829
f 833/833 1024/1024 1026/1026
f 833/833 831/831 1024/1024
f 22/22 1026/1026 451/451
f 22/22 833/833 1026/1026
f 497/497 836/836 513/513
f 1027/1027 513/513 836/836
f 1027/1027 836/836 1030/1030
f 838/838 1030/1030 836/836
f 838/838 840/840 1030/1030
f 1031/1031 1030/1030 840/840
f 1031/1031 840/840 454/454
f 21/21 454/454 840/840
f 498/498 215/215 835/835
f 955/955 835/835 215/215
f 955/955 958/958 835/835
f 837/837 835/835 958/958
f 837/837 958/958 839/839
f 960/960 839/839 958/958
f 839/839 960/960 23/23
f 355/355 23/23 960/960
f 949/949 207/207 830/830
f 368/368 830/830 207/207
f 951/951 830/830 832/832
f 951/951 949/949 830/830
f 954/954 832/832 834/834
f 954/954 951/951 832/832
f 354/354 954/954 24/24
f 834/834 24/24 954/954
f 1119/1119 1118/1118 1117/1117
f 1120/1120 1117/1117 1118/1118
f 1121/1121 1120/1120 1118/1118
f 1118/1118 1122/1122 1121/1121
f 1118/1118 1123/1123 1122/1122
f 1124/1124 1122/1122 1123/1123
f 1119/1119 1123/1123 1118/1118
f 1125/1125 1123/1123 1119/1119
f 1124/1124 1123/1123 1126/1126
f 1127/1127 1126/1126 1123/1123
f 1125/1125 1128/1128 1123/1123
f 1127/1127 1123/1123 1128/1128
f 1130/1130 1117/1117 1129/1129
f 1120/1120 1129/1129 1117/1117
f 1133/1133 1132/1132 1131/1131
f 1117/1117 1130/1130 1134/1134
f 1134/1134 1119/1119 1117/1117
f 1121/1121 1135/1135 1129/1129
f 1120/1120 1121/1121 1129/1129
f 1138/1138 1137/1137 1136/1136
f 1136/1136 1139/1139 1138/1138
f 1133/1133 1131/1131 1140/1140
f 1141/1141 1140/1140 1131/1131
f 1139/1139 1136/1136 1142/1142
f 1142/1142 1143/1143 1139/1139
f 1140/1140 1141/1141 1144/1144
f 1145/1145 1144/1144 1141/1141
f 1147/1147 1146/1146 1145/1145
f 1144/1144 1145/1145 1146/1146
f 1146/1146 1147/1147 1143/1143
f 1142/1142 1146/1146 1143/1143
f 1135/1135 1121/1121 1148/1148
f 1122/1122 1148/1148 1121/1121
f 1149/1149 1137/1137 1138/1138
f 1152/1152 1151/1151 1150/1150
f 1155/1155 1154/1154 1153/1153
f 1156/1156 1153/1153 1154/1154
f 1158/1158 1150/1150 1157/1157
f 1159/1159 1157/1157 1150/1150
f 1153/1153 1160/1160 1157/1157
f 1159/1159 1153/1153 1157/1157
f 1158/1158 1152/1152 1150/1150
f 1160/1160 1153/1153 1161/1161
f 1163/1163 1162/1162 1150/1150
f 1151/1151 1163/1163 1150/1150
f 1156/1156 1161/1161 1153/1153
f 1164/1164 1162/1162 1163/1163
f 1165/1165 1164/1164 1163/1163
f 1165/1165 1163/1163 1166/1166
f 1151/1151 1166/1166 1163/1163
f 1155/1155 1167/1167 1154/1154
f 1168/1168 1154/1154 1167/1167
f 1161/1161 1156/1156 1169/1169
f 1156/1156 1170/1170 1169/1169
f 1158/1158 1171/1171 1152/1152
f 1172/1172 1152/1152 1171/1171
f 1171/1171 1158/1158 1173/1173
f 1157/1157 1173/1173 1158/1158
f 1160/1160 1174/1174 1173/1173
f 1157/1157 1160/1160 1173/1173
f 1161/1161 1169/1169 1174/1174
f 1174/1174 1160/1160 1161/1161
f 1152/1152 1172/1172 1166/1166
f 1151/1151 1152/1152 1166/1166
f 1170/1170 1156/1156 1168/1168
f 1154/1154 1168/1168 1156/1156
f 1175/1175 1137/1137 1149/1149
f 1137/1137 1175/1175 1176/1176
f 1176/1176 1136/1136 1137/1137
f 1178/1178 1133/1133 1177/1177
f 1140/1140 1177/1177 1133/1133
f 1179/1179 1136/1136 1176/1176
f 1179/1179 1142/1142 1136/1136
f 1177/1177 1140/1140 1180/1180
f 1144/1144 1180/1180 1140/1140
f 1144/1144 1146/1146 1180/1180
f 1181/1181 1180/1180 1146/1146
f 1142/1142 1181/1181 1146/1146
f 1179/1179 1181/1181 1142/1142
f 1178/1178 1132/1132 1133/1133
f 1184/1184 1183/1183 1182/1182
f 1182/1182 1185/1185 1184/1184
f 1188/1188 1187/1187 1186/1186
f 1189/1189 1186/1186 1187/1187
f 1192/1192 1191/1191 1190/1190
f 1193/1193 1190/1190 1191/1191
f 1188/1188 1191/1191 1185/1185
f 1192/1192 1185/1185 1191/1191
f 1190/1190 1184/1184 1185/1185
f 1192/1192 1190/1190 1185/1185
f 1184/1184 1190/1190 1186/1186
f 1193/1193 1186/1186 1190/1190
f 1191/1191 1188/1188 1193/1193
f 1186/1186 1193/1193 1188/1188
f 1195/1195 1183/1183 1194/1194
f 1184/1184 1194/1194 1183/1183
f 1183/1183 1195/1195 1196/1196
f 1182/1182 1183/1183 1196/1196
f 1188/1188 1197/1197 1187/1187
f 1198/1198 1187/1187 1197/1197
f 1187/1187 1198/1198 1189/1189
f 1199/1199 1189/1189 1198/1198
f 1189/1189 1199/1199 1200/1200
f 1186/1186 1189/1189 1200/1200
f 1197/1197 1188/1188 1185/1185
f 1201/1201 1197/1197 1185/1185
f 1186/1186 1200/1200 1194/1194
f 1184/1184 1186/1186 1194/1194
f 1185/1185 1182/1182 1201/1201
f 1196/1196 1201/1201 1182/1182
f 1204/1204 1203/1203 1202/1202
f 1205/1205 1202/1202 1203/1203
f 1204/1204 1207/1207 1206/1206
f 1202/1202 1207/1207 1204/1204
f 1209/1209 1208/1208 1207/1207
f 1206/1206 1207/1207 1208/1208
f 1210/1210 1208/1208 1209/1209
f 1210/1210 1211/1211 1208/1208
f 1211/1211 1210/1210 1212/1212
f 1213/1213 1212/1212 1210/1210
f 1212/1212 1213/1213 1203/1203
f 1205/1205 1203/1203 1213/1213
f 1214/1214 1202/1202 1205/1205
f 1214/1214 1207/1207 1202/1202
f 1214/1214 1209/1209 1207/1207
f 1214/1214 1210/1210 1209/1209
f 1214/1214 1213/1213 1210/1210
f 1214/1214 1205/1205 1213/1213
f 1217/1217 1216/1216 1215/1215
f 1218/1218 1215/1215 1216/1216
f 1216/1216 1219/1219 1218/1218
f 1220/1220 1218/1218 1219/1219
f 1223/1223 1222/1222 1221/1221
f 1224/1224 1221/1221 1222/1222
f 1222/1222 1225/1225 1224/1224
f 1226/1226 1224/1224 1225/1225
f 1227/1227 1226/1226 1225/1225
f 1227/1227 1228/1228 1226/1226
f 1231/1231 1230/1230 1229/1229
f 1232/1232 1229/1229 1230/1230
f 1219/1219 1233/1233 1220/1220
f 1234/1234 1220/1220 1233/1233
f 1234/1234 1233/1233 1235/1235
f 1236/1236 1235/1235 1233/1233
f 1239/1239 1238/1238 1237/1237
f 1240/1240 1238/1238 1239/1239
f 1227/1227 1231/1231 1228/1228
f 1229/1229 1228/1228 1231/1231
f 1215/1215 1223/1223 1217/1217
f 1221/1221 1217/1217 1223/1223
f 1237/1237 1235/1235 1236/1236
f 1236/1236 1239/1239 1237/1237
f 1238/1238 1240/1240 1241/1241
f 1242/1242 1241/1241 1240/1240
f 1244/1244 1230/1230 1243/1243
f 1244/1244 1232/1232 1230/1230
f 1217/1217 1246/1246 1245/1245
f 1216/1216 1217/1217 1245/1245
f 1247/1247 1223/1223 1215/1215
f 1247/1247 1248/1248 1223/1223
f 1219/1219 1216/1216 1249/1249
f 1245/1245 1249/1249 1216/1216
f 1218/1218 1251/1251 1250/1250
f 1251/1251 1218/1218 1220/1220
f 1253/1253 1221/1221 1252/1252
f 1224/1224 1252/1252 1221/1221
f 1248/1248 1222/1222 1223/1223
f 1248/1248 1254/1254 1222/1222
f 1252/1252 1224/1224 1255/1255
f 1226/1226 1255/1255 1224/1224
f 1225/1225 1254/1254 1256/1256
f 1254/1254 1225/1225 1222/1222
f 1255/1255 1226/1226 1257/1257
f 1228/1228 1257/1257 1226/1226
f 1231/1231 1227/1227 1258/1258
f 1259/1259 1258/1258 1227/1227
f 1261/1261 1232/1232 1260/1260
f 1261/1261 1229/1229 1232/1232
f 1230/1230 1231/1231 1262/1262
f 1258/1258 1262/1262 1231/1231
f 1233/1233 1219/1219 1263/1263
f 1249/1249 1263/1263 1219/1219
f 1251/1251 1220/1220 1234/1234
f 1264/1264 1251/1251 1234/1234
f 1239/1239 1236/1236 1265/1265
f 1266/1266 1265/1265 1236/1236
f 1235/1235 1264/1264 1234/1234
f 1267/1267 1264/1264 1235/1235
f 1268/1268 1240/1240 1265/1265
f 1239/1239 1265/1265 1240/1240
f 1238/1238 1270/1270 1269/1269
f 1269/1269 1237/1237 1238/1238
f 1257/1257 1228/1228 1261/1261
f 1229/1229 1261/1261 1228/1228
f 1227/1227 1256/1256 1259/1259
f 1256/1256 1227/1227 1225/1225
f 1246/1246 1217/1217 1253/1253
f 1221/1221 1253/1253 1217/1217
f 1250/1250 1215/1215 1218/1218
f 1250/1250 1247/1247 1215/1215
f 1236/1236 1233/1233 1266/1266
f 1263/1263 1266/1266 1233/1233
f 1267/1267 1237/1237 1269/1269
f 1267/1267 1235/1235 1237/1237
f 1271/1271 1242/1242 1268/1268
f 1240/1240 1268/1268 1242/1242
f 1272/1272 1270/1270 1241/1241
f 1238/1238 1241/1241 1270/1270
f 1275/1275 1274/1274 1273/1273
f 1276/1276 1275/1275 1273/1273
f 1277/1277 1260/1260 1244/1244
f 1232/1232 1244/1244 1260/1260
f 1278/1278 1243/1243 1262/1262
f 1230/1230 1262/1262 1243/1243
f 1281/1281 1280/1280 1279/1279
f 1282/1282 1280/1280 1281/1281
f 1284/1284 1245/1245 1283/1283
f 1246/1246 1283/1283 1245/1245
f 1285/1285 1248/1248 1247/1247
f 1286/1286 1285/1285 1247/1247
f 1287/1287 1249/1249 1284/1284
f 1245/1245 1284/1284 1249/1249
f 1250/1250 1289/1289 1288/1288
f 1289/1289 1250/1250 1251/1251
f 1291/1291 1252/1252 1290/1290
f 1253/1253 1252/1252 1291/1291
f 1292/1292 1254/1254 1248/1248
f 1285/1285 1292/1292 1248/1248
f 1252/1252 1255/1255 1290/1290
f 1293/1293 1290/1290 1255/1255
f 1294/1294 1256/1256 1254/1254
f 1292/1292 1294/1294 1254/1254
f 1295/1295 1293/1293 1257/1257
f 1255/1255 1257/1257 1293/1293
f 1259/1259 1296/1296 1258/1258
f 1297/1297 1258/1258 1296/1296
f 1299/1299 1261/1261 1298/1298
f 1260/1260 1298/1298 1261/1261
f 1262/1262 1297/1297 1300/1300
f 1258/1258 1297/1297 1262/1262
f 1301/1301 1263/1263 1287/1287
f 1249/1249 1287/1287 1263/1263
f 1251/1251 1302/1302 1289/1289
f 1302/1302 1251/1251 1264/1264
f 1304/1304 1265/1265 1303/1303
f 1266/1266 1303/1303 1265/1265
f 1305/1305 1264/1264 1267/1267
f 1305/1305 1302/1302 1264/1264
f 1268/1268 1265/1265 1306/1306
f 1304/1304 1306/1306 1265/1265
f 1308/1308 1307/1307 1270/1270
f 1307/1307 1269/1269 1270/1270
f 1295/1295 1261/1261 1299/1299
f 1257/1257 1261/1261 1295/1295
f 1296/1296 1259/1259 1256/1256
f 1294/1294 1296/1296 1256/1256
f 1283/1283 1253/1253 1291/1291
f 1246/1246 1253/1253 1283/1283
f 1288/1288 1247/1247 1250/1250
f 1288/1288 1286/1286 1247/1247
f 1303/1303 1266/1266 1301/1301
f 1263/1263 1301/1301 1266/1266
f 1307/1307 1305/1305 1269/1269
f 1267/1267 1269/1269 1305/1305
f 1271/1271 1306/1306 1309/1309
f 1268/1268 1306/1306 1271/1271
f 1310/1310 1308/1308 1272/1272
f 1270/1270 1272/1272 1308/1308
f 1313/1313 1312/1312 1311/1311
f 1314/1314 1312/1312 1313/1313
f 1315/1315 1298/1298 1277/1277
f 1260/1260 1277/1277 1298/1298
f 1278/1278 1300/1300 1316/1316
f 1262/1262 1300/1300 1278/1278
f 1319/1319 1318/1318 1317/1317
f 1320/1320 1317/1317 1318/1318
f 1318/1318 1321/1321 1320/1320
f 1279/1279 1321/1321 1318/1318
f 1319/1319 1281/1281 1318/1318
f 1279/1279 1318/1318 1281/1281
f 1317/1317 1322/1322 1319/1319
f 1281/1281 1319/1319 1322/1322
f 1314/1314 1323/1323 1312/1312
f 1273/1273 1323/1323 1314/1314
f 1313/1313 1273/1273 1314/1314
f 1276/1276 1273/1273 1313/1313
f 1311/1311 1324/1324 1313/1313
f 1276/1276 1313/1313 1324/1324

