# https://github.com/mikedh/trimesh
mtllib material.mtl
usemtl material_0
v -0.19642478 0.06560379 -0.14604999
v -0.19874942 0.05391701 -0.13436322
v -0.19874942 0.05391701 -0.13436322
v -0.19806854 0.05733999 -0.14262702
v -0.19806854 0.05733999 -0.14262702
v -0.21056321 0.07974222 -0.14604999
v -0.22224998 0.07741757 -0.13436322
v -0.22224998 0.07741757 -0.13436322
v -0.21882701 0.07809845 -0.14262702
v -0.21882701 0.07809845 -0.14262702
v -0.20642215 0.06974483 -0.14604999
v -0.21536683 0.06080016 -0.13436322
v -0.21274699 0.06341998 -0.14262702
v -0.21056321 0.58377481 -0.14604999
v -0.22224998 0.58609945 -0.13436322
v -0.22224998 0.58609945 -0.13436322
v -0.21882698 0.58541858 -0.14262702
v -0.21882698 0.58541858 -0.14262702
v -0.19642478 0.59791321 -0.14604999
v -0.19874942 0.60960001 -0.13436322
v -0.19874942 0.60960001 -0.13436322
v -0.19806856 0.60617703 -0.14262702
v -0.19806856 0.60617703 -0.14262702
v -0.20642218 0.59377217 -0.14604999
v -0.21536683 0.60271686 -0.13436322
v -0.21274701 0.60009706 -0.14262702
v 0.21056321 0.07974222 -0.14604999
v 0.22224998 0.07741757 -0.13436322
v 0.22224998 0.07741757 -0.13436322
v 0.21882701 0.07809845 -0.14262702
v 0.21882701 0.07809845 -0.14262702
v 0.19642478 0.06560379 -0.14604999
v 0.19874942 0.05391701 -0.13436322
v 0.19874942 0.05391701 -0.13436322
v 0.19806854 0.05733999 -0.14262702
v 0.19806854 0.05733999 -0.14262702
v 0.20642215 0.06974483 -0.14604999
v 0.21536683 0.06080016 -0.13436322
v 0.21274699 0.06341998 -0.14262702
v 0.19642478 0.59791321 -0.14604999
v 0.19874942 0.60960001 -0.13436322
v 0.19874942 0.60960001 -0.13436322
v 0.19806856 0.60617703 -0.14262702
v 0.19806856 0.60617703 -0.14262702
v 0.21056321 0.58377481 -0.14604999
v 0.22224998 0.58609945 -0.13436322
v 0.22224998 0.58609945 -0.13436322
v 0.21882698 0.58541858 -0.14262702
v 0.21882698 0.58541858 -0.14262702
v 0.20642218 0.59377217 -0.14604999
v 0.21536683 0.60271686 -0.13436322
v 0.21274701 0.60009706 -0.14262702
v -0.21536683 0.06080016 0.03651250
v -0.22224998 0.07741757 0.03651250
v -0.22224998 0.07741757 0.03651250
v 0.22224998 0.58609945 0.03651250
v 0.22224998 0.58609945 0.03651250
v 0.21536683 0.60271686 0.03651250
v -0.19874942 0.05391701 0.03651250
v -0.19874942 0.05391701 0.03651250
v -0.06998379 0.60960001 -0.13436322
v 0.06998377 0.60960001 -0.13436322
v 0.06998377 0.60617703 -0.14262702
v -0.06998379 0.60617703 -0.14262702
v 0.06998377 0.59791321 -0.14604999
v -0.06998379 0.59791321 -0.14604999
v 0.19874942 0.60960001 0.03651250
v 0.19874942 0.60960001 0.03651250
v -0.19874942 0.60960001 0.03651250
v -0.19874942 0.60960001 0.03651250
v -0.22224998 0.58609945 0.03651250
v -0.22224998 0.58609945 0.03651250
v -0.21536683 0.60271686 0.03651250
v 0.21536683 0.06080016 0.03651250
v 0.19874942 0.05391701 0.03651250
v 0.19874942 0.05391701 0.03651250
v 0.22224998 0.07741757 0.03651250
v 0.22224998 0.07741757 0.03651250
v 0.19642478 0.58377481 -0.14604999
v 0.19642478 0.07974225 -0.14604999
v -0.19642480 0.58377481 -0.14604999
v -0.19642480 0.07974222 -0.14604999
v 0.06998377 0.59791321 -0.14604999
v -0.06998379 0.59791321 -0.14604999
v -0.06998379 0.59791321 -0.13436322
v 0.06998377 0.59791321 -0.13436322
v -0.06998379 0.60960001 -0.13436322
v 0.06998377 0.60960001 -0.13436322
v -0.06998379 0.59791321 -0.13436322
v 0.06998377 0.59791321 -0.13436322
v -0.06998379 0.60960001 -0.13436322
v -0.06998379 0.60617703 -0.14262702
v -0.06998379 0.59791321 -0.14604999
v -0.06998379 0.59791321 -0.13436322
v 0.06998377 0.60960001 -0.13436322
v 0.06998377 0.60617703 -0.14262702
v 0.06998377 0.59791321 -0.14604999
v 0.06998377 0.59791321 -0.13436322
v -0.20947322 0.06669375 -0.13045792
v -0.20947322 0.59682328 -0.13045792
v -0.20947322 0.06669375 0.03651250
v -0.20947322 0.59682328 0.03651250
v -0.20947322 0.59682328 -0.13045792
v 0.20947322 0.59682328 -0.13045792
v 0.20947322 0.59682328 0.03651250
v -0.20947322 0.59682328 0.03651250
v 0.20947322 0.06669375 -0.13045792
v 0.20947322 0.59682328 -0.13045792
v 0.20947322 0.59682328 0.03651250
v 0.20947322 0.06669375 0.03651250
v -0.20947322 0.06669375 -0.13045792
v -0.20947322 0.59682328 -0.13045792
v 0.20947322 0.06669375 -0.13045792
v 0.20947322 0.59682328 -0.13045792
v -0.21536683 0.06080016 0.03651250
v -0.19874942 0.05391701 0.03651250
v 0.21536683 0.06080016 0.03651250
v 0.19874942 0.05391701 0.03651250
v -0.20947322 0.06669375 0.03651250
v 0.20947322 0.06669375 0.03651250
v -0.21536683 0.06080016 0.03651250
v -0.22224998 0.07741757 0.03651250
v -0.22224998 0.58609945 0.03651250
v -0.21536683 0.60271686 0.03651250
v -0.20947322 0.06669375 0.03651250
v -0.20947322 0.59682328 0.03651250
v 0.22224998 0.58609945 0.03651250
v 0.21536683 0.60271686 0.03651250
v 0.21536683 0.06080016 0.03651250
v 0.22224998 0.07741757 0.03651250
v 0.20947322 0.59682328 0.03651250
v 0.20947322 0.06669375 0.03651250
v 0.21536683 0.60271686 0.03651250
v 0.19874942 0.60960001 0.03651250
v -0.19874942 0.60960001 0.03651250
v -0.21536683 0.60271686 0.03651250
v 0.20947322 0.59682328 0.03651250
v -0.20947322 0.59682328 0.03651250
v -0.20947322 0.06669375 -0.13045792
v 0.20947322 0.06669375 -0.13045792
v -0.20947322 0.06669375 0.03651250
v 0.20947322 0.06669375 0.03651250
v -0.23576322 0.50839436 0.03651250
v -0.23576322 0.50839436 0.02596687
v -0.22224998 0.50839436 0.03651250
v -0.22224998 0.50839436 0.02596687
v -0.23576322 0.50839436 0.03651250
v -0.23576322 0.50839436 0.02596687
v -0.23576322 0.15512270 0.03651250
v -0.23576322 0.15512270 0.02596687
v -0.23576322 0.50839436 0.03651250
v -0.23576322 0.15512270 0.03651250
v -0.22224998 0.50839436 0.03651250
v -0.22224998 0.15512268 0.03651250
v -0.23576322 0.15512270 0.03651250
v -0.22224998 0.15512268 0.03651250
v -0.22224998 0.15512268 0.02596687
v -0.23576322 0.15512270 0.02596687
v -0.23576322 0.50839436 0.02596687
v -0.22224998 0.50839436 0.02596687
v -0.22224998 0.15512268 0.02596687
v -0.23576322 0.15512270 0.02596687
v 0.23470581 0.07494012 0.03651251
v 0.23470581 0.58857691 0.03651251
v 0.22434679 0.05182020 0.03651251
v 0.22224998 0.07741757 0.03651251
v 0.22224998 0.58609945 0.03651251
v 0.21536683 0.06080016 0.03651251
v 0.19874942 0.05391701 0.03651251
v -0.19874942 0.05391701 0.03651251
v 0.20122686 0.04146119 0.03651251
v -0.20122686 0.04146119 0.03651251
v -0.22434679 0.05182020 0.03651251
v -0.23470581 0.07494012 0.03651251
v -0.21536683 0.06080016 0.03651251
v -0.22224998 0.07741757 0.03651251
v -0.22224998 0.58609945 0.03651251
v -0.22224998 0.58609945 0.03651251
v -0.21536683 0.60271686 0.03651251
v -0.23470581 0.58857691 0.03651251
v -0.23470581 0.58857691 0.03651251
v -0.22434679 0.61169684 0.03651251
v -0.20122686 0.62205583 0.03651251
v 0.20122686 0.62205583 0.03651251
v -0.19874942 0.60960001 0.03651251
v 0.19874942 0.60960001 0.03651251
v 0.21536683 0.60271686 0.03651251
v 0.22434679 0.61169684 0.03651251
v 0.23470581 0.07494012 0.03651251
v 0.23470581 0.58857691 0.03651251
v 0.22434679 0.05182020 0.03651251
v 0.23470581 0.07494012 0.02822694
v 0.20122686 0.04146119 0.03651251
v -0.20122686 0.04146119 0.03651251
v 0.20122686 0.04146120 0.02822694
v 0.22434679 0.05182019 0.02822694
v -0.20122686 0.04146120 0.02822694
v -0.22434679 0.05182019 0.02822694
v -0.23470581 0.07494012 0.02822694
v -0.22434679 0.05182020 0.03651251
v -0.23470581 0.07494012 0.03651251
v -0.23470581 0.58857691 0.03651251
v -0.23470581 0.58857691 0.03651251
v -0.22434679 0.61169684 0.03651251
v -0.23470581 0.58857691 0.02822694
v -0.23470581 0.58857691 0.02822694
v -0.22434679 0.61169684 0.02822694
v -0.20122686 0.62205583 0.02822694
v 0.20122686 0.62205583 0.02822694
v -0.20122686 0.62205583 0.03651251
v 0.20122686 0.62205583 0.03651251
v 0.22434679 0.61169684 0.03651251
v 0.22434679 0.61169684 0.02822694
v 0.23470581 0.58857691 0.02822694
v 0.23470581 0.07494012 0.02822694
v 0.20122686 0.04146120 0.02822694
v 0.22434679 0.05182019 0.02822694
v -0.20122686 0.04146120 0.02822694
v 0.19874942 0.05391702 0.02822694
v 0.21536683 0.06080016 0.02822694
v -0.19874942 0.05391702 0.02822694
v -0.21536683 0.06080016 0.02822694
v -0.22224998 0.07741758 0.02822694
v -0.22434679 0.05182019 0.02822694
v -0.23470581 0.07494012 0.02822694
v -0.23470581 0.58857691 0.02822694
v -0.23470581 0.58857691 0.02822694
v -0.22434679 0.61169684 0.02822694
v -0.22224998 0.58609945 0.02822694
v -0.22224998 0.58609945 0.02822694
v -0.21536683 0.60271686 0.02822694
v -0.19874942 0.60960001 0.02822694
v 0.19874942 0.60960001 0.02822694
v -0.20122686 0.62205583 0.02822694
v 0.20122686 0.62205583 0.02822694
v 0.22434679 0.61169684 0.02822694
v 0.23470581 0.58857691 0.02822694
v 0.21536683 0.60271686 0.02822694
v 0.22224998 0.58609945 0.02822694
v 0.22224998 0.07741758 0.02822694
v -0.03801197 0.60960001 -0.08699897
v -0.03801197 0.60960001 -0.05991456
v -0.03801197 0.62424177 -0.08705176
v -0.03801197 0.62424177 -0.05986178
v -0.03801197 0.62424177 -0.08705176
v -0.03801197 0.62424177 -0.05986178
v -0.01944699 0.63200772 -0.08247951
v -0.01944699 0.63200772 -0.06443403
v 0.00591325 0.63485026 -0.08019330
v 0.00591325 0.63485026 -0.06672024
v 0.03127351 0.63200772 -0.08247951
v 0.03127351 0.63200772 -0.06443403
v 0.04983852 0.62424177 -0.08705176
v 0.04983852 0.62424177 -0.05986178
v 0.04983852 0.60960001 -0.08699897
v 0.04983852 0.60960001 -0.05991456
v 0.09591227 0.60960001 -0.05991456
v 0.09591227 0.60960001 -0.08699897
v 0.04983852 0.60960001 -0.08699897
v 0.04983852 0.60960001 -0.05991456
v 0.04983852 0.62424177 -0.08705176
v 0.04983852 0.62424177 -0.05986178
v -0.03801197 0.60960001 -0.08699897
v -0.03801197 0.60960001 -0.05991456
v -0.08408564 0.60960001 -0.05991456
v -0.08408564 0.60960001 -0.08699897
v 0.06158090 0.61829013 -0.08699897
v -0.04975456 0.61829019 -0.08699897
v -0.04975456 0.61829019 -0.05991456
v 0.06158090 0.61829013 -0.05991456
v -0.04533794 0.63104802 -0.08705176
v -0.04533794 0.63104802 -0.05986178
v -0.02209081 0.64165157 -0.08247951
v -0.02209081 0.64165157 -0.06443403
v 0.00591325 0.64485025 -0.08019330
v 0.00591325 0.64484996 -0.06672024
v 0.03391733 0.64165157 -0.08247951
v 0.03391733 0.64165157 -0.06443403
v 0.05716449 0.63104802 -0.08705176
v 0.05716449 0.63104802 -0.05986178
v 0.06158090 0.61829013 -0.08699897
v 0.06158090 0.61829013 -0.05991456
v 0.09591227 0.61960000 -0.05991456
v 0.09591227 0.61960000 -0.08699897
v -0.04975456 0.61829019 -0.08699897
v -0.04975456 0.61829019 -0.05991456
v -0.08408564 0.61960000 -0.05991456
v -0.08408564 0.61960000 -0.08699897
v -0.03801197 0.60960001 -0.05991456
v 0.04983852 0.60960001 -0.05991456
v -0.03801197 0.62424177 -0.05986178
v -0.01944699 0.63200772 -0.06443403
v 0.00591325 0.63485026 -0.06672024
v 0.03127351 0.63200772 -0.06443403
v 0.04983852 0.62424177 -0.05986178
v -0.08408564 0.60960001 -0.05991456
v 0.09591227 0.60960001 -0.05991456
v -0.04975456 0.61829019 -0.05991456
v 0.06158090 0.61829013 -0.05991456
v -0.04533794 0.63104802 -0.05986178
v -0.02209081 0.64165157 -0.06443403
v 0.00591325 0.64484996 -0.06672024
v 0.03391733 0.64165157 -0.06443403
v 0.05716449 0.63104802 -0.05986178
v -0.08408564 0.61960000 -0.05991456
v 0.09591227 0.61960000 -0.05991456
v 0.04983852 0.60960001 -0.08699897
v -0.03801197 0.60960001 -0.08699897
v -0.03801197 0.62424177 -0.08705176
v -0.01944699 0.63200772 -0.08247951
v 0.00591325 0.63485026 -0.08019330
v 0.03127351 0.63200772 -0.08247951
v 0.04983852 0.62424177 -0.08705176
v -0.08408564 0.60960001 -0.08699897
v 0.09591227 0.60960001 -0.08699897
v 0.06158090 0.61829013 -0.08699897
v -0.04975456 0.61829019 -0.08699897
v -0.04533794 0.63104802 -0.08705176
v -0.02209081 0.64165157 -0.08247951
v 0.00591325 0.64485025 -0.08019330
v 0.03391733 0.64165157 -0.08247951
v 0.05716449 0.63104802 -0.08705176
v -0.08408564 0.61960000 -0.08699897
v 0.09591227 0.61960000 -0.08699897
v -0.08594749 0.62147528 -0.05624397
v -0.09776963 0.61685461 -0.06794520
v -0.08594749 0.62147528 -0.09066956
v -0.09776963 0.61685461 -0.07896833
v -0.06225890 0.60960001 -0.09066956
v -0.08594749 0.60960001 -0.09066956
v -0.06225890 0.62016541 -0.09066956
v -0.08594749 0.62147528 -0.09066956
v -0.06225890 0.60960001 -0.05624397
v -0.08594749 0.60960001 -0.05624397
v -0.06225890 0.62016541 -0.05624397
v -0.08594749 0.62147528 -0.05624397
v -0.08594749 0.60960001 -0.05624397
v -0.09776963 0.60960001 -0.06794520
v -0.08594749 0.62147528 -0.05624397
v -0.09776963 0.61685461 -0.06794520
v -0.09776963 0.60960001 -0.06794520
v -0.09776963 0.60960001 -0.07896833
v -0.09776963 0.61685461 -0.06794520
v -0.09776963 0.61685461 -0.07896833
v -0.08594749 0.60960001 -0.09066956
v -0.09776963 0.60960001 -0.07896833
v -0.08594749 0.62147528 -0.09066956
v -0.09776963 0.61685461 -0.07896833
v -0.06225890 0.60960001 -0.09066956
v -0.06225890 0.60960001 -0.05624397
v -0.06225890 0.62016541 -0.09066956
v -0.06225890 0.62016541 -0.05624397
v -0.06225890 0.62016541 -0.09066956
v -0.06225890 0.62016541 -0.05624397
v -0.08594749 0.62147528 -0.05624397
v -0.08594749 0.62147528 -0.09066956
v 0.09777413 0.62147522 -0.05624397
v 0.10959627 0.61685455 -0.06794520
v 0.09777413 0.62147522 -0.09066956
v 0.10959627 0.61685455 -0.07896833
v 0.07408553 0.60960001 -0.09066956
v 0.09777413 0.60959995 -0.09066956
v 0.07408554 0.62016541 -0.09066956
v 0.09777413 0.62147522 -0.09066956
v 0.07408553 0.60960001 -0.05624397
v 0.09777413 0.60959995 -0.05624397
v 0.07408554 0.62016541 -0.05624397
v 0.09777413 0.62147522 -0.05624397
v 0.09777413 0.60959995 -0.05624397
v 0.10959627 0.60959995 -0.06794520
v 0.09777413 0.62147522 -0.05624397
v 0.10959627 0.61685455 -0.06794520
v 0.10959627 0.60959995 -0.06794520
v 0.10959627 0.60959995 -0.07896833
v 0.10959627 0.61685455 -0.06794520
v 0.10959627 0.61685455 -0.07896833
v 0.09777413 0.60959995 -0.09066956
v 0.10959627 0.60959995 -0.07896833
v 0.09777413 0.62147522 -0.09066956
v 0.10959627 0.61685455 -0.07896833
v 0.07408553 0.60960001 -0.09066956
v 0.07408553 0.60960001 -0.05624397
v 0.07408554 0.62016541 -0.09066956
v 0.07408554 0.62016541 -0.05624397
v 0.07408554 0.62016541 -0.09066956
v 0.07408554 0.62016541 -0.05624397
v 0.09777413 0.62147522 -0.05624397
v 0.09777413 0.62147522 -0.09066956
v 0.22224998 0.37568378 -0.04630886
v 0.22224998 0.37568378 -0.01922445
v 0.23689173 0.37568378 -0.04636165
v 0.23689173 0.37568378 -0.01917167
v 0.23689173 0.37568378 -0.04636165
v 0.23689173 0.37568378 -0.01917167
v 0.24465768 0.35711882 -0.04178940
v 0.24465768 0.35711882 -0.02374392
v 0.24750023 0.33175856 -0.03950319
v 0.24750023 0.33175856 -0.02603013
v 0.24465771 0.30639830 -0.04178940
v 0.24465770 0.30639830 -0.02374392
v 0.23689176 0.28783330 -0.04636165
v 0.23689176 0.28783330 -0.01917167
v 0.22224998 0.28783330 -0.04630886
v 0.22224998 0.28783330 -0.01922445
v 0.22225000 0.24175954 -0.01922445
v 0.22225000 0.24175954 -0.04630886
v 0.22224998 0.28783330 -0.04630886
v 0.22224998 0.28783330 -0.01922445
v 0.23689176 0.28783330 -0.04636165
v 0.23689176 0.28783330 -0.01917167
v 0.22224998 0.37568378 -0.04630886
v 0.22224998 0.37568378 -0.01922445
v 0.22224997 0.42175746 -0.01922445
v 0.22224997 0.42175746 -0.04630886
v 0.23094013 0.27609092 -0.04630886
v 0.23094013 0.38742638 -0.04630886
v 0.23094013 0.38742638 -0.01922445
v 0.23094013 0.27609092 -0.01922445
v 0.24369797 0.38300976 -0.04636165
v 0.24369797 0.38300976 -0.01917167
v 0.25430155 0.35976264 -0.04178941
v 0.25430152 0.35976264 -0.02374392
v 0.25750023 0.33175856 -0.03950319
v 0.25749993 0.33175856 -0.02603013
v 0.25430155 0.30375448 -0.04178941
v 0.25430155 0.30375448 -0.02374392
v 0.24369800 0.28050733 -0.04636165
v 0.24369800 0.28050733 -0.01917167
v 0.23094013 0.27609092 -0.04630886
v 0.23094013 0.27609092 -0.01922445
v 0.23225001 0.24175954 -0.01922445
v 0.23225001 0.24175954 -0.04630886
v 0.23094013 0.38742638 -0.04630886
v 0.23094013 0.38742638 -0.01922445
v 0.23224998 0.42175746 -0.01922445
v 0.23224996 0.42175746 -0.04630886
v 0.22224998 0.37568378 -0.01922445
v 0.22224998 0.28783330 -0.01922445
v 0.23689173 0.37568378 -0.01917167
v 0.24465768 0.35711882 -0.02374392
v 0.24750023 0.33175856 -0.02603013
v 0.24465770 0.30639830 -0.02374392
v 0.23689176 0.28783330 -0.01917167
v 0.22224997 0.42175746 -0.01922445
v 0.22225000 0.24175954 -0.01922445
v 0.23094013 0.38742638 -0.01922445
v 0.23094013 0.27609092 -0.01922445
v 0.24369797 0.38300976 -0.01917167
v 0.25430152 0.35976264 -0.02374392
v 0.25749993 0.33175856 -0.02603013
v 0.25430155 0.30375448 -0.02374392
v 0.24369800 0.28050733 -0.01917167
v 0.23224998 0.42175746 -0.01922445
v 0.23225001 0.24175954 -0.01922445
v 0.22224998 0.28783330 -0.04630886
v 0.22224998 0.37568378 -0.04630886
v 0.23689173 0.37568378 -0.04636165
v 0.24465768 0.35711882 -0.04178940
v 0.24750023 0.33175856 -0.03950319
v 0.24465771 0.30639830 -0.04178940
v 0.23689176 0.28783330 -0.04636165
v 0.22224997 0.42175746 -0.04630886
v 0.22225000 0.24175954 -0.04630886
v 0.23094013 0.27609092 -0.04630886
v 0.23094013 0.38742638 -0.04630886
v 0.24369797 0.38300976 -0.04636165
v 0.25430155 0.35976264 -0.04178941
v 0.25750023 0.33175856 -0.03950319
v 0.25430155 0.30375448 -0.04178941
v 0.24369800 0.28050733 -0.04636165
v 0.23224996 0.42175746 -0.04630886
v 0.23225001 0.24175954 -0.04630886
v 0.23412521 0.42361930 -0.01555386
v 0.22950454 0.43544143 -0.02725509
v 0.23412521 0.42361930 -0.04997945
v 0.22950454 0.43544143 -0.03827823
v 0.22224998 0.39993072 -0.04997945
v 0.22224997 0.42361930 -0.04997945
v 0.23281537 0.39993072 -0.04997945
v 0.23412521 0.42361930 -0.04997945
v 0.22224998 0.39993072 -0.01555386
v 0.22224997 0.42361930 -0.01555386
v 0.23281537 0.39993072 -0.01555386
v 0.23412521 0.42361930 -0.01555386
v 0.22224997 0.42361930 -0.01555386
v 0.22224997 0.43544143 -0.02725508
v 0.23412521 0.42361930 -0.01555386
v 0.22950454 0.43544143 -0.02725509
v 0.22224997 0.43544143 -0.02725508
v 0.22224997 0.43544143 -0.03827823
v 0.22950454 0.43544143 -0.02725509
v 0.22950454 0.43544143 -0.03827823
v 0.22224997 0.42361930 -0.04997945
v 0.22224997 0.43544143 -0.03827823
v 0.23412521 0.42361930 -0.04997945
v 0.22950454 0.43544143 -0.03827823
v 0.22224998 0.39993072 -0.04997945
v 0.22224998 0.39993072 -0.01555386
v 0.23281537 0.39993072 -0.04997945
v 0.23281537 0.39993072 -0.01555386
v 0.23281537 0.39993072 -0.04997945
v 0.23281537 0.39993072 -0.01555386
v 0.23412521 0.42361930 -0.01555386
v 0.23412521 0.42361930 -0.04997945
v 0.23412521 0.23989768 -0.01555386
v 0.22950454 0.22807555 -0.02725509
v 0.23412521 0.23989768 -0.04997945
v 0.22950454 0.22807555 -0.03827823
v 0.22224998 0.26358628 -0.04997945
v 0.22224997 0.23989770 -0.04997945
v 0.23281537 0.26358628 -0.04997945
v 0.23412521 0.23989768 -0.04997945
v 0.22224998 0.26358628 -0.01555386
v 0.22224997 0.23989770 -0.01555386
v 0.23281537 0.26358628 -0.01555386
v 0.23412521 0.23989768 -0.01555386
v 0.22224997 0.23989770 -0.01555386
v 0.22224997 0.22807555 -0.02725508
v 0.23412521 0.23989768 -0.01555386
v 0.22950454 0.22807555 -0.02725509
v 0.22224997 0.22807555 -0.02725508
v 0.22224997 0.22807555 -0.03827823
v 0.22950454 0.22807555 -0.02725509
v 0.22950454 0.22807555 -0.03827823
v 0.22224997 0.23989770 -0.04997945
v 0.22224997 0.22807555 -0.03827823
v 0.23412521 0.23989768 -0.04997945
v 0.22950454 0.22807555 -0.03827823
v 0.22224998 0.26358628 -0.04997945
v 0.22224998 0.26358628 -0.01555386
v 0.23281537 0.26358628 -0.04997945
v 0.23281537 0.26358628 -0.01555386
v 0.23281537 0.26358628 -0.04997945
v 0.23281537 0.26358628 -0.01555386
v 0.23412521 0.23989768 -0.01555386
v 0.23412521 0.23989768 -0.04997945
v 0.24917972 0.51653534 -0.01266344
v 0.24917972 0.51653528 0.00803132
v 0.22875874 0.51653528 0.00803132
v 0.24361224 0.51653534 -0.01266344
v 0.24917971 0.51653534 0.00016424
v 0.24361226 0.51653528 0.00016424
v 0.22875875 0.51653528 0.00016424
v 0.22224998 0.45953575 0.00803132
v 0.22224998 0.45953575 -0.02053051
v 0.24917972 0.45953575 0.00803132
v 0.24917972 0.45953575 -0.02053051
v 0.22224998 0.53594959 -0.01266344
v 0.22224998 0.52808249 -0.02053051
v 0.24917971 0.52808249 -0.02053051
v 0.24917971 0.53594959 -0.01266344
v 0.24917972 0.48839605 0.00803132
v 0.22875875 0.48839605 0.00803132
v 0.24361226 0.48839605 -0.01266344
v 0.24917972 0.48839605 -0.01266344
v 0.24361226 0.48839605 0.00016424
v 0.22875875 0.48839605 0.00016424
v 0.22224998 0.45953575 0.00803132
v 0.22224998 0.52808249 0.00803132
v 0.24917972 0.45953575 0.00803132
v 0.24917971 0.52808249 0.00803132
v 0.24917972 0.49547771 0.00803132
v 0.24917972 0.48839605 0.00803132
v 0.24917972 0.51653528 0.00803132
v 0.24917972 0.50945359 0.00803132
v 0.22875875 0.48839605 0.00803132
v 0.22875874 0.50945359 0.00803132
v 0.22875874 0.51653528 0.00803132
v 0.22875874 0.49547774 0.00803132
v 0.22224998 0.45953575 -0.02053051
v 0.22224998 0.52808249 -0.02053051
v 0.24917972 0.45953575 -0.02053051
v 0.24917971 0.52808249 -0.02053051
v 0.24917972 0.45953575 0.00803132
v 0.24917971 0.53594959 0.00016424
v 0.24917971 0.52808249 0.00803132
v 0.24917972 0.45953575 -0.02053051
v 0.24917971 0.52808249 -0.02053051
v 0.24917971 0.53594959 -0.01266344
v 0.24917972 0.49547768 -0.01266344
v 0.24917972 0.50945359 -0.01266344
v 0.24917972 0.51653534 -0.01266344
v 0.24917972 0.49547771 0.00803132
v 0.24917972 0.48839605 0.00803132
v 0.24917972 0.51653528 0.00803132
v 0.24917972 0.50945359 0.00803132
v 0.24917971 0.51653534 0.00016424
v 0.24917972 0.48839605 -0.01266344
v 0.24361224 0.50945359 -0.01266344
v 0.24361224 0.51653534 -0.01266344
v 0.24361226 0.50945359 0.00016424
v 0.24361226 0.51653528 0.00016424
v 0.24917972 0.49547768 -0.01266344
v 0.24361226 0.48839605 -0.01266344
v 0.24361226 0.49547768 -0.01266344
v 0.24917972 0.48839605 -0.01266344
v 0.24917972 0.50945359 -0.01266344
v 0.24917972 0.51653534 -0.01266344
v 0.24361224 0.50945359 -0.01266344
v 0.24361224 0.51653534 -0.01266344
v 0.22224998 0.53594959 0.00016424
v 0.22224998 0.53594959 -0.01266344
v 0.24917971 0.53594959 0.00016424
v 0.24917971 0.53594959 -0.01266344
v 0.22224998 0.52808249 0.00803132
v 0.22224998 0.53594959 0.00016424
v 0.24917971 0.53594959 0.00016424
v 0.24917971 0.52808249 0.00803132
v 0.24917972 0.50945359 -0.01266344
v 0.24917972 0.50945359 0.00803132
v 0.22875874 0.50945359 0.00803132
v 0.24361224 0.50945359 -0.01266344
v 0.24361226 0.50945359 0.00016424
v 0.22875875 0.50945359 0.00016424
v 0.24361226 0.50945359 0.00016424
v 0.24361226 0.51653528 0.00016424
v 0.22875875 0.50945359 0.00016424
v 0.22875875 0.51653528 0.00016424
v 0.22875874 0.50945359 0.00803132
v 0.22875874 0.51653528 0.00803132
v 0.22875875 0.50945359 0.00016424
v 0.22875875 0.51653528 0.00016424
v 0.24566975 0.47396591 -0.01518487
v 0.25268969 0.47396591 -0.01518487
v 0.24566975 0.46622774 -0.01071723
v 0.25268969 0.46622774 -0.01071723
v 0.24566975 0.46622774 -0.01071723
v 0.25268969 0.46622774 -0.01071723
v 0.24566975 0.46622774 -0.00178197
v 0.25268969 0.46622774 -0.00178197
v 0.24566975 0.46622774 -0.00178197
v 0.25268969 0.46622774 -0.00178197
v 0.24566975 0.47396591 0.00268566
v 0.25268969 0.47396591 0.00268566
v 0.24566975 0.47396591 0.00268566
v 0.25268969 0.47396591 0.00268566
v 0.24566975 0.48170409 -0.00178197
v 0.25268969 0.48170409 -0.00178197
v 0.25268969 0.47396591 -0.01518487
v 0.25268969 0.46622774 -0.01071723
v 0.25268969 0.46622774 -0.00178197
v 0.25268969 0.47396591 0.00268566
v 0.25268969 0.48170409 -0.00178197
v 0.25268969 0.48170409 -0.01071723
v 0.24566975 0.48170409 -0.00178197
v 0.25268969 0.48170409 -0.00178197
v 0.24566975 0.48170409 -0.01071723
v 0.25268969 0.48170409 -0.01071723
v 0.24566975 0.47396591 -0.01518487
v 0.25268969 0.47396591 -0.01518487
v 0.24566975 0.48170409 -0.01071723
v 0.25268969 0.48170409 -0.01071723
v 0.19656251 0.06491090 -0.14926510
v 0.20694546 0.06922152 -0.14925757
v 0.19853398 0.05499971 -0.14461087
v 0.18049961 0.06496163 -0.14927857
v 0.18049961 0.05501237 -0.14461087
v 0.18049961 0.09410810 -0.14934185
v 0.21120536 0.09410810 -0.14927857
v 0.22115463 0.09410810 -0.14495464
v 0.21125610 0.07960449 -0.14926510
v 0.22116728 0.07763300 -0.14461087
v 0.21444842 0.06171855 -0.14461087
v 0.18049961 0.06496163 -0.14927857
v 0.18049961 0.05501237 -0.14461087
v 0.18049961 0.09410810 -0.14934185
v 0.18049961 0.06560379 -0.14604999
v 0.18049961 0.05733999 -0.14262702
v 0.18049961 0.09410810 -0.14604999
v 0.18049961 0.05391701 -0.10571776
v 0.18049961 0.05062515 -0.10571776
v 0.18049961 0.02657172 -0.10571776
v 0.18049961 0.02657172 -0.11791400
v 0.18049961 0.05062515 -0.11791400
v 0.18049961 0.05068844 -0.13436322
v 0.18049961 0.05391701 -0.11791400
v 0.18049961 0.05391701 -0.13436322
v 0.18049961 0.02657172 -0.13500537
v 0.18049961 0.02657172 -0.14461087
v 0.18049961 0.09410810 -0.14934185
v 0.18049961 0.09410810 -0.14604999
v 0.21056321 0.09410810 -0.14604999
v 0.21882701 0.09410810 -0.14262702
v 0.21120536 0.09410810 -0.14927857
v 0.22115463 0.09410810 -0.14495464
v 0.22116728 0.07763300 -0.14461087
v 0.22541727 0.07678757 -0.13436322
v 0.24498630 0.05940410 -0.14461087
v 0.24498630 0.05940410 -0.13425665
v 0.24498630 0.05940410 -0.10571776
v 0.22547856 0.07677541 -0.10571776
v 0.22115463 0.09410810 -0.14495464
v 0.22116728 0.07763300 -0.14461087
v 0.22541727 0.07678757 -0.13436322
v 0.22547856 0.07677541 -0.10571776
v 0.22554184 0.09410810 -0.10571776
v 0.22547856 0.09410810 -0.13436322
v 0.24498630 0.04569013 -0.14461087
v 0.22430706 0.02671506 -0.14461087
v 0.24498630 0.04546056 -0.13416030
v 0.22462809 0.02642904 -0.13504168
v 0.19853398 0.05499971 -0.14461087
v 0.18049961 0.05501237 -0.14461087
v 0.22116728 0.07763300 -0.14461087
v 0.21444842 0.06171855 -0.14461087
v 0.24498630 0.05940410 -0.14461087
v 0.24498630 0.04569013 -0.14461087
v 0.22430706 0.02671506 -0.14461087
v 0.18049961 0.02657172 -0.14461087
v 0.24498630 0.04546056 -0.13416030
v 0.22068322 0.06030574 -0.13501975
v 0.24498630 0.04518173 -0.11795381
v 0.22073920 0.06027067 -0.11791400
v 0.21882701 0.09410810 -0.14262702
v 0.22115463 0.09410810 -0.14495464
v 0.22554184 0.09410810 -0.10571776
v 0.22224998 0.09410810 -0.10571776
v 0.22224998 0.09410810 -0.13436322
v 0.22547856 0.09410810 -0.13436322
v 0.24498630 0.04546056 -0.13416030
v 0.22462809 0.02642904 -0.13504168
v 0.22068322 0.06030574 -0.13501975
v 0.18049961 0.05068844 -0.13436322
v 0.19937943 0.05074972 -0.13500126
v 0.18049961 0.02657172 -0.13500537
v 0.24498630 0.04518173 -0.11795381
v 0.22445670 0.02658268 -0.11763243
v 0.24498630 0.04534684 -0.10571776
v 0.22447909 0.02656088 -0.10571776
v 0.24498630 0.04534684 -0.10571776
v 0.24498630 0.05940410 -0.10571776
v 0.22547856 0.07677541 -0.10571776
v 0.22554184 0.09410810 -0.10571776
v 0.22224998 0.07741757 -0.10571776
v 0.21536683 0.06080016 -0.10571776
v 0.22224998 0.09410810 -0.10571776
v 0.19874942 0.05391701 -0.10571776
v 0.18049961 0.05391701 -0.10571776
v 0.18049961 0.05062515 -0.10571776
v 0.22447909 0.02656088 -0.10571776
v 0.18049961 0.02657172 -0.10571776
v 0.24498630 0.05940410 -0.14461087
v 0.24498630 0.05940410 -0.13425665
v 0.24498630 0.04569013 -0.14461087
v 0.24498630 0.04546056 -0.13416030
v 0.24498630 0.04518173 -0.11795381
v 0.24498630 0.04534684 -0.10571776
v 0.24498630 0.05940410 -0.10571776
v 0.22445670 0.02658268 -0.11763243
v 0.22447909 0.02656088 -0.10571776
v 0.18049961 0.02657172 -0.10571776
v 0.18049961 0.02657172 -0.11791400
v 0.18049961 0.05062515 -0.11791400
v 0.18049961 0.05068844 -0.13436322
v 0.19939157 0.05068844 -0.11791400
v 0.19937943 0.05074972 -0.13500126
v 0.22068322 0.06030574 -0.13501975
v 0.22073920 0.06027067 -0.11791400
v 0.19939157 0.05068844 -0.11791400
v 0.19937943 0.05074972 -0.13500126
v 0.22430706 0.02671506 -0.14461087
v 0.22462809 0.02642904 -0.13504168
v 0.18049961 0.02657172 -0.13500537
v 0.18049961 0.02657172 -0.14461087
v 0.21489133 0.04605334 -0.13424371
v 0.21489133 0.04605334 -0.13424371
v 0.21489133 0.05080000 -0.13089333
v 0.20028721 0.04000412 -0.13424371
v 0.20028721 0.04000412 -0.13424371
v 0.22949545 0.04000412 -0.13424371
v 0.22949545 0.04000412 -0.13424371
v 0.23285183 0.04336051 -0.13089330
v 0.23554467 0.02540000 -0.13424368
v 0.23554467 0.02540000 -0.13424368
v 0.24029133 0.02540000 -0.13089330
v 0.22949544 0.01079588 -0.13424371
v 0.22949544 0.01079588 -0.13424371
v 0.23285183 0.00743949 -0.13089333
v 0.21489133 0.00474666 -0.13424371
v 0.21489133 0.00000000 -0.13089333
v 0.20028721 0.01079588 -0.13424371
v 0.20028721 0.01079588 -0.13424371
v 0.19693081 0.00743949 -0.13089333
v 0.19693081 0.00743949 -0.13089333
v 0.19423798 0.02540000 -0.13424371
v 0.19423798 0.02540000 -0.13424371
v 0.18949133 0.02540000 -0.13089333
v 0.19693081 0.04336051 -0.13089333
v 0.18949132 0.02540000 -0.12154089
v 0.19423798 0.02540000 -0.11819053
v 0.19423798 0.02540000 -0.11819053
v 0.19693081 0.04336051 -0.12154090
v 0.19693081 0.00743949 -0.12154090
v 0.19693081 0.00743949 -0.12154090
v 0.20028719 0.01079588 -0.11819053
v 0.20028719 0.01079588 -0.11819053
v 0.21489133 0.00000000 -0.12154089
v 0.21489131 0.00474666 -0.11819051
v 0.23285183 0.00743949 -0.12154089
v 0.22949544 0.01079588 -0.11819051
v 0.22949544 0.01079588 -0.11819051
v 0.24029133 0.02540000 -0.12154089
v 0.23554467 0.02540000 -0.11819050
v 0.23554467 0.02540000 -0.11819050
v 0.23285183 0.04336051 -0.12154087
v 0.22949544 0.04000412 -0.11819050
v 0.22949544 0.04000412 -0.11819050
v 0.21489131 0.05080000 -0.12154089
v 0.21489131 0.04605334 -0.11819051
v 0.21489131 0.04605334 -0.11819051
v 0.20028719 0.04000412 -0.11819053
v 0.20028719 0.04000412 -0.11819053
v -0.19656251 0.06491090 -0.14926510
v -0.20694546 0.06922152 -0.14925757
v -0.19853398 0.05499971 -0.14461087
v -0.18049961 0.06496163 -0.14927857
v -0.18049961 0.05501237 -0.14461087
v -0.18049961 0.09410810 -0.14934185
v -0.21120536 0.09410810 -0.14927857
v -0.22115463 0.09410810 -0.14495464
v -0.21125610 0.07960449 -0.14926510
v -0.22116728 0.07763300 -0.14461087
v -0.21444842 0.06171855 -0.14461087
v -0.18049961 0.06496163 -0.14927857
v -0.18049961 0.05501237 -0.14461087
v -0.18049961 0.09410810 -0.14934185
v -0.18049961 0.06560379 -0.14604999
v -0.18049961 0.05733999 -0.14262702
v -0.18049961 0.09410810 -0.14604999
v -0.18049961 0.05391701 -0.10571776
v -0.18049961 0.05062515 -0.10571776
v -0.18049961 0.02657172 -0.10571776
v -0.18049961 0.02657172 -0.11791400
v -0.18049961 0.05062515 -0.11791400
v -0.18049961 0.05068844 -0.13436322
v -0.18049961 0.05391701 -0.11791400
v -0.18049961 0.05391701 -0.13436322
v -0.18049961 0.02657172 -0.13500537
v -0.18049961 0.02657172 -0.14461087
v -0.18049961 0.09410810 -0.14934185
v -0.18049961 0.09410810 -0.14604999
v -0.21056321 0.09410810 -0.14604999
v -0.21882701 0.09410810 -0.14262702
v -0.21120536 0.09410810 -0.14927857
v -0.22115463 0.09410810 -0.14495464
v -0.19853398 0.05499971 -0.14461087
v -0.18049961 0.05501237 -0.14461087
v -0.22116728 0.07763300 -0.14461087
v -0.21444842 0.06171855 -0.14461087
v -0.24498630 0.05940410 -0.14461087
v -0.24498630 0.04569013 -0.14461087
v -0.22430706 0.02671506 -0.14461087
v -0.18049961 0.02657172 -0.14461087
v -0.22116728 0.07763300 -0.14461087
v -0.22541727 0.07678757 -0.13436322
v -0.24498630 0.05940410 -0.14461087
v -0.24498630 0.05940410 -0.13425665
v -0.24498630 0.05940410 -0.10571776
v -0.22547856 0.07677541 -0.10571776
v -0.22115463 0.09410810 -0.14495464
v -0.22116728 0.07763300 -0.14461087
v -0.22541727 0.07678757 -0.13436322
v -0.22547856 0.07677541 -0.10571776
v -0.22554184 0.09410810 -0.10571776
v -0.22547856 0.09410810 -0.13436322
v -0.21882701 0.09410810 -0.14262702
v -0.22115463 0.09410810 -0.14495464
v -0.22554184 0.09410810 -0.10571776
v -0.22224998 0.09410810 -0.10571776
v -0.22224998 0.09410810 -0.13436322
v -0.22547856 0.09410810 -0.13436322
v -0.24498630 0.04569013 -0.14461087
v -0.22430706 0.02671506 -0.14461087
v -0.24498630 0.04546056 -0.13416030
v -0.22462809 0.02642904 -0.13504168
v -0.24498630 0.04546056 -0.13416030
v -0.22462809 0.02642904 -0.13504168
v -0.22068322 0.06030574 -0.13501975
v -0.18049961 0.05068844 -0.13436322
v -0.19937943 0.05074972 -0.13500126
v -0.18049961 0.02657172 -0.13500537
v -0.24498630 0.04546056 -0.13416030
v -0.22068322 0.06030574 -0.13501975
v -0.24498630 0.04518173 -0.11795381
v -0.22073920 0.06027067 -0.11791400
v -0.24498630 0.05940410 -0.14461087
v -0.24498630 0.05940410 -0.13425665
v -0.24498630 0.04569013 -0.14461087
v -0.24498630 0.04546056 -0.13416030
v -0.24498630 0.04518173 -0.11795381
v -0.24498630 0.04534684 -0.10571776
v -0.24498630 0.05940410 -0.10571776
v -0.24498630 0.04518173 -0.11795381
v -0.22445670 0.02658268 -0.11763243
v -0.22073920 0.06027067 -0.11791400
v -0.18049961 0.02657172 -0.11791400
v -0.18049961 0.05062515 -0.11791400
v -0.19939157 0.05068844 -0.11791400
v -0.24498630 0.04518173 -0.11795381
v -0.22445670 0.02658268 -0.11763243
v -0.24498630 0.04534684 -0.10571776
v -0.22447909 0.02656088 -0.10571776
v -0.24498630 0.04534684 -0.10571776
v -0.24498630 0.05940410 -0.10571776
v -0.22547856 0.07677541 -0.10571776
v -0.22554184 0.09410810 -0.10571776
v -0.22224998 0.07741757 -0.10571776
v -0.21536683 0.06080016 -0.10571776
v -0.22224998 0.09410810 -0.10571776
v -0.19874942 0.05391701 -0.10571776
v -0.18049961 0.05391701 -0.10571776
v -0.18049961 0.05062515 -0.10571776
v -0.22447909 0.02656088 -0.10571776
v -0.18049961 0.02657172 -0.10571776
v -0.22445670 0.02658268 -0.11763243
v -0.22447909 0.02656088 -0.10571776
v -0.18049961 0.02657172 -0.10571776
v -0.18049961 0.02657172 -0.11791400
v -0.18049961 0.05062515 -0.11791400
v -0.18049961 0.05068844 -0.13436322
v -0.19939157 0.05068844 -0.11791400
v -0.19937943 0.05074972 -0.13500126
v -0.22068322 0.06030574 -0.13501975
v -0.22073920 0.06027067 -0.11791400
v -0.19939157 0.05068844 -0.11791400
v -0.19937943 0.05074972 -0.13500126
v -0.22430706 0.02671506 -0.14461087
v -0.22462809 0.02642904 -0.13504168
v -0.18049961 0.02657172 -0.13500537
v -0.18049961 0.02657172 -0.14461087
v -0.21489131 0.04605334 -0.13424368
v -0.21489131 0.04605334 -0.13424368
v -0.21489131 0.05080000 -0.13089330
v -0.20028719 0.04000412 -0.13424368
v -0.20028719 0.04000412 -0.13424368
v -0.22949544 0.04000412 -0.13424368
v -0.22949544 0.04000412 -0.13424368
v -0.23285183 0.04336051 -0.13089330
v -0.23554465 0.02540000 -0.13424368
v -0.23554465 0.02540000 -0.13424368
v -0.24029133 0.02540000 -0.13089330
v -0.22949544 0.01079588 -0.13424368
v -0.22949544 0.01079588 -0.13424368
v -0.23285183 0.00743949 -0.13089330
v -0.21489131 0.00474666 -0.13424368
v -0.21489131 0.00000000 -0.13089330
v -0.20028719 0.01079588 -0.13424368
v -0.20028719 0.01079588 -0.13424368
v -0.19693080 0.00743949 -0.13089330
v -0.19693080 0.00743949 -0.13089330
v -0.19423798 0.02540000 -0.13424371
v -0.19423798 0.02540000 -0.13424371
v -0.18949133 0.02540000 -0.13089333
v -0.19693080 0.04336051 -0.13089333
v -0.18949130 0.02540000 -0.12154089
v -0.19423798 0.02540000 -0.11819051
v -0.19423798 0.02540000 -0.11819051
v -0.19693080 0.04336051 -0.12154089
v -0.19693080 0.00743949 -0.12154089
v -0.19693080 0.00743949 -0.12154089
v -0.20028719 0.01079588 -0.11819051
v -0.20028719 0.01079588 -0.11819051
v -0.21489131 0.00000000 -0.12154089
v -0.21489131 0.00474666 -0.11819051
v -0.23285183 0.00743949 -0.12154087
v -0.22949544 0.01079588 -0.11819050
v -0.22949544 0.01079588 -0.11819050
v -0.24029130 0.02540000 -0.12154087
v -0.23554465 0.02540000 -0.11819050
v -0.23554465 0.02540000 -0.11819050
v -0.23285183 0.04336051 -0.12154087
v -0.22949544 0.04000412 -0.11819050
v -0.22949544 0.04000412 -0.11819050
v -0.21489131 0.05080000 -0.12154089
v -0.21489131 0.04605334 -0.11819051
v -0.21489131 0.04605334 -0.11819051
v -0.20028719 0.04000412 -0.11819051
v -0.20028719 0.04000412 -0.11819051
v 0.24361226 0.48839605 -0.01266344
v 0.24361226 0.49547768 -0.01266344
v 0.24361226 0.48839605 0.00016424
v 0.24361226 0.49547774 0.00016424
v 0.24917972 0.49547768 -0.01266344
v 0.24917972 0.49547771 0.00803132
v 0.24361226 0.49547768 -0.01266344
v 0.22875874 0.49547774 0.00803132
v 0.24361226 0.49547774 0.00016424
v 0.22875875 0.49547774 0.00016424
v 0.24361226 0.48839605 0.00016424
v 0.24361226 0.49547774 0.00016424
v 0.22875875 0.48839605 0.00016424
v 0.22875875 0.49547774 0.00016424
v 0.22875875 0.48839605 0.00803132
v 0.22875874 0.49547774 0.00803132
v 0.22875875 0.48839605 0.00016424
v 0.22875875 0.49547774 0.00016424
v 0.24498630 0.04518173 -0.11795381
v 0.22445670 0.02658268 -0.11763243
v 0.22073920 0.06027067 -0.11791400
v 0.18049961 0.02657172 -0.11791400
v 0.18049961 0.05062515 -0.11791400
v 0.19939157 0.05068844 -0.11791400
v -0.19806856 0.60617703 0.14262702
v -0.19806856 0.60617703 0.14262702
v -0.19874942 0.60960001 0.13436322
v -0.19874942 0.60960001 0.13436322
v -0.19642478 0.59791321 0.14604999
v -0.21274699 0.06342000 0.14262702
v -0.21536683 0.06080016 0.13436322
v -0.20642215 0.06974483 0.14604999
v -0.19806854 0.05734000 0.14262702
v -0.19806854 0.05734000 0.14262702
v -0.19874942 0.05391702 0.13436322
v -0.19874942 0.05391702 0.13436322
v -0.19642478 0.06560379 0.14604999
v -0.21882701 0.07809845 0.14262702
v -0.21882701 0.07809845 0.14262702
v -0.22224998 0.07741755 0.13436322
v -0.22224998 0.07741755 0.13436322
v -0.21056321 0.07974222 0.14604999
v -0.21056321 0.58377481 0.14604999
v -0.22224998 0.58609945 0.13436322
v -0.22224998 0.58609945 0.13436322
v -0.21882698 0.58541858 0.14262702
v -0.21882698 0.58541858 0.14262702
v -0.20642218 0.59377217 0.14604999
v -0.21536683 0.60271686 0.13436322
v -0.21274701 0.60009706 0.14262702
v 0.19642478 0.06560379 0.14604999
v 0.19874942 0.05391702 0.13436322
v 0.19874942 0.05391702 0.13436322
v 0.19806856 0.05734000 0.14262702
v 0.19806856 0.05734000 0.14262702
v 0.21056321 0.07974222 0.14604999
v 0.22224998 0.07741755 0.13436322
v 0.22224998 0.07741755 0.13436322
v 0.21882701 0.07809845 0.14262702
v 0.21882701 0.07809845 0.14262702
v 0.20642215 0.06974483 0.14604999
v 0.21536684 0.06080016 0.13436322
v 0.21274698 0.06342000 0.14262702
v 0.21056321 0.58377481 0.14604999
v 0.22224998 0.58609945 0.13436322
v 0.22224998 0.58609945 0.13436322
v 0.21882698 0.58541858 0.14262702
v 0.21882698 0.58541858 0.14262702
v 0.19642478 0.59791321 0.14604999
v 0.19874942 0.60960001 0.13436322
v 0.19874942 0.60960001 0.13436322
v 0.19806856 0.60617703 0.14262702
v 0.19806856 0.60617703 0.14262702
v 0.20642218 0.59377217 0.14604999
v 0.21536684 0.60271686 0.13436322
v 0.21274701 0.60009706 0.14262702
v -0.21536683 0.60271686 0.03651250
v -0.21536683 0.60271686 0.03651250
v -0.21536683 0.60271686 0.03651250
v -0.19874942 0.60960001 0.03651250
v -0.19874942 0.60960001 0.03651250
v -0.19874942 0.60960001 0.03651250
v -0.22224998 0.58609945 0.03651250
v -0.22224998 0.58609945 0.03651250
v -0.22224998 0.58609945 0.03651250
v 0.22224998 0.07741755 0.03651250
v 0.22224998 0.07741755 0.03651250
v 0.22224998 0.07741755 0.03651250
v 0.21536684 0.06080016 0.03651250
v 0.21536684 0.06080016 0.03651250
v 0.21536684 0.06080016 0.03651250
v 0.19874942 0.05391702 0.03651250
v 0.19874942 0.05391702 0.03651250
v 0.19874942 0.05391702 0.03651250
v 0.21536684 0.60271686 0.03651250
v 0.21536684 0.60271686 0.03651250
v 0.21536684 0.60271686 0.03651250
v 0.19874942 0.60960001 0.03651250
v 0.19874942 0.60960001 0.03651250
v 0.19874942 0.60960001 0.03651250
v -0.21536683 0.06080016 0.03651250
v -0.21536683 0.06080016 0.03651250
v -0.21536683 0.06080016 0.03651250
v -0.19874942 0.05391702 0.03651250
v -0.19874942 0.05391702 0.03651250
v -0.19874942 0.05391702 0.03651250
v -0.22224998 0.07741755 0.03651250
v -0.22224998 0.07741755 0.03651250
v -0.22224998 0.07741755 0.03651250
v 0.22224998 0.58609945 0.03651250
v 0.22224998 0.58609945 0.03651250
v 0.22224998 0.58609945 0.03651250
v 0.19642478 0.58377481 0.14604999
v 0.19642478 0.07974222 0.14604999
v -0.19642481 0.07974222 0.14604999
v -0.19642481 0.58377481 0.14604999
v -0.20946492 0.06670207 0.13829382
v -0.20946492 0.06670207 0.13829382
v -0.20946492 0.06670207 0.13829382
v -0.20946492 0.59681499 0.13829382
v -0.20946492 0.59681499 0.13829382
v -0.20946492 0.59681499 0.13829382
v 0.20946491 0.06670207 0.13829382
v 0.20946491 0.06670207 0.13829382
v 0.20946491 0.06670207 0.13829382
v 0.20946491 0.59681499 0.13829382
v 0.20946491 0.59681499 0.13829382
v 0.20946491 0.59681499 0.13829382
v -0.20946492 0.59681499 0.03651250
v -0.20946492 0.59681499 0.03651250
v -0.20946492 0.59681499 0.03651250
v -0.20946492 0.59681499 0.03651250
v 0.20946491 0.06670207 0.03651250
v 0.20946491 0.06670207 0.03651250
v 0.20946491 0.06670207 0.03651250
v 0.20946491 0.06670207 0.03651250
v -0.20946501 0.06670207 0.03651250
v -0.20946501 0.06670207 0.03651250
v -0.20946501 0.06670207 0.03651250
v -0.20946501 0.06670207 0.03651250
v 0.20946491 0.59681502 0.03651250
v 0.20946491 0.59681502 0.03651250
v 0.20946491 0.59681502 0.03651250
v 0.20946491 0.59681502 0.03651250
v 0.23470581 0.07494012 0.03651250
v 0.23470581 0.07494012 0.03651250
v 0.23470581 0.58857691 0.03651250
v 0.23470581 0.58857691 0.03651250
v 0.20122686 0.04146120 0.03651250
v 0.20122686 0.04146120 0.03651250
v 0.22434679 0.05182019 0.03651250
v 0.22434679 0.05182019 0.03651250
v -0.22434679 0.61169684 0.03651250
v -0.22434679 0.61169684 0.03651250
v -0.23470581 0.07494012 0.03651250
v -0.23470581 0.07494012 0.03651250
v -0.23470581 0.58857691 0.03651250
v -0.23470581 0.58857691 0.03651250
v -0.23470581 0.58857691 0.03651250
v -0.23470581 0.58857691 0.03651250
v -0.20122686 0.04146120 0.03651250
v -0.20122686 0.04146120 0.03651250
v -0.22434679 0.05182019 0.03651250
v -0.22434679 0.05182019 0.03651250
v -0.20122686 0.62205583 0.03651250
v -0.20122686 0.62205583 0.03651250
v 0.20122686 0.62205583 0.03651250
v 0.20122686 0.62205583 0.03651250
v 0.22434679 0.61169684 0.03651250
v 0.22434679 0.61169684 0.03651250
v 0.22434679 0.61169684 0.04479809
v 0.22434679 0.61169684 0.04479809
v 0.20122686 0.62205583 0.04479809
v 0.20122686 0.62205583 0.04479809
v -0.23470581 0.07494012 0.04479809
v -0.23470581 0.07494012 0.04479809
v 0.20122686 0.04146120 0.04479809
v 0.20122686 0.04146120 0.04479809
v 0.23470581 0.07494012 0.04479809
v 0.23470581 0.07494012 0.04479809
v -0.20122686 0.62205583 0.04479809
v -0.20122686 0.62205583 0.04479809
v -0.23470581 0.58857691 0.04479809
v -0.23470581 0.58857691 0.04479809
v -0.23470581 0.58857691 0.04479809
v -0.23470581 0.58857691 0.04479809
v -0.22434679 0.61169684 0.04479809
v -0.22434679 0.61169684 0.04479809
v 0.22434679 0.05182019 0.04479809
v 0.22434679 0.05182019 0.04479809
v -0.20122686 0.04146120 0.04479809
v -0.20122686 0.04146120 0.04479809
v -0.22434679 0.05182019 0.04479809
v -0.22434679 0.05182019 0.04479809
v 0.23470581 0.58857691 0.04479809
v 0.23470581 0.58857691 0.04479809
v 0.22224998 0.07741755 0.03651250
v 0.22224998 0.58609945 0.03651250
v 0.19874942 0.05391702 0.03651250
v 0.21536684 0.06080016 0.03651250
v -0.21536683 0.60271686 0.03651250
v -0.22224998 0.07741755 0.03651250
v -0.22224998 0.58609945 0.03651250
v -0.22224998 0.58609945 0.03651250
v -0.19874942 0.05391702 0.03651250
v -0.21536683 0.06080016 0.03651250
v -0.19874942 0.60960001 0.03651250
v 0.19874942 0.60960001 0.03651250
v 0.21536684 0.60271686 0.03651250
v 0.21536684 0.60271686 0.04479809
v 0.19874942 0.60960001 0.04479809
v -0.22224998 0.07741755 0.04479809
v 0.19874942 0.05391702 0.04479809
v 0.22224998 0.07741755 0.04479809
v -0.19874942 0.60960001 0.04479809
v -0.22224998 0.58609945 0.04479809
v -0.22224998 0.58609945 0.04479809
v -0.21536683 0.60271686 0.04479809
v 0.21536684 0.06080016 0.04479809
v -0.19874942 0.05391702 0.04479809
v -0.21536683 0.06080016 0.04479809
v 0.22224998 0.58609945 0.04479809
v -0.23576322 0.50839436 0.03651251
v -0.23576322 0.50839436 0.03651251
v -0.23576322 0.50839436 0.03651251
v -0.23576322 0.50839436 0.04705813
v -0.23576322 0.50839436 0.04705813
v -0.23576322 0.50839436 0.04705813
v -0.22224998 0.15512268 0.04705813
v -0.22224998 0.15512268 0.04705813
v -0.22224998 0.15512268 0.03651251
v -0.22224998 0.15512268 0.03651251
v -0.22224998 0.50839436 0.04705813
v -0.22224998 0.50839436 0.04705813
v -0.22224998 0.50839436 0.03651251
v -0.22224998 0.50839436 0.03651251
v -0.23576322 0.15512270 0.04705813
v -0.23576322 0.15512270 0.04705813
v -0.23576322 0.15512270 0.04705813
v -0.23576322 0.15512270 0.03651251
v -0.23576322 0.15512270 0.03651251
v -0.23576322 0.15512270 0.03651251
v 0.19656253 0.06491089 0.14926510
v 0.19937944 0.05074972 0.13500126
v 0.19937944 0.05074972 0.13500126
v 0.19937944 0.05074972 0.13500126
v 0.19853398 0.05499971 0.14461087
v 0.19853398 0.05499971 0.14461087
v 0.21125609 0.07960451 0.14926510
v 0.22541726 0.07678756 0.13436322
v 0.22541726 0.07678756 0.13436322
v 0.22116727 0.07763299 0.14461087
v 0.22116727 0.07763299 0.14461087
v 0.22116727 0.07763299 0.14461087
v 0.22116727 0.07763299 0.14461087
v 0.20694548 0.06922153 0.14925757
v 0.22068322 0.06030574 0.13501975
v 0.22068322 0.06030574 0.13501975
v 0.22068322 0.06030574 0.13501975
v 0.21444842 0.06171855 0.14461087
v 0.21444842 0.06171855 0.14461087
v 0.19939157 0.05068845 0.11791399
v 0.19939157 0.05068845 0.11791399
v 0.19939157 0.05068845 0.11791399
v 0.22073919 0.06027067 0.11791399
v 0.22073919 0.06027067 0.11791399
v 0.22073919 0.06027067 0.11791399
v 0.21120536 0.09410810 0.14927857
v 0.21120536 0.09410810 0.14927857
v 0.22547856 0.09410810 0.13436322
v 0.22547856 0.09410810 0.13436322
v 0.22115463 0.09410810 0.14495464
v 0.22115463 0.09410810 0.14495464
v 0.22115463 0.09410810 0.14495464
v 0.22115463 0.09410810 0.14495464
v 0.18049961 0.06496161 0.14927857
v 0.18049961 0.06496161 0.14927857
v 0.18049961 0.05068845 0.13436322
v 0.18049961 0.05068845 0.13436322
v 0.18049961 0.05068845 0.13436322
v 0.18049961 0.05501238 0.14461087
v 0.18049961 0.05501238 0.14461087
v 0.18049961 0.05501238 0.14461087
v 0.18049961 0.05062515 0.11791399
v 0.18049961 0.05062515 0.11791399
v 0.18049961 0.05062515 0.11791399
v 0.18049961 0.09410810 0.14934186
v 0.18049961 0.09410810 0.14934186
v 0.18049961 0.09410810 0.14934186
v 0.21056321 0.09410810 0.14604999
v 0.22224998 0.09410810 0.13436322
v 0.21882701 0.09410810 0.14262702
v 0.21882701 0.09410810 0.14262702
v 0.18049961 0.06560379 0.14604999
v 0.18049961 0.05391702 0.13436322
v 0.18049961 0.05734000 0.14262702
v 0.18049961 0.05391702 0.11791399
v 0.18049961 0.09410810 0.14604999
v 0.18049961 0.09410810 0.14604999
v 0.22547856 0.07677540 0.10571775
v 0.22547856 0.07677540 0.10571775
v 0.22547856 0.07677540 0.10571775
v 0.22554183 0.09410810 0.10571775
v 0.22554183 0.09410810 0.10571775
v 0.22554183 0.09410810 0.10571775
v 0.18049961 0.05062515 0.10571775
v 0.18049961 0.05062515 0.10571775
v 0.19874942 0.05391702 0.10571775
v 0.21536684 0.06080016 0.10571775
v 0.22224998 0.07741755 0.10571775
v 0.22224998 0.09410810 0.10571775
v 0.22224998 0.09410810 0.10571775
v 0.18049961 0.05391702 0.10571775
v 0.18049961 0.05391702 0.10571775
v 0.22430706 0.02671507 0.14461087
v 0.22430706 0.02671507 0.14461087
v 0.22430706 0.02671507 0.14461087
v 0.24498630 0.04569012 0.14461087
v 0.24498630 0.04569012 0.14461087
v 0.24498630 0.04569012 0.14461087
v 0.24498630 0.04546055 0.13416030
v 0.24498630 0.04546055 0.13416030
v 0.24498630 0.04546055 0.13416030
v 0.24498630 0.04546055 0.13416030
v 0.22462809 0.02642903 0.13504169
v 0.22462809 0.02642903 0.13504169
v 0.22462809 0.02642903 0.13504169
v 0.22445670 0.02658269 0.11763242
v 0.22445670 0.02658269 0.11763242
v 0.22445670 0.02658269 0.11763242
v 0.24498630 0.04518172 0.11795381
v 0.24498630 0.04518172 0.11795381
v 0.24498630 0.04518172 0.11795381
v 0.24498630 0.04518172 0.11795381
v 0.18049961 0.02657172 0.14461087
v 0.18049961 0.02657172 0.14461087
v 0.18049961 0.02657172 0.14461087
v 0.18049961 0.02657172 0.13500537
v 0.18049961 0.02657172 0.13500537
v 0.18049961 0.02657172 0.13500537
v 0.18049961 0.02657172 0.11791399
v 0.18049961 0.02657172 0.11791399
v 0.18049961 0.02657172 0.11791399
v 0.22447908 0.02656087 0.10571775
v 0.22447908 0.02656087 0.10571775
v 0.22447908 0.02656087 0.10571775
v 0.18049961 0.02657172 0.10571775
v 0.18049961 0.02657172 0.10571775
v 0.18049961 0.02657172 0.10571775
v 0.24498630 0.04534686 0.10571775
v 0.24498630 0.04534686 0.10571775
v 0.24498630 0.04534686 0.10571775
v 0.24498630 0.05940410 0.14461087
v 0.24498630 0.05940410 0.14461087
v 0.24498630 0.05940410 0.14461087
v 0.24498630 0.05940410 0.13425665
v 0.24498630 0.05940410 0.13425665
v 0.24498630 0.05940410 0.10571775
v 0.24498630 0.05940410 0.10571775
v 0.24498630 0.05940410 0.10571775
v 0.21489131 0.04605335 0.13424372
v 0.21489131 0.04605335 0.13424372
v 0.21489131 0.05080000 0.13089334
v 0.21489131 0.04605335 0.11819052
v 0.21489131 0.04605335 0.11819052
v 0.21489131 0.05080000 0.12154089
v 0.20028719 0.04000413 0.13424372
v 0.20028719 0.04000413 0.13424372
v 0.19693083 0.04336050 0.13089334
v 0.20028719 0.04000413 0.11819052
v 0.20028719 0.04000413 0.11819052
v 0.19693080 0.04336050 0.12154089
v 0.19423798 0.02540001 0.13424372
v 0.19423798 0.02540001 0.13424372
v 0.18949133 0.02540001 0.13089334
v 0.19423798 0.02540001 0.11819052
v 0.19423798 0.02540001 0.11819052
v 0.18949133 0.02540001 0.12154091
v 0.20028719 0.01079589 0.13424372
v 0.20028719 0.01079589 0.13424372
v 0.19693083 0.00743949 0.13089334
v 0.19693083 0.00743949 0.13089334
v 0.20028719 0.01079589 0.11819052
v 0.20028719 0.01079589 0.11819052
v 0.19693080 0.00743949 0.12154089
v 0.19693080 0.00743949 0.12154089
v 0.21489131 0.00474665 0.13424372
v 0.21489131 0.00000000 0.13089334
v 0.21489131 0.00474665 0.11819052
v 0.21489131 0.00000000 0.12154089
v 0.22949544 0.01079589 0.13424372
v 0.22949544 0.01079589 0.13424372
v 0.23285183 0.00743949 0.13089332
v 0.22949541 0.01079589 0.11819052
v 0.22949541 0.01079589 0.11819052
v 0.23285180 0.00743949 0.12154089
v 0.23554465 0.02540001 0.13424370
v 0.23554465 0.02540001 0.13424370
v 0.24029130 0.02540001 0.13089332
v 0.23554465 0.02540001 0.11819052
v 0.23554465 0.02540001 0.11819052
v 0.24029130 0.02540001 0.12154088
v 0.22949544 0.04000410 0.13424370
v 0.22949544 0.04000410 0.13424370
v 0.23285183 0.04336050 0.13089332
v 0.22949544 0.04000410 0.11819052
v 0.22949544 0.04000410 0.11819052
v 0.23285183 0.04336050 0.12154089
v -0.19656251 0.06491089 0.14926510
v -0.20694546 0.06922153 0.14925757
v -0.19853398 0.05499971 0.14461087
v -0.19853398 0.05499971 0.14461087
v -0.18049961 0.06496161 0.14927857
v -0.18049961 0.06496161 0.14927857
v -0.18049961 0.05501238 0.14461087
v -0.18049961 0.05501238 0.14461087
v -0.18049961 0.05501238 0.14461087
v -0.18049961 0.09410810 0.14934186
v -0.18049961 0.09410810 0.14934186
v -0.18049961 0.09410810 0.14934186
v -0.18049961 0.06560379 0.14604999
v -0.18049961 0.05734000 0.14262702
v -0.18049961 0.09410810 0.14604999
v -0.18049961 0.09410810 0.14604999
v -0.21056321 0.09410810 0.14604999
v -0.21882701 0.09410810 0.14262702
v -0.21882701 0.09410810 0.14262702
v -0.21120536 0.09410810 0.14927857
v -0.21120536 0.09410810 0.14927857
v -0.22115463 0.09410810 0.14495464
v -0.22115463 0.09410810 0.14495464
v -0.22115463 0.09410810 0.14495464
v -0.22115463 0.09410810 0.14495464
v -0.21125610 0.07960451 0.14926510
v -0.22116728 0.07763299 0.14461087
v -0.22116728 0.07763299 0.14461087
v -0.22116728 0.07763299 0.14461087
v -0.22116728 0.07763299 0.14461087
v -0.21444842 0.06171855 0.14461087
v -0.21444842 0.06171855 0.14461087
v -0.22541727 0.07678756 0.13436322
v -0.22541727 0.07678756 0.13436322
v -0.24498630 0.05940410 0.14461087
v -0.24498630 0.05940410 0.14461087
v -0.24498630 0.05940410 0.14461087
v -0.24498630 0.05940410 0.13425665
v -0.24498630 0.05940410 0.13425665
v -0.24498630 0.04569012 0.14461087
v -0.24498630 0.04569012 0.14461087
v -0.24498630 0.04569012 0.14461087
v -0.22430706 0.02671507 0.14461087
v -0.22430706 0.02671507 0.14461087
v -0.22430706 0.02671507 0.14461087
v -0.24498630 0.04546055 0.13416030
v -0.24498630 0.04546055 0.13416030
v -0.24498630 0.04546055 0.13416030
v -0.24498630 0.04546055 0.13416030
v -0.22462809 0.02642903 0.13504169
v -0.22462809 0.02642903 0.13504169
v -0.22462809 0.02642903 0.13504169
v -0.22068322 0.06030574 0.13501975
v -0.22068322 0.06030574 0.13501975
v -0.22068322 0.06030574 0.13501975
v -0.24498630 0.04518172 0.11795381
v -0.24498630 0.04518172 0.11795381
v -0.24498630 0.04518172 0.11795381
v -0.24498630 0.04518172 0.11795381
v -0.22445670 0.02658269 0.11763242
v -0.22445670 0.02658269 0.11763242
v -0.22445670 0.02658269 0.11763242
v -0.24498630 0.04534686 0.10571775
v -0.24498630 0.04534686 0.10571775
v -0.24498630 0.04534686 0.10571775
v -0.22073920 0.06027067 0.11791399
v -0.22073920 0.06027067 0.11791399
v -0.22073920 0.06027067 0.11791399
v -0.24498630 0.05940410 0.10571775
v -0.24498630 0.05940410 0.10571775
v -0.24498630 0.05940410 0.10571775
v -0.22547856 0.07677540 0.10571775
v -0.22547856 0.07677540 0.10571775
v -0.22547856 0.07677540 0.10571775
v -0.22554184 0.09410810 0.10571775
v -0.22554184 0.09410810 0.10571775
v -0.22554184 0.09410810 0.10571775
v -0.22224998 0.07741755 0.10571775
v -0.21536683 0.06080016 0.10571775
v -0.22224998 0.09410810 0.10571775
v -0.22224998 0.09410810 0.10571775
v -0.22224998 0.09410810 0.13436322
v -0.22547856 0.09410810 0.13436322
v -0.22547856 0.09410810 0.13436322
v -0.19874942 0.05391702 0.10571775
v -0.18049961 0.05391702 0.10571775
v -0.18049961 0.05391702 0.10571775
v -0.18049961 0.05062515 0.10571775
v -0.18049961 0.05062515 0.10571775
v -0.22447909 0.02656087 0.10571775
v -0.22447909 0.02656087 0.10571775
v -0.22447909 0.02656087 0.10571775
v -0.18049961 0.02657172 0.10571775
v -0.18049961 0.02657172 0.10571775
v -0.18049961 0.02657172 0.10571775
v -0.18049961 0.02657172 0.11791399
v -0.18049961 0.02657172 0.11791399
v -0.18049961 0.02657172 0.11791399
v -0.18049961 0.05062515 0.11791399
v -0.18049961 0.05062515 0.11791399
v -0.18049961 0.05062515 0.11791399
v -0.18049961 0.05068845 0.13436322
v -0.18049961 0.05068845 0.13436322
v -0.18049961 0.05068845 0.13436322
v -0.19939157 0.05068845 0.11791399
v -0.19939157 0.05068845 0.11791399
v -0.19939157 0.05068845 0.11791399
v -0.18049961 0.05391702 0.11791399
v -0.18049961 0.05391702 0.13436322
v -0.19937943 0.05074972 0.13500126
v -0.19937943 0.05074972 0.13500126
v -0.19937943 0.05074972 0.13500126
v -0.18049961 0.02657172 0.13500537
v -0.18049961 0.02657172 0.13500537
v -0.18049961 0.02657172 0.13500537
v -0.18049961 0.02657172 0.14461087
v -0.18049961 0.02657172 0.14461087
v -0.18049961 0.02657172 0.14461087
v -0.21489131 0.04605335 0.13424370
v -0.21489131 0.04605335 0.13424370
v -0.21489131 0.05080000 0.13089332
v -0.20028719 0.04000413 0.13424370
v -0.20028719 0.04000413 0.13424370
v -0.22949544 0.04000410 0.13424370
v -0.22949544 0.04000410 0.13424370
v -0.23285183 0.04336050 0.13089332
v -0.23554465 0.02540001 0.13424370
v -0.23554465 0.02540001 0.13424370
v -0.24029133 0.02540001 0.13089332
v -0.22949544 0.01079589 0.13424370
v -0.22949544 0.01079589 0.13424370
v -0.23285183 0.00743949 0.13089332
v -0.21489131 0.00474665 0.13424370
v -0.21489131 0.00000000 0.13089332
v -0.20028719 0.01079589 0.13424372
v -0.20028719 0.01079589 0.13424372
v -0.19693080 0.00743949 0.13089334
v -0.19693080 0.00743949 0.13089334
v -0.19423798 0.02540001 0.13424372
v -0.19423798 0.02540001 0.13424372
v -0.18949133 0.02540001 0.13089334
v -0.19693080 0.04336050 0.13089334
v -0.18949130 0.02540001 0.12154089
v -0.19423798 0.02540001 0.11819052
v -0.19423798 0.02540001 0.11819052
v -0.19693080 0.04336050 0.12154089
v -0.19693080 0.00743949 0.12154089
v -0.19693080 0.00743949 0.12154089
v -0.20028719 0.01079589 0.11819052
v -0.20028719 0.01079589 0.11819052
v -0.21489131 0.00000000 0.12154088
v -0.21489131 0.00474665 0.11819050
v -0.23285183 0.00743949 0.12154088
v -0.22949544 0.01079589 0.11819050
v -0.22949544 0.01079589 0.11819050
v -0.24029130 0.02540001 0.12154088
v -0.23554465 0.02540001 0.11819050
v -0.23554465 0.02540001 0.11819050
v -0.23285183 0.04336050 0.12154088
v -0.22949544 0.04000410 0.11819050
v -0.22949544 0.04000410 0.11819050
v -0.21489131 0.05080000 0.12154088
v -0.21489131 0.04605335 0.11819050
v -0.21489131 0.04605335 0.11819050
v -0.20028719 0.04000413 0.11819052
v -0.20028719 0.04000413 0.11819052
v 0.23944814 0.50515088 0.03837142
v 0.23944814 0.50515088 0.03837142
v 0.23944814 0.50515088 0.03837142
v 0.23944814 0.52104619 0.03837142
v 0.23944814 0.52104619 0.03837142
v 0.23944814 0.52104619 0.03837142
v 0.23944814 0.50515088 0.03465358
v 0.23944814 0.50515088 0.03465358
v 0.23944814 0.50515088 0.03465358
v 0.23944814 0.52104619 0.03465358
v 0.23944814 0.52104619 0.03465358
v 0.23944814 0.52104619 0.03465358
v 0.24534142 0.52104619 0.03465358
v 0.24534142 0.52104619 0.03465358
v 0.24534142 0.52104619 0.03465358
v 0.24534142 0.50515089 0.03465358
v 0.24534142 0.50515089 0.03465358
v 0.24534142 0.50515089 0.03465358
v 0.24534142 0.50515089 0.03837142
v 0.24534142 0.50515089 0.03837142
v 0.24534142 0.50515089 0.03837142
v 0.24534142 0.52104619 0.03837142
v 0.24534142 0.52104619 0.03837142
v 0.24534142 0.52104619 0.03837142
v 0.23470581 0.50254732 0.03949591
v 0.23470581 0.50254732 0.03949591
v 0.23470581 0.50402640 0.04097497
v 0.23470581 0.50402640 0.04097497
v 0.23470581 0.52217068 0.04097497
v 0.23470581 0.52217068 0.04097497
v 0.23470581 0.52364974 0.03949591
v 0.23470581 0.52364974 0.03949591
v 0.23470581 0.50402640 0.03205003
v 0.23470581 0.50402640 0.03205003
v 0.23470581 0.50254732 0.03352909
v 0.23470581 0.50254732 0.03352909
v 0.23470581 0.52364974 0.03352909
v 0.23470581 0.52364974 0.03352909
v 0.23470581 0.52217068 0.03205003
v 0.23470581 0.52217068 0.03205003
v 0.23944814 0.52217067 0.03205003
v 0.23944814 0.52217067 0.03205003
v 0.23944814 0.52217067 0.03205003
v 0.23944814 0.52364974 0.03352909
v 0.23944814 0.52364974 0.03352909
v 0.23944814 0.52364974 0.03352909
v 0.23944814 0.50254732 0.03352909
v 0.23944814 0.50254732 0.03352909
v 0.23944814 0.50254732 0.03352909
v 0.23944814 0.50402640 0.03205003
v 0.23944814 0.50402640 0.03205003
v 0.23944814 0.50402640 0.03205003
v 0.23944814 0.50402640 0.04097497
v 0.23944814 0.50402640 0.04097497
v 0.23944814 0.50402640 0.04097497
v 0.23944814 0.50254732 0.03949591
v 0.23944814 0.50254732 0.03949591
v 0.23944814 0.50254732 0.03949591
v 0.23944814 0.52364974 0.03949591
v 0.23944814 0.52364974 0.03949591
v 0.23944814 0.52364974 0.03949591
v 0.23944814 0.52217067 0.04097497
v 0.23944814 0.52217067 0.04097497
v 0.23944814 0.52217067 0.04097497
v 0.23944814 0.50254732 0.03949591
v 0.23944814 0.50254732 0.03949591
v 0.23944814 0.50254732 0.03949591
v 0.23470581 0.50254732 0.03352909
v 0.23470581 0.50254732 0.03352909
v 0.23470581 0.50254732 0.03352909
v 0.23470581 0.50106825 0.04097497
v 0.23470581 0.50106825 0.04097497
v 0.23944814 0.50106825 0.04097497
v 0.23944814 0.50106825 0.04097497
v 0.23944814 0.50106825 0.04097497
v 0.23470581 0.48292397 0.04097497
v 0.23470581 0.48292397 0.04097497
v 0.23470581 0.48144491 0.03949591
v 0.23470581 0.48144491 0.03949591
v 0.23944814 0.48292397 0.04097497
v 0.23944814 0.48292397 0.04097497
v 0.23944814 0.48292397 0.04097497
v 0.23944814 0.48404846 0.03837142
v 0.23944814 0.48404846 0.03837142
v 0.23944814 0.48404846 0.03837142
v 0.23944814 0.48144491 0.03949591
v 0.23944814 0.48144491 0.03949591
v 0.23944814 0.48144491 0.03949591
v 0.23944814 0.48144491 0.03352909
v 0.23944814 0.48144491 0.03352909
v 0.23944814 0.48144491 0.03352909
v 0.23944814 0.48292397 0.03205003
v 0.23944814 0.48292397 0.03205003
v 0.23944814 0.48292397 0.03205003
v 0.23944814 0.48404846 0.03465358
v 0.23944814 0.48404846 0.03465358
v 0.23944814 0.48404846 0.03465358
v 0.23470581 0.48144491 0.03352909
v 0.23470581 0.48144491 0.03352909
v 0.23470581 0.48292397 0.03205003
v 0.23470581 0.48292397 0.03205003
v 0.23470581 0.50106825 0.03205003
v 0.23470581 0.50106825 0.03205003
v 0.23944814 0.50106825 0.03205003
v 0.23944814 0.50106825 0.03205003
v 0.23944814 0.50106825 0.03205003
v 0.23944814 0.50254732 0.03352909
v 0.23944814 0.50254732 0.03352909
v 0.23944814 0.50254732 0.03352909
v 0.23944814 0.49994376 0.03465358
v 0.23944814 0.49994376 0.03465358
v 0.23944814 0.49994376 0.03465358
v 0.23944814 0.49994376 0.03837142
v 0.23944814 0.49994376 0.03837142
v 0.23944814 0.49994376 0.03837142
v 0.24534142 0.49994376 0.03465358
v 0.24534142 0.49994376 0.03465358
v 0.24534142 0.49994376 0.03465358
v 0.24534142 0.48404846 0.03465358
v 0.24534142 0.48404846 0.03465358
v 0.24534142 0.48404846 0.03465358
v 0.24534142 0.49994376 0.03837142
v 0.24534142 0.49994376 0.03837142
v 0.24534142 0.49994376 0.03837142
v 0.24534142 0.48404846 0.03837142
v 0.24534142 0.48404846 0.03837142
v 0.24534142 0.48404846 0.03837142
v 0.23470581 0.50254730 0.03949591
v 0.23470581 0.50254730 0.03949591
v 0.23470581 0.50254730 0.03949591
vt 0.39557296 0.75193489
vt 0.40483660 0.75578892
vt 0.40534496 0.75324148
vt 0.40035677 0.75338972
vt 0.40045798 0.75285125
vt 0.38794604 0.75953239
vt 0.38921046 0.76929289
vt 0.39176300 0.76881093
vt 0.38884094 0.76441282
vt 0.38938197 0.76432151
vt 0.39307818 0.75705814
vt 0.39940158 0.76340592
vt 0.39634594 0.76033843
vt 0.11295383 0.75942481
vt 0.10911382 0.76870531
vt 0.11168172 0.76918465
vt 0.11150958 0.76421469
vt 0.11205510 0.76430452
vt 0.10534076 0.75182557
vt 0.09556650 0.75312525
vt 0.09609798 0.75566524
vt 0.10045440 0.75273860
vt 0.10056519 0.75327504
vt 0.10782636 0.75694251
vt 0.10149617 0.76325828
vt 0.10455576 0.76020986
vt 0.38803858 0.52974302
vt 0.38931036 0.51998317
vt 0.39187998 0.52046090
vt 0.38893718 0.52486306
vt 0.38948354 0.52495229
vt 0.39565265 0.53734422
vt 0.40489730 0.53350443
vt 0.40542752 0.53604507
vt 0.40042898 0.53589475
vt 0.40053928 0.53643143
vt 0.39316681 0.53222603
vt 0.39949867 0.52590954
vt 0.39643830 0.52895814
vt 0.10542100 0.53723949
vt 0.09564938 0.53593248
vt 0.09615906 0.53338557
vt 0.10053618 0.53632277
vt 0.10063805 0.53578448
vt 0.11304699 0.52964360
vt 0.10923114 0.52036649
vt 0.11178224 0.51988316
vt 0.11161157 0.52485508
vt 0.11215193 0.52476323
vt 0.10791557 0.53211707
vt 0.10159371 0.52576989
vt 0.10464852 0.52883726
vt 0.46173584 0.82598692
vt 0.38917407 0.86251992
vt 0.45470530 0.83294016
vt 0.04630350 0.45624459
vt 0.11181580 0.42665637
vt 0.03927375 0.46319640
vt 0.46871671 0.81898403
vt 0.49889159 0.75346440
vt 0.09535886 0.68275499
vt 0.09538987 0.60629070
vt 0.10027592 0.60630065
vt 0.10024554 0.68274862
vt 0.10516106 0.60631055
vt 0.10513091 0.68274218
vt 0.00211039 0.53570062
vt 0.03229368 0.47019768
vt 0.00203759 0.75327963
vt 0.03293110 0.81838518
vt 0.04651125 0.83189803
vt 0.11164534 0.86241168
vt 0.03985956 0.82530838
vt 0.46115056 0.46385270
vt 0.46807969 0.47077757
vt 0.49891740 0.53590059
vt 0.38934404 0.42675626
vt 0.45449814 0.45726150
vt 0.11313906 0.53735822
vt 0.38793987 0.53745711
vt 0.11305247 0.75171208
vt 0.38785386 0.75181627
vt 0.07189827 0.39406097
vt 0.07189827 0.34132385
vt 0.07630165 0.34132385
vt 0.07630165 0.39406091
vt 0.08070502 0.34132385
vt 0.08070502 0.39406097
vt 0.07630165 0.34132385
vt 0.07630165 0.39406091
vt 0.07630165 0.33692050
vt 0.07318802 0.33821011
vt 0.07189827 0.34132385
vt 0.07630165 0.34132385
vt 0.07630165 0.39846420
vt 0.07318802 0.39717460
vt 0.07189827 0.39406097
vt 0.07630165 0.39406091
vt 0.39531240 0.10012227
vt 0.10608315 0.10001755
vt 0.39534542 0.00902623
vt 0.10611603 0.00892150
vt 0.10608315 0.10001755
vt 0.10600051 0.32858717
vt 0.01490447 0.32855439
vt 0.01498699 0.09998465
vt 0.39522973 0.32869190
vt 0.10600051 0.32858717
vt 0.10596752 0.41968334
vt 0.39519677 0.41978800
vt 0.39531240 0.10012227
vt 0.10608315 0.10001755
vt 0.39522973 0.32869190
vt 0.10600051 0.32858717
vt 0.48962522 0.09694088
vt 0.49337727 0.10600829
vt 0.48954013 0.33194155
vt 0.49329883 0.32287669
vt 0.48640847 0.10015512
vt 0.48632598 0.32872492
vt 0.39856192 0.00581181
vt 0.38949713 0.00205320
vt 0.11196890 0.00195336
vt 0.10290200 0.00570524
vt 0.39534542 0.00902623
vt 0.10611603 0.00892150
vt 0.11181580 0.42665637
vt 0.10275087 0.42289758
vt 0.39841089 0.42300445
vt 0.38934404 0.42675626
vt 0.10596752 0.41968334
vt 0.39519677 0.41978800
vt 0.01168786 0.33176863
vt 0.00793584 0.32270110
vt 0.00801406 0.10583287
vt 0.01177267 0.09676802
vt 0.01490447 0.32855439
vt 0.01498699 0.09998465
vt 0.39531240 0.10012227
vt 0.39522973 0.32869190
vt 0.48640847 0.10015512
vt 0.48632598 0.32872492
vt 9.58361435 0.89343274
vt 5.57818842 0.89343274
vt 9.58361435 0.86920315
vt 5.57818842 0.86920315
vt 9.58361435 0.90299404
vt 9.58361435 0.89343274
vt 5.57818842 0.90299404
vt 5.57818842 0.89343274
vt 9.58361435 0.89343274
vt 5.57818842 0.89343274
vt 9.58361435 0.86920315
vt 5.57818842 0.86920315
vt 9.58361435 0.89343274
vt 9.58361435 0.86920315
vt 5.57818842 0.86920315
vt 5.57818842 0.89343274
vt 9.58361435 0.89343274
vt 9.58361435 0.86920315
vt 5.57818842 0.86920315
vt 5.57818842 0.89343274
vt 1.76506495 0.92469084
vt -2.24036074 0.92469084
vt 1.93479824 0.92469084
vt 1.76506495 0.94892001
vt -2.24036074 0.94892001
vt 1.93479824 0.94892001
vt 2.10452819 0.94892001
vt 5.23872948 0.94892001
vt 2.10452819 0.92469084
vt 5.23872948 0.92469084
vt 5.40846014 0.92469084
vt 5.57818842 0.92469084
vt 5.40846014 0.94892001
vt 5.57818842 0.94892001
vt -6.05348635 0.94892001
vt 9.58361435 0.94892001
vt -5.88375473 0.94892001
vt -6.05348635 0.92469084
vt 9.58361435 0.92469084
vt -5.88375473 0.92469084
vt -5.71402311 0.92469084
vt -2.57982254 0.92469084
vt -5.71402311 0.94892001
vt -2.57982254 0.94892001
vt -2.41009092 0.94892001
vt -2.41009092 0.92469084
vt 1.76506495 0.92469084
vt -2.24036074 0.92469084
vt 1.93479824 0.92469084
vt 1.76506495 0.89343274
vt 2.10452819 0.92469084
vt 5.23872948 0.92469084
vt 2.10452819 0.89343274
vt 1.93479824 0.89343274
vt 5.23872948 0.89343274
vt 5.40846014 0.89343274
vt 5.57818842 0.89343274
vt 5.40846014 0.92469084
vt 5.57818842 0.92469084
vt -6.05348635 0.92469084
vt 9.58361435 0.92469084
vt -5.88375473 0.92469084
vt -6.05348635 0.89343274
vt 9.58361435 0.89343274
vt -5.88375473 0.89343274
vt -5.71402311 0.89343274
vt -2.57982254 0.89343274
vt -5.71402311 0.92469084
vt -2.57982254 0.92469084
vt -2.41009092 0.92469084
vt -2.41009092 0.89343274
vt -2.24036074 0.89343274
vt 1.76506495 0.89343274
vt 2.10452819 0.89343274
vt 1.93479824 0.89343274
vt 5.23872948 0.89343274
vt 2.10452819 0.86920315
vt 1.93479824 0.86920315
vt 5.23872948 0.86920315
vt 5.40846014 0.86920315
vt 5.57818842 0.86920315
vt 5.40846014 0.89343274
vt 5.57818842 0.89343274
vt -6.05348635 0.89343274
vt 9.58361435 0.89343274
vt -5.88375473 0.89343274
vt -6.05348635 0.86920315
vt 9.58361435 0.86920315
vt -5.88375473 0.86920315
vt -5.71402311 0.86920315
vt -2.57982254 0.86920315
vt -5.71402311 0.89343274
vt -2.57982254 0.89343274
vt -2.41009092 0.89343274
vt -2.24036074 0.89343274
vt -2.41009092 0.86920315
vt -2.24036074 0.86920315
vt 1.76506495 0.86920315
vt 0.94510561 0.04441327
vt 0.92566949 0.04919660
vt 0.95127195 0.05253881
vt 0.92934364 0.05959046
vt 0.95127195 0.05253881
vt 0.92934364 0.05959046
vt 0.95131928 0.07072067
vt 0.93683600 0.07369494
vt 0.95167691 0.09284610
vt 0.94078225 0.09291553
vt 0.95078897 0.11445832
vt 0.93686348 0.11180109
vt 0.94971943 0.13184816
vt 0.92970830 0.12545645
vt 0.94387192 0.13940459
vt 0.92629296 0.13489765
vt 0.92412508 0.17378730
vt 0.94698632 0.17506182
vt 0.94387192 0.13940459
vt 0.92629296 0.13489765
vt 0.94971943 0.13184816
vt 0.92970830 0.12545645
vt 0.94510561 0.04441327
vt 0.92566949 0.04919660
vt 0.92412508 0.00679523
vt 0.94905061 0.00588727
vt 0.95279902 0.14428663
vt 0.95480502 0.03933710
vt 0.98495048 0.04035699
vt 0.98086828 0.14371663
vt 0.95891124 0.05101895
vt 0.97779644 0.05322909
vt 0.95915610 0.07068890
vt 0.97336197 0.07172364
vt 0.95949203 0.09296149
vt 0.97046518 0.09321314
vt 0.95837957 0.11476356
vt 0.97201872 0.11429000
vt 0.95688796 0.13364816
vt 0.97462106 0.13154227
vt 0.95279902 0.14428663
vt 0.98086828 0.14371663
vt 0.97394335 0.17710519
vt 0.95399523 0.17483783
vt 0.95480502 0.03933710
vt 0.98495048 0.04035699
vt 0.97830290 0.00419432
vt 0.95664215 0.00625360
vt 0.99804688 0.05073535
vt 0.99316698 0.13454145
vt 0.98509479 0.05612475
vt 0.98112476 0.07318354
vt 0.97829062 0.09352469
vt 0.97938490 0.11347914
vt 0.98152667 0.12928909
vt 0.98674858 0.00251782
vt 0.98171097 0.17882538
vt 0.98495048 0.04035699
vt 0.98086828 0.14371663
vt 0.97779644 0.05322909
vt 0.97336197 0.07172364
vt 0.97046518 0.09321314
vt 0.97201872 0.11429000
vt 0.97462106 0.13154227
vt 0.97830290 0.00419432
vt 0.97394335 0.17710519
vt 0.94387192 0.13940459
vt 0.94510561 0.04441327
vt 0.95127195 0.05253881
vt 0.95131928 0.07072067
vt 0.95167691 0.09284610
vt 0.95078897 0.11445832
vt 0.94971943 0.13184816
vt 0.94905061 0.00588727
vt 0.94698632 0.17506182
vt 0.95279902 0.14428663
vt 0.95480502 0.03933710
vt 0.95891124 0.05101895
vt 0.95915610 0.07068890
vt 0.95949203 0.09296149
vt 0.95837957 0.11476356
vt 0.95688796 0.13364816
vt 0.95664215 0.00625360
vt 0.95399523 0.17483783
vt 0.02100622 0.05653518
vt 0.03963190 0.07673949
vt 0.07580400 0.05653518
vt 0.05717825 0.07673949
vt 0.09259583 0.01784229
vt 0.09467772 0.05549145
vt 0.07580400 0.01877075
vt 0.07580400 0.05653518
vt 0.00421432 0.01784229
vt 0.00213249 0.05549145
vt 0.02100622 0.01877075
vt 0.02100622 0.05653518
vt 0.01104441 0.07259971
vt 0.03354622 0.08655339
vt 0.02100622 0.05653518
vt 0.03963190 0.07673949
vt 0.03963190 0.08828717
vt 0.05717825 0.08828717
vt 0.03963190 0.07673949
vt 0.05717825 0.07673949
vt 0.08576564 0.07259971
vt 0.06326393 0.08655339
vt 0.07580400 0.05653518
vt 0.05717825 0.07673949
vt 0.07580400 0.00195312
vt 0.02100622 0.00195312
vt 0.07580400 0.01877075
vt 0.02100622 0.01877075
vt 0.07580400 0.01877075
vt 0.02100622 0.01877075
vt 0.02100622 0.05653518
vt 0.07580400 0.05653518
vt 0.02100622 0.05653518
vt 0.03963190 0.07673949
vt 0.07580400 0.05653518
vt 0.05717825 0.07673949
vt 0.09259583 0.01784229
vt 0.09467772 0.05549145
vt 0.07580400 0.01877075
vt 0.07580400 0.05653518
vt 0.00421432 0.01784229
vt 0.00213249 0.05549145
vt 0.02100622 0.01877075
vt 0.02100622 0.05653518
vt 0.01104441 0.07259971
vt 0.03354622 0.08655339
vt 0.02100622 0.05653518
vt 0.03963190 0.07673949
vt 0.03963190 0.08828717
vt 0.05717825 0.08828717
vt 0.03963190 0.07673949
vt 0.05717825 0.07673949
vt 0.08576564 0.07259971
vt 0.06326393 0.08655339
vt 0.07580400 0.05653518
vt 0.05717825 0.07673949
vt 0.07580400 0.00195312
vt 0.02100622 0.00195312
vt 0.07580400 0.01877075
vt 0.02100622 0.01877075
vt 0.07580400 0.01877075
vt 0.02100622 0.01877075
vt 0.02100622 0.05653518
vt 0.07580400 0.05653518
vt 0.94510561 0.04441327
vt 0.92566949 0.04919660
vt 0.95127195 0.05253881
vt 0.92934364 0.05959046
vt 0.95127195 0.05253881
vt 0.92934364 0.05959046
vt 0.95131928 0.07072067
vt 0.93683600 0.07369494
vt 0.95167691 0.09284610
vt 0.94078225 0.09291553
vt 0.95078897 0.11445832
vt 0.93686348 0.11180109
vt 0.94971943 0.13184816
vt 0.92970830 0.12545645
vt 0.94387192 0.13940459
vt 0.92629296 0.13489765
vt 0.92412508 0.17378730
vt 0.94698632 0.17506182
vt 0.94387192 0.13940459
vt 0.92629296 0.13489765
vt 0.94971943 0.13184816
vt 0.92970830 0.12545645
vt 0.94510561 0.04441327
vt 0.92566949 0.04919660
vt 0.92412508 0.00679523
vt 0.94905061 0.00588727
vt 0.95279902 0.14428663
vt 0.95480502 0.03933710
vt 0.98495048 0.04035699
vt 0.98086828 0.14371663
vt 0.95891124 0.05101895
vt 0.97779644 0.05322909
vt 0.95915610 0.07068890
vt 0.97336197 0.07172364
vt 0.95949203 0.09296149
vt 0.97046518 0.09321314
vt 0.95837957 0.11476356
vt 0.97201872 0.11429000
vt 0.95688796 0.13364816
vt 0.97462106 0.13154227
vt 0.95279902 0.14428663
vt 0.98086828 0.14371663
vt 0.97394335 0.17710519
vt 0.95399523 0.17483783
vt 0.95480502 0.03933710
vt 0.98495048 0.04035699
vt 0.97830290 0.00419432
vt 0.95664215 0.00625360
vt 0.99804688 0.05073535
vt 0.99316698 0.13454145
vt 0.98509479 0.05612475
vt 0.98112476 0.07318354
vt 0.97829062 0.09352469
vt 0.97938490 0.11347914
vt 0.98152667 0.12928909
vt 0.98674858 0.00251782
vt 0.98171097 0.17882538
vt 0.98495048 0.04035699
vt 0.98086828 0.14371663
vt 0.97779644 0.05322909
vt 0.97336197 0.07172364
vt 0.97046518 0.09321314
vt 0.97201872 0.11429000
vt 0.97462106 0.13154227
vt 0.97830290 0.00419432
vt 0.97394335 0.17710519
vt 0.94387192 0.13940459
vt 0.94510561 0.04441327
vt 0.95127195 0.05253881
vt 0.95131928 0.07072067
vt 0.95167691 0.09284610
vt 0.95078897 0.11445832
vt 0.94971943 0.13184816
vt 0.94905061 0.00588727
vt 0.94698632 0.17506182
vt 0.95279902 0.14428663
vt 0.95480502 0.03933710
vt 0.95891124 0.05101895
vt 0.95915610 0.07068890
vt 0.95949203 0.09296149
vt 0.95837957 0.11476356
vt 0.95688796 0.13364816
vt 0.95664215 0.00625360
vt 0.95399523 0.17483783
vt 0.02100622 0.05653518
vt 0.03963190 0.07673949
vt 0.07580400 0.05653518
vt 0.05717825 0.07673949
vt 0.09259583 0.01784229
vt 0.09467772 0.05549145
vt 0.07580400 0.01877075
vt 0.07580400 0.05653518
vt 0.00421432 0.01784229
vt 0.00213249 0.05549145
vt 0.02100622 0.01877075
vt 0.02100622 0.05653518
vt 0.01104441 0.07259971
vt 0.03354622 0.08655339
vt 0.02100622 0.05653518
vt 0.03963190 0.07673949
vt 0.03963190 0.08828717
vt 0.05717825 0.08828717
vt 0.03963190 0.07673949
vt 0.05717825 0.07673949
vt 0.08576564 0.07259971
vt 0.06326393 0.08655339
vt 0.07580400 0.05653518
vt 0.05717825 0.07673949
vt 0.07580400 0.00195312
vt 0.02100622 0.00195312
vt 0.07580400 0.01877075
vt 0.02100622 0.01877075
vt 0.07580400 0.01877075
vt 0.02100622 0.01877075
vt 0.02100622 0.05653518
vt 0.07580400 0.05653518
vt 0.02100622 0.05653518
vt 0.03963190 0.07673949
vt 0.07580400 0.05653518
vt 0.05717825 0.07673949
vt 0.09259583 0.01784229
vt 0.09467772 0.05549145
vt 0.07580400 0.01877075
vt 0.07580400 0.05653518
vt 0.00421432 0.01784229
vt 0.00213249 0.05549145
vt 0.02100622 0.01877075
vt 0.02100622 0.05653518
vt 0.01104441 0.07259971
vt 0.03354622 0.08655339
vt 0.02100622 0.05653518
vt 0.03963190 0.07673949
vt 0.03963190 0.08828717
vt 0.05717825 0.08828717
vt 0.03963190 0.07673949
vt 0.05717825 0.07673949
vt 0.08576564 0.07259971
vt 0.06326393 0.08655339
vt 0.07580400 0.05653518
vt 0.05717825 0.07673949
vt 0.07580400 0.00195312
vt 0.02100622 0.00195312
vt 0.07580400 0.01877075
vt 0.02100622 0.01877075
vt 0.07580400 0.01877075
vt 0.02100622 0.01877075
vt 0.02100622 0.05653518
vt 0.07580400 0.05653518
vt 0.01805377 0.79725194
vt 0.00195314 0.79725194
vt 0.00195316 0.78136432
vt 0.01805377 0.79292059
vt 0.00807378 0.79725194
vt 0.00807378 0.79292059
vt 0.00807378 0.78136438
vt 0.50342524 0.02302271
vt 0.50353605 0.04509538
vt 0.48258644 0.02311945
vt 0.48270020 0.04520899
vt 0.40819678 0.05407900
vt 0.41432095 0.06015813
vt 0.42903534 0.04533446
vt 0.42291123 0.03925520
vt 0.00195314 0.75996709
vt 0.00195314 0.77585477
vt 0.01805377 0.76429868
vt 0.01805377 0.75996709
vt 0.00807378 0.76429868
vt 0.00807378 0.77585477
vt 0.48255154 0.00195956
vt 0.42882878 0.00217384
vt 0.48258644 0.02311945
vt 0.42895445 0.02318764
vt 0.45435715 0.02312684
vt 0.45991144 0.02313411
vt 0.43793404 0.02314550
vt 0.44345063 0.02313423
vt 0.45989370 0.00711203
vt 0.44340518 0.00717998
vt 0.43787074 0.00720918
vt 0.45434085 0.00713992
vt 0.48266885 0.06632733
vt 0.42911583 0.06632733
vt 0.48270020 0.04520899
vt 0.42903534 0.04533446
vt 0.48258644 0.02311945
vt 0.42288104 0.02932364
vt 0.42895445 0.02318764
vt 0.48270020 0.04520899
vt 0.42903534 0.04533446
vt 0.42291123 0.03925520
vt 0.45448288 0.03880924
vt 0.44348586 0.03912044
vt 0.43800250 0.03916925
vt 0.45435715 0.02312684
vt 0.45991144 0.02313411
vt 0.43793404 0.02314550
vt 0.44345063 0.02313423
vt 0.43794766 0.02926499
vt 0.46060896 0.03893095
vt 0.02960991 0.77585477
vt 0.02960991 0.78136438
vt 0.01962990 0.77585477
vt 0.01962990 0.78136438
vt 0.45448288 0.03880924
vt 0.45804724 0.03586894
vt 0.45664972 0.03625834
vt 0.46060896 0.03893095
vt 0.03394145 0.77585477
vt 0.03394145 0.78136438
vt 0.02960991 0.77585477
vt 0.02960991 0.78136438
vt 0.40203127 0.02938688
vt 0.40206131 0.03931844
vt 0.42288104 0.02932364
vt 0.42291123 0.03925520
vt 0.41408592 0.00848156
vt 0.40801063 0.01462620
vt 0.42288104 0.02932364
vt 0.42895445 0.02318764
vt 0.01805377 0.75996709
vt 0.00195314 0.75996709
vt 0.00195314 0.77585477
vt 0.01805377 0.76429868
vt 0.00807378 0.76429868
vt 0.00807378 0.77585477
vt 0.01962990 0.77585477
vt 0.01962990 0.78136438
vt 0.00807378 0.77585477
vt 0.00807378 0.78136438
vt 0.00195314 0.77585477
vt 0.00195316 0.78136432
vt 0.00807378 0.77585477
vt 0.00807378 0.78136438
vt 0.96616077 0.37461615
vt 0.94831157 0.37461615
vt 0.96616077 0.35189712
vt 0.94831157 0.35189712
vt 0.96616077 0.35189712
vt 0.94831157 0.35189712
vt 0.96616077 0.32917792
vt 0.94831157 0.32917792
vt 0.96616077 0.32917792
vt 0.94831157 0.32917792
vt 0.96616077 0.30645889
vt 0.94831157 0.30645889
vt 0.96616077 0.44277358
vt 0.94831157 0.44277358
vt 0.96616077 0.42005455
vt 0.94831157 0.42005455
vt 0.90896094 0.32917792
vt 0.92863631 0.34053755
vt 0.94831157 0.32917792
vt 0.94831157 0.30645889
vt 0.92863631 0.29509926
vt 0.90896094 0.30645889
vt 0.96616077 0.42005455
vt 0.94831157 0.42005455
vt 0.96616077 0.39733517
vt 0.94831157 0.39733517
vt 0.96616077 0.37461615
vt 0.94831157 0.37461615
vt 0.96616077 0.39733517
vt 0.94831157 0.39733517
vt 0.72983611 0.80835772
vt 0.72660577 0.81657815
vt 0.73861963 0.81006604
vt 0.72960299 0.79548711
vt 0.73855001 0.79540414
vt 0.70597839 0.79626042
vt 0.70748454 0.82002091
vt 0.70682126 0.82861149
vt 0.71856123 0.82005119
vt 0.72040516 0.82875741
vt 0.73321921 0.82302827
vt 0.73049641 0.79923457
vt 0.73855001 0.79540414
vt 0.70684499 0.79941082
vt 0.72996128 0.79661733
vt 0.73665267 0.79380441
vt 0.70683074 0.79673952
vt 0.73927522 0.76383179
vt 0.74194694 0.76381850
vt 0.76146930 0.76372164
vt 0.76151574 0.77361029
vt 0.74199742 0.77371675
vt 0.74201530 0.78707004
vt 0.73932540 0.77373070
vt 0.73939502 0.78708375
vt 0.76158279 0.78749657
vt 0.76162553 0.79528064
vt 0.70597839 0.79626042
vt 0.70339531 0.79643071
vt 0.70495075 0.82002228
vt 0.70428514 0.82734859
vt 0.70748454 0.82002091
vt 0.70682126 0.82861149
vt 0.85583353 0.79631013
vt 0.85322541 0.78719985
vt 0.83095598 0.79533428
vt 0.83111036 0.78694284
vt 0.83119136 0.76358443
vt 0.85251880 0.76350313
vt 0.86924833 0.79410380
vt 0.85583353 0.79631013
vt 0.85322541 0.78719985
vt 0.85251880 0.76350313
vt 0.86636543 0.76305151
vt 0.86710328 0.78539890
vt 0.81983525 0.79519892
vt 0.79709709 0.79505247
vt 0.81975812 0.78671718
vt 0.79724568 0.78731477
vt 0.73861963 0.81006604
vt 0.73855001 0.79540414
vt 0.72040516 0.82875741
vt 0.73321921 0.82302827
vt 0.73550290 0.84781897
vt 0.74655116 0.84767014
vt 0.76171827 0.83083028
vt 0.76162553 0.79528064
vt 0.00248347 0.49869925
vt 0.01608251 0.49882072
vt 0.00211124 0.50642717
vt 0.01573181 0.50697815
vt 0.87144828 0.79244727
vt 0.86924833 0.79410380
vt 0.86636543 0.76305151
vt 0.86901826 0.76296884
vt 0.86955124 0.78554714
vt 0.86710328 0.78539890
vt 0.00741233 0.48865807
vt 0.01926865 0.48315048
vt 0.01608251 0.49882072
vt 0.03767686 0.49938279
vt 0.02802007 0.49858302
vt 0.03955433 0.48832613
vt 0.81961745 0.77353841
vt 0.79715222 0.77325368
vt 0.81974459 0.76359618
vt 0.79714900 0.76358622
vt 0.74597007 0.71145773
vt 0.73456067 0.71151441
vt 0.72054046 0.72741795
vt 0.70647234 0.72743690
vt 0.72003233 0.73004109
vt 0.73354739 0.73556030
vt 0.70648569 0.73010856
vt 0.73920119 0.74901986
vt 0.73927522 0.76383179
vt 0.74194694 0.76381850
vt 0.76130021 0.72802603
vt 0.76146930 0.76372164
vt 0.83095598 0.79533428
vt 0.83111036 0.78694284
vt 0.81983525 0.79519892
vt 0.81975812 0.78671718
vt 0.81961745 0.77353841
vt 0.81974459 0.76359618
vt 0.83119136 0.76358443
vt 0.79715222 0.77325368
vt 0.79714900 0.76358622
vt 0.76146930 0.76372164
vt 0.76151574 0.77361029
vt 0.03785938 0.50727415
vt 0.03767686 0.49938279
vt 0.02793288 0.50799453
vt 0.02802007 0.49858302
vt 0.01608251 0.49882072
vt 0.01573181 0.50697815
vt 0.02793288 0.50799453
vt 0.02802007 0.49858302
vt 0.79709709 0.79505247
vt 0.79724568 0.78731477
vt 0.76158279 0.78749657
vt 0.76162553 0.79528064
vt 0.83660728 0.73348981
vt 0.90958136 0.69147086
vt 0.83659440 0.73858392
vt 0.82149583 0.73378247
vt 0.92214322 0.70174110
vt 0.85173112 0.73317051
vt 0.89343667 0.69309127
vt 0.85172296 0.73826891
vt 0.86686254 0.73284656
vt 0.88316637 0.70565313
vt 0.86685514 0.73795223
vt 0.88202405 0.73251158
vt 0.88478678 0.72179794
vt 0.88202667 0.73765790
vt 0.89734858 0.73206812
vt 0.89751673 0.73744583
vt 0.79024714 0.73197961
vt 0.91349334 0.73044783
vt 0.78772789 0.73740983
vt 0.91583776 0.73640853
vt 0.80642384 0.73387092
vt 0.92376357 0.71788585
vt 0.80611759 0.73891538
vt 0.82145000 0.73886406
vt 0.80574286 0.74680722
vt 0.80591094 0.75218487
vt 0.92311376 0.76504952
vt 0.82123291 0.74659514
vt 0.78742182 0.74784464
vt 0.91553175 0.74684304
vt 0.78976625 0.75380534
vt 0.91301256 0.75227344
vt 0.89714199 0.74533761
vt 0.89683568 0.75038213
vt 0.88180965 0.74538898
vt 0.88176388 0.75047058
vt 0.88405967 0.76048332
vt 0.86666524 0.74566907
vt 0.86665237 0.75076330
vt 0.88216835 0.77666003
vt 0.85153669 0.74598426
vt 0.85152847 0.75108248
vt 0.89226961 0.78943610
vt 0.83640438 0.74630076
vt 0.83639699 0.75140643
vt 0.90844637 0.79132754
vt 0.82123554 0.75174147
vt 0.92122245 0.78122628
vt 0.72983611 0.80835772
vt 0.72660577 0.81657815
vt 0.73861963 0.81006604
vt 0.72960299 0.79548711
vt 0.73855001 0.79540414
vt 0.70597839 0.79626042
vt 0.70748454 0.82002091
vt 0.70682126 0.82861149
vt 0.71856123 0.82005119
vt 0.72040516 0.82875741
vt 0.73321921 0.82302827
vt 0.73049641 0.79923457
vt 0.73855001 0.79540414
vt 0.70684499 0.79941082
vt 0.72996128 0.79661733
vt 0.73665267 0.79380441
vt 0.70683074 0.79673952
vt 0.73927522 0.76383179
vt 0.74194694 0.76381850
vt 0.76146930 0.76372164
vt 0.76151574 0.77361029
vt 0.74199742 0.77371675
vt 0.74201530 0.78707004
vt 0.73932540 0.77373070
vt 0.73939502 0.78708375
vt 0.76158279 0.78749657
vt 0.76162553 0.79528064
vt 0.70597839 0.79626042
vt 0.70339531 0.79643071
vt 0.70495075 0.82002228
vt 0.70428514 0.82734859
vt 0.70748454 0.82002091
vt 0.70682126 0.82861149
vt 0.73861963 0.81006604
vt 0.73855001 0.79540414
vt 0.72040516 0.82875741
vt 0.73321921 0.82302827
vt 0.73550290 0.84781897
vt 0.74655116 0.84767014
vt 0.76171827 0.83083028
vt 0.76162553 0.79528064
vt 0.85583353 0.79631013
vt 0.85322541 0.78719985
vt 0.83095598 0.79533428
vt 0.83111036 0.78694284
vt 0.83119136 0.76358443
vt 0.85251880 0.76350313
vt 0.86924833 0.79410380
vt 0.85583353 0.79631013
vt 0.85322541 0.78719985
vt 0.85251880 0.76350313
vt 0.86636543 0.76305151
vt 0.86710328 0.78539890
vt 0.87144828 0.79244727
vt 0.86924833 0.79410380
vt 0.86636543 0.76305151
vt 0.86901826 0.76296884
vt 0.86955124 0.78554714
vt 0.86710328 0.78539890
vt 0.81983525 0.79519892
vt 0.79709709 0.79505247
vt 0.81975812 0.78671718
vt 0.79724568 0.78731477
vt 0.00741233 0.48865807
vt 0.01926865 0.48315048
vt 0.01608251 0.49882072
vt 0.03767686 0.49938279
vt 0.02802007 0.49858302
vt 0.03955433 0.48832613
vt 0.00248347 0.49869925
vt 0.01608251 0.49882072
vt 0.00211124 0.50642717
vt 0.01573181 0.50697815
vt 0.83095598 0.79533428
vt 0.83111036 0.78694284
vt 0.81983525 0.79519892
vt 0.81975812 0.78671718
vt 0.81961745 0.77353841
vt 0.81974459 0.76359618
vt 0.83119136 0.76358443
vt 0.00627389 0.51720327
vt 0.01833012 0.52330315
vt 0.01573181 0.50697815
vt 0.03955433 0.51879305
vt 0.03785938 0.50727415
vt 0.02793288 0.50799453
vt 0.81961745 0.77353841
vt 0.79715222 0.77325368
vt 0.81974459 0.76359618
vt 0.79714900 0.76358622
vt 0.74597007 0.71145773
vt 0.73456067 0.71151441
vt 0.72054046 0.72741795
vt 0.70647234 0.72743690
vt 0.72003233 0.73004109
vt 0.73354739 0.73556030
vt 0.70648569 0.73010856
vt 0.73920119 0.74901986
vt 0.73927522 0.76383179
vt 0.74194694 0.76381850
vt 0.76130021 0.72802603
vt 0.76146930 0.76372164
vt 0.79715222 0.77325368
vt 0.79714900 0.76358622
vt 0.76146930 0.76372164
vt 0.76151574 0.77361029
vt 0.03785938 0.50727415
vt 0.03767686 0.49938279
vt 0.02793288 0.50799453
vt 0.02802007 0.49858302
vt 0.01608251 0.49882072
vt 0.01573181 0.50697815
vt 0.02793288 0.50799453
vt 0.02802007 0.49858302
vt 0.79709709 0.79505247
vt 0.79724568 0.78731477
vt 0.76158279 0.78749657
vt 0.76162553 0.79528064
vt 0.83660728 0.73348981
vt 0.90958136 0.69147086
vt 0.83659440 0.73858392
vt 0.82149583 0.73378247
vt 0.92214322 0.70174110
vt 0.85173112 0.73317051
vt 0.89343667 0.69309127
vt 0.85172296 0.73826891
vt 0.86686254 0.73284656
vt 0.88316637 0.70565313
vt 0.86685514 0.73795223
vt 0.88202405 0.73251158
vt 0.88478678 0.72179794
vt 0.88202667 0.73765790
vt 0.89734858 0.73206812
vt 0.89751673 0.73744583
vt 0.79024714 0.73197961
vt 0.91349334 0.73044783
vt 0.78772789 0.73740983
vt 0.91583776 0.73640853
vt 0.80642384 0.73387092
vt 0.92376357 0.71788585
vt 0.80611759 0.73891538
vt 0.82145000 0.73886406
vt 0.80574286 0.74680722
vt 0.80591094 0.75218487
vt 0.92311376 0.76504952
vt 0.82123291 0.74659514
vt 0.78742182 0.74784464
vt 0.91553175 0.74684304
vt 0.78976625 0.75380534
vt 0.91301256 0.75227344
vt 0.89714199 0.74533761
vt 0.89683568 0.75038213
vt 0.88180965 0.74538898
vt 0.88176388 0.75047058
vt 0.88405967 0.76048332
vt 0.86666524 0.74566907
vt 0.86665237 0.75076330
vt 0.88216835 0.77666003
vt 0.85153669 0.74598426
vt 0.85152847 0.75108248
vt 0.89226961 0.78943610
vt 0.83640438 0.74630076
vt 0.83639699 0.75140643
vt 0.90844637 0.79132754
vt 0.82123554 0.75174147
vt 0.92122245 0.78122628
vt 0.02960991 0.77585477
vt 0.02960991 0.78136438
vt 0.01962990 0.77585477
vt 0.01962990 0.78136438
vt 0.01805377 0.79725194
vt 0.00195314 0.79725194
vt 0.01805377 0.79292059
vt 0.00195316 0.78136432
vt 0.00807378 0.79292059
vt 0.00807378 0.78136438
vt 0.01962990 0.77585477
vt 0.01962990 0.78136438
vt 0.00807378 0.77585477
vt 0.00807378 0.78136438
vt 0.00195314 0.77585477
vt 0.00195316 0.78136432
vt 0.00807378 0.77585477
vt 0.00807378 0.78136438
vt 0.00627389 0.51720327
vt 0.01833012 0.52330315
vt 0.01573181 0.50697815
vt 0.03955433 0.51879305
vt 0.03785938 0.50727415
vt 0.02793288 0.50799453
vt 0.56367874 0.42131853
vt 0.56377167 0.42077684
vt 0.55883861 0.42093432
vt 0.55932546 0.41838264
vt 0.56851709 0.42222416
vt 0.85670048 0.41386712
vt 0.85972750 0.41085631
vt 0.85346377 0.41709995
vt 0.86065245 0.42072272
vt 0.86076605 0.42125475
vt 0.86506778 0.41835225
vt 0.86560613 0.42086834
vt 0.85592782 0.42216229
vt 0.84927195 0.40980864
vt 0.84981573 0.40989494
vt 0.84963882 0.40497601
vt 0.85219377 0.40544397
vt 0.84838504 0.41464162
vt 0.57606691 0.41470015
vt 0.57228422 0.40554202
vt 0.57480878 0.40503526
vt 0.57464206 0.40996772
vt 0.57517773 0.40986764
vt 0.57099378 0.41714925
vt 0.56476605 0.41086113
vt 0.56776917 0.41390008
vt 0.85599124 0.63467997
vt 0.86516732 0.63849169
vt 0.86567008 0.63596869
vt 0.86072958 0.63611847
vt 0.86082983 0.63558513
vt 0.84844238 0.64220834
vt 0.84970087 0.65187353
vt 0.85222816 0.65139478
vt 0.84933180 0.64704078
vt 0.84986734 0.64695042
vt 0.85352355 0.63975513
vt 0.85978884 0.64603758
vt 0.85676140 0.64300168
vt 0.57611686 0.64228004
vt 0.57231247 0.65145135
vt 0.57486331 0.65194589
vt 0.57468635 0.64701766
vt 0.57522988 0.64711291
vt 0.56857175 0.63476223
vt 0.55889136 0.63605708
vt 0.55941421 0.63860077
vt 0.56373245 0.63567036
vt 0.56383908 0.63621032
vt 0.57104486 0.63982576
vt 0.56481528 0.64607823
vt 0.56782007 0.64306217
vt 0.52956772 0.37590766
vt 0.51082093 0.29344535
vt 0.56581849 0.34845173
vt 0.50581485 0.42078686
vt 0.52298796 0.38258696
vt 0.50710416 0.28446698
vt 0.53650051 0.36900711
vt 0.57479763 0.35216850
vt 0.57479763 0.35216850
vt 0.84954941 0.00195330
vt 0.84971493 0.70474166
vt 0.88826078 0.68862653
vt 0.85852826 0.00567007
vt 0.91352171 0.06067306
vt 0.89533007 0.68167841
vt 0.91723871 0.06965095
vt 0.90229762 0.67462897
vt 0.91870332 0.63611364
vt 0.51078200 0.06075776
vt 0.56574494 0.00573391
vt 0.53036529 0.68065619
vt 0.50706875 0.06973583
vt 0.50584805 0.63623083
vt 0.52383691 0.67411649
vt 0.89454257 0.37556762
vt 0.85860527 0.34838837
vt 0.91357261 0.29336172
vt 0.90146101 0.38247323
vt 0.91861361 0.42070448
vt 0.91728556 0.28438276
vt 0.84962738 0.35210943
vt 0.88784611 0.36901414
vt 0.84962738 0.35210943
vt 0.57472259 0.00201315
vt 0.53692919 0.68716019
vt 0.57487732 0.70481384
vt 0.57621068 0.63464260
vt 0.84834647 0.63456690
vt 0.84829152 0.42228037
vt 0.57616335 0.42233932
vt 0.85540378 0.29020995
vt 0.85540378 0.29020995
vt 0.85540378 0.29020995
vt 0.56899470 0.29027194
vt 0.56899470 0.29027194
vt 0.56899470 0.29027194
vt 0.85535216 0.06384921
vt 0.85535216 0.06384921
vt 0.85535216 0.06384921
vt 0.56894642 0.06391203
vt 0.56894642 0.06391203
vt 0.56894642 0.06391203
vt 0.51401019 0.29025757
vt 0.51401019 0.29025757
vt 0.56900662 0.34526229
vt 0.56900662 0.34526229
vt 0.85534024 0.00885957
vt 0.85534024 0.00885957
vt 0.91033286 0.06386089
vt 0.91033286 0.06386089
vt 0.85541564 0.34520030
vt 0.91038251 0.29017538
vt 0.91038251 0.29017538
vt 0.85541564 0.34520030
vt 0.56893444 0.00892204
vt 0.51397163 0.06394416
vt 0.51397163 0.06394416
vt 0.56893444 0.00892204
vt 1.76506495 0.92469084
vt 1.76506495 0.92469084
vt -2.24036074 0.92469084
vt -2.24036074 0.92469084
vt 2.10452819 0.92469084
vt 2.10452819 0.92469084
vt 1.93479824 0.92469084
vt 1.93479824 0.92469084
vt -5.88375473 0.92469084
vt -5.88375473 0.92469084
vt 5.57818842 0.92469084
vt 5.57818842 0.92469084
vt -6.05348635 0.92469084
vt 9.58361435 0.92469084
vt -6.05348635 0.92469084
vt 9.58361435 0.92469084
vt 5.23872948 0.92469084
vt 5.23872948 0.92469084
vt 5.40846014 0.92469084
vt 5.40846014 0.92469084
vt -5.71402311 0.92469084
vt -5.71402311 0.92469084
vt -2.57982254 0.92469084
vt -2.57982254 0.92469084
vt -2.41009092 0.92469084
vt -2.41009092 0.92469084
vt -2.41009092 0.89343274
vt -2.41009092 0.89343274
vt -2.57982254 0.89343274
vt -2.57982254 0.89343274
vt 5.57818842 0.89343274
vt 5.57818842 0.89343274
vt 2.10452819 0.89343274
vt 2.10452819 0.89343274
vt 1.76506495 0.89343274
vt 1.76506495 0.89343274
vt -5.71402311 0.89343274
vt -5.71402311 0.89343274
vt -6.05348635 0.89343274
vt 9.58361435 0.89343274
vt -6.05348635 0.89343274
vt 9.58361435 0.89343274
vt -5.88375473 0.89343274
vt -5.88375473 0.89343274
vt 1.93479824 0.89343274
vt 1.93479824 0.89343274
vt 5.23872948 0.89343274
vt 5.23872948 0.89343274
vt 5.40846014 0.89343274
vt 5.40846014 0.89343274
vt -2.24036074 0.89343274
vt -2.24036074 0.89343274
vt 1.76506495 0.94892001
vt -2.24036074 0.94892001
vt 2.10452819 0.94892001
vt 1.93479824 0.94892001
vt -5.88375473 0.94892001
vt 5.57818842 0.94892001
vt -6.05348635 0.94892001
vt 9.58361435 0.94892001
vt 5.23872948 0.94892001
vt 5.40846014 0.94892001
vt -5.71402311 0.94892001
vt -2.57982254 0.94892001
vt -2.41009092 0.94892001
vt -2.41009092 0.86920315
vt -2.57982254 0.86920315
vt 5.57818842 0.86920315
vt 2.10452819 0.86920315
vt 1.76506495 0.86920315
vt -5.71402311 0.86920315
vt -6.05348635 0.86920315
vt 9.58361435 0.86920315
vt -5.88375473 0.86920315
vt 1.93479824 0.86920315
vt 5.23872948 0.86920315
vt 5.40846014 0.86920315
vt -2.24036074 0.86920315
vt 9.58361435 0.90299404
vt 9.58361435 0.89343274
vt 9.58361435 0.89343274
vt 9.58361435 0.89343274
vt 9.58361435 0.89343274
vt 5.57818842 0.89343274
vt 5.57818842 0.86920315
vt 5.57818842 0.86920315
vt 9.58361435 0.86920315
vt 5.57818842 0.86920315
vt 9.58361435 0.86920315
vt 5.57818842 0.86920315
vt 9.58361435 0.86920315
vt 9.58361435 0.86920315
vt 5.57818842 0.89343274
vt 5.57818842 0.89343274
vt 5.57818842 0.89343274
vt 5.57818842 0.90299404
vt 9.58361435 0.89343274
vt 5.57818842 0.89343274
vt 0.72983611 0.80835772
vt 0.02802007 0.49858302
vt 0.02802007 0.49858302
vt 0.02802007 0.49858302
vt 0.73861963 0.81006604
vt 0.73861963 0.81006604
vt 0.71856123 0.82005119
vt 0.85322541 0.78719985
vt 0.85322541 0.78719985
vt 0.72040516 0.82875741
vt 0.85583353 0.79631013
vt 0.72040516 0.82875741
vt 0.85583353 0.79631013
vt 0.72660577 0.81657815
vt 0.01608251 0.49882072
vt 0.01608251 0.49882072
vt 0.01608251 0.49882072
vt 0.73321921 0.82302827
vt 0.73321921 0.82302827
vt 0.02793288 0.50799453
vt 0.02793288 0.50799453
vt 0.02793288 0.50799453
vt 0.01573181 0.50697815
vt 0.01573181 0.50697815
vt 0.01573181 0.50697815
vt 0.70748454 0.82002091
vt 0.70748454 0.82002091
vt 0.86710328 0.78539890
vt 0.86710328 0.78539890
vt 0.70682126 0.82861149
vt 0.86924833 0.79410380
vt 0.70682126 0.82861149
vt 0.86924833 0.79410380
vt 0.73049641 0.79923457
vt 0.72960299 0.79548711
vt 0.74201530 0.78707004
vt 0.03767686 0.49938279
vt 0.03767686 0.49938279
vt 0.73855001 0.79540414
vt 0.73855001 0.79540414
vt 0.73855001 0.79540414
vt 0.74199742 0.77371675
vt 0.03785938 0.50727415
vt 0.03785938 0.50727415
vt 0.70684499 0.79941082
vt 0.70597839 0.79626042
vt 0.70597839 0.79626042
vt 0.70495075 0.82002228
vt 0.86955124 0.78554714
vt 0.70428514 0.82734859
vt 0.87144828 0.79244727
vt 0.72996128 0.79661733
vt 0.73939502 0.78708375
vt 0.73665267 0.79380441
vt 0.73932540 0.77373070
vt 0.70683074 0.79673952
vt 0.70339531 0.79643071
vt 0.72054046 0.72741795
vt 0.85251880 0.76350313
vt 0.85251880 0.76350313
vt 0.70647234 0.72743690
vt 0.86636543 0.76305151
vt 0.86636543 0.76305151
vt 0.74194694 0.76381850
vt 0.74194694 0.76381850
vt 0.73920119 0.74901986
vt 0.73354739 0.73556030
vt 0.72003233 0.73004109
vt 0.70648569 0.73010856
vt 0.86901826 0.76296884
vt 0.73927522 0.76383179
vt 0.73927522 0.76383179
vt 0.76171827 0.83083028
vt 0.79709709 0.79505247
vt 0.79709709 0.79505247
vt 0.74655116 0.84767014
vt 0.81983525 0.79519892
vt 0.81983525 0.79519892
vt 0.00248347 0.49869925
vt 0.00741233 0.48865807
vt 0.81975812 0.78671718
vt 0.81975812 0.78671718
vt 0.01926865 0.48315048
vt 0.79724568 0.78731477
vt 0.79724568 0.78731477
vt 0.79715222 0.77325368
vt 0.01833012 0.52330315
vt 0.79715222 0.77325368
vt 0.00211124 0.50642717
vt 0.00627389 0.51720327
vt 0.81961745 0.77353841
vt 0.81961745 0.77353841
vt 0.76162553 0.79528064
vt 0.76162553 0.79528064
vt 0.76162553 0.79528064
vt 0.76158279 0.78749657
vt 0.03955433 0.48832613
vt 0.76158279 0.78749657
vt 0.76151574 0.77361029
vt 0.76151574 0.77361029
vt 0.03955433 0.51879305
vt 0.76130021 0.72802603
vt 0.79714900 0.76358622
vt 0.79714900 0.76358622
vt 0.76146930 0.76372164
vt 0.76146930 0.76372164
vt 0.76146930 0.76372164
vt 0.74597007 0.71145773
vt 0.81974459 0.76359618
vt 0.81974459 0.76359618
vt 0.73550290 0.84781897
vt 0.83095598 0.79533428
vt 0.83095598 0.79533428
vt 0.83111036 0.78694284
vt 0.83111036 0.78694284
vt 0.73456067 0.71151441
vt 0.83119136 0.76358443
vt 0.83119136 0.76358443
vt 0.83660728 0.73348981
vt 0.90958136 0.69147086
vt 0.83659440 0.73858392
vt 0.83639699 0.75140643
vt 0.90844637 0.79132754
vt 0.83640438 0.74630076
vt 0.82149583 0.73378247
vt 0.92214322 0.70174110
vt 0.82145000 0.73886406
vt 0.82123554 0.75174147
vt 0.92122245 0.78122628
vt 0.82123291 0.74659514
vt 0.80642384 0.73387092
vt 0.92376357 0.71788585
vt 0.80611759 0.73891538
vt 0.80591094 0.75218487
vt 0.92311376 0.76504952
vt 0.80574286 0.74680722
vt 0.79024714 0.73197961
vt 0.91349334 0.73044783
vt 0.78772789 0.73740983
vt 0.91583776 0.73640853
vt 0.78976625 0.75380534
vt 0.91301256 0.75227344
vt 0.78742182 0.74784464
vt 0.91553175 0.74684304
vt 0.89734858 0.73206812
vt 0.89751673 0.73744583
vt 0.89683568 0.75038213
vt 0.89714199 0.74533761
vt 0.88202405 0.73251158
vt 0.88478678 0.72179794
vt 0.88202667 0.73765790
vt 0.88176388 0.75047058
vt 0.88405967 0.76048332
vt 0.88180965 0.74538898
vt 0.86686254 0.73284656
vt 0.88316637 0.70565313
vt 0.86685514 0.73795223
vt 0.86665237 0.75076330
vt 0.88216835 0.77666003
vt 0.86666524 0.74566907
vt 0.85173112 0.73317051
vt 0.89343667 0.69309127
vt 0.85172296 0.73826891
vt 0.85152847 0.75108248
vt 0.89226961 0.78943610
vt 0.85153669 0.74598426
vt 0.72983611 0.80835772
vt 0.72660577 0.81657815
vt 0.73861963 0.81006604
vt 0.73861963 0.81006604
vt 0.72960299 0.79548711
vt 0.73049641 0.79923457
vt 0.73855001 0.79540414
vt 0.73855001 0.79540414
vt 0.73855001 0.79540414
vt 0.70597839 0.79626042
vt 0.70597839 0.79626042
vt 0.70684499 0.79941082
vt 0.72996128 0.79661733
vt 0.73665267 0.79380441
vt 0.70339531 0.79643071
vt 0.70683074 0.79673952
vt 0.70495075 0.82002228
vt 0.70428514 0.82734859
vt 0.87144828 0.79244727
vt 0.70748454 0.82002091
vt 0.70748454 0.82002091
vt 0.70682126 0.82861149
vt 0.86924833 0.79410380
vt 0.70682126 0.82861149
vt 0.86924833 0.79410380
vt 0.71856123 0.82005119
vt 0.72040516 0.82875741
vt 0.85583353 0.79631013
vt 0.85583353 0.79631013
vt 0.72040516 0.82875741
vt 0.73321921 0.82302827
vt 0.73321921 0.82302827
vt 0.85322541 0.78719985
vt 0.85322541 0.78719985
vt 0.83095598 0.79533428
vt 0.83095598 0.79533428
vt 0.73550290 0.84781897
vt 0.83111036 0.78694284
vt 0.83111036 0.78694284
vt 0.81983525 0.79519892
vt 0.81983525 0.79519892
vt 0.74655116 0.84767014
vt 0.79709709 0.79505247
vt 0.79709709 0.79505247
vt 0.76171827 0.83083028
vt 0.81975812 0.78671718
vt 0.81975812 0.78671718
vt 0.00741233 0.48865807
vt 0.00248347 0.49869925
vt 0.79724568 0.78731477
vt 0.79724568 0.78731477
vt 0.01926865 0.48315048
vt 0.01608251 0.49882072
vt 0.01608251 0.49882072
vt 0.01608251 0.49882072
vt 0.81961745 0.77353841
vt 0.81961745 0.77353841
vt 0.00627389 0.51720327
vt 0.00211124 0.50642717
vt 0.79715222 0.77325368
vt 0.01833012 0.52330315
vt 0.79715222 0.77325368
vt 0.81974459 0.76359618
vt 0.81974459 0.76359618
vt 0.74597007 0.71145773
vt 0.01573181 0.50697815
vt 0.01573181 0.50697815
vt 0.01573181 0.50697815
vt 0.83119136 0.76358443
vt 0.83119136 0.76358443
vt 0.73456067 0.71151441
vt 0.85251880 0.76350313
vt 0.85251880 0.76350313
vt 0.72054046 0.72741795
vt 0.86636543 0.76305151
vt 0.70647234 0.72743690
vt 0.86636543 0.76305151
vt 0.72003233 0.73004109
vt 0.73354739 0.73556030
vt 0.70648569 0.73010856
vt 0.86901826 0.76296884
vt 0.86955124 0.78554714
vt 0.86710328 0.78539890
vt 0.86710328 0.78539890
vt 0.73920119 0.74901986
vt 0.73927522 0.76383179
vt 0.73927522 0.76383179
vt 0.74194694 0.76381850
vt 0.74194694 0.76381850
vt 0.79714900 0.76358622
vt 0.79714900 0.76358622
vt 0.76130021 0.72802603
vt 0.76146930 0.76372164
vt 0.76146930 0.76372164
vt 0.76146930 0.76372164
vt 0.03955433 0.51879305
vt 0.76151574 0.77361029
vt 0.76151574 0.77361029
vt 0.03785938 0.50727415
vt 0.03785938 0.50727415
vt 0.74199742 0.77371675
vt 0.03767686 0.49938279
vt 0.03767686 0.49938279
vt 0.74201530 0.78707004
vt 0.02793288 0.50799453
vt 0.02793288 0.50799453
vt 0.02793288 0.50799453
vt 0.73932540 0.77373070
vt 0.73939502 0.78708375
vt 0.02802007 0.49858302
vt 0.02802007 0.49858302
vt 0.02802007 0.49858302
vt 0.76158279 0.78749657
vt 0.03955433 0.48832613
vt 0.76158279 0.78749657
vt 0.76162553 0.79528064
vt 0.76162553 0.79528064
vt 0.76162553 0.79528064
vt 0.83660728 0.73348981
vt 0.90958136 0.69147086
vt 0.83659440 0.73858392
vt 0.82149583 0.73378247
vt 0.92214322 0.70174110
vt 0.85173112 0.73317051
vt 0.89343667 0.69309127
vt 0.85172296 0.73826891
vt 0.86686254 0.73284656
vt 0.88316637 0.70565313
vt 0.86685514 0.73795223
vt 0.88202405 0.73251158
vt 0.88478678 0.72179794
vt 0.88202667 0.73765790
vt 0.89734858 0.73206812
vt 0.89751673 0.73744583
vt 0.79024714 0.73197961
vt 0.91349334 0.73044783
vt 0.78772789 0.73740983
vt 0.91583776 0.73640853
vt 0.80642384 0.73387092
vt 0.92376357 0.71788585
vt 0.80611759 0.73891538
vt 0.82145000 0.73886406
vt 0.80574286 0.74680722
vt 0.80591094 0.75218487
vt 0.92311376 0.76504952
vt 0.82123291 0.74659514
vt 0.78742182 0.74784464
vt 0.91553175 0.74684304
vt 0.78976625 0.75380534
vt 0.91301256 0.75227344
vt 0.89714199 0.74533761
vt 0.89683568 0.75038213
vt 0.88180965 0.74538898
vt 0.88176388 0.75047058
vt 0.88405967 0.76048332
vt 0.86666524 0.74566907
vt 0.86665237 0.75076330
vt 0.88216835 0.77666003
vt 0.85153669 0.74598426
vt 0.85152847 0.75108248
vt 0.89226961 0.78943610
vt 0.83640438 0.74630076
vt 0.83639699 0.75140643
vt 0.90844637 0.79132754
vt 0.82123554 0.75174147
vt 0.92122245 0.78122628
vt 0.03404648 0.45512700
vt 0.02184771 0.46732587
vt 0.05213131 0.34065396
vt 0.02184771 0.41002584
vt 0.03404648 0.42222464
vt 0.05213133 0.37355644
vt 0.00195315 0.45512700
vt 0.01415195 0.46732587
vt 0.05982710 0.34065396
vt 0.01415195 0.41002584
vt 0.00195313 0.42222464
vt 0.05982710 0.37355644
vt 0.01415195 0.42222464
vt 0.01415195 0.42222464
vt 0.01415195 0.42222464
vt 0.01415195 0.45512700
vt 0.01415195 0.45512700
vt 0.01415195 0.45512700
vt 0.02184771 0.45512700
vt 0.02184771 0.45512700
vt 0.02184771 0.45512700
vt 0.02184771 0.42222464
vt 0.02184771 0.42222464
vt 0.02184771 0.42222464
vt 0.01483114 0.39352757
vt 0.01483114 0.39352757
vt 0.01176954 0.39046586
vt 0.01176954 0.39046586
vt 0.01176954 0.35290825
vt 0.01176954 0.35290825
vt 0.01483114 0.34984648
vt 0.01483114 0.34984648
vt 0.03024376 0.39046586
vt 0.03024376 0.39046586
vt 0.02718216 0.39352757
vt 0.02718216 0.39352757
vt 0.02718216 0.34984648
vt 0.02718216 0.34984648
vt 0.03024376 0.35290825
vt 0.03024376 0.35290825
vt 0.03718505 0.34596694
vt 0.04006017 0.35290825
vt 0.06521633 0.37588412
vt 0.02718216 0.34003019
vt 0.03412344 0.34290534
vt 0.06215475 0.37894583
vt 0.02718216 0.40334392
vt 0.03412344 0.40046883
vt 0.06215472 0.33526468
vt 0.03718499 0.39740717
vt 0.04006017 0.39046586
vt 0.06521630 0.33832622
vt 0.00195312 0.39046586
vt 0.00482831 0.39740717
vt 0.04674211 0.33832622
vt 0.00788985 0.40046883
vt 0.01483114 0.40334392
vt 0.04980369 0.33526468
vt 0.00788991 0.34290534
vt 0.01483120 0.34003019
vt 0.04980369 0.37894583
vt 0.00195312 0.35290825
vt 0.00482831 0.34596694
vt 0.04674211 0.37588412
vt 0.00788985 0.40046883
vt 0.01483120 0.34003019
vt 0.04980369 0.33526468
vt 0.02718216 0.39352757
vt 0.02718216 0.39352757
vt 0.02718216 0.34984648
vt 0.01176954 0.39046586
vt 0.01176954 0.39046586
vt 0.00195312 0.39046586
vt 0.00482831 0.39740717
vt 0.04674211 0.33832622
vt 0.01176954 0.35290825
vt 0.01176954 0.35290825
vt 0.01483114 0.34984648
vt 0.01483114 0.34984648
vt 0.00195312 0.35290825
vt 0.00482831 0.34596694
vt 0.04674211 0.37588412
vt 0.02184771 0.41002584
vt 0.03404648 0.42222464
vt 0.05213133 0.37355644
vt 0.00788991 0.34290534
vt 0.01483120 0.34003019
vt 0.04980369 0.37894583
vt 0.02718216 0.34003019
vt 0.03412344 0.34290534
vt 0.06215475 0.37894583
vt 0.03718505 0.34596694
vt 0.04006017 0.35290825
vt 0.06521633 0.37588412
vt 0.00195313 0.42222464
vt 0.01415195 0.41002584
vt 0.05982710 0.37355644
vt 0.02718216 0.34984648
vt 0.02718216 0.34984648
vt 0.03024376 0.35290825
vt 0.03024376 0.35290825
vt 0.03024376 0.39046586
vt 0.03024376 0.39046586
vt 0.03718499 0.39740717
vt 0.04006017 0.39046586
vt 0.06521630 0.33832622
vt 0.02718216 0.34003019
vt 0.03412344 0.40046883
vt 0.06215472 0.33526468
vt 0.00195315 0.45512700
vt 0.01415195 0.46732587
vt 0.05982710 0.34065396
vt 0.02184771 0.46732587
vt 0.03404648 0.45512700
vt 0.05213131 0.34065396
vt 0.01415195 0.45512700
vt 0.01415195 0.45512700
vt 0.01415195 0.45512700
vt 0.01415195 0.42222464
vt 0.01415195 0.42222464
vt 0.01415195 0.42222464
vt 0.02184771 0.45512700
vt 0.02184771 0.45512700
vt 0.02184771 0.45512700
vt 0.02184771 0.42222464
vt 0.02184771 0.42222464
vt 0.02184771 0.42222464
vt 0.01483114 0.39352757
vt 0.01483114 0.39352757
vt 0.01483114 0.34984648
f 7/7 54/54 72/72
f 7/7 72/72 16/16
f 81/81 14/14 24/24
f 81/81 24/24 19/19
f 71/71 73/73 25/25
f 71/71 25/25 15/15
f 78/78 74/74 38/38
f 78/78 38/38 29/29
f 73/73 70/70 21/21
f 73/73 21/21 25/25
f 58/58 56/56 46/46
f 58/58 46/46 51/51
f 57/57 77/77 28/28
f 57/57 28/28 47/47
f 19/19 24/24 26/26
f 19/19 26/26 23/23
f 23/23 26/26 25/25
f 23/23 25/25 21/21
f 24/24 14/14 17/17
f 24/24 17/17 26/26
f 26/26 17/17 15/15
f 26/26 15/15 25/25
f 32/32 37/37 39/39
f 32/32 39/39 35/35
f 35/35 39/39 38/38
f 35/35 38/38 33/33
f 37/37 27/27 31/31
f 37/37 31/31 39/39
f 39/39 31/31 29/29
f 39/39 29/29 38/38
f 40/40 79/79 81/81
f 81/81 19/19 66/66
f 69/69 67/67 41/41
f 61/61 69/69 41/41
f 81/81 66/66 65/65
f 65/65 40/40 81/81
f 76/76 60/60 3/3
f 76/76 3/3 34/34
f 32/32 1/1 82/82
f 32/32 82/82 80/80
f 61/61 20/20 69/69
f 41/41 62/62 61/61
f 62/62 41/41 43/43
f 62/62 43/43 63/63
f 63/63 43/43 40/40
f 63/63 40/40 65/65
f 47/47 28/28 30/30
f 47/47 30/30 49/49
f 13/13 4/4 2/2
f 13/13 2/2 12/12
f 6/6 11/11 13/13
f 6/6 13/13 10/10
f 10/10 13/13 12/12
f 10/10 12/12 8/8
f 1/1 32/32 36/36
f 1/1 36/36 5/5
f 2/2 59/59 53/53
f 2/2 53/53 12/12
f 22/22 64/64 66/66
f 22/22 66/66 19/19
f 20/20 64/64 22/22
f 20/20 61/61 64/64
f 11/11 4/4 13/13
f 11/11 1/1 4/4
f 49/49 30/30 27/27
f 49/49 27/27 45/45
f 74/74 75/75 33/33
f 74/74 33/33 38/38
f 53/53 55/55 8/8
f 53/53 8/8 12/12
f 7/7 16/16 18/18
f 7/7 18/18 9/9
f 32/32 80/80 27/27
f 32/32 27/27 37/37
f 5/5 34/34 3/3
f 5/5 36/36 34/34
f 80/80 81/81 79/79
f 80/80 82/82 81/81
f 1/1 6/6 82/82
f 1/1 11/11 6/6
f 42/42 68/68 58/58
f 42/42 58/58 51/51
f 82/82 14/14 81/81
f 82/82 6/6 14/14
f 45/45 40/40 50/50
f 45/45 79/79 40/40
f 80/80 45/45 27/27
f 80/80 79/79 45/45
f 50/50 40/40 44/44
f 50/50 44/44 52/52
f 48/48 51/51 46/46
f 48/48 52/52 51/51
f 45/45 52/52 48/48
f 45/45 50/50 52/52
f 52/52 42/42 51/51
f 52/52 44/44 42/42
f 9/9 18/18 14/14
f 9/9 14/14 6/6
f 85/85 86/86 83/83
f 85/85 83/83 84/84
f 87/87 90/90 89/89
f 87/87 88/88 90/90
f 92/92 91/91 94/94
f 92/92 94/94 93/93
f 97/97 98/98 95/95
f 97/97 95/95 96/96
f 99/99 102/102 101/101
f 99/99 100/100 102/102
f 105/105 103/103 104/104
f 105/105 106/106 103/103
f 109/109 107/107 110/110
f 109/109 108/108 107/107
f 111/111 113/113 114/114
f 111/111 114/114 112/112
f 116/116 118/118 120/120
f 116/116 120/120 119/119
f 118/118 117/117 120/120
f 115/115 116/116 119/119
f 123/123 122/122 125/125
f 124/124 123/123 126/126
f 123/123 125/125 126/126
f 122/122 121/121 125/125
f 130/130 127/127 131/131
f 127/127 128/128 131/131
f 130/130 131/131 132/132
f 129/129 130/130 132/132
f 135/135 136/136 138/138
f 134/134 135/135 138/138
f 133/133 134/134 137/137
f 134/134 138/138 137/137
f 139/139 142/142 140/140
f 139/139 141/141 142/142
f 143/143 146/146 144/144
f 143/143 145/145 146/146
f 147/147 150/150 149/149
f 147/147 148/148 150/150
f 151/151 154/154 153/153
f 151/151 152/152 154/154
f 155/155 157/157 156/156
f 155/155 158/158 157/157
f 159/159 161/161 162/162
f 159/159 160/160 161/161
f 183/183 185/185 186/186
f 183/183 186/186 184/184
f 164/164 166/166 163/163
f 164/164 167/167 166/166
f 184/184 187/187 188/188
f 184/184 186/186 187/187
f 182/182 179/179 185/185
f 182/182 185/185 183/183
f 188/188 187/187 167/167
f 188/188 167/167 164/164
f 172/172 170/170 175/175
f 172/172 175/175 173/173
f 171/171 169/169 170/170
f 171/171 170/170 172/172
f 165/165 169/169 171/171
f 165/165 168/168 169/169
f 163/163 166/166 168/168
f 163/163 168/168 165/165
f 173/173 175/175 176/176
f 173/173 176/176 174/174
f 174/174 178/178 181/181
f 174/174 176/176 178/178
f 180/180 179/179 182/182
f 180/180 177/177 179/179
f 189/189 214/214 190/190
f 189/189 192/192 214/214
f 212/212 209/209 211/211
f 212/212 213/213 209/209
f 190/190 213/213 212/212
f 190/190 214/214 213/213
f 207/207 204/204 210/210
f 207/207 210/210 208/208
f 211/211 209/209 208/208
f 211/211 208/208 210/210
f 200/200 197/197 194/194
f 200/200 198/198 197/197
f 203/203 206/206 199/199
f 203/203 199/199 201/201
f 205/205 202/202 204/204
f 205/205 204/204 207/207
f 201/201 198/198 200/200
f 201/201 199/199 198/198
f 192/192 189/189 191/191
f 192/192 191/191 196/196
f 194/194 197/197 195/195
f 194/194 195/195 193/193
f 196/196 191/191 193/193
f 196/196 193/193 195/195
f 216/216 219/219 220/220
f 216/216 220/220 217/217
f 235/235 233/233 232/232
f 235/235 232/232 234/234
f 234/234 232/232 231/231
f 234/234 231/231 228/228
f 228/228 229/229 226/226
f 228/228 231/231 229/229
f 227/227 230/230 223/223
f 227/227 223/223 225/225
f 218/218 219/219 216/216
f 218/218 221/221 219/219
f 225/225 223/223 222/222
f 225/225 222/222 224/224
f 224/224 222/222 221/221
f 224/224 221/221 218/218
f 237/237 238/238 236/236
f 237/237 239/239 238/238
f 236/236 233/233 235/235
f 236/236 238/238 233/233
f 217/217 240/240 215/215
f 217/217 220/220 240/240
f 215/215 239/239 237/237
f 215/215 240/240 239/239
f 241/241 243/243 244/244
f 241/241 244/244 242/242
f 248/248 247/247 249/249
f 248/248 249/249 250/250
f 246/246 245/245 247/247
f 246/246 247/247 248/248
f 252/252 251/251 253/253
f 252/252 253/253 254/254
f 250/250 249/249 251/251
f 250/250 251/251 252/252
f 255/255 257/257 256/256
f 255/255 258/258 257/257
f 262/262 259/259 260/260
f 262/262 261/261 259/259
f 263/263 265/265 266/266
f 263/263 264/264 265/265
f 268/268 269/269 272/272
f 268/268 272/272 271/271
f 274/274 276/276 275/275
f 274/274 275/275 273/273
f 272/272 274/274 273/273
f 272/272 273/273 271/271
f 278/278 280/280 279/279
f 278/278 279/279 277/277
f 276/276 278/278 277/277
f 276/276 277/277 275/275
f 280/280 267/267 279/279
f 280/280 270/270 267/267
f 281/281 282/282 283/283
f 281/281 283/283 284/284
f 285/285 287/287 286/286
f 285/285 288/288 287/287
f 296/296 289/289 298/298
f 296/296 298/298 305/305
f 292/292 302/302 301/301
f 292/292 293/293 302/302
f 294/294 295/295 304/304
f 294/294 304/304 303/303
f 293/293 303/303 302/302
f 293/293 294/294 303/303
f 295/295 290/290 299/299
f 295/295 299/299 304/304
f 290/290 306/306 299/299
f 290/290 297/297 306/306
f 291/291 292/292 301/301
f 291/291 301/301 300/300
f 289/289 300/300 298/298
f 289/289 291/291 300/300
f 307/307 322/322 316/316
f 307/307 313/313 322/322
f 313/313 312/312 321/321
f 313/313 321/321 322/322
f 311/311 319/319 320/320
f 311/311 310/310 319/319
f 312/312 320/320 321/321
f 312/312 311/311 320/320
f 310/310 318/318 319/319
f 310/310 309/309 318/318
f 309/309 308/308 317/317
f 309/309 317/317 318/318
f 315/315 316/316 324/324
f 315/315 307/307 316/316
f 308/308 314/314 323/323
f 308/308 323/323 317/317
f 327/327 328/328 326/326
f 327/327 326/326 325/325
f 329/329 332/332 331/331
f 329/329 330/330 332/332
f 334/334 333/333 335/335
f 334/334 335/335 336/336
f 338/338 339/339 340/340
f 338/338 337/337 339/339
f 342/342 343/343 344/344
f 342/342 341/341 343/343
f 345/345 348/348 347/347
f 345/345 346/346 348/348
f 350/350 349/349 351/351
f 350/350 351/351 352/352
f 353/353 355/355 354/354
f 353/353 356/356 355/355
f 359/359 357/357 358/358
f 359/359 358/358 360/360
f 361/361 364/364 362/362
f 361/361 363/363 364/364
f 366/366 368/368 367/367
f 366/366 367/367 365/365
f 370/370 371/371 369/369
f 370/370 372/372 371/371
f 374/374 375/375 373/373
f 374/374 376/376 375/375
f 377/377 380/380 378/378
f 377/377 379/379 380/380
f 382/382 384/384 383/383
f 382/382 383/383 381/381
f 385/385 387/387 388/388
f 385/385 386/386 387/387
f 389/389 391/391 392/392
f 389/389 392/392 390/390
f 396/396 395/395 397/397
f 396/396 397/397 398/398
f 394/394 393/393 395/395
f 394/394 395/395 396/396
f 400/400 401/401 402/402
f 400/400 399/399 401/401
f 398/398 399/399 400/400
f 398/398 397/397 399/399
f 403/403 405/405 404/404
f 403/403 406/406 405/405
f 410/410 409/409 407/407
f 410/410 407/407 408/408
f 411/411 413/413 414/414
f 411/411 412/412 413/413
f 422/422 423/423 421/421
f 422/422 424/424 423/423
f 420/420 421/421 419/419
f 420/420 422/422 421/421
f 428/428 415/415 427/427
f 428/428 418/418 415/415
f 424/424 426/426 425/425
f 424/424 425/425 423/423
f 426/426 428/428 427/427
f 426/426 427/427 425/425
f 416/416 417/417 420/420
f 416/416 420/420 419/419
f 429/429 431/431 432/432
f 429/429 430/430 431/431
f 433/433 435/435 434/434
f 433/433 436/436 435/435
f 438/438 454/454 447/447
f 438/438 445/445 454/454
f 440/440 450/450 449/449
f 440/440 441/441 450/450
f 442/442 443/443 452/452
f 442/442 452/452 451/451
f 441/441 451/451 450/450
f 441/441 442/442 451/451
f 443/443 438/438 447/447
f 443/443 447/447 452/452
f 439/439 449/449 448/448
f 439/439 440/440 449/449
f 444/444 446/446 453/453
f 444/444 437/437 446/446
f 437/437 439/439 448/448
f 437/437 448/448 446/446
f 455/455 470/470 464/464
f 455/455 461/461 470/470
f 461/461 460/460 469/469
f 461/461 469/469 470/470
f 459/459 467/467 468/468
f 459/459 458/458 467/467
f 460/460 468/468 469/469
f 460/460 459/459 468/468
f 463/463 455/455 464/464
f 463/463 464/464 472/472
f 458/458 457/457 466/466
f 458/458 466/466 467/467
f 457/457 456/456 465/465
f 457/457 465/465 466/466
f 456/456 462/462 471/471
f 456/456 471/471 465/465
f 475/475 474/474 473/473
f 475/475 476/476 474/474
f 477/477 480/480 479/479
f 477/477 478/478 480/480
f 482/482 483/483 484/484
f 482/482 481/481 483/483
f 486/486 485/485 487/487
f 486/486 487/487 488/488
f 490/490 491/491 492/492
f 490/490 489/489 491/491
f 493/493 496/496 495/495
f 493/493 494/494 496/496
f 498/498 497/497 499/499
f 498/498 499/499 500/500
f 501/501 503/503 502/502
f 501/501 504/504 503/503
f 507/507 505/505 506/506
f 507/507 506/506 508/508
f 509/509 512/512 510/510
f 509/509 511/511 512/512
f 514/514 516/516 515/515
f 514/514 515/515 513/513
f 518/518 519/519 517/517
f 518/518 520/520 519/519
f 522/522 523/523 521/521
f 522/522 524/524 523/523
f 525/525 528/528 526/526
f 525/525 527/527 528/528
f 530/530 532/532 531/531
f 530/530 531/531 529/529
f 533/533 535/535 536/536
f 533/533 534/534 535/535
f 542/542 537/537 541/541
f 542/542 540/540 537/537
f 542/542 538/538 539/539
f 542/542 539/539 543/543
f 542/542 541/541 538/538
f 547/547 546/546 544/544
f 547/547 544/544 545/545
f 548/548 550/550 549/549
f 548/548 551/551 550/550
f 556/556 553/553 552/552
f 556/556 552/552 554/554
f 556/556 557/557 553/553
f 552/552 555/555 554/554
f 561/561 559/559 568/568
f 561/561 568/568 564/564
f 558/558 566/566 569/569
f 568/568 559/559 558/558
f 558/558 560/560 563/563
f 562/562 567/567 569/569
f 562/562 565/565 567/567
f 558/558 563/563 566/566
f 567/567 568/568 558/558
f 558/558 569/569 567/567
f 572/572 571/571 573/573
f 572/572 570/570 571/571
f 576/576 587/587 582/582
f 577/577 579/579 582/582
f 588/588 584/584 574/574
f 579/579 575/575 576/576
f 582/582 581/581 580/580
f 588/588 574/574 577/577
f 582/582 580/580 588/588
f 579/579 576/576 582/582
f 582/582 588/588 577/577
f 577/577 578/578 579/579
f 580/580 581/581 586/586
f 580/580 586/586 583/583
f 576/576 585/585 587/587
f 591/591 590/590 592/592
f 591/591 589/589 590/590
f 593/593 595/595 594/594
f 593/593 594/594 596/596
f 598/598 600/600 599/599
f 598/598 599/599 597/597
f 604/604 602/602 601/601
f 604/604 601/601 603/603
f 606/606 608/608 607/607
f 606/606 605/605 608/608
f 613/613 614/614 611/611
f 610/610 609/609 612/612
f 610/610 612/612 613/613
f 610/610 613/613 611/611
f 615/615 616/616 618/618
f 615/615 618/618 617/617
f 620/620 621/621 622/622
f 620/620 619/619 621/621
f 623/623 626/626 625/625
f 623/623 624/624 626/626
f 627/627 628/628 630/630
f 627/627 630/630 629/629
f 631/631 632/632 634/634
f 631/631 634/634 633/633
f 635/635 636/636 638/638
f 635/635 638/638 637/637
f 639/639 643/643 641/641
f 643/643 642/642 641/641
f 641/641 640/640 639/639
f 639/639 644/644 643/643
f 645/645 648/648 647/647
f 645/645 646/646 648/648
f 651/651 650/650 649/649
f 651/651 652/652 650/650
f 661/661 662/662 663/663
f 661/661 663/663 654/654
f 655/655 657/657 656/656
f 655/655 656/656 653/653
f 661/661 659/659 660/660
f 661/661 660/660 662/662
f 659/659 661/661 654/654
f 656/656 659/659 654/654
f 654/654 663/663 655/655
f 654/654 655/655 653/653
f 656/656 658/658 659/659
f 654/654 653/653 656/656
f 665/665 667/667 664/664
f 665/665 668/668 667/667
f 664/664 669/669 666/666
f 664/664 667/667 669/669
f 665/665 679/679 678/678
f 665/665 678/678 675/675
f 674/674 672/672 671/671
f 674/674 676/676 677/677
f 674/674 670/670 676/676
f 675/675 677/677 668/668
f 674/674 671/671 670/670
f 674/674 677/677 675/675
f 674/674 673/673 672/672
f 675/675 668/668 665/665
f 680/680 681/681 682/682
f 680/680 682/682 684/684
f 684/684 682/682 683/683
f 684/684 683/683 685/685
f 687/687 690/690 689/689
f 687/687 691/691 690/690
f 688/688 687/687 689/689
f 688/688 686/686 687/687
f 697/697 695/695 694/694
f 697/697 696/696 695/695
f 693/693 697/697 694/694
f 693/693 692/692 697/697
f 698/698 700/700 701/701
f 698/698 701/701 699/699
f 706/706 707/707 709/709
f 709/709 703/703 702/702
f 707/707 708/708 709/709
f 709/709 702/702 705/705
f 709/709 705/705 706/706
f 705/705 704/704 706/706
f 710/710 713/713 711/711
f 710/710 712/712 713/713
f 719/719 715/715 714/714
f 718/718 716/716 719/719
f 719/719 714/714 718/718
f 718/718 717/717 716/716
f 725/725 721/721 720/720
f 724/724 723/723 725/725
f 725/725 720/720 724/724
f 720/720 722/722 724/724
f 726/726 728/728 729/729
f 726/726 729/729 727/727
f 739/739 741/741 730/730
f 737/737 738/738 739/739
f 730/730 731/731 732/732
f 730/730 732/732 735/735
f 732/732 734/734 735/735
f 730/730 735/735 737/737
f 741/741 740/740 730/730
f 732/732 736/736 734/734
f 737/737 739/739 730/730
f 732/732 733/733 736/736
f 748/748 747/747 746/746
f 743/743 748/748 746/746
f 744/744 742/742 743/743
f 746/746 745/745 744/744
f 746/746 744/744 743/743
f 749/749 750/750 751/751
f 749/749 751/751 752/752
f 755/755 754/754 756/756
f 755/755 753/753 754/754
f 757/757 758/758 759/759
f 757/757 759/759 760/760
f 762/762 763/763 764/764
f 762/762 764/764 761/761
f 769/769 771/771 777/777
f 771/771 774/774 777/777
f 777/777 779/779 782/782
f 782/782 786/786 769/769
f 767/767 768/768 788/788
f 772/772 765/765 767/767
f 767/767 765/765 768/768
f 780/780 779/779 776/776
f 778/778 773/773 775/775
f 784/784 782/782 779/779
f 780/780 776/776 778/778
f 769/769 766/766 771/771
f 777/777 782/782 769/769
f 775/775 773/773 770/770
f 775/775 770/770 772/772
f 805/805 803/803 802/802
f 775/775 772/772 805/805
f 775/775 805/805 802/802
f 808/808 809/809 806/806
f 808/808 806/806 805/805
f 772/772 767/767 808/808
f 784/784 797/797 794/794
f 799/799 800/800 798/798
f 799/799 798/798 797/797
f 780/780 778/778 799/799
f 780/780 799/799 797/797
f 802/802 803/803 800/800
f 802/802 800/800 799/799
f 778/778 775/775 802/802
f 787/787 793/793 789/789
f 793/793 795/795 790/790
f 793/793 790/790 789/789
f 789/789 790/790 811/811
f 789/789 811/811 792/792
f 797/797 798/798 796/796
f 797/797 796/796 794/794
f 784/784 780/780 797/797
f 784/784 779/779 780/780
f 787/787 785/785 781/781
f 787/787 781/781 783/783
f 788/788 768/768 785/785
f 788/788 785/785 787/787
f 788/788 787/787 789/789
f 778/778 776/776 773/773
f 772/772 770/770 765/765
f 778/778 802/802 799/799
f 805/805 806/806 803/803
f 792/792 809/809 808/808
f 767/767 788/788 792/792
f 787/787 783/783 793/793
f 788/788 789/789 792/792
f 810/810 791/791 798/798
f 804/804 807/807 810/810
f 767/767 792/792 808/808
f 810/810 812/812 791/791
f 791/791 796/796 798/798
f 772/772 808/808 805/805
f 798/798 804/804 810/810
f 798/798 801/801 804/804
f 792/792 811/811 809/809
f 814/814 819/819 816/816
f 821/821 823/823 822/822
f 821/821 822/822 820/820
f 815/815 813/813 816/816
f 814/814 815/815 823/823
f 814/814 821/821 819/819
f 819/819 818/818 816/816
f 816/816 813/813 814/814
f 814/814 813/813 815/815
f 815/815 816/816 817/817
f 821/821 820/820 819/819
f 821/821 814/814 823/823
f 825/825 838/838 839/839
f 825/825 835/835 838/838
f 835/835 825/825 828/828
f 825/825 824/824 827/827
f 824/824 826/826 829/829
f 824/824 829/829 827/827
f 825/825 827/827 828/828
f 835/835 828/828 837/837
f 834/834 836/836 830/830
f 834/834 837/837 836/836
f 834/834 835/835 837/837
f 834/834 830/830 831/831
f 834/834 831/831 832/832
f 834/834 832/832 833/833
f 840/840 842/842 841/841
f 844/844 845/845 843/843
f 844/844 843/843 842/842
f 840/840 844/844 842/842
f 849/849 853/853 851/851
f 853/853 852/852 851/851
f 846/846 847/847 853/853
f 851/851 848/848 849/849
f 849/849 846/846 853/853
f 851/851 850/850 848/848
f 857/857 858/858 859/859
f 857/857 859/859 855/855
f 856/856 857/857 855/855
f 856/856 855/855 854/854
f 862/862 863/863 864/864
f 861/861 862/862 865/865
f 862/862 864/864 865/865
f 861/861 865/865 860/860
f 871/871 869/869 870/870
f 871/871 868/868 869/869
f 866/866 867/867 871/871
f 870/870 866/866 871/871
f 872/872 873/873 875/875
f 872/872 875/875 874/874
f 880/880 878/878 876/876
f 879/879 877/877 881/881
f 879/879 880/880 877/877
f 880/880 876/876 877/877
f 882/882 885/885 884/884
f 882/882 883/883 885/885
f 887/887 888/888 890/890
f 890/890 891/891 892/892
f 888/888 889/889 890/890
f 890/890 892/892 887/887
f 887/887 886/886 888/888
f 898/898 896/896 894/894
f 898/898 897/897 896/896
f 895/895 898/898 894/894
f 895/895 894/894 893/893
f 899/899 902/902 901/901
f 899/899 900/900 902/902
f 908/908 913/913 910/910
f 913/913 912/912 910/910
f 907/907 909/909 906/906
f 905/905 904/904 903/903
f 908/908 905/905 913/913
f 912/912 911/911 910/910
f 905/905 903/903 913/913
f 913/913 914/914 912/912
f 907/907 906/906 905/905
f 908/908 907/907 905/905
f 915/915 917/917 916/916
f 915/915 918/918 917/917
f 921/921 920/920 919/919
f 921/921 922/922 920/920
f 923/923 925/925 924/924
f 923/923 926/926 925/925
f 928/928 927/927 930/930
f 928/928 930/930 929/929
f 933/933 954/954 934/934
f 933/933 934/934 931/931
f 937/937 932/932 935/935
f 935/935 952/952 948/948
f 950/950 945/945 948/948
f 950/950 946/946 945/945
f 963/963 962/962 964/964
f 963/963 960/960 962/962
f 955/955 977/977 956/956
f 955/955 958/958 977/977
f 938/938 974/974 933/933
f 938/938 971/971 974/974
f 944/944 968/968 941/941
f 944/944 965/965 968/968
f 970/970 964/964 957/957
f 957/957 976/976 970/970
f 957/957 978/978 976/976
f 976/976 973/973 970/970
f 933/933 958/958 954/954
f 933/933 974/974 958/958
f 950/950 963/963 946/946
f 950/950 960/960 963/963
f 958/958 975/975 977/977
f 958/958 974/974 975/975
f 974/974 971/971 972/972
f 974/974 972/972 975/975
f 941/941 971/971 938/938
f 941/941 968/968 971/971
f 971/971 968/968 969/969
f 971/971 969/969 972/972
f 968/968 966/966 969/969
f 968/968 965/965 966/966
f 946/946 965/965 944/944
f 946/946 963/963 965/965
f 965/965 964/964 966/966
f 965/965 963/963 964/964
f 938/938 931/931 936/936
f 938/938 933/933 931/931
f 946/946 942/942 945/945
f 946/946 944/944 942/942
f 944/944 939/939 942/942
f 944/944 941/941 939/939
f 959/959 956/956 961/961
f 959/959 955/955 956/956
f 948/948 943/943 937/937
f 937/937 935/935 948/948
f 954/954 955/955 953/953
f 954/954 958/958 955/955
f 954/954 951/951 934/934
f 954/954 953/953 951/951
f 953/953 947/947 951/951
f 953/953 949/949 947/947
f 964/964 962/962 957/957
f 970/970 967/967 964/964
f 943/943 940/940 937/937
f 948/948 945/945 943/943
f 941/941 936/936 939/939
f 941/941 938/938 936/936
f 953/953 955/955 959/959
f 953/953 959/959 949/949
f 981/981 980/980 982/982
f 981/981 979/979 980/980
f 984/984 986/986 988/988
f 987/987 985/985 983/983
f 987/987 984/984 988/988
f 987/987 983/983 984/984
f 989/989 990/990 992/992
f 989/989 992/992 991/991
f 994/994 995/995 996/996
f 994/994 993/993 995/995
f 1002/1002 999/999 997/997
f 1000/1000 1002/1002 997/997
f 1000/1000 1001/1001 1002/1002
f 997/997 998/998 1000/1000
f 1062/1062 1085/1085 1018/1018
f 1062/1062 1018/1018 1023/1023
f 1059/1059 1055/1055 1027/1027
f 1059/1059 1027/1027 1006/1006
f 1089/1089 1075/1075 1053/1053
f 1089/1089 1053/1053 1043/1043
f 1030/1030 1071/1071 1069/1069
f 1030/1030 1069/1069 1040/1040
f 1079/1079 1082/1082 1013/1013
f 1079/1079 1013/1013 1009/1009
f 1058/1058 1005/1005 1048/1048
f 1058/1058 1048/1048 1077/1077
f 1055/1055 1061/1061 1022/1022
f 1055/1055 1022/1022 1027/1027
f 1069/1069 1066/1066 1036/1036
f 1069/1069 1036/1036 1040/1040
f 1065/1065 1090/1090 1044/1044
f 1065/1065 1044/1044 1035/1035
f 1086/1086 1079/1079 1009/1009
f 1086/1086 1009/1009 1019/1019
f 1015/1015 1010/1010 1008/1008
f 1015/1015 1008/1008 1011/1011
f 1011/1011 1008/1008 1009/1009
f 1011/1011 1009/1009 1013/1013
f 1010/1010 1020/1020 1017/1017
f 1010/1010 1017/1017 1008/1008
f 1008/1008 1017/1017 1019/1019
f 1008/1008 1019/1019 1009/1009
f 1047/1047 1052/1052 1054/1054
f 1047/1047 1054/1054 1051/1051
f 1051/1051 1054/1054 1053/1053
f 1051/1051 1053/1053 1049/1049
f 1052/1052 1042/1042 1045/1045
f 1052/1052 1045/1045 1054/1054
f 1054/1054 1045/1045 1043/1043
f 1054/1054 1043/1043 1053/1053
f 1026/1026 1007/1007 1004/1004
f 1026/1026 1004/1004 1028/1028
f 1028/1028 1004/1004 1006/1006
f 1028/1028 1006/1006 1027/1027
f 1021/1021 1026/1026 1028/1028
f 1021/1021 1028/1028 1024/1024
f 1024/1024 1028/1028 1027/1027
f 1024/1024 1027/1027 1022/1022
f 1039/1039 1029/1029 1032/1032
f 1039/1039 1032/1032 1041/1041
f 1041/1041 1032/1032 1030/1030
f 1041/1041 1030/1030 1040/1040
f 1034/1034 1039/1039 1041/1041
f 1034/1034 1041/1041 1038/1038
f 1038/1038 1041/1041 1040/1040
f 1038/1038 1040/1040 1036/1036
f 1014/1014 1031/1031 1033/1033
f 1014/1014 1033/1033 1012/1012
f 1035/1035 1044/1044 1046/1046
f 1035/1035 1046/1046 1037/1037
f 1037/1037 1046/1046 1042/1042
f 1037/1037 1042/1042 1034/1034
f 1098/1098 1107/1107 1120/1120
f 1098/1098 1120/1120 1105/1105
f 1023/1023 1018/1018 1016/1016
f 1023/1023 1016/1016 1025/1025
f 1025/1025 1016/1016 1020/1020
f 1025/1025 1020/1020 1021/1021
f 1091/1091 1042/1042 1052/1052
f 1091/1091 1052/1052 1047/1047
f 1015/1015 1029/1029 1092/1092
f 1015/1015 1092/1092 1093/1093
f 1078/1078 1049/1049 1053/1053
f 1078/1078 1053/1053 1075/1075
f 1092/1092 1034/1034 1042/1042
f 1092/1092 1042/1042 1091/1091
f 1050/1050 1003/1003 1007/1007
f 1050/1050 1007/1007 1047/1047
f 1093/1093 1092/1092 1091/1091
f 1093/1093 1091/1091 1094/1094
f 1029/1029 1039/1039 1034/1034
f 1029/1029 1034/1034 1092/1092
f 1048/1048 1005/1005 1003/1003
f 1048/1048 1003/1003 1050/1050
f 1020/1020 1093/1093 1094/1094
f 1020/1020 1094/1094 1021/1021
f 1010/1010 1015/1015 1093/1093
f 1010/1010 1093/1093 1020/1020
f 1021/1021 1094/1094 1007/1007
f 1021/1021 1007/1007 1026/1026
f 1012/1012 1033/1033 1029/1029
f 1012/1012 1029/1029 1015/1015
f 1060/1060 1076/1076 1121/1121
f 1060/1060 1121/1121 1108/1108
f 1094/1094 1091/1091 1047/1047
f 1094/1094 1047/1047 1007/1007
f 1103/1103 1114/1114 1117/1117
f 1103/1103 1117/1117 1096/1096
f 1101/1101 1104/1104 1119/1119
f 1101/1101 1119/1119 1111/1111
f 1099/1099 1106/1106 1102/1102
f 1099/1099 1102/1102 1095/1095
f 1100/1100 1097/1097 1118/1118
f 1100/1100 1118/1118 1110/1110
f 1084/1084 1081/1081 1116/1116
f 1088/1088 1064/1064 1112/1112
f 1088/1088 1112/1112 1122/1122
f 1080/1080 1087/1087 1115/1115
f 1074/1074 1088/1088 1122/1122
f 1087/1087 1063/1063 1109/1109
f 1087/1087 1109/1109 1115/1115
f 1083/1083 1072/1072 1031/1031
f 1083/1083 1031/1031 1014/1014
f 1076/1076 1073/1073 1121/1121
f 1070/1070 1084/1084 1116/1116
f 1070/1070 1116/1116 1113/1113
f 1068/1068 1070/1070 1113/1113
f 1064/1064 1067/1067 1112/1112
f 1063/1063 1057/1057 1109/1109
f 1056/1056 1060/1060 1108/1108
f 1148/1148 1146/1146 1152/1152
f 1148/1148 1152/1152 1150/1150
f 1146/1146 1143/1143 1159/1159
f 1146/1146 1159/1159 1152/1152
f 1141/1141 1139/1139 1169/1169
f 1141/1141 1169/1169 1171/1171
f 1136/1136 1133/1133 1153/1153
f 1136/1136 1153/1153 1162/1162
f 1126/1126 1148/1148 1150/1150
f 1126/1126 1150/1150 1174/1174
f 1133/1133 1141/1141 1171/1171
f 1133/1133 1171/1171 1153/1153
f 1139/1139 1128/1128 1156/1156
f 1139/1139 1156/1156 1169/1169
f 1124/1124 1126/1126 1174/1174
f 1124/1124 1174/1174 1158/1158
f 1158/1158 1168/1168 1130/1130
f 1158/1158 1130/1130 1124/1124
f 1168/1168 1156/1156 1128/1128
f 1168/1168 1128/1128 1130/1130
f 1161/1161 1165/1165 1131/1131
f 1161/1161 1131/1131 1135/1135
f 1165/1165 1159/1159 1143/1143
f 1165/1165 1143/1143 1131/1131
f 1145/1145 1147/1147 1187/1187
f 1145/1145 1187/1187 1186/1186
f 1147/1147 1125/1125 1176/1176
f 1147/1147 1176/1176 1187/1187
f 1127/1127 1140/1140 1183/1183
f 1127/1127 1183/1183 1177/1177
f 1125/1125 1123/1123 1175/1175
f 1125/1125 1175/1175 1176/1176
f 1142/1142 1134/1134 1180/1180
f 1142/1142 1180/1180 1184/1184
f 1134/1134 1138/1138 1182/1182
f 1134/1134 1182/1182 1180/1180
f 1132/1132 1144/1144 1185/1185
f 1132/1132 1185/1185 1179/1179
f 1144/1144 1145/1145 1186/1186
f 1144/1144 1186/1186 1185/1185
f 1137/1137 1132/1132 1179/1179
f 1137/1137 1179/1179 1181/1181
f 1140/1140 1142/1142 1184/1184
f 1140/1140 1184/1184 1183/1183
f 1123/1123 1129/1129 1178/1178
f 1123/1123 1178/1178 1175/1175
f 1129/1129 1127/1127 1177/1177
f 1129/1129 1177/1177 1178/1178
f 1149/1149 1151/1151 1189/1189
f 1149/1149 1189/1189 1188/1188
f 1151/1151 1160/1160 1193/1193
f 1151/1151 1193/1193 1189/1189
f 1172/1172 1170/1170 1198/1198
f 1172/1172 1198/1198 1199/1199
f 1164/1164 1154/1154 1190/1190
f 1164/1164 1190/1190 1195/1195
f 1160/1160 1166/1166 1196/1196
f 1160/1160 1196/1196 1193/1193
f 1166/1166 1163/1163 1194/1194
f 1166/1166 1194/1194 1196/1196
f 1155/1155 1167/1167 1197/1197
f 1155/1155 1197/1197 1191/1191
f 1173/1173 1149/1149 1188/1188
f 1173/1173 1188/1188 1200/1200
f 1154/1154 1172/1172 1199/1199
f 1154/1154 1199/1199 1190/1190
f 1167/1167 1157/1157 1192/1192
f 1167/1167 1192/1192 1197/1197
f 1170/1170 1155/1155 1191/1191
f 1170/1170 1191/1191 1198/1198
f 1157/1157 1173/1173 1200/1200
f 1157/1157 1200/1200 1192/1192
f 1201/1201 1218/1218 1215/1215
f 1201/1201 1215/1215 1204/1204
f 1205/1205 1217/1217 1208/1208
f 1205/1205 1208/1208 1211/1211
f 1202/1202 1213/1213 1210/1210
f 1202/1202 1210/1210 1220/1220
f 1203/1203 1206/1206 1212/1212
f 1203/1203 1212/1212 1214/1214
f 1219/1219 1209/1209 1207/1207
f 1219/1219 1207/1207 1216/1216
f 1234/1234 1221/1221 1226/1226
f 1234/1234 1226/1226 1239/1239
f 1455/1455 1449/1449 1442/1442
f 1442/1442 1432/1432 1426/1426
f 1426/1426 1421/1421 1424/1424
f 1424/1424 1455/1455 1442/1442
f 1442/1442 1426/1426 1424/1424
f 1227/1227 1234/1234 1239/1239
f 1227/1227 1239/1239 1232/1232
f 1420/1420 1459/1459 1456/1456
f 1420/1420 1456/1456 1425/1425
f 1237/1237 1224/1224 1242/1242
f 1237/1237 1242/1242 1245/1245
f 1469/1469 1461/1461 1458/1458
f 1469/1469 1458/1458 1419/1419
f 1233/1233 1229/1229 1249/1249
f 1233/1233 1249/1249 1253/1253
f 1227/1227 1232/1232 1252/1252
f 1227/1227 1252/1252 1247/1247
f 1241/1241 1223/1223 1258/1258
f 1241/1241 1258/1258 1264/1264
f 1299/1299 1235/1235 1243/1243
f 1299/1299 1243/1243 1309/1309
f 1226/1226 1221/1221 1255/1255
f 1226/1226 1255/1255 1260/1260
f 1255/1255 1221/1221 1234/1234
f 1234/1234 1227/1227 1247/1247
f 1247/1247 1267/1267 1255/1255
f 1234/1234 1247/1247 1255/1255
f 1246/1246 1250/1250 1270/1270
f 1246/1246 1270/1270 1268/1268
f 1423/1423 1428/1428 1431/1431
f 1431/1431 1503/1503 1393/1393
f 1431/1431 1393/1393 1390/1390
f 1416/1416 1423/1423 1431/1431
f 1431/1431 1390/1390 1418/1418
f 1431/1431 1418/1418 1416/1416
f 1259/1259 1254/1254 1272/1272
f 1259/1259 1272/1272 1274/1274
f 1256/1256 1259/1259 1274/1274
f 1256/1256 1274/1274 1273/1273
f 1262/1262 1256/1256 1273/1273
f 1262/1262 1273/1273 1275/1275
f 1254/1254 1265/1265 1276/1276
f 1254/1254 1276/1276 1272/1272
f 1266/1266 1246/1246 1268/1268
f 1266/1266 1268/1268 1277/1277
f 1262/1262 1275/1275 1291/1291
f 1262/1262 1291/1291 1284/1284
f 1262/1262 1284/1284 1325/1325
f 1262/1262 1325/1325 1319/1319
f 1332/1332 1334/1334 1228/1228
f 1332/1332 1228/1228 1231/1231
f 1297/1297 1295/1295 1305/1305
f 1297/1297 1305/1305 1301/1301
f 1304/1304 1294/1294 1315/1315
f 1304/1304 1315/1315 1318/1318
f 1306/1306 1320/1320 1327/1327
f 1306/1306 1327/1327 1323/1323
f 1311/1311 1308/1308 1324/1324
f 1311/1311 1324/1324 1329/1329
f 1317/1317 1257/1257 1222/1222
f 1222/1222 1236/1236 1300/1300
f 1300/1300 1303/1303 1317/1317
f 1222/1222 1300/1300 1317/1317
f 1259/1259 1256/1256 1316/1316
f 1259/1259 1316/1316 1313/1313
f 1293/1293 1296/1296 1331/1331
f 1331/1331 1230/1230 1238/1238
f 1225/1225 1261/1261 1314/1314
f 1331/1331 1238/1238 1225/1225
f 1314/1314 1293/1293 1331/1331
f 1331/1331 1225/1225 1314/1314
f 1383/1383 1386/1386 1344/1344
f 1383/1383 1344/1344 1341/1341
f 1353/1353 1356/1356 1363/1363
f 1353/1353 1363/1363 1359/1359
f 1360/1360 1364/1364 1368/1368
f 1360/1360 1368/1368 1366/1366
f 1366/1366 1368/1368 1374/1374
f 1366/1366 1374/1374 1371/1371
f 1371/1371 1374/1374 1380/1380
f 1371/1371 1380/1380 1377/1377
f 1377/1377 1380/1380 1386/1386
f 1377/1377 1386/1386 1383/1383
f 1347/1347 1350/1350 1356/1356
f 1347/1347 1356/1356 1353/1353
f 1355/1355 1349/1349 1343/1343
f 1343/1343 1385/1385 1379/1379
f 1379/1379 1373/1373 1367/1367
f 1367/1367 1362/1362 1355/1355
f 1355/1355 1343/1343 1379/1379
f 1379/1379 1367/1367 1355/1355
f 1341/1341 1344/1344 1350/1350
f 1341/1341 1350/1350 1347/1347
f 1341/1341 1347/1347 1345/1345
f 1341/1341 1345/1345 1339/1339
f 1350/1350 1344/1344 1342/1342
f 1350/1350 1342/1342 1348/1348
f 1347/1347 1353/1353 1351/1351
f 1347/1347 1351/1351 1345/1345
f 1356/1356 1350/1350 1348/1348
f 1356/1356 1348/1348 1354/1354
f 1353/1353 1359/1359 1357/1357
f 1353/1353 1357/1357 1351/1351
f 1363/1363 1356/1356 1354/1354
f 1363/1363 1354/1354 1361/1361
f 1360/1360 1366/1366 1365/1365
f 1360/1360 1365/1365 1358/1358
f 1368/1368 1364/1364 1362/1362
f 1368/1368 1362/1362 1367/1367
f 1366/1366 1371/1371 1369/1369
f 1366/1366 1369/1369 1365/1365
f 1374/1374 1368/1368 1367/1367
f 1374/1374 1367/1367 1372/1372
f 1371/1371 1377/1377 1375/1375
f 1371/1371 1375/1375 1369/1369
f 1380/1380 1374/1374 1372/1372
f 1380/1380 1372/1372 1378/1378
f 1377/1377 1383/1383 1381/1381
f 1377/1377 1381/1381 1375/1375
f 1386/1386 1380/1380 1378/1378
f 1386/1386 1378/1378 1384/1384
f 1383/1383 1341/1341 1339/1339
f 1383/1383 1339/1339 1381/1381
f 1344/1344 1386/1386 1384/1384
f 1344/1344 1384/1384 1342/1342
f 1382/1382 1340/1340 1346/1346
f 1346/1346 1352/1352 1358/1358
f 1358/1358 1365/1365 1370/1370
f 1370/1370 1376/1376 1382/1382
f 1382/1382 1346/1346 1358/1358
f 1358/1358 1370/1370 1382/1382
f 1388/1388 1387/1387 1391/1391
f 1391/1391 1396/1396 1406/1406
f 1406/1406 1412/1412 1388/1388
f 1391/1391 1406/1406 1388/1388
f 1388/1388 1417/1417 1389/1389
f 1388/1388 1389/1389 1387/1387
f 1389/1389 1394/1394 1391/1391
f 1389/1389 1391/1391 1387/1387
f 1395/1395 1400/1400 1399/1399
f 1395/1395 1399/1399 1392/1392
f 1392/1392 1399/1399 1402/1402
f 1392/1392 1402/1402 1398/1398
f 1397/1397 1401/1401 1403/1403
f 1397/1397 1403/1403 1407/1407
f 1407/1407 1403/1403 1404/1404
f 1407/1407 1404/1404 1410/1410
f 1412/1412 1406/1406 1408/1408
f 1412/1412 1408/1408 1413/1413
f 1412/1412 1413/1413 1417/1417
f 1412/1412 1417/1417 1388/1388
f 1251/1251 1248/1248 1282/1282
f 1282/1282 1290/1290 1269/1269
f 1269/1269 1271/1271 1251/1251
f 1282/1282 1269/1269 1251/1251
f 1422/1422 1415/1415 1420/1420
f 1422/1422 1420/1420 1425/1425
f 1414/1414 1409/1409 1469/1469
f 1414/1414 1469/1469 1419/1419
f 1334/1334 1337/1337 1279/1279
f 1334/1334 1279/1279 1228/1228
f 1427/1427 1433/1433 1436/1436
f 1427/1427 1436/1436 1429/1429
f 1310/1310 1244/1244 1240/1240
f 1240/1240 1263/1263 1321/1321
f 1321/1321 1307/1307 1310/1310
f 1240/1240 1321/1321 1310/1310
f 1435/1435 1445/1445 1454/1454
f 1435/1435 1454/1454 1441/1441
f 1498/1498 1489/1489 1500/1500
f 1500/1500 1438/1438 1434/1434
f 1434/1434 1440/1440 1498/1498
f 1500/1500 1434/1434 1498/1498
f 1443/1443 1450/1450 1476/1476
f 1443/1443 1476/1476 1446/1446
f 1229/1229 1280/1280 1283/1283
f 1229/1229 1283/1283 1249/1249
f 1444/1444 1447/1447 1482/1482
f 1482/1482 1486/1486 1493/1493
f 1493/1493 1453/1453 1444/1444
f 1482/1482 1493/1493 1444/1444
f 1336/1336 1328/1328 1322/1322
f 1322/1322 1326/1326 1285/1285
f 1285/1285 1292/1292 1286/1286
f 1322/1322 1285/1285 1286/1286
f 1278/1278 1336/1336 1322/1322
f 1289/1289 1281/1281 1278/1278
f 1288/1288 1289/1289 1278/1278
f 1322/1322 1286/1286 1287/1287
f 1287/1287 1288/1288 1278/1278
f 1322/1322 1287/1287 1278/1278
f 1470/1470 1411/1411 1405/1405
f 1468/1468 1467/1467 1463/1463
f 1470/1470 1405/1405 1468/1468
f 1468/1468 1463/1463 1470/1470
f 1448/1448 1477/1477 1479/1479
f 1448/1448 1479/1479 1483/1483
f 1487/1487 1484/1484 1481/1481
f 1487/1487 1481/1481 1475/1475
f 1487/1487 1494/1494 1495/1495
f 1487/1487 1495/1495 1490/1490
f 1492/1492 1485/1485 1488/1488
f 1492/1492 1488/1488 1497/1497
f 1487/1487 1475/1475 1473/1473
f 1487/1487 1473/1473 1494/1494
f 1490/1490 1495/1495 1400/1400
f 1490/1490 1400/1400 1395/1395
f 1439/1439 1452/1452 1491/1491
f 1439/1439 1491/1491 1496/1496
f 1395/1395 1504/1504 1501/1501
f 1395/1395 1501/1501 1490/1490
f 1437/1437 1499/1499 1502/1502
f 1437/1437 1502/1502 1430/1430
f 1338/1338 1335/1335 1333/1333
f 1333/1333 1298/1298 1302/1302
f 1302/1302 1312/1312 1330/1330
f 1330/1330 1338/1338 1333/1333
f 1333/1333 1302/1302 1330/1330
f 1512/1512 1510/1510 1505/1505
f 1512/1512 1505/1505 1507/1507
f 1507/1507 1505/1505 1508/1508
f 1507/1507 1508/1508 1528/1528
f 1509/1509 1506/1506 1511/1511
f 1511/1511 1514/1514 1517/1517
f 1517/1517 1519/1519 1522/1522
f 1522/1522 1526/1526 1509/1509
f 1509/1509 1511/1511 1517/1517
f 1517/1517 1522/1522 1509/1509
f 1515/1515 1513/1513 1510/1510
f 1515/1515 1510/1510 1512/1512
f 1518/1518 1516/1516 1513/1513
f 1518/1518 1513/1513 1515/1515
f 1520/1520 1519/1519 1516/1516
f 1520/1520 1516/1516 1518/1518
f 1524/1524 1522/1522 1519/1519
f 1524/1524 1519/1519 1520/1520
f 1527/1527 1525/1525 1521/1521
f 1527/1527 1521/1521 1523/1523
f 1528/1528 1508/1508 1525/1525
f 1528/1528 1525/1525 1527/1527
f 1528/1528 1527/1527 1529/1529
f 1528/1528 1529/1529 1532/1532
f 1527/1527 1523/1523 1533/1533
f 1527/1527 1533/1533 1529/1529
f 1533/1533 1535/1535 1530/1530
f 1533/1533 1530/1530 1529/1529
f 1529/1529 1530/1530 1551/1551
f 1529/1529 1551/1551 1532/1532
f 1537/1537 1538/1538 1536/1536
f 1537/1537 1536/1536 1534/1534
f 1524/1524 1520/1520 1537/1537
f 1524/1524 1537/1537 1534/1534
f 1539/1539 1540/1540 1538/1538
f 1539/1539 1538/1538 1537/1537
f 1520/1520 1518/1518 1539/1539
f 1520/1520 1539/1539 1537/1537
f 1542/1542 1543/1543 1540/1540
f 1542/1542 1540/1540 1539/1539
f 1518/1518 1515/1515 1542/1542
f 1518/1518 1542/1542 1539/1539
f 1545/1545 1546/1546 1543/1543
f 1545/1545 1543/1543 1542/1542
f 1515/1515 1512/1512 1545/1545
f 1515/1515 1545/1545 1542/1542
f 1548/1548 1549/1549 1546/1546
f 1548/1548 1546/1546 1545/1545
f 1512/1512 1507/1507 1548/1548
f 1512/1512 1548/1548 1545/1545
f 1532/1532 1551/1551 1549/1549
f 1532/1532 1549/1549 1548/1548
f 1507/1507 1528/1528 1532/1532
f 1507/1507 1532/1532 1548/1548
f 1550/1550 1552/1552 1531/1531
f 1531/1531 1536/1536 1538/1538
f 1538/1538 1541/1541 1544/1544
f 1544/1544 1547/1547 1550/1550
f 1550/1550 1531/1531 1538/1538
f 1538/1538 1544/1544 1550/1550
f 1472/1472 1474/1474 1480/1480
f 1480/1480 1478/1478 1451/1451
f 1451/1451 1457/1457 1460/1460
f 1460/1460 1462/1462 1466/1466
f 1460/1460 1466/1466 1464/1464
f 1472/1472 1480/1480 1451/1451
f 1471/1471 1472/1472 1451/1451
f 1451/1451 1460/1460 1464/1464
f 1465/1465 1471/1471 1451/1451
f 1451/1451 1464/1464 1465/1465
f 1605/1605 1614/1614 1582/1582
f 1605/1605 1582/1582 1580/1580
f 1564/1564 1561/1561 1604/1604
f 1564/1564 1604/1604 1595/1595
f 1562/1562 1556/1556 1574/1574
f 1562/1562 1574/1574 1565/1565
f 1596/1596 1590/1590 1584/1584
f 1596/1596 1584/1584 1612/1612
f 1587/1587 1577/1577 1579/1579
f 1579/1579 1581/1581 1583/1583
f 1583/1583 1589/1589 1591/1591
f 1591/1591 1585/1585 1587/1587
f 1587/1587 1579/1579 1583/1583
f 1583/1583 1591/1591 1587/1587
f 1586/1586 1592/1592 1594/1594
f 1586/1586 1594/1594 1603/1603
f 1558/1558 1564/1564 1598/1598
f 1558/1558 1598/1598 1613/1613
f 1555/1555 1558/1558 1616/1616
f 1555/1555 1616/1616 1607/1607
f 1561/1561 1555/1555 1610/1610
f 1561/1561 1610/1610 1601/1601
f 1570/1570 1567/1567 1576/1576
f 1570/1570 1576/1576 1573/1573
f 1559/1559 1563/1563 1566/1566
f 1559/1559 1566/1566 1568/1568
f 1557/1557 1553/1553 1571/1571
f 1557/1557 1571/1571 1575/1575
f 1554/1554 1560/1560 1569/1569
f 1554/1554 1569/1569 1572/1572
f 1595/1595 1598/1598 1564/1564
f 1601/1601 1604/1604 1561/1561
f 1607/1607 1610/1610 1555/1555
f 1613/1613 1616/1616 1558/1558
f 1600/1600 1588/1588 1586/1586
f 1600/1600 1586/1586 1602/1602
f 1590/1590 1597/1597 1593/1593
f 1590/1590 1593/1593 1592/1592
f 1578/1578 1608/1608 1606/1606
f 1578/1578 1606/1606 1580/1580
f 1611/1611 1584/1584 1582/1582
f 1611/1611 1582/1582 1615/1615
f 1588/1588 1599/1599 1609/1609
f 1588/1588 1609/1609 1578/1578
f 1681/1681 1624/1624 1626/1626
f 1681/1681 1626/1626 1617/1617
f 1623/1623 1680/1680 1620/1620
f 1620/1620 1654/1654 1652/1652
f 1652/1652 1650/1650 1630/1630
f 1630/1630 1628/1628 1623/1623
f 1623/1623 1620/1620 1652/1652
f 1652/1652 1630/1630 1623/1623
f 1625/1625 1624/1624 1629/1629
f 1625/1625 1629/1629 1632/1632
f 1638/1638 1633/1633 1629/1629
f 1638/1638 1629/1629 1631/1631
f 1640/1640 1637/1637 1634/1634
f 1667/1667 1627/1627 1634/1634
f 1667/1667 1634/1634 1637/1637
f 1637/1637 1640/1640 1643/1643
f 1637/1637 1643/1643 1649/1649
f 1641/1641 1639/1639 1631/1631
f 1641/1641 1631/1631 1651/1651
f 1651/1651 1653/1653 1644/1644
f 1651/1651 1644/1644 1642/1642
f 1646/1646 1649/1649 1643/1643
f 1655/1655 1657/1657 1645/1645
f 1655/1655 1645/1645 1653/1653
f 1660/1660 1656/1656 1655/1655
f 1660/1660 1655/1655 1621/1621
f 1661/1661 1664/1664 1658/1658
f 1649/1649 1646/1646 1658/1658
f 1649/1649 1658/1658 1664/1664
f 1662/1662 1668/1668 1671/1671
f 1662/1662 1671/1671 1647/1647
f 1665/1665 1674/1674 1669/1669
f 1665/1665 1669/1669 1663/1663
f 1664/1664 1661/1661 1619/1619
f 1664/1664 1619/1619 1667/1667
f 1670/1670 1676/1676 1679/1679
f 1670/1670 1679/1679 1673/1673
f 1636/1636 1678/1678 1675/1675
f 1636/1636 1675/1675 1666/1666
f 1648/1648 1672/1672 1677/1677
f 1648/1648 1677/1677 1635/1635
f 1627/1627 1667/1667 1619/1619
f 1659/1659 1622/1622 1682/1682
f 1659/1659 1682/1682 1618/1618

