<COLLADA xmlns="http://www.collada.org/2005/11/COLLADASchema" version="1.4.1">
  <asset>
    <created>2026-08-27T10:56:04.289604</created>
    <modified>2026-08-27T10:56:04.289613</modified>
    <up_axis>Y_UP</up_axis>
  </asset>
  <library_effects>
    <effect id="be783f1537934f6ba12ad07ea468ddb7" name="be783f1537934f6ba12ad07ea468ddb7">
      <profile_COMMON>
        <technique sid="common">
          <phong>
            <emission>
              <color>0.0 0.0 0.0 1.0</color>
            </emission>
            <ambient>
              <color>0.0 0.0 0.0 1.0</color>
            </ambient>
            <diffuse>
              <color>0.0 0.0 0.0 1.0</color>
            </diffuse>
            <specular>
              <color>0.0 0.0 0.0 1.0</color>
            </specular>
            <shininess>
              <float>0.0</float>
            </shininess>
            <reflective>
              <color>0.0 0.0 0.0 1.0</color>
            </reflective>
            <reflectivity>
              <float>0.0</float>
            </reflectivity>
            <transparent>
              <color>0.0 0.0 0.0 1.0</color>
            </transparent>
            <transparency>
              <float>1.0</float>
            </transparency>
          </phong>
        </technique>
        <extra>
          <technique profile="GOOGLEEARTH">
            <double_sided>0</double_sided>
          </technique>
        </extra>
      </profile_COMMON>
    </effect>
  </library_effects>
  <library_geometries>
    <geometry id="8c1a7374669e4f8ba98db5615955883e" name="7922aa3fa7184a47add3d0c664f2de62">
      <mesh>
        <source id="verts-array">
          <float_array count="5046" id="verts-array-array">-0.1964248 0.06560379 -0.14605 -0.1987494 0.05391701 -0.1343632 -0.1987494 0.05391701 -0.1343632 -0.1980685 0.05733999 -0.142627 -0.1980685 0.05733999 -0.142627 -0.2105632 0.07974222 -0.14605 -0.22225 0.07741757 -0.1343632 -0.22225 0.07741757 -0.1343632 -0.218827 0.07809845 -0.142627 -0.218827 0.07809845 -0.142627 -0.2064222 0.06974483 -0.14605 -0.2153668 0.06080016 -0.1343632 -0.212747 0.06341998 -0.142627 -0.2105632 0.5837748 -0.14605 -0.22225 0.5860994 -0.1343632 -0.22225 0.5860994 -0.1343632 -0.218827 0.5854186 -0.142627 -0.218827 0.5854186 -0.142627 -0.1964248 0.5979132 -0.14605 -0.1987494 0.6096 -0.1343632 -0.1987494 0.6096 -0.1343632 -0.1980686 0.606177 -0.142627 -0.1980686 0.606177 -0.142627 -0.2064222 0.5937722 -0.14605 -0.2153668 0.6027169 -0.1343632 -0.212747 0.6000971 -0.142627 0.2105632 0.07974222 -0.14605 0.22225 0.07741757 -0.1343632 0.22225 0.07741757 -0.1343632 0.218827 0.07809845 -0.142627 0.218827 0.07809845 -0.142627 0.1964248 0.06560379 -0.14605 0.1987494 0.05391701 -0.1343632 0.1987494 0.05391701 -0.1343632 0.1980685 0.05733999 -0.142627 0.1980685 0.05733999 -0.142627 0.2064222 0.06974483 -0.14605 0.2153668 0.06080016 -0.1343632 0.212747 0.06341998 -0.142627 0.1964248 0.5979132 -0.14605 0.1987494 0.6096 -0.1343632 0.1987494 0.6096 -0.1343632 0.1980686 0.606177 -0.142627 0.1980686 0.606177 -0.142627 0.2105632 0.5837748 -0.14605 0.22225 0.5860994 -0.1343632 0.22225 0.5860994 -0.1343632 0.218827 0.5854186 -0.142627 0.218827 0.5854186 -0.142627 0.2064222 0.5937722 -0.14605 0.2153668 0.6027169 -0.1343632 0.212747 0.6000971 -0.142627 -0.2153668 0.06080016 0.0365125 -0.22225 0.07741757 0.0365125 -0.22225 0.07741757 0.0365125 0.22225 0.5860994 0.0365125 0.22225 0.5860994 0.0365125 0.2153668 0.6027169 0.0365125 -0.1987494 0.05391701 0.0365125 -0.1987494 0.05391701 0.0365125 -0.06998379 0.6096 -0.1343632 0.06998377 0.6096 -0.1343632 0.06998377 0.606177 -0.142627 -0.06998379 0.606177 -0.142627 0.06998377 0.5979132 -0.14605 -0.06998379 0.5979132 -0.14605 0.1987494 0.6096 0.0365125 0.1987494 0.6096 0.0365125 -0.1987494 0.6096 0.0365125 -0.1987494 0.6096 0.0365125 -0.22225 0.5860994 0.0365125 -0.22225 0.5860994 0.0365125 -0.2153668 0.6027169 0.0365125 0.2153668 0.06080016 0.0365125 0.1987494 0.05391701 0.0365125 0.1987494 0.05391701 0.0365125 0.22225 0.07741757 0.0365125 0.22225 0.07741757 0.0365125 0.1964248 0.5837748 -0.14605 0.1964248 0.07974225 -0.14605 -0.1964248 0.5837748 -0.14605 -0.1964248 0.07974222 -0.14605 0.06998377 0.5979132 -0.14605 -0.06998379 0.5979132 -0.14605 -0.06998379 0.5979132 -0.1343632 0.06998377 0.5979132 -0.1343632 -0.06998379 0.6096 -0.1343632 0.06998377 0.6096 -0.1343632 -0.06998379 0.5979132 -0.1343632 0.06998377 0.5979132 -0.1343632 -0.06998379 0.6096 -0.1343632 -0.06998379 0.606177 -0.142627 -0.06998379 0.5979132 -0.14605 -0.06998379 0.5979132 -0.1343632 0.06998377 0.6096 -0.1343632 0.06998377 0.606177 -0.142627 0.06998377 0.5979132 -0.14605 0.06998377 0.5979132 -0.1343632 -0.2094732 0.06669375 -0.1304579 -0.2094732 0.5968233 -0.1304579 -0.2094732 0.06669375 0.0365125 -0.2094732 0.5968233 0.0365125 -0.2094732 0.5968233 -0.1304579 0.2094732 0.5968233 -0.1304579 0.2094732 0.5968233 0.0365125 -0.2094732 0.5968233 0.0365125 0.2094732 0.06669375 -0.1304579 0.2094732 0.5968233 -0.1304579 0.2094732 0.5968233 0.0365125 0.2094732 0.06669375 0.0365125 -0.2094732 0.06669375 -0.1304579 -0.2094732 0.5968233 -0.1304579 0.2094732 0.06669375 -0.1304579 0.2094732 0.5968233 -0.1304579 -0.2153668 0.06080016 0.0365125 -0.1987494 0.05391701 0.0365125 0.2153668 0.06080016 0.0365125 0.1987494 0.05391701 0.0365125 -0.2094732 0.06669375 0.0365125 0.2094732 0.06669375 0.0365125 -0.2153668 0.06080016 0.0365125 -0.22225 0.07741757 0.0365125 -0.22225 0.5860994 0.0365125 -0.2153668 0.6027169 0.0365125 -0.2094732 0.06669375 0.0365125 -0.2094732 0.5968233 0.0365125 0.22225 0.5860994 0.0365125 0.2153668 0.6027169 0.0365125 0.2153668 0.06080016 0.0365125 0.22225 0.07741757 0.0365125 0.2094732 0.5968233 0.0365125 0.2094732 0.06669375 0.0365125 0.2153668 0.6027169 0.0365125 0.1987494 0.6096 0.0365125 -0.1987494 0.6096 0.0365125 -0.2153668 0.6027169 0.0365125 0.2094732 0.5968233 0.0365125 -0.2094732 0.5968233 0.0365125 -0.2094732 0.06669375 -0.1304579 0.2094732 0.06669375 -0.1304579 -0.2094732 0.06669375 0.0365125 0.2094732 0.06669375 0.0365125 -0.2357632 0.5083944 0.0365125 -0.2357632 0.5083944 0.02596687 -0.22225 0.5083944 0.0365125 -0.22225 0.5083944 0.02596687 -0.2357632 0.5083944 0.0365125 -0.2357632 0.5083944 0.02596687 -0.2357632 0.1551227 0.0365125 -0.2357632 0.1551227 0.02596687 -0.2357632 0.5083944 0.0365125 -0.2357632 0.1551227 0.0365125 -0.22225 0.5083944 0.0365125 -0.22225 0.1551227 0.0365125 -0.2357632 0.1551227 0.0365125 -0.22225 0.1551227 0.0365125 -0.22225 0.1551227 0.02596687 -0.2357632 0.1551227 0.02596687 -0.2357632 0.5083944 0.02596687 -0.22225 0.5083944 0.02596687 -0.22225 0.1551227 0.02596687 -0.2357632 0.1551227 0.02596687 0.2347058 0.07494012 0.03651251 0.2347058 0.5885769 0.03651251 0.2243468 0.0518202 0.03651251 0.22225 0.07741757 0.03651251 0.22225 0.5860994 0.03651251 0.2153668 0.06080016 0.03651251 0.1987494 0.05391701 0.03651251 -0.1987494 0.05391701 0.03651251 0.2012269 0.04146119 0.03651251 -0.2012269 0.04146119 0.03651251 -0.2243468 0.0518202 0.03651251 -0.2347058 0.07494012 0.03651251 -0.2153668 0.06080016 0.03651251 -0.22225 0.07741757 0.03651251 -0.22225 0.5860994 0.03651251 -0.22225 0.5860994 0.03651251 -0.2153668 0.6027169 0.03651251 -0.2347058 0.5885769 0.03651251 -0.2347058 0.5885769 0.03651251 -0.2243468 0.6116968 0.03651251 -0.2012269 0.6220558 0.03651251 0.2012269 0.6220558 0.03651251 -0.1987494 0.6096 0.03651251 0.1987494 0.6096 0.03651251 0.2153668 0.6027169 0.03651251 0.2243468 0.6116968 0.03651251 0.2347058 0.07494012 0.03651251 0.2347058 0.5885769 0.03651251 0.2243468 0.0518202 0.03651251 0.2347058 0.07494012 0.02822694 0.2012269 0.04146119 0.03651251 -0.2012269 0.04146119 0.03651251 0.2012269 0.0414612 0.02822694 0.2243468 0.05182019 0.02822694 -0.2012269 0.0414612 0.02822694 -0.2243468 0.05182019 0.02822694 -0.2347058 0.07494012 0.02822694 -0.2243468 0.0518202 0.03651251 -0.2347058 0.07494012 0.03651251 -0.2347058 0.5885769 0.03651251 -0.2347058 0.5885769 0.03651251 -0.2243468 0.6116968 0.03651251 -0.2347058 0.5885769 0.02822694 -0.2347058 0.5885769 0.02822694 -0.2243468 0.6116968 0.02822694 -0.2012269 0.6220558 0.02822694 0.2012269 0.6220558 0.02822694 -0.2012269 0.6220558 0.03651251 0.2012269 0.6220558 0.03651251 0.2243468 0.6116968 0.03651251 0.2243468 0.6116968 0.02822694 0.2347058 0.5885769 0.02822694 0.2347058 0.07494012 0.02822694 0.2012269 0.0414612 0.02822694 0.2243468 0.05182019 0.02822694 -0.2012269 0.0414612 0.02822694 0.1987494 0.05391702 0.02822694 0.2153668 0.06080016 0.02822694 -0.1987494 0.05391702 0.02822694 -0.2153668 0.06080016 0.02822694 -0.22225 0.07741758 0.02822694 -0.2243468 0.05182019 0.02822694 -0.2347058 0.07494012 0.02822694 -0.2347058 0.5885769 0.02822694 -0.2347058 0.5885769 0.02822694 -0.2243468 0.6116968 0.02822694 -0.22225 0.5860994 0.02822694 -0.22225 0.5860994 0.02822694 -0.2153668 0.6027169 0.02822694 -0.1987494 0.6096 0.02822694 0.1987494 0.6096 0.02822694 -0.2012269 0.6220558 0.02822694 0.2012269 0.6220558 0.02822694 0.2243468 0.6116968 0.02822694 0.2347058 0.5885769 0.02822694 0.2153668 0.6027169 0.02822694 0.22225 0.5860994 0.02822694 0.22225 0.07741758 0.02822694 -0.03801197 0.6096 -0.08699897 -0.03801197 0.6096 -0.05991456 -0.03801197 0.6242418 -0.08705176 -0.03801197 0.6242418 -0.05986178 -0.03801197 0.6242418 -0.08705176 -0.03801197 0.6242418 -0.05986178 -0.01944699 0.6320077 -0.08247951 -0.01944699 0.6320077 -0.06443403 0.005913254 0.6348503 -0.0801933 0.005913254 0.6348503 -0.06672024 0.03127351 0.6320077 -0.08247951 0.03127351 0.6320077 -0.06443403 0.04983852 0.6242418 -0.08705176 0.04983852 0.6242418 -0.05986178 0.04983852 0.6096 -0.08699897 0.04983852 0.6096 -0.05991456 0.09591227 0.6096 -0.05991456 0.09591227 0.6096 -0.08699897 0.04983852 0.6096 -0.08699897 0.04983852 0.6096 -0.05991456 0.04983852 0.6242418 -0.08705176 0.04983852 0.6242418 -0.05986178 -0.03801197 0.6096 -0.08699897 -0.03801197 0.6096 -0.05991456 -0.08408564 0.6096 -0.05991456 -0.08408564 0.6096 -0.08699897 0.0615809 0.6182901 -0.08699897 -0.04975456 0.6182902 -0.08699897 -0.04975456 0.6182902 -0.05991456 0.0615809 0.6182901 -0.05991456 -0.04533794 0.631048 -0.08705176 -0.04533794 0.631048 -0.05986178 -0.02209081 0.6416516 -0.08247951 -0.02209081 0.6416516 -0.06443403 0.005913254 0.6448503 -0.0801933 0.005913254 0.64485 -0.06672024 0.03391733 0.6416516 -0.08247951 0.03391733 0.6416516 -0.06443403 0.05716449 0.631048 -0.08705176 0.05716449 0.631048 -0.05986178 0.0615809 0.6182901 -0.08699897 0.0615809 0.6182901 -0.05991456 0.09591227 0.6196 -0.05991456 0.09591227 0.6196 -0.08699897 -0.04975456 0.6182902 -0.08699897 -0.04975456 0.6182902 -0.05991456 -0.08408564 0.6196 -0.05991456 -0.08408564 0.6196 -0.08699897 -0.03801197 0.6096 -0.05991456 0.04983852 0.6096 -0.05991456 -0.03801197 0.6242418 -0.05986178 -0.01944699 0.6320077 -0.06443403 0.005913254 0.6348503 -0.06672024 0.03127351 0.6320077 -0.06443403 0.04983852 0.6242418 -0.05986178 -0.08408564 0.6096 -0.05991456 0.09591227 0.6096 -0.05991456 -0.04975456 0.6182902 -0.05991456 0.0615809 0.6182901 -0.05991456 -0.04533794 0.631048 -0.05986178 -0.02209081 0.6416516 -0.06443403 0.005913254 0.64485 -0.06672024 0.03391733 0.6416516 -0.06443403 0.05716449 0.631048 -0.05986178 -0.08408564 0.6196 -0.05991456 0.09591227 0.6196 -0.05991456 0.04983852 0.6096 -0.08699897 -0.03801197 0.6096 -0.08699897 -0.03801197 0.6242418 -0.08705176 -0.01944699 0.6320077 -0.08247951 0.005913254 0.6348503 -0.0801933 0.03127351 0.6320077 -0.08247951 0.04983852 0.6242418 -0.08705176 -0.08408564 0.6096 -0.08699897 0.09591227 0.6096 -0.08699897 0.0615809 0.6182901 -0.08699897 -0.04975456 0.6182902 -0.08699897 -0.04533794 0.631048 -0.08705176 -0.02209081 0.6416516 -0.08247951 0.005913254 0.6448503 -0.0801933 0.03391733 0.6416516 -0.08247951 0.05716449 0.631048 -0.08705176 -0.08408564 0.6196 -0.08699897 0.09591227 0.6196 -0.08699897 -0.08594749 0.6214753 -0.05624397 -0.09776963 0.6168546 -0.0679452 -0.08594749 0.6214753 -0.09066956 -0.09776963 0.6168546 -0.07896833 -0.0622589 0.6096 -0.09066956 -0.08594749 0.6096 -0.09066956 -0.0622589 0.6201654 -0.09066956 -0.08594749 0.6214753 -0.09066956 -0.0622589 0.6096 -0.05624397 -0.08594749 0.6096 -0.05624397 -0.0622589 0.6201654 -0.05624397 -0.08594749 0.6214753 -0.05624397 -0.08594749 0.6096 -0.05624397 -0.09776963 0.6096 -0.0679452 -0.08594749 0.6214753 -0.05624397 -0.09776963 0.6168546 -0.0679452 -0.09776963 0.6096 -0.0679452 -0.09776963 0.6096 -0.07896833 -0.09776963 0.6168546 -0.0679452 -0.09776963 0.6168546 -0.07896833 -0.08594749 0.6096 -0.09066956 -0.09776963 0.6096 -0.07896833 -0.08594749 0.6214753 -0.09066956 -0.09776963 0.6168546 -0.07896833 -0.0622589 0.6096 -0.09066956 -0.0622589 0.6096 -0.05624397 -0.0622589 0.6201654 -0.09066956 -0.0622589 0.6201654 -0.05624397 -0.0622589 0.6201654 -0.09066956 -0.0622589 0.6201654 -0.05624397 -0.08594749 0.6214753 -0.05624397 -0.08594749 0.6214753 -0.09066956 0.09777413 0.6214752 -0.05624397 0.1095963 0.6168545 -0.0679452 0.09777413 0.6214752 -0.09066956 0.1095963 0.6168545 -0.07896833 0.07408553 0.6096 -0.09066956 0.09777413 0.6095999 -0.09066956 0.07408554 0.6201654 -0.09066956 0.09777413 0.6214752 -0.09066956 0.07408553 0.6096 -0.05624397 0.09777413 0.6095999 -0.05624397 0.07408554 0.6201654 -0.05624397 0.09777413 0.6214752 -0.05624397 0.09777413 0.6095999 -0.05624397 0.1095963 0.6095999 -0.0679452 0.09777413 0.6214752 -0.05624397 0.1095963 0.6168545 -0.0679452 0.1095963 0.6095999 -0.0679452 0.1095963 0.6095999 -0.07896833 0.1095963 0.6168545 -0.0679452 0.1095963 0.6168545 -0.07896833 0.09777413 0.6095999 -0.09066956 0.1095963 0.6095999 -0.07896833 0.09777413 0.6214752 -0.09066956 0.1095963 0.6168545 -0.07896833 0.07408553 0.6096 -0.09066956 0.07408553 0.6096 -0.05624397 0.07408554 0.6201654 -0.09066956 0.07408554 0.6201654 -0.05624397 0.07408554 0.6201654 -0.09066956 0.07408554 0.6201654 -0.05624397 0.09777413 0.6214752 -0.05624397 0.09777413 0.6214752 -0.09066956 0.22225 0.3756838 -0.04630886 0.22225 0.3756838 -0.01922445 0.2368917 0.3756838 -0.04636165 0.2368917 0.3756838 -0.01917167 0.2368917 0.3756838 -0.04636165 0.2368917 0.3756838 -0.01917167 0.2446577 0.3571188 -0.0417894 0.2446577 0.3571188 -0.02374392 0.2475002 0.3317586 -0.03950319 0.2475002 0.3317586 -0.02603013 0.2446577 0.3063983 -0.0417894 0.2446577 0.3063983 -0.02374392 0.2368918 0.2878333 -0.04636165 0.2368918 0.2878333 -0.01917167 0.22225 0.2878333 -0.04630886 0.22225 0.2878333 -0.01922445 0.22225 0.2417595 -0.01922445 0.22225 0.2417595 -0.04630886 0.22225 0.2878333 -0.04630886 0.22225 0.2878333 -0.01922445 0.2368918 0.2878333 -0.04636165 0.2368918 0.2878333 -0.01917167 0.22225 0.3756838 -0.04630886 0.22225 0.3756838 -0.01922445 0.22225 0.4217575 -0.01922445 0.22225 0.4217575 -0.04630886 0.2309401 0.2760909 -0.04630886 0.2309401 0.3874264 -0.04630886 0.2309401 0.3874264 -0.01922445 0.2309401 0.2760909 -0.01922445 0.243698 0.3830098 -0.04636165 0.243698 0.3830098 -0.01917167 0.2543015 0.3597626 -0.04178941 0.2543015 0.3597626 -0.02374392 0.2575002 0.3317586 -0.03950319 0.2574999 0.3317586 -0.02603013 0.2543015 0.3037545 -0.04178941 0.2543015 0.3037545 -0.02374392 0.243698 0.2805073 -0.04636165 0.243698 0.2805073 -0.01917167 0.2309401 0.2760909 -0.04630886 0.2309401 0.2760909 -0.01922445 0.23225 0.2417595 -0.01922445 0.23225 0.2417595 -0.04630886 0.2309401 0.3874264 -0.04630886 0.2309401 0.3874264 -0.01922445 0.23225 0.4217575 -0.01922445 0.23225 0.4217575 -0.04630886 0.22225 0.3756838 -0.01922445 0.22225 0.2878333 -0.01922445 0.2368917 0.3756838 -0.01917167 0.2446577 0.3571188 -0.02374392 0.2475002 0.3317586 -0.02603013 0.2446577 0.3063983 -0.02374392 0.2368918 0.2878333 -0.01917167 0.22225 0.4217575 -0.01922445 0.22225 0.2417595 -0.01922445 0.2309401 0.3874264 -0.01922445 0.2309401 0.2760909 -0.01922445 0.243698 0.3830098 -0.01917167 0.2543015 0.3597626 -0.02374392 0.2574999 0.3317586 -0.02603013 0.2543015 0.3037545 -0.02374392 0.243698 0.2805073 -0.01917167 0.23225 0.4217575 -0.01922445 0.23225 0.2417595 -0.01922445 0.22225 0.2878333 -0.04630886 0.22225 0.3756838 -0.04630886 0.2368917 0.3756838 -0.04636165 0.2446577 0.3571188 -0.0417894 0.2475002 0.3317586 -0.03950319 0.2446577 0.3063983 -0.0417894 0.2368918 0.2878333 -0.04636165 0.22225 0.4217575 -0.04630886 0.22225 0.2417595 -0.04630886 0.2309401 0.2760909 -0.04630886 0.2309401 0.3874264 -0.04630886 0.243698 0.3830098 -0.04636165 0.2543015 0.3597626 -0.04178941 0.2575002 0.3317586 -0.03950319 0.2543015 0.3037545 -0.04178941 0.243698 0.2805073 -0.04636165 0.23225 0.4217575 -0.04630886 0.23225 0.2417595 -0.04630886 0.2341252 0.4236193 -0.01555386 0.2295045 0.4354414 -0.02725509 0.2341252 0.4236193 -0.04997945 0.2295045 0.4354414 -0.03827823 0.22225 0.3999307 -0.04997945 0.22225 0.4236193 -0.04997945 0.2328154 0.3999307 -0.04997945 0.2341252 0.4236193 -0.04997945 0.22225 0.3999307 -0.01555386 0.22225 0.4236193 -0.01555386 0.2328154 0.3999307 -0.01555386 0.2341252 0.4236193 -0.01555386 0.22225 0.4236193 -0.01555386 0.22225 0.4354414 -0.02725508 0.2341252 0.4236193 -0.01555386 0.2295045 0.4354414 -0.02725509 0.22225 0.4354414 -0.02725508 0.22225 0.4354414 -0.03827823 0.2295045 0.4354414 -0.02725509 0.2295045 0.4354414 -0.03827823 0.22225 0.4236193 -0.04997945 0.22225 0.4354414 -0.03827823 0.2341252 0.4236193 -0.04997945 0.2295045 0.4354414 -0.03827823 0.22225 0.3999307 -0.04997945 0.22225 0.3999307 -0.01555386 0.2328154 0.3999307 -0.04997945 0.2328154 0.3999307 -0.01555386 0.2328154 0.3999307 -0.04997945 0.2328154 0.3999307 -0.01555386 0.2341252 0.4236193 -0.01555386 0.2341252 0.4236193 -0.04997945 0.2341252 0.2398977 -0.01555386 0.2295045 0.2280755 -0.02725509 0.2341252 0.2398977 -0.04997945 0.2295045 0.2280755 -0.03827823 0.22225 0.2635863 -0.04997945 0.22225 0.2398977 -0.04997945 0.2328154 0.2635863 -0.04997945 0.2341252 0.2398977 -0.04997945 0.22225 0.2635863 -0.01555386 0.22225 0.2398977 -0.01555386 0.2328154 0.2635863 -0.01555386 0.2341252 0.2398977 -0.01555386 0.22225 0.2398977 -0.01555386 0.22225 0.2280755 -0.02725508 0.2341252 0.2398977 -0.01555386 0.2295045 0.2280755 -0.02725509 0.22225 0.2280755 -0.02725508 0.22225 0.2280755 -0.03827823 0.2295045 0.2280755 -0.02725509 0.2295045 0.2280755 -0.03827823 0.22225 0.2398977 -0.04997945 0.22225 0.2280755 -0.03827823 0.2341252 0.2398977 -0.04997945 0.2295045 0.2280755 -0.03827823 0.22225 0.2635863 -0.04997945 0.22225 0.2635863 -0.01555386 0.2328154 0.2635863 -0.04997945 0.2328154 0.2635863 -0.01555386 0.2328154 0.2635863 -0.04997945 0.2328154 0.2635863 -0.01555386 0.2341252 0.2398977 -0.01555386 0.2341252 0.2398977 -0.04997945 0.2491797 0.5165353 -0.01266344 0.2491797 0.5165353 0.008031315 0.2287587 0.5165353 0.008031315 0.2436122 0.5165353 -0.01266344 0.2491797 0.5165353 0.0001642378 0.2436123 0.5165353 0.0001642383 0.2287588 0.5165353 0.0001642383 0.22225 0.4595357 0.008031315 0.22225 0.4595357 -0.02053051 0.2491797 0.4595357 0.008031315 0.2491797 0.4595357 -0.02053051 0.22225 0.5359496 -0.01266344 0.22225 0.5280825 -0.02053051 0.2491797 0.5280825 -0.02053051 0.2491797 0.5359496 -0.01266344 0.2491797 0.488396 0.008031315 0.2287588 0.488396 0.008031315 0.2436123 0.488396 -0.01266344 0.2491797 0.488396 -0.01266344 0.2436123 0.488396 0.0001642378 0.2287588 0.488396 0.0001642378 0.22225 0.4595357 0.008031315 0.22225 0.5280825 0.008031315 0.2491797 0.4595357 0.008031315 0.2491797 0.5280825 0.008031315 0.2491797 0.4954777 0.008031315 0.2491797 0.488396 0.008031315 0.2491797 0.5165353 0.008031315 0.2491797 0.5094536 0.008031315 0.2287588 0.488396 0.008031315 0.2287587 0.5094536 0.008031315 0.2287587 0.5165353 0.008031315 0.2287587 0.4954777 0.008031315 0.22225 0.4595357 -0.02053051 0.22225 0.5280825 -0.02053051 0.2491797 0.4595357 -0.02053051 0.2491797 0.5280825 -0.02053051 0.2491797 0.4595357 0.008031315 0.2491797 0.5359496 0.0001642378 0.2491797 0.5280825 0.008031315 0.2491797 0.4595357 -0.02053051 0.2491797 0.5280825 -0.02053051 0.2491797 0.5359496 -0.01266344 0.2491797 0.4954777 -0.01266344 0.2491797 0.5094536 -0.01266344 0.2491797 0.5165353 -0.01266344 0.2491797 0.4954777 0.008031315 0.2491797 0.488396 0.008031315 0.2491797 0.5165353 0.008031315 0.2491797 0.5094536 0.008031315 0.2491797 0.5165353 0.0001642378 0.2491797 0.488396 -0.01266344 0.2436122 0.5094536 -0.01266344 0.2436122 0.5165353 -0.01266344 0.2436123 0.5094536 0.0001642378 0.2436123 0.5165353 0.0001642383 0.2491797 0.4954777 -0.01266344 0.2436123 0.488396 -0.01266344 0.2436123 0.4954777 -0.01266344 0.2491797 0.488396 -0.01266344 0.2491797 0.5094536 -0.01266344 0.2491797 0.5165353 -0.01266344 0.2436122 0.5094536 -0.01266344 0.2436122 0.5165353 -0.01266344 0.22225 0.5359496 0.0001642378 0.22225 0.5359496 -0.01266344 0.2491797 0.5359496 0.0001642378 0.2491797 0.5359496 -0.01266344 0.22225 0.5280825 0.008031315 0.22225 0.5359496 0.0001642378 0.2491797 0.5359496 0.0001642378 0.2491797 0.5280825 0.008031315 0.2491797 0.5094536 -0.01266344 0.2491797 0.5094536 0.008031315 0.2287587 0.5094536 0.008031315 0.2436122 0.5094536 -0.01266344 0.2436123 0.5094536 0.0001642378 0.2287588 0.5094536 0.0001642378 0.2436123 0.5094536 0.0001642378 0.2436123 0.5165353 0.0001642383 0.2287588 0.5094536 0.0001642378 0.2287588 0.5165353 0.0001642383 0.2287587 0.5094536 0.008031315 0.2287587 0.5165353 0.008031315 0.2287588 0.5094536 0.0001642378 0.2287588 0.5165353 0.0001642383 0.2456698 0.4739659 -0.01518487 0.2526897 0.4739659 -0.01518487 0.2456698 0.4662277 -0.01071723 0.2526897 0.4662277 -0.01071723 0.2456698 0.4662277 -0.01071723 0.2526897 0.4662277 -0.01071723 0.2456698 0.4662277 -0.001781967 0.2526897 0.4662277 -0.001781967 0.2456698 0.4662277 -0.001781967 0.2526897 0.4662277 -0.001781967 0.2456698 0.4739659 0.002685665 0.2526897 0.4739659 0.002685665 0.2456698 0.4739659 0.002685665 0.2526897 0.4739659 0.002685665 0.2456698 0.4817041 -0.001781969 0.2526897 0.4817041 -0.001781969 0.2526897 0.4739659 -0.01518487 0.2526897 0.4662277 -0.01071723 0.2526897 0.4662277 -0.001781967 0.2526897 0.4739659 0.002685665 0.2526897 0.4817041 -0.001781969 0.2526897 0.4817041 -0.01071723 0.2456698 0.4817041 -0.001781969 0.2526897 0.4817041 -0.001781969 0.2456698 0.4817041 -0.01071723 0.2526897 0.4817041 -0.01071723 0.2456698 0.4739659 -0.01518487 0.2526897 0.4739659 -0.01518487 0.2456698 0.4817041 -0.01071723 0.2526897 0.4817041 -0.01071723 0.1965625 0.0649109 -0.1492651 0.2069455 0.06922152 -0.1492576 0.198534 0.05499971 -0.1446109 0.1804996 0.06496163 -0.1492786 0.1804996 0.05501237 -0.1446109 0.1804996 0.0941081 -0.1493419 0.2112054 0.0941081 -0.1492786 0.2211546 0.0941081 -0.1449546 0.2112561 0.07960449 -0.1492651 0.2211673 0.077633 -0.1446109 0.2144484 0.06171855 -0.1446109 0.1804996 0.06496163 -0.1492786 0.1804996 0.05501237 -0.1446109 0.1804996 0.0941081 -0.1493419 0.1804996 0.06560379 -0.14605 0.1804996 0.05733999 -0.142627 0.1804996 0.0941081 -0.14605 0.1804996 0.05391701 -0.1057178 0.1804996 0.05062515 -0.1057178 0.1804996 0.02657172 -0.1057178 0.1804996 0.02657172 -0.117914 0.1804996 0.05062515 -0.117914 0.1804996 0.05068844 -0.1343632 0.1804996 0.05391701 -0.117914 0.1804996 0.05391701 -0.1343632 0.1804996 0.02657172 -0.1350054 0.1804996 0.02657172 -0.1446109 0.1804996 0.0941081 -0.1493419 0.1804996 0.0941081 -0.14605 0.2105632 0.0941081 -0.14605 0.218827 0.0941081 -0.142627 0.2112054 0.0941081 -0.1492786 0.2211546 0.0941081 -0.1449546 0.2211673 0.077633 -0.1446109 0.2254173 0.07678757 -0.1343632 0.2449863 0.0594041 -0.1446109 0.2449863 0.0594041 -0.1342566 0.2449863 0.0594041 -0.1057178 0.2254786 0.07677541 -0.1057178 0.2211546 0.0941081 -0.1449546 0.2211673 0.077633 -0.1446109 0.2254173 0.07678757 -0.1343632 0.2254786 0.07677541 -0.1057178 0.2255418 0.0941081 -0.1057178 0.2254786 0.0941081 -0.1343632 0.2449863 0.04569013 -0.1446109 0.2243071 0.02671506 -0.1446109 0.2449863 0.04546056 -0.1341603 0.2246281 0.02642904 -0.1350417 0.198534 0.05499971 -0.1446109 0.1804996 0.05501237 -0.1446109 0.2211673 0.077633 -0.1446109 0.2144484 0.06171855 -0.1446109 0.2449863 0.0594041 -0.1446109 0.2449863 0.04569013 -0.1446109 0.2243071 0.02671506 -0.1446109 0.1804996 0.02657172 -0.1446109 0.2449863 0.04546056 -0.1341603 0.2206832 0.06030574 -0.1350197 0.2449863 0.04518173 -0.1179538 0.2207392 0.06027067 -0.117914 0.218827 0.0941081 -0.142627 0.2211546 0.0941081 -0.1449546 0.2255418 0.0941081 -0.1057178 0.22225 0.0941081 -0.1057178 0.22225 0.0941081 -0.1343632 0.2254786 0.0941081 -0.1343632 0.2449863 0.04546056 -0.1341603 0.2246281 0.02642904 -0.1350417 0.2206832 0.06030574 -0.1350197 0.1804996 0.05068844 -0.1343632 0.1993794 0.05074972 -0.1350013 0.1804996 0.02657172 -0.1350054 0.2449863 0.04518173 -0.1179538 0.2244567 0.02658268 -0.1176324 0.2449863 0.04534684 -0.1057178 0.2244791 0.02656088 -0.1057178 0.2449863 0.04534684 -0.1057178 0.2449863 0.0594041 -0.1057178 0.2254786 0.07677541 -0.1057178 0.2255418 0.0941081 -0.1057178 0.22225 0.07741757 -0.1057178 0.2153668 0.06080016 -0.1057178 0.22225 0.0941081 -0.1057178 0.1987494 0.05391701 -0.1057178 0.1804996 0.05391701 -0.1057178 0.1804996 0.05062515 -0.1057178 0.2244791 0.02656088 -0.1057178 0.1804996 0.02657172 -0.1057178 0.2449863 0.0594041 -0.1446109 0.2449863 0.0594041 -0.1342566 0.2449863 0.04569013 -0.1446109 0.2449863 0.04546056 -0.1341603 0.2449863 0.04518173 -0.1179538 0.2449863 0.04534684 -0.1057178 0.2449863 0.0594041 -0.1057178 0.2244567 0.02658268 -0.1176324 0.2244791 0.02656088 -0.1057178 0.1804996 0.02657172 -0.1057178 0.1804996 0.02657172 -0.117914 0.1804996 0.05062515 -0.117914 0.1804996 0.05068844 -0.1343632 0.1993916 0.05068844 -0.117914 0.1993794 0.05074972 -0.1350013 0.2206832 0.06030574 -0.1350197 0.2207392 0.06027067 -0.117914 0.1993916 0.05068844 -0.117914 0.1993794 0.05074972 -0.1350013 0.2243071 0.02671506 -0.1446109 0.2246281 0.02642904 -0.1350417 0.1804996 0.02657172 -0.1350054 0.1804996 0.02657172 -0.1446109 0.2148913 0.04605334 -0.1342437 0.2148913 0.04605334 -0.1342437 0.2148913 0.0508 -0.1308933 0.2002872 0.04000412 -0.1342437 0.2002872 0.04000412 -0.1342437 0.2294955 0.04000412 -0.1342437 0.2294955 0.04000412 -0.1342437 0.2328518 0.04336051 -0.1308933 0.2355447 0.0254 -0.1342437 0.2355447 0.0254 -0.1342437 0.2402913 0.0254 -0.1308933 0.2294954 0.01079588 -0.1342437 0.2294954 0.01079588 -0.1342437 0.2328518 0.007439489 -0.1308933 0.2148913 0.004746659 -0.1342437 0.2148913 1.862645e-09 -0.1308933 0.2002872 0.01079588 -0.1342437 0.2002872 0.01079588 -0.1342437 0.1969308 0.00743949 -0.1308933 0.1969308 0.00743949 -0.1308933 0.194238 0.0254 -0.1342437 0.194238 0.0254 -0.1342437 0.1894913 0.0254 -0.1308933 0.1969308 0.04336051 -0.1308933 0.1894913 0.0254 -0.1215409 0.194238 0.0254 -0.1181905 0.194238 0.0254 -0.1181905 0.1969308 0.04336051 -0.1215409 0.1969308 0.00743949 -0.1215409 0.1969308 0.00743949 -0.1215409 0.2002872 0.01079588 -0.1181905 0.2002872 0.01079588 -0.1181905 0.2148913 1.862645e-09 -0.1215409 0.2148913 0.004746659 -0.1181905 0.2328518 0.007439489 -0.1215409 0.2294954 0.01079588 -0.1181905 0.2294954 0.01079588 -0.1181905 0.2402913 0.0254 -0.1215409 0.2355447 0.0254 -0.1181905 0.2355447 0.0254 -0.1181905 0.2328518 0.04336051 -0.1215409 0.2294954 0.04000412 -0.1181905 0.2294954 0.04000412 -0.1181905 0.2148913 0.0508 -0.1215409 0.2148913 0.04605334 -0.1181905 0.2148913 0.04605334 -0.1181905 0.2002872 0.04000412 -0.1181905 0.2002872 0.04000412 -0.1181905 -0.1965625 0.0649109 -0.1492651 -0.2069455 0.06922152 -0.1492576 -0.198534 0.05499971 -0.1446109 -0.1804996 0.06496163 -0.1492786 -0.1804996 0.05501237 -0.1446109 -0.1804996 0.0941081 -0.1493419 -0.2112054 0.0941081 -0.1492786 -0.2211546 0.0941081 -0.1449546 -0.2112561 0.07960449 -0.1492651 -0.2211673 0.077633 -0.1446109 -0.2144484 0.06171855 -0.1446109 -0.1804996 0.06496163 -0.1492786 -0.1804996 0.05501237 -0.1446109 -0.1804996 0.0941081 -0.1493419 -0.1804996 0.06560379 -0.14605 -0.1804996 0.05733999 -0.142627 -0.1804996 0.0941081 -0.14605 -0.1804996 0.05391701 -0.1057178 -0.1804996 0.05062515 -0.1057178 -0.1804996 0.02657172 -0.1057178 -0.1804996 0.02657172 -0.117914 -0.1804996 0.05062515 -0.117914 -0.1804996 0.05068844 -0.1343632 -0.1804996 0.05391701 -0.117914 -0.1804996 0.05391701 -0.1343632 -0.1804996 0.02657172 -0.1350054 -0.1804996 0.02657172 -0.1446109 -0.1804996 0.0941081 -0.1493419 -0.1804996 0.0941081 -0.14605 -0.2105632 0.0941081 -0.14605 -0.218827 0.0941081 -0.142627 -0.2112054 0.0941081 -0.1492786 -0.2211546 0.0941081 -0.1449546 -0.198534 0.05499971 -0.1446109 -0.1804996 0.05501237 -0.1446109 -0.2211673 0.077633 -0.1446109 -0.2144484 0.06171855 -0.1446109 -0.2449863 0.0594041 -0.1446109 -0.2449863 0.04569013 -0.1446109 -0.2243071 0.02671506 -0.1446109 -0.1804996 0.02657172 -0.1446109 -0.2211673 0.077633 -0.1446109 -0.2254173 0.07678757 -0.1343632 -0.2449863 0.0594041 -0.1446109 -0.2449863 0.0594041 -0.1342566 -0.2449863 0.0594041 -0.1057178 -0.2254786 0.07677541 -0.1057178 -0.2211546 0.0941081 -0.1449546 -0.2211673 0.077633 -0.1446109 -0.2254173 0.07678757 -0.1343632 -0.2254786 0.07677541 -0.1057178 -0.2255418 0.0941081 -0.1057178 -0.2254786 0.0941081 -0.1343632 -0.218827 0.0941081 -0.142627 -0.2211546 0.0941081 -0.1449546 -0.2255418 0.0941081 -0.1057178 -0.22225 0.0941081 -0.1057178 -0.22225 0.0941081 -0.1343632 -0.2254786 0.0941081 -0.1343632 -0.2449863 0.04569013 -0.1446109 -0.2243071 0.02671506 -0.1446109 -0.2449863 0.04546056 -0.1341603 -0.2246281 0.02642904 -0.1350417 -0.2449863 0.04546056 -0.1341603 -0.2246281 0.02642904 -0.1350417 -0.2206832 0.06030574 -0.1350197 -0.1804996 0.05068844 -0.1343632 -0.1993794 0.05074972 -0.1350013 -0.1804996 0.02657172 -0.1350054 -0.2449863 0.04546056 -0.1341603 -0.2206832 0.06030574 -0.1350197 -0.2449863 0.04518173 -0.1179538 -0.2207392 0.06027067 -0.117914 -0.2449863 0.0594041 -0.1446109 -0.2449863 0.0594041 -0.1342566 -0.2449863 0.04569013 -0.1446109 -0.2449863 0.04546056 -0.1341603 -0.2449863 0.04518173 -0.1179538 -0.2449863 0.04534684 -0.1057178 -0.2449863 0.0594041 -0.1057178 -0.2449863 0.04518173 -0.1179538 -0.2244567 0.02658268 -0.1176324 -0.2207392 0.06027067 -0.117914 -0.1804996 0.02657172 -0.117914 -0.1804996 0.05062515 -0.117914 -0.1993916 0.05068844 -0.117914 -0.2449863 0.04518173 -0.1179538 -0.2244567 0.02658268 -0.1176324 -0.2449863 0.04534684 -0.1057178 -0.2244791 0.02656088 -0.1057178 -0.2449863 0.04534684 -0.1057178 -0.2449863 0.0594041 -0.1057178 -0.2254786 0.07677541 -0.1057178 -0.2255418 0.0941081 -0.1057178 -0.22225 0.07741757 -0.1057178 -0.2153668 0.06080016 -0.1057178 -0.22225 0.0941081 -0.1057178 -0.1987494 0.05391701 -0.1057178 -0.1804996 0.05391701 -0.1057178 -0.1804996 0.05062515 -0.1057178 -0.2244791 0.02656088 -0.1057178 -0.1804996 0.02657172 -0.1057178 -0.2244567 0.02658268 -0.1176324 -0.2244791 0.02656088 -0.1057178 -0.1804996 0.02657172 -0.1057178 -0.1804996 0.02657172 -0.117914 -0.1804996 0.05062515 -0.117914 -0.1804996 0.05068844 -0.1343632 -0.1993916 0.05068844 -0.117914 -0.1993794 0.05074972 -0.1350013 -0.2206832 0.06030574 -0.1350197 -0.2207392 0.06027067 -0.117914 -0.1993916 0.05068844 -0.117914 -0.1993794 0.05074972 -0.1350013 -0.2243071 0.02671506 -0.1446109 -0.2246281 0.02642904 -0.1350417 -0.1804996 0.02657172 -0.1350054 -0.1804996 0.02657172 -0.1446109 -0.2148913 0.04605334 -0.1342437 -0.2148913 0.04605334 -0.1342437 -0.2148913 0.0508 -0.1308933 -0.2002872 0.04000412 -0.1342437 -0.2002872 0.04000412 -0.1342437 -0.2294954 0.04000412 -0.1342437 -0.2294954 0.04000412 -0.1342437 -0.2328518 0.04336051 -0.1308933 -0.2355447 0.0254 -0.1342437 -0.2355447 0.0254 -0.1342437 -0.2402913 0.0254 -0.1308933 -0.2294954 0.01079588 -0.1342437 -0.2294954 0.01079588 -0.1342437 -0.2328518 0.007439489 -0.1308933 -0.2148913 0.004746659 -0.1342437 -0.2148913 1.862645e-09 -0.1308933 -0.2002872 0.01079588 -0.1342437 -0.2002872 0.01079588 -0.1342437 -0.1969308 0.00743949 -0.1308933 -0.1969308 0.00743949 -0.1308933 -0.194238 0.0254 -0.1342437 -0.194238 0.0254 -0.1342437 -0.1894913 0.0254 -0.1308933 -0.1969308 0.04336051 -0.1308933 -0.1894913 0.0254 -0.1215409 -0.194238 0.0254 -0.1181905 -0.194238 0.0254 -0.1181905 -0.1969308 0.04336051 -0.1215409 -0.1969308 0.00743949 -0.1215409 -0.1969308 0.00743949 -0.1215409 -0.2002872 0.01079588 -0.1181905 -0.2002872 0.01079588 -0.1181905 -0.2148913 1.862645e-09 -0.1215409 -0.2148913 0.004746659 -0.1181905 -0.2328518 0.007439489 -0.1215409 -0.2294954 0.01079588 -0.1181905 -0.2294954 0.01079588 -0.1181905 -0.2402913 0.0254 -0.1215409 -0.2355447 0.0254 -0.1181905 -0.2355447 0.0254 -0.1181905 -0.2328518 0.04336051 -0.1215409 -0.2294954 0.04000412 -0.1181905 -0.2294954 0.04000412 -0.1181905 -0.2148913 0.0508 -0.1215409 -0.2148913 0.04605334 -0.1181905 -0.2148913 0.04605334 -0.1181905 -0.2002872 0.04000412 -0.1181905 -0.2002872 0.04000412 -0.1181905 0.2436123 0.488396 -0.01266344 0.2436123 0.4954777 -0.01266344 0.2436123 0.488396 0.0001642378 0.2436123 0.4954777 0.0001642383 0.2491797 0.4954777 -0.01266344 0.2491797 0.4954777 0.008031315 0.2436123 0.4954777 -0.01266344 0.2287587 0.4954777 0.008031315 0.2436123 0.4954777 0.0001642383 0.2287588 0.4954777 0.0001642383 0.2436123 0.488396 0.0001642378 0.2436123 0.4954777 0.0001642383 0.2287588 0.488396 0.0001642378 0.2287588 0.4954777 0.0001642383 0.2287588 0.488396 0.008031315 0.2287587 0.4954777 0.008031315 0.2287588 0.488396 0.0001642378 0.2287588 0.4954777 0.0001642383 0.2449863 0.04518173 -0.1179538 0.2244567 0.02658268 -0.1176324 0.2207392 0.06027067 -0.117914 0.1804996 0.02657172 -0.117914 0.1804996 0.05062515 -0.117914 0.1993916 0.05068844 -0.117914 -0.1980686 0.606177 0.142627 -0.1980686 0.606177 0.142627 -0.1987494 0.6096 0.1343632 -0.1987494 0.6096 0.1343632 -0.1964248 0.5979132 0.14605 -0.212747 0.06342 0.142627 -0.2153668 0.06080016 0.1343632 -0.2064222 0.06974483 0.14605 -0.1980685 0.05734 0.142627 -0.1980685 0.05734 0.142627 -0.1987494 0.05391702 0.1343632 -0.1987494 0.05391702 0.1343632 -0.1964248 0.06560379 0.14605 -0.218827 0.07809845 0.142627 -0.218827 0.07809845 0.142627 -0.22225 0.07741755 0.1343632 -0.22225 0.07741755 0.1343632 -0.2105632 0.07974222 0.14605 -0.2105632 0.5837748 0.14605 -0.22225 0.5860994 0.1343632 -0.22225 0.5860994 0.1343632 -0.218827 0.5854186 0.142627 -0.218827 0.5854186 0.142627 -0.2064222 0.5937722 0.14605 -0.2153668 0.6027169 0.1343632 -0.212747 0.6000971 0.142627 0.1964248 0.06560379 0.14605 0.1987494 0.05391702 0.1343632 0.1987494 0.05391702 0.1343632 0.1980686 0.05734 0.142627 0.1980686 0.05734 0.142627 0.2105632 0.07974222 0.14605 0.22225 0.07741755 0.1343632 0.22225 0.07741755 0.1343632 0.218827 0.07809845 0.142627 0.218827 0.07809845 0.142627 0.2064222 0.06974483 0.14605 0.2153668 0.06080016 0.1343632 0.212747 0.06342 0.142627 0.2105632 0.5837748 0.14605 0.22225 0.5860994 0.1343632 0.22225 0.5860994 0.1343632 0.218827 0.5854186 0.142627 0.218827 0.5854186 0.142627 0.1964248 0.5979132 0.14605 0.1987494 0.6096 0.1343632 0.1987494 0.6096 0.1343632 0.1980686 0.606177 0.142627 0.1980686 0.606177 0.142627 0.2064222 0.5937722 0.14605 0.2153668 0.6027169 0.1343632 0.212747 0.6000971 0.142627 -0.2153668 0.6027169 0.0365125 -0.2153668 0.6027169 0.0365125 -0.2153668 0.6027169 0.0365125 -0.1987494 0.6096 0.0365125 -0.1987494 0.6096 0.0365125 -0.1987494 0.6096 0.0365125 -0.22225 0.5860994 0.0365125 -0.22225 0.5860994 0.0365125 -0.22225 0.5860994 0.0365125 0.22225 0.07741755 0.0365125 0.22225 0.07741755 0.0365125 0.22225 0.07741755 0.0365125 0.2153668 0.06080016 0.0365125 0.2153668 0.06080016 0.0365125 0.2153668 0.06080016 0.0365125 0.1987494 0.05391702 0.0365125 0.1987494 0.05391702 0.0365125 0.1987494 0.05391702 0.0365125 0.2153668 0.6027169 0.0365125 0.2153668 0.6027169 0.0365125 0.2153668 0.6027169 0.0365125 0.1987494 0.6096 0.0365125 0.1987494 0.6096 0.0365125 0.1987494 0.6096 0.0365125 -0.2153668 0.06080016 0.0365125 -0.2153668 0.06080016 0.0365125 -0.2153668 0.06080016 0.0365125 -0.1987494 0.05391702 0.0365125 -0.1987494 0.05391702 0.0365125 -0.1987494 0.05391702 0.0365125 -0.22225 0.07741755 0.0365125 -0.22225 0.07741755 0.0365125 -0.22225 0.07741755 0.0365125 0.22225 0.5860994 0.0365125 0.22225 0.5860994 0.0365125 0.22225 0.5860994 0.0365125 0.1964248 0.5837748 0.14605 0.1964248 0.07974222 0.14605 -0.1964248 0.07974222 0.14605 -0.1964248 0.5837748 0.14605 -0.2094649 0.06670207 0.1382938 -0.2094649 0.06670207 0.1382938 -0.2094649 0.06670207 0.1382938 -0.2094649 0.596815 0.1382938 -0.2094649 0.596815 0.1382938 -0.2094649 0.596815 0.1382938 0.2094649 0.06670207 0.1382938 0.2094649 0.06670207 0.1382938 0.2094649 0.06670207 0.1382938 0.2094649 0.596815 0.1382938 0.2094649 0.596815 0.1382938 0.2094649 0.596815 0.1382938 -0.2094649 0.596815 0.0365125 -0.2094649 0.596815 0.0365125 -0.2094649 0.596815 0.0365125 -0.2094649 0.596815 0.0365125 0.2094649 0.06670207 0.0365125 0.2094649 0.06670207 0.0365125 0.2094649 0.06670207 0.0365125 0.2094649 0.06670207 0.0365125 -0.209465 0.06670207 0.0365125 -0.209465 0.06670207 0.0365125 -0.209465 0.06670207 0.0365125 -0.209465 0.06670207 0.0365125 0.2094649 0.596815 0.0365125 0.2094649 0.596815 0.0365125 0.2094649 0.596815 0.0365125 0.2094649 0.596815 0.0365125 0.2347058 0.07494012 0.0365125 0.2347058 0.07494012 0.0365125 0.2347058 0.5885769 0.0365125 0.2347058 0.5885769 0.0365125 0.2012269 0.0414612 0.0365125 0.2012269 0.0414612 0.0365125 0.2243468 0.05182019 0.0365125 0.2243468 0.05182019 0.0365125 -0.2243468 0.6116968 0.0365125 -0.2243468 0.6116968 0.0365125 -0.2347058 0.07494012 0.0365125 -0.2347058 0.07494012 0.0365125 -0.2347058 0.5885769 0.0365125 -0.2347058 0.5885769 0.0365125 -0.2347058 0.5885769 0.0365125 -0.2347058 0.5885769 0.0365125 -0.2012269 0.0414612 0.0365125 -0.2012269 0.0414612 0.0365125 -0.2243468 0.05182019 0.0365125 -0.2243468 0.05182019 0.0365125 -0.2012269 0.6220558 0.0365125 -0.2012269 0.6220558 0.0365125 0.2012269 0.6220558 0.0365125 0.2012269 0.6220558 0.0365125 0.2243468 0.6116968 0.0365125 0.2243468 0.6116968 0.0365125 0.2243468 0.6116968 0.04479809 0.2243468 0.6116968 0.04479809 0.2012269 0.6220558 0.04479809 0.2012269 0.6220558 0.04479809 -0.2347058 0.07494012 0.04479809 -0.2347058 0.07494012 0.04479809 0.2012269 0.0414612 0.04479809 0.2012269 0.0414612 0.04479809 0.2347058 0.07494012 0.04479809 0.2347058 0.07494012 0.04479809 -0.2012269 0.6220558 0.04479809 -0.2012269 0.6220558 0.04479809 -0.2347058 0.5885769 0.04479809 -0.2347058 0.5885769 0.04479809 -0.2347058 0.5885769 0.04479809 -0.2347058 0.5885769 0.04479809 -0.2243468 0.6116968 0.04479809 -0.2243468 0.6116968 0.04479809 0.2243468 0.05182019 0.04479809 0.2243468 0.05182019 0.04479809 -0.2012269 0.0414612 0.04479809 -0.2012269 0.0414612 0.04479809 -0.2243468 0.05182019 0.04479809 -0.2243468 0.05182019 0.04479809 0.2347058 0.5885769 0.04479809 0.2347058 0.5885769 0.04479809 0.22225 0.07741755 0.0365125 0.22225 0.5860994 0.0365125 0.1987494 0.05391702 0.0365125 0.2153668 0.06080016 0.0365125 -0.2153668 0.6027169 0.0365125 -0.22225 0.07741755 0.0365125 -0.22225 0.5860994 0.0365125 -0.22225 0.5860994 0.0365125 -0.1987494 0.05391702 0.0365125 -0.2153668 0.06080016 0.0365125 -0.1987494 0.6096 0.0365125 0.1987494 0.6096 0.0365125 0.2153668 0.6027169 0.0365125 0.2153668 0.6027169 0.04479809 0.1987494 0.6096 0.04479809 -0.22225 0.07741755 0.04479809 0.1987494 0.05391702 0.04479809 0.22225 0.07741755 0.04479809 -0.1987494 0.6096 0.04479809 -0.22225 0.5860994 0.04479809 -0.22225 0.5860994 0.04479809 -0.2153668 0.6027169 0.04479809 0.2153668 0.06080016 0.04479809 -0.1987494 0.05391702 0.04479809 -0.2153668 0.06080016 0.04479809 0.22225 0.5860994 0.04479809 -0.2357632 0.5083944 0.03651251 -0.2357632 0.5083944 0.03651251 -0.2357632 0.5083944 0.03651251 -0.2357632 0.5083944 0.04705813 -0.2357632 0.5083944 0.04705813 -0.2357632 0.5083944 0.04705813 -0.22225 0.1551227 0.04705813 -0.22225 0.1551227 0.04705813 -0.22225 0.1551227 0.03651251 -0.22225 0.1551227 0.03651251 -0.22225 0.5083944 0.04705813 -0.22225 0.5083944 0.04705813 -0.22225 0.5083944 0.03651251 -0.22225 0.5083944 0.03651251 -0.2357632 0.1551227 0.04705813 -0.2357632 0.1551227 0.04705813 -0.2357632 0.1551227 0.04705813 -0.2357632 0.1551227 0.03651251 -0.2357632 0.1551227 0.03651251 -0.2357632 0.1551227 0.03651251 0.1965625 0.06491089 0.1492651 0.1993794 0.05074972 0.1350013 0.1993794 0.05074972 0.1350013 0.1993794 0.05074972 0.1350013 0.198534 0.05499971 0.1446109 0.198534 0.05499971 0.1446109 0.2112561 0.07960451 0.1492651 0.2254173 0.07678756 0.1343632 0.2254173 0.07678756 0.1343632 0.2211673 0.07763299 0.1446109 0.2211673 0.07763299 0.1446109 0.2211673 0.07763299 0.1446109 0.2211673 0.07763299 0.1446109 0.2069455 0.06922153 0.1492576 0.2206832 0.06030574 0.1350198 0.2206832 0.06030574 0.1350198 0.2206832 0.06030574 0.1350198 0.2144484 0.06171855 0.1446109 0.2144484 0.06171855 0.1446109 0.1993916 0.05068845 0.117914 0.1993916 0.05068845 0.117914 0.1993916 0.05068845 0.117914 0.2207392 0.06027067 0.117914 0.2207392 0.06027067 0.117914 0.2207392 0.06027067 0.117914 0.2112054 0.0941081 0.1492786 0.2112054 0.0941081 0.1492786 0.2254786 0.0941081 0.1343632 0.2254786 0.0941081 0.1343632 0.2211546 0.0941081 0.1449546 0.2211546 0.0941081 0.1449546 0.2211546 0.0941081 0.1449546 0.2211546 0.0941081 0.1449546 0.1804996 0.06496161 0.1492786 0.1804996 0.06496161 0.1492786 0.1804996 0.05068845 0.1343632 0.1804996 0.05068845 0.1343632 0.1804996 0.05068845 0.1343632 0.1804996 0.05501238 0.1446109 0.1804996 0.05501238 0.1446109 0.1804996 0.05501238 0.1446109 0.1804996 0.05062515 0.117914 0.1804996 0.05062515 0.117914 0.1804996 0.05062515 0.117914 0.1804996 0.0941081 0.1493419 0.1804996 0.0941081 0.1493419 0.1804996 0.0941081 0.1493419 0.2105632 0.0941081 0.14605 0.22225 0.0941081 0.1343632 0.218827 0.0941081 0.142627 0.218827 0.0941081 0.142627 0.1804996 0.06560379 0.14605 0.1804996 0.05391702 0.1343632 0.1804996 0.05734 0.142627 0.1804996 0.05391702 0.117914 0.1804996 0.0941081 0.14605 0.1804996 0.0941081 0.14605 0.2254786 0.0767754 0.1057178 0.2254786 0.0767754 0.1057178 0.2254786 0.0767754 0.1057178 0.2255418 0.0941081 0.1057178 0.2255418 0.0941081 0.1057178 0.2255418 0.0941081 0.1057178 0.1804996 0.05062515 0.1057178 0.1804996 0.05062515 0.1057178 0.1987494 0.05391702 0.1057178 0.2153668 0.06080016 0.1057178 0.22225 0.07741755 0.1057178 0.22225 0.0941081 0.1057178 0.22225 0.0941081 0.1057178 0.1804996 0.05391702 0.1057178 0.1804996 0.05391702 0.1057178 0.2243071 0.02671507 0.1446109 0.2243071 0.02671507 0.1446109 0.2243071 0.02671507 0.1446109 0.2449863 0.04569012 0.1446109 0.2449863 0.04569012 0.1446109 0.2449863 0.04569012 0.1446109 0.2449863 0.04546055 0.1341603 0.2449863 0.04546055 0.1341603 0.2449863 0.04546055 0.1341603 0.2449863 0.04546055 0.1341603 0.2246281 0.02642903 0.1350417 0.2246281 0.02642903 0.1350417 0.2246281 0.02642903 0.1350417 0.2244567 0.02658269 0.1176324 0.2244567 0.02658269 0.1176324 0.2244567 0.02658269 0.1176324 0.2449863 0.04518172 0.1179538 0.2449863 0.04518172 0.1179538 0.2449863 0.04518172 0.1179538 0.2449863 0.04518172 0.1179538 0.1804996 0.02657172 0.1446109 0.1804996 0.02657172 0.1446109 0.1804996 0.02657172 0.1446109 0.1804996 0.02657172 0.1350054 0.1804996 0.02657172 0.1350054 0.1804996 0.02657172 0.1350054 0.1804996 0.02657172 0.117914 0.1804996 0.02657172 0.117914 0.1804996 0.02657172 0.117914 0.2244791 0.02656087 0.1057178 0.2244791 0.02656087 0.1057178 0.2244791 0.02656087 0.1057178 0.1804996 0.02657172 0.1057178 0.1804996 0.02657172 0.1057178 0.1804996 0.02657172 0.1057178 0.2449863 0.04534686 0.1057178 0.2449863 0.04534686 0.1057178 0.2449863 0.04534686 0.1057178 0.2449863 0.0594041 0.1446109 0.2449863 0.0594041 0.1446109 0.2449863 0.0594041 0.1446109 0.2449863 0.0594041 0.1342566 0.2449863 0.0594041 0.1342566 0.2449863 0.0594041 0.1057178 0.2449863 0.0594041 0.1057178 0.2449863 0.0594041 0.1057178 0.2148913 0.04605335 0.1342437 0.2148913 0.04605335 0.1342437 0.2148913 0.0508 0.1308933 0.2148913 0.04605335 0.1181905 0.2148913 0.04605335 0.1181905 0.2148913 0.0508 0.1215409 0.2002872 0.04000413 0.1342437 0.2002872 0.04000413 0.1342437 0.1969308 0.0433605 0.1308933 0.2002872 0.04000413 0.1181905 0.2002872 0.04000413 0.1181905 0.1969308 0.0433605 0.1215409 0.194238 0.02540001 0.1342437 0.194238 0.02540001 0.1342437 0.1894913 0.02540001 0.1308933 0.194238 0.02540001 0.1181905 0.194238 0.02540001 0.1181905 0.1894913 0.02540001 0.1215409 0.2002872 0.01079589 0.1342437 0.2002872 0.01079589 0.1342437 0.1969308 0.007439494 0.1308933 0.1969308 0.007439494 0.1308933 0.2002872 0.01079589 0.1181905 0.2002872 0.01079589 0.1181905 0.1969308 0.007439494 0.1215409 0.1969308 0.007439494 0.1215409 0.2148913 0.004746646 0.1342437 0.2148913 0 0.1308933 0.2148913 0.004746646 0.1181905 0.2148913 0 0.1215409 0.2294954 0.01079589 0.1342437 0.2294954 0.01079589 0.1342437 0.2328518 0.007439494 0.1308933 0.2294954 0.01079589 0.1181905 0.2294954 0.01079589 0.1181905 0.2328518 0.007439494 0.1215409 0.2355447 0.02540001 0.1342437 0.2355447 0.02540001 0.1342437 0.2402913 0.02540001 0.1308933 0.2355447 0.02540001 0.1181905 0.2355447 0.02540001 0.1181905 0.2402913 0.02540001 0.1215409 0.2294954 0.0400041 0.1342437 0.2294954 0.0400041 0.1342437 0.2328518 0.0433605 0.1308933 0.2294954 0.0400041 0.1181905 0.2294954 0.0400041 0.1181905 0.2328518 0.0433605 0.1215409 -0.1965625 0.06491089 0.1492651 -0.2069455 0.06922153 0.1492576 -0.198534 0.05499971 0.1446109 -0.198534 0.05499971 0.1446109 -0.1804996 0.06496161 0.1492786 -0.1804996 0.06496161 0.1492786 -0.1804996 0.05501238 0.1446109 -0.1804996 0.05501238 0.1446109 -0.1804996 0.05501238 0.1446109 -0.1804996 0.0941081 0.1493419 -0.1804996 0.0941081 0.1493419 -0.1804996 0.0941081 0.1493419 -0.1804996 0.06560379 0.14605 -0.1804996 0.05734 0.142627 -0.1804996 0.0941081 0.14605 -0.1804996 0.0941081 0.14605 -0.2105632 0.0941081 0.14605 -0.218827 0.0941081 0.142627 -0.218827 0.0941081 0.142627 -0.2112054 0.0941081 0.1492786 -0.2112054 0.0941081 0.1492786 -0.2211546 0.0941081 0.1449546 -0.2211546 0.0941081 0.1449546 -0.2211546 0.0941081 0.1449546 -0.2211546 0.0941081 0.1449546 -0.2112561 0.07960451 0.1492651 -0.2211673 0.07763299 0.1446109 -0.2211673 0.07763299 0.1446109 -0.2211673 0.07763299 0.1446109 -0.2211673 0.07763299 0.1446109 -0.2144484 0.06171855 0.1446109 -0.2144484 0.06171855 0.1446109 -0.2254173 0.07678756 0.1343632 -0.2254173 0.07678756 0.1343632 -0.2449863 0.0594041 0.1446109 -0.2449863 0.0594041 0.1446109 -0.2449863 0.0594041 0.1446109 -0.2449863 0.0594041 0.1342566 -0.2449863 0.0594041 0.1342566 -0.2449863 0.04569012 0.1446109 -0.2449863 0.04569012 0.1446109 -0.2449863 0.04569012 0.1446109 -0.2243071 0.02671507 0.1446109 -0.2243071 0.02671507 0.1446109 -0.2243071 0.02671507 0.1446109 -0.2449863 0.04546055 0.1341603 -0.2449863 0.04546055 0.1341603 -0.2449863 0.04546055 0.1341603 -0.2449863 0.04546055 0.1341603 -0.2246281 0.02642903 0.1350417 -0.2246281 0.02642903 0.1350417 -0.2246281 0.02642903 0.1350417 -0.2206832 0.06030574 0.1350198 -0.2206832 0.06030574 0.1350198 -0.2206832 0.06030574 0.1350198 -0.2449863 0.04518172 0.1179538 -0.2449863 0.04518172 0.1179538 -0.2449863 0.04518172 0.1179538 -0.2449863 0.04518172 0.1179538 -0.2244567 0.02658269 0.1176324 -0.2244567 0.02658269 0.1176324 -0.2244567 0.02658269 0.1176324 -0.2449863 0.04534686 0.1057178 -0.2449863 0.04534686 0.1057178 -0.2449863 0.04534686 0.1057178 -0.2207392 0.06027067 0.117914 -0.2207392 0.06027067 0.117914 -0.2207392 0.06027067 0.117914 -0.2449863 0.0594041 0.1057178 -0.2449863 0.0594041 0.1057178 -0.2449863 0.0594041 0.1057178 -0.2254786 0.0767754 0.1057178 -0.2254786 0.0767754 0.1057178 -0.2254786 0.0767754 0.1057178 -0.2255418 0.0941081 0.1057178 -0.2255418 0.0941081 0.1057178 -0.2255418 0.0941081 0.1057178 -0.22225 0.07741755 0.1057178 -0.2153668 0.06080016 0.1057178 -0.22225 0.0941081 0.1057178 -0.22225 0.0941081 0.1057178 -0.22225 0.0941081 0.1343632 -0.2254786 0.0941081 0.1343632 -0.2254786 0.0941081 0.1343632 -0.1987494 0.05391702 0.1057178 -0.1804996 0.05391702 0.1057178 -0.1804996 0.05391702 0.1057178 -0.1804996 0.05062515 0.1057178 -0.1804996 0.05062515 0.1057178 -0.2244791 0.02656087 0.1057178 -0.2244791 0.02656087 0.1057178 -0.2244791 0.02656087 0.1057178 -0.1804996 0.02657172 0.1057178 -0.1804996 0.02657172 0.1057178 -0.1804996 0.02657172 0.1057178 -0.1804996 0.02657172 0.117914 -0.1804996 0.02657172 0.117914 -0.1804996 0.02657172 0.117914 -0.1804996 0.05062515 0.117914 -0.1804996 0.05062515 0.117914 -0.1804996 0.05062515 0.117914 -0.1804996 0.05068845 0.1343632 -0.1804996 0.05068845 0.1343632 -0.1804996 0.05068845 0.1343632 -0.1993916 0.05068845 0.117914 -0.1993916 0.05068845 0.117914 -0.1993916 0.05068845 0.117914 -0.1804996 0.05391702 0.117914 -0.1804996 0.05391702 0.1343632 -0.1993794 0.05074972 0.1350013 -0.1993794 0.05074972 0.1350013 -0.1993794 0.05074972 0.1350013 -0.1804996 0.02657172 0.1350054 -0.1804996 0.02657172 0.1350054 -0.1804996 0.02657172 0.1350054 -0.1804996 0.02657172 0.1446109 -0.1804996 0.02657172 0.1446109 -0.1804996 0.02657172 0.1446109 -0.2148913 0.04605335 0.1342437 -0.2148913 0.04605335 0.1342437 -0.2148913 0.0508 0.1308933 -0.2002872 0.04000413 0.1342437 -0.2002872 0.04000413 0.1342437 -0.2294954 0.0400041 0.1342437 -0.2294954 0.0400041 0.1342437 -0.2328518 0.0433605 0.1308933 -0.2355447 0.02540001 0.1342437 -0.2355447 0.02540001 0.1342437 -0.2402913 0.02540001 0.1308933 -0.2294954 0.01079589 0.1342437 -0.2294954 0.01079589 0.1342437 -0.2328518 0.007439494 0.1308933 -0.2148913 0.004746646 0.1342437 -0.2148913 0 0.1308933 -0.2002872 0.01079589 0.1342437 -0.2002872 0.01079589 0.1342437 -0.1969308 0.007439494 0.1308933 -0.1969308 0.007439494 0.1308933 -0.194238 0.02540001 0.1342437 -0.194238 0.02540001 0.1342437 -0.1894913 0.02540001 0.1308933 -0.1969308 0.0433605 0.1308933 -0.1894913 0.02540001 0.1215409 -0.194238 0.02540001 0.1181905 -0.194238 0.02540001 0.1181905 -0.1969308 0.0433605 0.1215409 -0.1969308 0.007439494 0.1215409 -0.1969308 0.007439494 0.1215409 -0.2002872 0.01079589 0.1181905 -0.2002872 0.01079589 0.1181905 -0.2148913 0 0.1215409 -0.2148913 0.004746646 0.1181905 -0.2328518 0.007439494 0.1215409 -0.2294954 0.01079589 0.1181905 -0.2294954 0.01079589 0.1181905 -0.2402913 0.02540001 0.1215409 -0.2355447 0.02540001 0.1181905 -0.2355447 0.02540001 0.1181905 -0.2328518 0.0433605 0.1215409 -0.2294954 0.0400041 0.1181905 -0.2294954 0.0400041 0.1181905 -0.2148913 0.0508 0.1215409 -0.2148913 0.04605335 0.1181905 -0.2148913 0.04605335 0.1181905 -0.2002872 0.04000413 0.1181905 -0.2002872 0.04000413 0.1181905 0.2394481 0.5051509 0.03837142 0.2394481 0.5051509 0.03837142 0.2394481 0.5051509 0.03837142 0.2394481 0.5210462 0.03837142 0.2394481 0.5210462 0.03837142 0.2394481 0.5210462 0.03837142 0.2394481 0.5051509 0.03465358 0.2394481 0.5051509 0.03465358 0.2394481 0.5051509 0.03465358 0.2394481 0.5210462 0.03465358 0.2394481 0.5210462 0.03465358 0.2394481 0.5210462 0.03465358 0.2453414 0.5210462 0.03465358 0.2453414 0.5210462 0.03465358 0.2453414 0.5210462 0.03465358 0.2453414 0.5051509 0.03465358 0.2453414 0.5051509 0.03465358 0.2453414 0.5051509 0.03465358 0.2453414 0.5051509 0.03837142 0.2453414 0.5051509 0.03837142 0.2453414 0.5051509 0.03837142 0.2453414 0.5210462 0.03837142 0.2453414 0.5210462 0.03837142 0.2453414 0.5210462 0.03837142 0.2347058 0.5025473 0.03949591 0.2347058 0.5025473 0.03949591 0.2347058 0.5040264 0.04097497 0.2347058 0.5040264 0.04097497 0.2347058 0.5221707 0.04097497 0.2347058 0.5221707 0.04097497 0.2347058 0.5236497 0.03949591 0.2347058 0.5236497 0.03949591 0.2347058 0.5040264 0.03205003 0.2347058 0.5040264 0.03205003 0.2347058 0.5025473 0.03352909 0.2347058 0.5025473 0.03352909 0.2347058 0.5236497 0.03352909 0.2347058 0.5236497 0.03352909 0.2347058 0.5221707 0.03205003 0.2347058 0.5221707 0.03205003 0.2394481 0.5221707 0.03205003 0.2394481 0.5221707 0.03205003 0.2394481 0.5221707 0.03205003 0.2394481 0.5236497 0.03352909 0.2394481 0.5236497 0.03352909 0.2394481 0.5236497 0.03352909 0.2394481 0.5025473 0.03352909 0.2394481 0.5025473 0.03352909 0.2394481 0.5025473 0.03352909 0.2394481 0.5040264 0.03205003 0.2394481 0.5040264 0.03205003 0.2394481 0.5040264 0.03205003 0.2394481 0.5040264 0.04097497 0.2394481 0.5040264 0.04097497 0.2394481 0.5040264 0.04097497 0.2394481 0.5025473 0.03949591 0.2394481 0.5025473 0.03949591 0.2394481 0.5025473 0.03949591 0.2394481 0.5236497 0.03949591 0.2394481 0.5236497 0.03949591 0.2394481 0.5236497 0.03949591 0.2394481 0.5221707 0.04097497 0.2394481 0.5221707 0.04097497 0.2394481 0.5221707 0.04097497 0.2394481 0.5025473 0.03949591 0.2394481 0.5025473 0.03949591 0.2394481 0.5025473 0.03949591 0.2347058 0.5025473 0.03352909 0.2347058 0.5025473 0.03352909 0.2347058 0.5025473 0.03352909 0.2347058 0.5010682 0.04097497 0.2347058 0.5010682 0.04097497 0.2394481 0.5010683 0.04097497 0.2394481 0.5010683 0.04097497 0.2394481 0.5010683 0.04097497 0.2347058 0.482924 0.04097497 0.2347058 0.482924 0.04097497 0.2347058 0.4814449 0.03949591 0.2347058 0.4814449 0.03949591 0.2394481 0.482924 0.04097497 0.2394481 0.482924 0.04097497 0.2394481 0.482924 0.04097497 0.2394481 0.4840485 0.03837142 0.2394481 0.4840485 0.03837142 0.2394481 0.4840485 0.03837142 0.2394481 0.4814449 0.03949591 0.2394481 0.4814449 0.03949591 0.2394481 0.4814449 0.03949591 0.2394481 0.4814449 0.03352909 0.2394481 0.4814449 0.03352909 0.2394481 0.4814449 0.03352909 0.2394481 0.482924 0.03205003 0.2394481 0.482924 0.03205003 0.2394481 0.482924 0.03205003 0.2394481 0.4840485 0.03465358 0.2394481 0.4840485 0.03465358 0.2394481 0.4840485 0.03465358 0.2347058 0.4814449 0.03352909 0.2347058 0.4814449 0.03352909 0.2347058 0.482924 0.03205003 0.2347058 0.482924 0.03205003 0.2347058 0.5010682 0.03205003 0.2347058 0.5010682 0.03205003 0.2394481 0.5010683 0.03205003 0.2394481 0.5010683 0.03205003 0.2394481 0.5010683 0.03205003 0.2394481 0.5025473 0.03352909 0.2394481 0.5025473 0.03352909 0.2394481 0.5025473 0.03352909 0.2394481 0.4999438 0.03465358 0.2394481 0.4999438 0.03465358 0.2394481 0.4999438 0.03465358 0.2394481 0.4999438 0.03837142 0.2394481 0.4999438 0.03837142 0.2394481 0.4999438 0.03837142 0.2453414 0.4999438 0.03465358 0.2453414 0.4999438 0.03465358 0.2453414 0.4999438 0.03465358 0.2453414 0.4840485 0.03465358 0.2453414 0.4840485 0.03465358 0.2453414 0.4840485 0.03465358 0.2453414 0.4999438 0.03837142 0.2453414 0.4999438 0.03837142 0.2453414 0.4999438 0.03837142 0.2453414 0.4840485 0.03837142 0.2453414 0.4840485 0.03837142 0.2453414 0.4840485 0.03837142 0.2347058 0.5025473 0.03949591 0.2347058 0.5025473 0.03949591 0.2347058 0.5025473 0.03949591</float_array>
          <technique_common>
            <accessor count="1682" source="#verts-array-array" stride="3">
              <param type="float" name="X"/>
              <param type="float" name="Y"/>
              <param type="float" name="Z"/>
            </accessor>
          </technique_common>
        </source>
        <source id="normals-array">
          <float_array count="5046" id="normals-array-array">-0.04186843 -0.2104869 -0.9766997 -0.3756933 -0.9070051 -0.1902533 0 -0.981735 -0.1902533 -0.2799394 -0.6758354 -0.6818215 0 -0.7315188 -0.6818213 -0.2104869 -0.04186843 -0.9766997 -0.9817351 2.666429e-08 -0.1902531 -0.9070049 -0.3756939 -0.1902533 -0.7315191 3.198779e-08 -0.6818209 -0.6758352 -0.2799401 -0.6818213 -0.1589751 -0.1589754 -0.9743992 -0.6929 -0.6929002 -0.1994463 -0.5168671 -0.5168676 -0.6824194 -0.2104875 0.0418684 -0.9766996 -0.9070052 0.3756928 -0.1902535 -0.9817348 0 -0.1902547 -0.6758351 0.2799378 -0.6818224 -0.7315182 1.146719e-08 -0.6818219 -0.04186802 0.2104862 -0.9766999 0 0.9817351 -0.1902532 -0.3756933 0.9070051 -0.1902529 0 0.7315185 -0.6818216 -0.2799392 0.6758356 -0.6818213 -0.1589754 0.1589748 -0.9743992 -0.6929 0.6929005 -0.1994454 -0.5168673 0.5168684 -0.6824186 0.2104869 -0.04186847 -0.9766997 0.9817351 0 -0.1902531 0.9070049 -0.3756938 -0.1902532 0.7315191 1.146716e-08 -0.681821 0.6758352 -0.27994 -0.6818214 0.04186837 -0.2104869 -0.9766997 0.3756935 -0.907005 -0.1902535 0 -0.981735 -0.1902533 0.2799397 -0.6758355 -0.6818212 0 -0.7315188 -0.6818213 0.1589752 -0.1589753 -0.9743992 0.6928999 -0.6929003 -0.1994464 0.516867 -0.5168677 -0.6824194 0.04186804 0.2104862 -0.9766999 0 0.9817351 -0.1902532 0.3756928 0.9070055 -0.1902525 0 0.7315185 -0.6818216 0.2799384 0.6758355 -0.6818217 0.2104874 0.0418682 -0.9766996 0.9070048 0.3756937 -0.1902542 0.9817348 2.666428e-08 -0.1902546 0.6758354 0.279939 -0.6818215 0.7315182 3.198771e-08 -0.6818219 0.1589752 0.1589749 -0.9743992 0.6929005 0.6929 -0.1994455 0.5168682 0.5168677 -0.6824185 -0.7071066 -0.7071069 0 -1 0 0 -0.9238795 -0.3826836 0 0.9238795 0.3826834 0 1 0 0 0.7071066 0.7071069 0 -0.3826832 -0.9238796 0 0 -1 0 0 0.9915434 -0.1297752 0 0.9238796 -0.3826833 0 0.7071063 -0.7071072 0 0.7071063 -0.7071072 0 0.1297748 -0.9915435 0 0.1297748 -0.9915435 0 1 0 0.382683 0.9238797 0 0 1 0 -0.382683 0.9238797 0 -0.9238795 0.3826834 0 -1 0 0 -0.7071066 0.7071069 0 0.7071066 -0.7071069 0 0.3826832 -0.9238796 0 0 -1 0 1 0 0 0.9238795 -0.3826836 0 0 0 -1 0 0 -1 0 0 -1 0 0 -1 0 1 0 0 1 0 0 1 0 0 1 0 0 0 -1 0 0 -1 0 0 -1 0 0 -1 1 0 0 1 0 0 1 0 0 1 0 0 -1 0 0 -1 0 0 -1 0 0 -1 0 0 1 0 0 1 0 0 1 0 0 1 0 0 0 -1 0 0 -1 0 0 -1 0 0 -1 0 -1 0 0 -1 0 0 -1 0 0 -1 0 0 0 0 1 0 0 1 0 0 1 0 0 1 0 0 1 0 0 1 0 0 1 0 0 1 0 0 1 0 0 1 0 0 1 0 0 1 0 0 1 0 0 1 0 0 1 0 0 1 0 0 1 0 0 1 0 0 1 0 0 1 0 0 1 0 0 1 0 0 1 0 0 1 0 0 1 0 0 1 0 0 1 0 0 1 0 1 0 0 1 0 0 1 0 0 1 0 0 1 0 0 1 0 0 1 0 0 1 0 -1 0 0 -1 0 0 -1 0 0 -1 0 0 0 0 1 0 0 1 0 0 1 0 0 1 -1.102708e-06 -1 0 -1.102708e-06 -1 0 -1.102708e-06 -1 0 -1.102708e-06 -1 0 0 0 -1 0 0 -1 0 0 -1 0 0 -1 0 0 1 0 0 1 0 0 1 0 0 1 0 0 1 0 0 1 0 0 1 0 0 1 0 0 1 0 0 1 0 0 1 0 0 1 0 0 1 0 0 1 0 0 1 0 0 1 0 0 1 0 0 1 0 0 1 0 0 1 0 0 1 0 0 1 0 0 1 0 0 1 0 0 1 0 0 1 0.9779019 -0.2090642 1.879956e-07 0.9779019 0.2090643 0 0.7071068 -0.7071067 9.339767e-07 0.9779019 -0.2090644 2.069104e-07 0.2090638 -0.977902 -1.065741e-06 -0.2090641 -0.9779019 -1.31903e-06 0.2090638 -0.977902 -1.31903e-06 0.7071065 -0.7071071 6.886973e-07 -0.2090641 -0.9779019 -1.065741e-06 -0.7071062 -0.7071073 9.339775e-07 -0.9779019 -0.2090644 1.879958e-07 -0.7071066 -0.707107 6.886973e-07 -0.9779019 -0.2090642 2.069102e-07 -0.9125842 0.4088887 0 -1 0 0 -0.7071064 0.7071072 0 -0.9125842 0.4088887 0 -1 0 0 -0.7071064 0.7071072 0 -0.2090638 0.977902 0 0.2090638 0.977902 0 -0.2090638 0.977902 0 0.2090638 0.977902 0 0.7071064 0.7071072 0 0.7071064 0.7071072 0 0.9779019 0.2090643 0 0 0 -1 0 0 -1 0 0 -1 0 0 -1 0 0 -1 0 0 -1 0 0 -1 0 0 -1 0 0 -1 0 0 -1 0 0 -1 0 0 -1 0 0 -1 0 0 -1 0 0 -1 0 0 -1 0 0 -1 0 0 -1 0 0 -1 0 0 -1 0 0 -1 0 0 -1 0 0 -1 0 0 -1 0 0 -1 0 0 -1 1 0 0 1 0 0 1 0 0 1 0 0 0.3859081 -0.9225372 0 0.3859081 -0.9225372 0 0.2644017 -0.9644126 0 0.2644017 -0.9644126 0 3.212094e-08 -1 0 3.212094e-08 -1 0 -0.2644014 -0.9644127 0 -0.2644014 -0.9644127 0 -0.3859076 -0.9225374 0 -0.3859076 -0.9225374 0 0 -1 0 0 -1 0 0 -1 0 0 -1 0 -1 0 0 -1 0 0 -1 0 0 -1 0 0 0 -1 0 0 -1 0 0 -1 0 0 -1 0 0.9449813 0.3271243 0 -0.9449758 0.3271402 0 -0.9449758 0.3271402 0 0.9449813 0.3271243 0 -0.7563933 0.6541171 0 -0.7563934 0.654117 0 -0.2796734 0.9600952 0 -0.2796719 0.9600956 2.947214e-06 4.812191e-06 1 1.81643e-05 4.812216e-06 1 1.816431e-05 0.2796701 0.9600962 2.947213e-06 0.2796685 0.9600966 0 0.756399 0.6541105 0 0.7563991 0.6541104 0 -0.03812604 0.9992729 0 -0.03812604 0.9992729 0 -0.03812604 0.9992729 0 -0.03812604 0.9992729 0 0.03812463 0.999273 0 0.03812463 0.999273 0 0.03812463 0.999273 0 0.03812463 0.999273 0 -0.001639637 -0.002022668 0.9999966 0.001585595 -0.002142507 0.9999964 0.06682151 0.05476379 0.9962609 0.1480433 0.03801886 0.9882498 0.003625026 0.002485011 0.9999903 -0.1287218 0.04902569 0.9904682 -0.0750663 0.08060916 0.9939151 0 0 1 0 0 1 -0.001034254 -0.001397535 0.9999985 0.001173911 -0.001447177 0.9999983 0.06443053 0.06915967 0.9955228 0.1354683 0.05168204 0.9894328 0.00289976 0.002635056 0.9999923 -0.1289206 0.03257507 0.9911197 -0.08379342 0.06734861 0.9942046 0 0 1 0 0 1 0.00163999 -0.002023089 -0.9999966 -0.001585921 -0.002142974 -0.9999964 0.07506607 0.08060886 -0.9939151 0.1287219 0.04902577 -0.9904681 -0.003624979 0.002485015 -0.9999903 -0.1480431 0.0380187 -0.9882499 -0.06682106 0.05476334 -0.996261 0 0 -1 0 0 -1 0.001034498 -0.001397847 -0.9999985 -0.001174139 -0.001447467 -0.9999983 0.08379262 0.06734787 -0.9942047 0.1289205 0.032575 -0.9911198 -0.002899691 0.002635055 -0.9999923 -0.1354678 0.05168182 -0.9894329 -0.06443063 0.06915975 -0.9955228 0 0 -1 0 0 -1 -0.3640315 0.9313867 0 -0.3640315 0.9313867 0 -0.3640315 0.9313867 0 -0.3640315 0.9313867 0 0 0 -1 0 0 -1 0 0 -1 0 0 -1 0 0 1 0 0 1 0 0 1 0 0 1 -0.7034628 0 0.7107321 -0.7034628 0 0.7107321 -0.7034628 0 0.7107321 -0.7034628 0 0.7107321 -1 0 0 -1 0 0 -1 0 0 -1 0 0 -0.7034628 0 -0.7107321 -0.7034628 0 -0.7107321 -0.7034628 0 -0.7107321 -0.7034628 0 -0.7107321 1 0 0 1 0 0 1 0 0 1 0 0 0.05521112 0.9984747 0 0.05521112 0.9984747 0 0.05521112 0.9984747 0 0.05521112 0.9984747 0 0.3640317 0.9313866 0 0.3640317 0.9313866 0 0.3640317 0.9313866 0 0.3640317 0.9313866 0 0 0 -1 0 0 -1 0 0 -1 0 0 -1 0 0 1 0 0 1 0 0 1 0 0 1 0.7034628 -4.413546e-07 0.7107321 0.7034629 -1.742078e-07 0.7107319 0.7034629 -3.228348e-07 0.710732 0.703463 0 0.7107319 1 0 0 1 0 0 1 0 0 1 0 0 0.7034629 -3.257991e-07 -0.710732 0.7034628 0 -0.7107321 0.7034629 -4.413547e-07 -0.7107319 0.7034628 -1.634869e-07 -0.710732 -1 7.051868e-07 0 -1 7.051868e-07 0 -1 7.051868e-07 0 -1 7.051868e-07 0 -0.05520862 0.9984748 0 -0.05520862 0.9984748 0 -0.05520862 0.9984748 0 -0.05520862 0.9984748 0 0 -1 0 0 -1 0 0 -1 0 0 -1 0 -0.9225371 -0.3859083 0 -0.9225371 -0.3859083 0 -0.9644126 -0.2644018 0 -0.9644126 -0.2644018 0 -1 -5.798987e-07 0 -1 -4.820188e-07 -1.598078e-07 -0.9644128 0.2644012 -6.789846e-07 -0.9644128 0.2644011 -5.45695e-07 -0.9225375 0.3859075 -3.5069e-07 -0.9225376 0.3859072 0 -1 -3.234197e-07 0 -1 -3.234197e-07 0 -1 -3.234197e-07 0 -1 -3.234197e-07 0 0 1 0 0 1 0 0 1 0 0 1 0 -1 -3.234203e-07 0 -1 -3.234203e-07 0 -1 -3.234203e-07 0 -1 -3.234203e-07 0 0.3271252 -0.944981 0 0.3271397 0.944976 0 0.3271397 0.944976 0 0.3271252 -0.944981 0 0.6541164 0.7563939 0 0.6541165 0.7563938 3.022078e-07 0.9600951 0.2796737 1.161984e-06 0.9600956 0.279672 4.312777e-06 1 -4.476556e-06 1.845963e-05 1 -4.312853e-06 1.81643e-05 0.9600962 -0.2796701 2.947213e-06 0.9600966 -0.2796686 0 0.6541108 -0.7563987 0 0.6541107 -0.7563988 0 0.9992729 0.03812603 0 0.9992729 0.03812603 0 0.9992729 0.03812603 0 0.9992729 0.03812603 0 0.999273 -0.03812531 -2.33656e-07 0.999273 -0.0381255 0 0.999273 -0.03812525 -3.161187e-07 0.999273 -0.03812506 -5.497747e-07 -0.002022498 0.00163968 0.9999966 -0.002142265 -0.001585575 0.9999964 0.05476413 -0.06682141 0.9962609 0.03801914 -0.1480432 0.9882498 0.002485039 -0.003625054 0.9999903 0.04902597 0.1287218 0.9904682 0.08060956 0.07506638 0.9939151 1.906956e-07 -5.984939e-09 1 1.862644e-07 6.024157e-14 1 -0.001397345 0.001034267 0.9999985 -0.001446965 -0.001173882 0.9999983 0.06915993 -0.06443033 0.9955228 0.05168238 -0.1354682 0.9894328 0.002635082 -0.00289974 0.9999923 0.03257533 0.1289206 0.9911197 0.06734873 0.0837933 0.9942046 1.862644e-07 -7.10659e-09 1 1.908158e-07 9.879016e-10 1 -0.002022945 -0.001639874 -0.9999966 -0.002142828 0.001585808 -0.9999964 0.08060919 -0.07506613 -0.9939151 0.04902545 -0.1287218 -0.9904682 0.002484646 0.003624978 -0.9999903 0.03801847 0.148043 -0.9882499 0.05476356 0.06682113 -0.996261 0 0 -1 0 0 -1 -0.001397751 -0.001034429 -0.9999985 -0.001447365 0.001174052 -0.9999983 0.06734793 -0.08379257 -0.9942047 0.03257462 -0.1289205 -0.9911198 0.00263469 0.002899716 -0.9999923 0.05168166 0.1354679 -0.9894329 0.06915981 0.06443046 -0.9955228 0 0 -1 0 0 -1 0.9313866 0.3640317 0 0.9313866 0.3640317 0 0.9313866 0.3640317 0 0.9313866 0.3640317 0 -3.410885e-07 1.372868e-08 -1 -3.137023e-07 -1.973325e-13 -1 -3.525939e-07 1.949641e-08 -1 -3.242095e-07 5.267141e-09 -1 1.762969e-07 1.108985e-13 1 1.620448e-07 -6.356535e-09 1 1.706191e-07 -2.53226e-09 1 1.568511e-07 -8.672961e-09 1 1.114791e-07 0.703463 0.7107319 1.544574e-07 0.703463 0.7107319 1.305464e-07 0.703463 0.7107319 1.824838e-07 0.703463 0.7107319 0 1 0 0 1 0 0 1 0 0 1 0 -1.645835e-07 0.703463 -0.7107319 0 0.7034629 -0.710732 -2.229582e-07 0.703463 -0.7107319 -8.258814e-08 0.7034629 -0.7107319 0 -1 0 0 -1 0 0 -1 0 0 -1 0 0.9984748 -0.05520989 0 0.9984748 -0.05520989 0 0.9984748 -0.05520989 0 0.9984748 -0.05520989 0 0.9313866 -0.3640317 0 0.9313866 -0.3640317 0 0.9313866 -0.3640317 0 0.9313866 -0.3640317 0 -3.410885e-07 -1.372868e-08 -1 -3.137023e-07 1.973325e-13 -1 -3.525939e-07 -1.949639e-08 -1 -3.242095e-07 -5.267139e-09 -1 1.762969e-07 -1.108985e-13 1 1.620448e-07 6.356533e-09 1 1.706191e-07 2.532258e-09 1 1.568511e-07 8.672957e-09 1 -7.71232e-07 -0.7034625 0.7107324 -1.939582e-07 -0.7034628 0.7107321 -5.151255e-07 -0.7034626 0.7107322 1.824838e-07 -0.703463 0.7107319 0 -1 0 0 -1 0 0 -1 0 0 -1 0 -8.161841e-07 -0.7034627 -0.7107322 0 -0.7034625 -0.7107324 -1.10567e-06 -0.7034628 -0.7107321 -4.095618e-07 -0.7034626 -0.7107323 0 1 0 0 1 0 0 1 0 0 1 0 0.9984748 0.05520985 0 0.9984748 0.05520985 0 0.9984748 0.05520985 0 0.9984748 0.05520985 0 2.790883e-06 -1 -3.435269e-06 4.197511e-06 -1 -2.970542e-06 0 -1 0 0 -1 -4.646566e-06 1.070592e-05 -1 -3.788238e-06 4.80781e-06 -1 -1.939076e-06 0 -1 0 0 -1 0 0 -1 0 0 -1 0 0 -1 0 0 0.7071059 -0.7071077 0 0.7071059 -0.7071077 0 0.7071059 -0.7071077 0 0.7071059 -0.7071077 0 1 0 0 1 0 0 1 0 0 1 0 0 1 0 0 1 0 0 0 1 0 0 1 0 0 1 0 0 1 0 0 1 0 0 1 0 0 1 0 0 1 0 0 1 0 0 1 0 0 1 0 0 1 0 0 -1 0 0 -1 0 0 -1 0 0 -1 1 0 0 1 0 0 1 4.558993e-07 -1.441097e-07 1 3.108566e-08 -1.365547e-07 1 2.173869e-07 -2.173874e-07 1 4.897697e-07 -1.55601e-07 1 0 0 1 0 0 1 5.768279e-07 -3.354316e-06 1 0 0 1 0 0 1 1.290456e-06 -1.894107e-06 1 0 0 1 -1.468104e-07 2.154856e-07 1 0 0 1 0 -1.161642e-06 1 2.45292e-14 -1.161642e-06 1 5.18552e-14 -1.161642e-06 1 7.638455e-14 -1.161642e-06 0 0 1 0 0 1 0 0 1 0 0 1 0 0 1 0 0 1 0 0 1 0 0 1 0 1 0 0 1 0 0 1 0 0 1 0 0 0.7071059 0.7071077 0 0.7071059 0.7071077 0 0.7071059 0.7071077 0 0.7071059 0.7071077 0 1 0 0 1 0 0 1 0 0 1 0 0 1 0 0 1 0 0 -6.57557e-08 1 0 -6.57557e-08 1 0 -6.57557e-08 1 0 -6.57557e-08 1 1 0 1.894117e-06 1 -5.811249e-14 1.894117e-06 1 -6.643647e-14 1.894117e-06 1 -1.24549e-13 1.894117e-06 0 -0.4999998 -0.8660255 0 -0.4999998 -0.8660255 0 -0.4999998 -0.8660255 0 -0.4999998 -0.8660255 0 -1 0 0 -1 0 0 -1 0 0 -1 0 0 -0.4999997 0.8660256 0 -0.4999997 0.8660256 0 -0.4999997 0.8660256 0 -0.4999997 0.8660256 0 0.4999998 0.8660255 0 0.4999998 0.8660255 0 0.4999998 0.8660255 0 0.4999998 0.8660255 1 0 0 1 0 0 1 0 0 1 0 0 1 0 0 1 0 0 0 1 0 0 1 0 0 1 0 0 1 0 0 0.4999999 -0.8660255 0 0.4999999 -0.8660255 0 0.4999999 -0.8660255 0 0.4999999 -0.8660255 0.04718979 -0.2351119 -0.9708221 0.1792176 -0.1784617 -0.9674877 0.08234003 -0.4105267 -0.9081233 0.0005736928 -0.2179647 -0.9759565 -0.0002981237 -0.424731 -0.9053195 0.002061013 -0.002171273 -0.9999955 0.2038002 -0.0005219022 -0.9790124 0.4082362 -0.007318748 -0.912847 0.2318494 -0.05114667 -0.9714061 0.4081234 -0.09240004 -0.9082387 0.2835709 -0.2831013 -0.9162102 -1 0 0 -1 0 0 -1 0 0 -1 0 0 -1 0 0 -1 0 0 -1 0 0 -1 0 0 -1 0 0 -1 0 0 -1 0 0 -1 0 0 -1 0 0 -1 0 0 -1 0 0 -1 0 0 0 1 0 0 1 0 0 1 0 0 1 0 0 1 0 0 1 0 0.5974466 0.7806611 -0.1833734 0.6378251 0.7658077 -0.0819623 0.650399 0.7582987 -0.04432082 0.6641242 0.7476222 0 0.6646023 0.747197 -0.0005846325 0.6650282 0.7468175 -0.001105856 0.9257962 -0.007175505 -0.3779549 0.9244203 -0.00470597 -0.3813462 0.9814443 -0.003472829 -0.1917159 0.9999911 -0.003612147 -0.002185624 0.9999909 -0.003651174 -0.002209238 0.9808642 -0.004727338 -0.1946359 0.6815943 -0.7313965 -0.02209771 0.6754197 -0.7360799 -0.0446609 0.6831861 -0.7300682 -0.01603738 0.6772173 -0.7347888 -0.03823784 0 0 -1 0 0 -1 0 0 -1 0 0 -1 0 0 -1 0 0 -1 0 0 -1 0 0 -1 -0.5259258 -0.8504759 -0.009635008 -0.5212776 -0.8533872 -4.374786e-05 -0.5283097 -0.8489261 -0.01460566 -0.5236095 -0.8519446 -0.00483914 0 1 0 0 1 0 0 1 0 0 1 0 0 1 0 0 1 0 -0.009791229 -0.001479333 0.999951 0.0006701106 -0.04697773 0.9988957 -0.01446305 0.03417713 0.9993111 0.03384972 -0.0266021 0.9990728 -0.003647745 0.006159397 0.9999744 0.00769176 -0.01465906 0.999863 0.6744128 -0.7383241 0.006709602 0.6713778 -0.7411107 -0.002617568 0.6754507 -0.737338 0.009949806 0.6724686 -0.7401253 0.0007101837 0 0 1 0 0 1 0 0 1 0 0 1 0 0 1 0 0 1 0 0 1 0 0 1 0 0 1 0 0 1 0 0 1 0 0 1 1 0 0 1 0 0 1 0 0 1 0 0 1 0 0 1 0 0 1 0 0 -0.0001614402 -0.9999988 -0.00151468 -0.000246534 -0.9999983 -0.001828619 0.0001655962 -0.9999999 -0.0003081382 0.0002491178 -1 0 0.003350201 -0.999987 -0.003847712 0.003244699 -0.9999878 -0.003726543 0.003227502 -0.9999879 -0.003706792 0.003124538 -0.9999887 -0.003588538 0.4094074 -0.9123455 -0.003352248 0.4095021 -0.9123035 -0.003210803 0.4093612 -0.912366 -0.003421282 0.4092663 -0.912408 -0.0035631 0.003270554 -0.999545 -0.02998644 0.002364235 -0.9996641 -0.0258087 -0.003233407 -0.9999948 0 -0.002349011 -0.9999889 -0.004078324 8.443304e-07 0.5766598 -0.8169844 0 0 -1 6.375402e-07 0.9077321 -0.4195502 -0.4077597 0.40776 -0.8169846 0 0 -1 0.4077626 0.4077625 -0.8169819 8.211065e-07 -4.189038e-13 -1 0.6418642 0.6418643 -0.4195481 0.5766595 -3.129987e-07 -0.8169846 4.926636e-06 -2.513422e-12 -1 0.9077324 -7.953849e-09 -0.4195497 0.4077602 -0.4077594 -0.8169846 8.211055e-07 -4.189033e-13 -1 0.6418637 -0.6418633 -0.4195503 8.782826e-08 -0.3677336 -0.9299312 1.05074e-07 -0.9077322 -0.41955 -0.5608813 -0.2323245 -0.7946304 -0.1090504 -0.2632708 -0.9585387 -0.849658 -0.3519395 -0.3927084 -0.3519398 -0.8496579 -0.3927083 -0.5766605 -2.648415e-07 -0.8169839 0 0 -1 -0.9077321 -2.072557e-07 -0.4195503 -0.6418636 0.6418636 -0.4195501 -0.9077321 -3.704446e-07 0.4195503 -0.576658 -6.054895e-07 0.8169857 -8.915457e-07 -2.184013e-14 1 -0.6418637 0.6418639 0.4195495 -0.8496582 -0.3519399 0.3927075 -0.35194 -0.8496578 0.3927082 -0.5608823 -0.2323248 0.7946296 -0.1090514 -0.2632712 0.9585385 7.76953e-08 -0.9077322 0.4195501 -7.790169e-07 -0.3677336 0.9299312 0.6418635 -0.6418636 0.4195501 0.4077598 -0.4077601 0.8169845 5.101697e-07 -1.231659e-06 1 0.9077326 -1.971861e-07 0.4195493 0.576661 -6.650289e-07 0.8169835 -6.012407e-07 -2.903049e-07 1 0.6418634 0.6418637 0.4195502 0.4077595 0.4077602 0.8169846 -1.231659e-06 -5.101706e-07 1 -5.021228e-07 0.9077322 0.41955 -6.924069e-07 0.5766595 0.8169846 -8.915455e-07 -1.679312e-13 1 -0.4077604 0.4077601 0.8169842 -1.231658e-06 5.101688e-07 1 -0.04718979 -0.2351119 -0.9708221 -0.1792176 -0.1784617 -0.9674877 -0.08234003 -0.4105267 -0.9081233 -0.0005736928 -0.2179647 -0.9759565 0.0002981237 -0.424731 -0.9053195 -0.002061013 -0.002171273 -0.9999955 -0.2038002 -0.0005219022 -0.9790124 -0.4082362 -0.007318748 -0.912847 -0.2318494 -0.05114667 -0.9714061 -0.4081234 -0.09240004 -0.9082387 -0.2835709 -0.2831013 -0.9162102 1 0 0 1 0 0 1 0 0 1 0 0 1 0 0 1 0 0 1 0 0 1 0 0 1 0 0 1 0 0 1 0 0 1 0 0 1 0 0 1 0 0 1 0 0 1 0 0 0 1 0 0 1 0 0 1 0 0 1 0 0 1 0 0 1 0 0 0 -1 0 0 -1 0 0 -1 0 0 -1 0 0 -1 0 0 -1 0 0 -1 0 0 -1 -0.5974466 0.7806611 -0.1833734 -0.6376153 0.7659545 -0.08222197 -0.650399 0.7582987 -0.04432082 -0.6643386 0.7474317 -0.0002928555 -0.6650286 0.7468179 0 -0.6646029 0.7471966 -0.0005214352 -0.9257962 -0.007175505 -0.3779549 -0.9244203 -0.00470597 -0.3813462 -0.9814399 -0.003493202 -0.1917384 -0.999991 -0.003651174 -0.002141083 -0.9999911 -0.00361215 -0.00216468 -0.9808599 -0.004707413 -0.1946578 0 1 0 0 1 0 0 1 0 0 1 0 0 1 0 0 1 0 -0.6815943 -0.7313965 -0.02209771 -0.6754197 -0.7360799 -0.0446609 -0.6831861 -0.7300682 -0.01603738 -0.6772173 -0.7347888 -0.03823784 0.01894466 -0.004387016 0.9998109 0.01051987 -0.01796774 0.9997832 0.01446305 0.03417713 0.9993111 -0.01132498 -0.007364107 0.9999088 -0.01636273 0.02300645 0.9996014 -0.0007365613 -0.02661734 0.9996454 0.5259258 -0.8504759 -0.009635008 0.5212776 -0.8533872 -4.374786e-05 0.5283097 -0.8489261 -0.01460566 0.5236095 -0.8519446 -0.00483914 -1 0 0 -1 0 0 -1 0 0 -1 0 0 -1 0 0 -1 0 0 -1 0 0 0.007347172 -0.00916843 -0.999931 -0.0001881664 -0.007498927 -0.9999719 0.0009913122 -0.008467329 -0.9999637 -0.003696015 -0.002895293 -0.999989 0 0 -1 -0.003836909 -0.004728372 -0.9999815 -0.6744128 -0.7383241 0.006709602 -0.6713778 -0.7411107 -0.002617568 -0.6754507 -0.737338 0.009949806 -0.6724686 -0.7401253 0.0007101837 0 0 1 0 0 1 0 0 1 0 0 1 0 0 1 0 0 1 0 0 1 0 0 1 0 0 1 0 0 1 0 0 1 0 0 1 0.0001614402 -0.9999988 -0.00151468 0.000246534 -0.9999983 -0.001828619 -0.0001655962 -0.9999999 -0.0003081382 -0.0002491178 -1 0 -0.003350201 -0.999987 -0.003847712 -0.003244699 -0.9999878 -0.003726543 -0.003227502 -0.9999879 -0.003706792 -0.003124538 -0.9999887 -0.003588538 -0.4094074 -0.9123455 -0.003352248 -0.4095021 -0.9123035 -0.003210803 -0.4093612 -0.912366 -0.003421282 -0.4092663 -0.912408 -0.0035631 -0.003270554 -0.999545 -0.02998644 -0.002364235 -0.9996641 -0.0258087 0.003233407 -0.9999948 0 0.002349011 -0.9999889 -0.004078324 -1.039093e-07 0.5766594 -0.8169846 0 0 -1 -1.561249e-07 0.9077322 -0.4195501 0.4077567 0.4077585 -0.8169868 -8.211063e-07 0 -1 -0.4077597 0.4077599 -0.8169847 0 0 -1 -0.6418635 0.6418636 -0.4195501 -0.5766583 -1.228363e-07 -0.8169854 0 0 -1 -0.9077325 -3.452293e-07 -0.4195493 -0.4077599 -0.4077598 -0.8169846 0 0 -1 -0.6418638 -0.6418635 -0.41955 -2.754557e-09 -0.3677335 -0.9299312 2.745707e-08 -0.9077322 -0.41955 0.5608809 -0.2323252 -0.7946305 0.1090499 -0.2632709 -0.9585388 0.8496582 -0.3519395 -0.392708 0.3519398 -0.8496579 -0.3927083 0.5766602 -1.006896e-06 -0.8169841 -4.926642e-06 0 -1 0.9077317 -6.402511e-07 -0.4195511 0.6418628 0.6418633 -0.4195517 0.9077325 -4.343403e-07 0.4195493 0.5766583 -2.824949e-07 0.8169854 2.404964e-07 -6.903963e-15 1 0.6418635 0.6418637 0.4195501 0.8496581 -0.3519394 0.3927082 0.3519398 -0.849658 0.3927082 0.5608812 -0.2323243 0.7946305 0.1090504 -0.263271 0.9585387 1.713815e-07 -0.9077323 0.4195499 4.020781e-07 -0.3677337 0.9299312 -0.6418638 -0.6418634 0.4195501 -0.4077598 -0.40776 0.8169845 1.231658e-06 5.101688e-07 1 -0.9077318 -3.187055e-07 0.4195509 -0.5766606 -1.595053e-07 0.8169838 6.510493e-07 -2.368558e-14 1 -0.6418636 0.6418635 0.4195503 -0.4077597 0.4077599 0.8169846 1.231658e-06 -5.101691e-07 1 7.677011e-08 0.9077322 0.41955 3.140885e-07 0.5766594 0.8169846 4.457728e-07 1.554682e-07 1 0.4077596 0.4077599 0.8169847 0 0 1 1 0 0 1 0 0 1 0 0 1 0 0 -1.925915e-06 -1 3.810682e-06 -3.238236e-06 -1 -8.515187e-07 0 -1 4.646566e-06 -1.459397e-06 -1 -2.764268e-12 -3.317738e-06 -1 -7.073532e-07 -1.117754e-06 -1 -8.868236e-07 0 -6.57557e-08 1 0 -6.57557e-08 1 0 -6.57557e-08 1 0 -6.57557e-08 1 1 2.104182e-06 0 1 1.122405e-06 8.837636e-07 1 9.817767e-07 1.010353e-06 1 -1.24549e-13 1.894117e-06 0.001777474 -0.007863464 -0.9999675 0.006409654 -0.0243489 -0.999683 -0.0006879794 0.001532705 -0.9999986 0.0008283556 -0.0041044 -0.9999912 0 0 -1 -0.0005786358 0.0006045992 -0.9999996 0 0.7315185 0.6818216 -0.2799384 0.6758355 0.6818217 0 0.9817351 0.1902532 -0.3756928 0.9070055 0.1902525 -0.04186804 0.2104862 0.9766999 -0.516867 -0.5168676 0.6824196 -0.6928997 -0.6929005 0.1994466 -0.1589752 -0.1589756 0.9743991 -0.2799398 -0.6758355 0.6818212 0 -0.7315189 0.6818211 -0.3756933 -0.9070051 0.1902533 0 -0.9817351 0.1902531 -0.04186839 -0.2104869 0.9766997 -0.7315192 1.146715e-08 0.6818208 -0.6758348 -0.2799402 0.6818217 -0.9817351 0 0.190253 -0.9070047 -0.3756942 0.1902535 -0.2104869 -0.04186847 0.9766997 -0.2104874 0.0418682 0.9766996 -0.9070048 0.3756937 0.1902542 -0.9817348 2.666428e-08 0.1902546 -0.6758354 0.279939 0.6818215 -0.7315182 3.198771e-08 0.6818219 -0.1589752 0.1589749 0.9743992 -0.6929005 0.6929 0.1994455 -0.5168682 0.5168677 0.6824185 0.04186829 -0.2104869 0.9766997 0.3756933 -0.9070051 0.1902532 0 -0.9817351 0.1902532 0.2799402 -0.6758356 0.6818209 0 -0.731519 0.6818211 0.2104869 -0.04186855 0.9766997 0.9817351 2.666428e-08 0.190253 0.9070049 -0.3756936 0.1902537 0.7315193 3.19878e-08 0.6818208 0.6758347 -0.2799402 0.6818218 0.1589755 -0.1589756 0.9743991 0.6928998 -0.6929002 0.1994473 0.5168662 -0.5168675 0.6824202 0.2104875 0.0418684 0.9766996 0.9070054 0.3756923 0.1902537 0.9817348 0 0.1902547 0.6758351 0.2799378 0.6818224 0.7315182 1.146719e-08 0.6818219 0.04186802 0.2104862 0.9766999 0 0.9817351 0.1902532 0.375693 0.9070053 0.1902529 0 0.7315185 0.6818216 0.2799391 0.6758356 0.6818213 0.1589754 0.1589748 0.9743992 0.6929002 0.6929002 0.1994458 0.5168671 0.5168682 0.682419 -0.7071066 0.7071069 0 0 0 -1 0 0 -1 0 1 0 -0.382683 0.9238797 0 0 0 -1 -0.9238795 0.3826834 0 -1 0 0 0 0 -1 0 0 -1 1 0 0 0.9238796 -0.3826833 0 0 0 -1 0 0 -1 0.7071066 -0.707107 0 0 0 -1 0.3826827 -0.9238798 0 0 -1 0 0 0 -1 0 0 -1 0.7071068 0.7071068 0 0 0 -1 0 1 0 0.3826827 0.9238798 0 -0.7071064 -0.7071072 0 0 0 -1 0 0 -1 -0.382683 -0.9238797 0 0 -1 0 0 0 -1 -1 0 0 -0.9238793 -0.382684 0 0 0 -1 0 0 -1 0.9238798 0.3826827 0 1 0 0 0 0 1 0 0 1 0 0 1 0 0 1 0 0 -1 0 1 0 1 0 -8.418212e-07 6.034519e-08 -1 -4.44278e-08 0 0 -1 1 -1.421106e-07 -1.016592e-07 -1 0 0 0 0 -1 0 1 0 -1 0 0 0 -1 -2.928074e-07 0 0 -1 7.113917e-08 -1 0 0 0 -1 0 0 -1 1 -1.616291e-07 0 -1 0 0 0 0 -1 0 0 -1 0 1 0 0 0 -1 0 0 -1 0 1 0 1 -1.951849e-08 -7.401621e-07 -1 0 0 1.079398e-08 -1 -2.483796e-07 0 0 -1 0 0 -1 0 0 -1 0.9779019 -0.2090643 0 0 0 -1 0.9779019 0.2090643 0 0 0 -1 0.2090638 -0.977902 0 0 0 -1 0.7071064 -0.7071072 0 -0.7071064 0.7071072 0 0 0 -1 -0.9779019 -0.2090643 0 0 0 -1 -0.9125842 0.4088887 0 -1 0 0 0 0 -1 0 0 -1 -0.2090638 -0.977902 0 0 0 -1 -0.7071064 -0.7071072 0 0 0 -1 -0.2090638 0.977902 0 0 0 -1 0 0 -1 0.2090638 0.977902 0 0 0 -1 0.7071064 0.7071072 0 0 0 1 0.7071064 0.7071072 0 0 0 1 0.2090638 0.977902 0 -0.9779019 -0.2090643 0 0 0 1 0 0 1 0.2090638 -0.977902 0 0 0 1 0.9779019 -0.2090643 0 -0.2090638 0.977902 0 0 0 1 -0.9125842 0.4088887 0 -1 0 0 0 0 1 0 0 1 -0.7071064 0.7071072 0 0 0 1 0 0 1 0.7071064 -0.7071072 0 -0.2090638 -0.977902 0 0 0 1 -0.7071064 -0.7071072 0 0 0 1 0 0 1 0.9779019 0.2090643 0 0 0 -1 0 0 -1 0 0 -1 0 0 -1 0 0 -1 0 0 -1 0 0 -1 0 0 -1 0 0 -1 0 0 -1 0 0 -1 0 0 -1 0 0 -1 0 0 1 0 0 1 0 0 1 0 0 1 0 0 1 0 0 1 0 0 1 0 0 1 0 0 1 0 0 1 0 0 1 0 0 1 0 0 1 -1 0 0 0 0 -1 0 1 0 -1 0 0 0 0 1 0 1 0 -1.102708e-06 -1 0 0 0 1 -1.102708e-06 -1 0 0 0 -1 0 0 1 0 1 0 0 0 -1 0 1 0 -1 0 0 -1.102708e-06 -1 0 0 0 1 -1 0 0 -1.102708e-06 -1 0 0 0 -1 0.04719011 -0.2351121 0.970822 -0.00364776 0.006159407 -0.9999744 0.003124156 -0.9999887 0.003588098 0.4092668 -0.9124078 0.003562343 0 0 1 0.08234021 -0.4105271 0.9081231 0.2318492 -0.05114653 0.9714062 0.6376148 0.7659549 0.08222206 0.9814399 -0.003493732 0.1917383 0 0 1 0.5974463 0.7806614 0.1833732 0.4081232 -0.09240016 0.9082388 0.9244203 -0.004706775 0.3813463 0.1792183 -0.1784615 0.9674876 -0.5212778 -0.853387 4.438657e-05 -0.01446305 0.03417709 -0.9993111 0.4094077 -0.9123454 0.003351849 0 0 1 0.2835712 -0.2831012 0.9162102 -0.0005787441 0.0006047122 0.9999996 0.003227474 -0.9999879 0.003706759 0.4093615 -0.9123658 0.003420766 -0.5236097 -0.8519445 0.004839568 -0.0006881079 0.001532991 0.9999986 0.4095022 -0.9123035 0.003210644 0 1 0 0.2038003 -0.0005221099 0.9790123 0 1 0 0.98086 -0.004708266 0.1946575 0 1 0 0 1 0 0.4082362 -0.007319144 0.912847 0.9257962 -0.007176336 0.3779548 -1 0 0 0.0005736687 -0.217965 0.9759564 -1 0 0 0.03384969 -0.02660209 -0.9990728 0.003244731 -0.9999878 0.003726577 -1 0 0 -0.0002982998 -0.4247318 0.9053192 0 0 1 -1 0 0 0 0 1 0.003350595 -0.999987 0.003848163 -1 0 0 0 1 0 0.002061013 -0.002171271 0.9999955 0 1 0 0 1 0 0 1 0 0 1 0 -1 0 0 -1 0 0 -1 0 0 -1 0 0 -1 0 0 0 1 0 0 0 -1 0.6646026 0.7471968 0.0005215977 0.999991 -0.003650311 0.002141603 0 0 -1 0 1 0 0.9999911 -0.003611882 0.002164839 -1 0 0 0 0 -1 0 0 -1 0 0 -1 0 0 -1 0 0 -1 0 1 0 -1 0 0 0 0 -1 0 0 1 0.003270767 -0.9995449 0.0299882 0.6754194 -0.7360801 0.04466219 0 0 1 0.6815943 -0.7313965 0.02209798 1 0 0 -0.5259259 -0.8504758 0.009635227 -0.009791235 -0.001479333 -0.999951 0.6831862 -0.7300681 0.01603738 1 0 0 0.0006701027 -0.04697772 -0.9988957 0.002364394 -0.9996641 0.02581022 0.6772171 -0.734789 0.03823884 -0.00016148 -0.9999988 0.001516234 0.006409663 -0.02434934 0.999683 0.6713774 -0.741111 0.002618119 -0.5283096 -0.8489261 0.01460566 0.001777387 -0.00786348 0.9999675 0.6744127 -0.7383241 -0.00671029 1 0 0 -1 0 0 0 0 1 -0.002349128 -0.9999889 0.004078563 -1 0 0 0.007691752 -0.01465905 -0.999863 -0.003233576 -0.9999948 0 -1 0 0 0.0002494991 -1 0 0.0008282962 -0.004104425 0.9999912 0 0 -1 -0.0002466612 -0.9999983 0.001830495 0.6724684 -0.7401255 -0.0007100792 -1 0 0 0 0 -1 0.0001658919 -0.9999999 0.0003084543 0 0 -1 0.6754509 -0.7373379 -0.00995092 1 0 0 0 0 1 0.6503985 0.758299 0.04432077 1 0 0 0.6643382 0.7474321 0.0002929469 0 0 0 0 0 -1 0.6650284 0.7468181 0 1 0 0 6.009534e-07 0.5766605 0.8169839 5.101685e-07 -1.231658e-06 1 1.197917e-07 0.9077324 0.4195496 4.104766e-07 0.5766607 -0.8169837 0 0 -1 9.19908e-08 0.9077324 -0.4195496 -0.4077623 0.4077617 0.8169825 4.251413e-07 -2.052766e-07 1 -0.6418638 0.6418637 0.4195496 -0.4077607 0.4077613 -0.8169834 0 0 -1 -0.6418649 0.6418633 -0.4195486 -0.5766608 4.225413e-07 0.8169837 0 0 1 -0.9077324 6.280482e-07 0.4195496 -0.5766621 5.452833e-07 -0.8169827 0 0 -1 -0.9077329 6.625691e-07 -0.4195486 -0.5608829 -0.2323254 0.794629 -0.1090505 -0.2632705 0.9585388 -0.8496578 -0.3519399 0.3927085 -0.3519402 -0.8496575 0.3927088 -0.5608811 -0.2323242 -0.7946306 -0.1090504 -0.2632707 -0.9585388 -0.8496586 -0.3519397 -0.3927068 -0.35194 -0.8496578 -0.3927083 8.813923e-08 -0.3677343 0.9299309 2.102881e-09 -0.9077325 0.4195495 -6.61111e-08 -0.3677343 -0.9299309 3.267551e-08 -0.9077325 -0.4195495 0.4077616 -0.4077602 0.8169835 2.052762e-07 4.251416e-07 1 0.6418647 -0.6418635 0.4195485 0.4077599 -0.4077595 -0.8169847 0 0 -1 0.6418631 -0.6418635 -0.419551 0.5766607 4.499973e-07 0.8169837 1.231659e-06 5.101702e-07 1 0.9077324 3.275803e-07 0.4195497 0.576659 -3.200351e-07 -0.816985 0 0 -1 0.9077319 -4.926572e-08 -0.4195507 0.4077605 0.4077591 0.8169847 4.603612e-07 4.980889e-08 1 0.641864 0.6418632 0.41955 0.4077598 0.4077598 -0.8169846 0 0 -1 0.6418638 0.6418634 -0.4195501 -0.04719005 -0.235112 0.970822 -0.1792177 -0.1784616 0.9674877 -0.08234025 -0.410527 0.9081232 0 0 1 -0.0005736688 -0.217965 0.9759564 1 0 0 0 0 1 0.0002982998 -0.4247318 0.9053192 1 0 0 -0.002061013 -0.002171271 0.9999955 0 1 0 1 0 0 1 0 0 1 0 0 0 1 0 1 0 0 0 1 0 0 1 0 0 1 0 -0.2038002 -0.0005219019 0.9790124 0 1 0 -0.4082362 -0.007318744 0.912847 -0.9257962 -0.007175498 0.3779549 0 1 0 0 1 0 -0.2318493 -0.05114661 0.9714062 -0.4081232 -0.09240014 0.9082388 -0.9244203 -0.004705965 0.3813462 -0.5974465 0.7806612 0.1833733 0 0 1 -0.2835709 -0.2831012 0.9162102 0 0 1 -0.9814443 -0.003472826 0.1917159 -0.6378249 0.7658078 0.08196227 -1 0 0 -0.6503988 0.7582988 0.04432081 0 0 1 -1 0 0 -0.6641241 0.7476224 0 -1 0 0 -0.6815943 -0.7313965 0.02209798 0 0 1 -0.6754194 -0.7360801 0.04466219 -0.003270767 -0.9995449 0.0299882 0 0 1 -1 0 0 -0.6831862 -0.7300681 0.01603738 0.009791231 -0.001479334 -0.999951 0.525926 -0.8504757 0.009635069 -0.6772171 -0.734789 0.03823884 -0.002364394 -0.9996641 0.02581022 -0.0006701027 -0.04697772 -0.9988957 -0.4094074 -0.9123455 0.003352206 0.01446305 0.0341771 -0.9993111 0.5212779 -0.853387 4.393242e-05 -1 0 0 -0.6744129 -0.7383239 -0.00671007 -0.001777386 -0.007863477 0.9999675 0.5283099 -0.848926 0.01460566 -0.6713774 -0.741111 0.002618958 -0.006409663 -0.02434934 0.999683 0.00016148 -0.9999988 0.001516234 -1 0 0 -0.6754511 -0.7373376 -0.009950917 0 0 -1 -0.409502 -0.9123036 0.003211 0.0006881078 0.001532992 0.9999986 0.5236098 -0.8519445 0.004839262 -1 0 0 -0.6646022 0.7471972 0.0005846323 0 0 -1 -0.9999911 -0.003612144 0.002185624 -0.665028 0.7468176 0.001105855 0 0 -1 -0.9999909 -0.003651171 0.002209238 0 0 -1 0 1 0 0 0 -1 0 0 -1 0 0 -1 0 1 0 0 1 0 -0.9808642 -0.004727334 0.1946359 0 1 0 0 0 -1 0 0 -1 1 0 0 0 0 0 1 0 0 -0.6724684 -0.7401255 -0.0007094603 0.0002466611 -0.9999983 0.001830494 0 0 -1 -0.0001658919 -0.9999999 0.0003084542 0 0 -1 1 0 0 -0.0008282962 -0.004104425 0.9999912 -0.0002494991 -1 0 1 0 0 -0.003350595 -0.999987 0.003848163 0 0 1 1 0 0 -0.003244732 -0.9999878 0.003726579 -0.03384971 -0.02660209 -0.9990728 1 0 0 -0.4093613 -0.9123659 0.003421123 -0.003227476 -0.9999879 0.00370676 0.000578744 0.0006047123 0.9999996 1 0 0 1 0 0 -0.4092665 -0.9124079 0.0035627 -0.003124158 -0.9999887 0.0035881 0.003647743 0.006159393 -0.9999744 0.003233576 -0.9999948 0 -0.007691753 -0.01465905 -0.999863 1 0 0 0.002349128 -0.9999889 0.004078563 0 0 1 1 0 0 -3.170687e-07 0.5766605 0.8169839 0 0 1 -1.004985e-07 0.9077325 0.4195495 0.4077589 0.4077605 0.8169847 -3.753332e-07 2.550849e-07 1 -0.4077598 0.4077595 0.8169848 0 0 1 -0.6418635 0.6418637 0.4195501 -0.5766583 3.314185e-08 0.8169854 0 0 1 -0.9077325 -1.101314e-07 0.4195493 -0.40776 -0.4077596 0.8169846 -2.550851e-07 -3.521979e-08 1 -0.6418639 -0.6418633 0.4195501 -5.982416e-07 -0.3677348 0.9299307 -2.176101e-07 -0.9077324 0.4195495 0.5608815 -0.232324 0.7946304 0.1090499 -0.2632705 0.9585389 0.8496584 -0.3519388 0.3927082 0.3519398 -0.8496578 0.3927085 0.5766605 -7.253236e-08 0.8169839 -1.231661e-06 5.101697e-07 1 0.9077318 -1.191382e-07 0.4195509 0.6418635 0.6418635 0.4195503 0.9077326 -1.754573e-07 -0.4195493 0.5766583 -2.336734e-07 -0.8169854 8.915457e-07 6.946097e-14 -1 0.6418638 0.6418638 -0.4195494 0.8496582 -0.3519393 -0.3927081 0.3519402 -0.8496577 -0.3927084 0.5608811 -0.2323242 -0.7946306 0.1090514 -0.2632708 -0.9585386 2.384878e-07 -0.9077324 -0.4195497 6.192443e-07 -0.3677343 -0.9299309 -0.6418641 -0.6418631 -0.4195501 -0.4077604 -0.4077591 -0.8169847 0 0 -1 -0.9077318 -1.191382e-07 -0.4195509 -0.5766605 1.119525e-09 -0.8169839 0 0 -1 -0.6418635 0.6418635 -0.4195503 -0.4077598 0.4077598 -0.8169846 0 0 -1 3.36286e-08 0.9077324 -0.4195497 -1.265923e-07 0.5766607 -0.8169837 4.457731e-07 8.502824e-08 -1 0.4077602 0.4077613 -0.8169837 1.231658e-06 5.101686e-07 -1 3.950785e-08 2.314807e-15 1 1.580314e-07 -1 -1.418369e-14 1 1.168994e-07 -8.733711e-08 -1.580314e-07 1 0 3.950785e-08 2.314807e-15 1 1 6.916901e-08 -1.455587e-07 -3.950785e-08 -2.314807e-15 -1 1.580314e-07 -1 0 1 6.916887e-08 -1.455587e-07 -1.580314e-07 1 1.418369e-14 -3.950785e-08 -2.314807e-15 -1 1 1.168998e-07 -8.7337e-08 -1.580314e-07 1 3.958698e-14 -3.950785e-08 -2.314807e-15 -1 1 5.859106e-08 -2.505007e-07 -3.950785e-08 -2.314807e-15 -1 1.580314e-07 -1 -2.540328e-14 1 5.859106e-08 -2.505007e-07 3.950785e-08 2.314807e-15 1 1.580314e-07 -1 -3.958698e-14 1 5.859106e-08 -2.505007e-07 -1.580314e-07 1 2.540329e-14 3.950785e-08 2.314807e-15 1 1 5.859106e-08 -2.505007e-07 -1 -5.814215e-08 1.099603e-07 -1.155254e-07 -0.9238788 0.3826853 -1 -5.814246e-08 1.099604e-07 -1.503056e-07 -0.3826814 0.9238804 -1 -5.814257e-08 1.099604e-07 1.364869e-07 0.3826836 0.9238795 -1 -5.814255e-08 1.099604e-07 3.440836e-07 0.9238796 0.3826833 -1 -5.814257e-08 1.099598e-07 -1.166476e-07 -0.3826815 -0.9238803 -1 -5.814253e-08 1.099602e-07 -1.87884e-08 -0.9238787 -0.3826854 -1 -5.814259e-08 1.099603e-07 3.302639e-07 0.9238796 -0.3826833 -1 -5.814255e-08 1.099603e-07 5.958855e-08 0.3826836 -0.9238795 2.33833e-07 0.7071069 -0.7071066 -9.819242e-08 -5.600268e-15 -1 1 8.858694e-08 -1.405951e-07 3.927697e-07 1 -3.782938e-14 2.430139e-07 0.7071069 -0.7071066 1 1.211481e-07 -7.958928e-08 0 -1 0 -2.645339e-07 -0.7071041 -0.7071094 1 6.472497e-08 -1.498598e-07 -3.471619e-07 -0.7071043 -0.7071093 -9.819242e-08 -5.040091e-15 -1 1 7.6541e-08 -2.090584e-07 0 0 1 -9.898242e-08 -0.7071041 0.7071095 1 8.858666e-08 -1.405953e-07 -3.471639e-08 -0.7071042 0.7071094 0 -1 0 1 1.211475e-07 -7.958934e-08 2.685493e-07 0.7071069 0.7071067 3.927697e-07 1 -3.065246e-14 1 6.472539e-08 -1.498601e-07 0 0 1 2.777301e-07 0.7071068 0.7071067 1 7.654124e-08 -2.090585e-07 -3.922923e-06 0.7071039 0.7071096 -5.498777e-06 1 4.291345e-13 1 3.039043e-08 -1.633993e-08 -1 1.444177e-07 1.270982e-07 -3.471641e-08 0.7071038 -0.7071098 2.145672e-13 1 4.370341e-06 -1 3.174269e-07 1.614655e-07 -7.515362e-08 0.3826854 0.9238787 0 0 1 -2.922216e-06 0.7071055 0.707108 1 -2.533741e-08 1.094338e-08 -1 5.814257e-08 1.099603e-07 2.592958e-08 -0.3826835 0.9238795 -1 5.814258e-08 1.099603e-07 -1.87883e-08 -0.9238796 0.3826833 0 0 1 2.7773e-07 -0.7071064 0.7071072 1 2.222108e-08 -1.548799e-07 0 -1 0 3.950785e-08 -7.84818e-16 1 1 2.886923e-08 -1.356485e-07 1.951021e-07 -0.7071065 0.707107 0 -1 0 1 1.348998e-07 -1.017734e-07 0 -1 0 -3.471627e-08 -0.7071065 -0.7071071 1 7.847709e-08 -1.27676e-07 2.954986e-08 -0.7071066 -0.707107 -9.819242e-08 6.010409e-15 -1 1 1.008049e-08 -1.832102e-07 -3.950785e-08 3.47221e-15 -1 0 -1 0 1 -1.745402e-08 -9.867028e-08 -1 5.81427e-08 1.099604e-07 7.794926e-08 -0.9238795 -0.3826834 -1 5.81426e-08 1.099604e-07 5.958855e-08 -0.3826836 -0.9238795 -1 5.814258e-08 1.099598e-07 -9.677295e-08 0.3826815 -0.9238803 -2.082973e-07 0.7071041 -0.7071095 -9.819241e-08 7.560137e-15 -1 1 2.056755e-08 -1.656884e-07 -2.350857e-06 1 2.501917e-06 -1.623929e-07 0.707104 -0.7071096 1 1.348992e-07 -1.017734e-07 -3.950785e-08 2.576413e-15 -1 0 1 0 1 2.886882e-08 -1.356486e-07 0 1 0 3.950786e-08 -3.472211e-15 1 1 -2.272802e-08 1.609612e-09 -3.950786e-08 2.314807e-15 -1 0 1 0 1 -8.570296e-09 -3.664152e-08 -3.950785e-08 3.210604e-15 -1 0 -1 0 1 -5.859106e-08 -2.505007e-07 0 1 0 3.950785e-08 -2.687392e-15 1 1 0 0 0 -1 0 3.950785e-08 0 1 1 -5.002076e-08 -2.138592e-07 -1 1.09483e-06 3.158916e-07 -1.13958e-06 0.7071084 0.7071052 -3.14792e-06 1 1.868425e-06</float_array>
          <technique_common>
            <accessor count="1682" source="#normals-array-array" stride="3">
              <param type="float" name="X"/>
              <param type="float" name="Y"/>
              <param type="float" name="Z"/>
            </accessor>
          </technique_common>
        </source>
        <source id="texcoords-array">
          <float_array count="3364" id="texcoords-array-array">0.395573 0.7519349 0.4048366 0.7557889 0.405345 0.7532415 0.4003568 0.7533897 0.400458 0.7528512 0.387946 0.7595324 0.3892105 0.7692929 0.391763 0.7688109 0.3888409 0.7644128 0.389382 0.7643215 0.3930782 0.7570581 0.3994016 0.7634059 0.3963459 0.7603384 0.1129538 0.7594248 0.1091138 0.7687053 0.1116817 0.7691846 0.1115096 0.7642147 0.1120551 0.7643045 0.1053408 0.7518256 0.0955665 0.7531253 0.09609798 0.7556652 0.1004544 0.7527386 0.1005652 0.753275 0.1078264 0.7569425 0.1014962 0.7632583 0.1045558 0.7602099 0.3880386 0.529743 0.3893104 0.5199832 0.39188 0.5204609 0.3889372 0.5248631 0.3894835 0.5249523 0.3956527 0.5373442 0.4048973 0.5335044 0.4054275 0.5360451 0.400429 0.5358948 0.4005393 0.5364314 0.3931668 0.532226 0.3994987 0.5259095 0.3964383 0.5289581 0.105421 0.5372395 0.09564938 0.5359325 0.09615906 0.5333856 0.1005362 0.5363228 0.100638 0.5357845 0.113047 0.5296436 0.1092311 0.5203665 0.1117822 0.5198832 0.1116116 0.5248551 0.1121519 0.5247632 0.1079156 0.5321171 0.1015937 0.5257699 0.1046485 0.5288373 0.4617358 0.8259869 0.3891741 0.8625199 0.4547053 0.8329402 0.0463035 0.4562446 0.1118158 0.4266564 0.03927375 0.4631964 0.4687167 0.818984 0.4988916 0.7534644 0.09535886 0.682755 0.09538987 0.6062907 0.1002759 0.6063007 0.1002455 0.6827486 0.1051611 0.6063105 0.1051309 0.6827422 0.002110395 0.5357006 0.03229368 0.4701977 0.002037593 0.7532796 0.0329311 0.8183852 0.04651125 0.831898 0.1116453 0.8624117 0.03985956 0.8253084 0.4611506 0.4638527 0.4680797 0.4707776 0.4989174 0.5359006 0.389344 0.4267563 0.4544981 0.4572615 0.1131391 0.5373582 0.3879399 0.5374571 0.1130525 0.7517121 0.3878539 0.7518163 0.07189827 0.394061 0.07189827 0.3413239 0.07630165 0.3413239 0.07630165 0.3940609 0.08070502 0.3413239 0.08070502 0.394061 0.07630165 0.3413239 0.07630165 0.3940609 0.07630165 0.3369205 0.07318802 0.3382101 0.07189827 0.3413239 0.07630165 0.3413239 0.07630165 0.3984642 0.07318802 0.3971746 0.07189827 0.394061 0.07630165 0.3940609 0.3953124 0.1001223 0.1060831 0.1000175 0.3953454 0.009026229 0.106116 0.008921504 0.1060831 0.1000175 0.1060005 0.3285872 0.01490447 0.3285544 0.01498699 0.09998465 0.3952297 0.3286919 0.1060005 0.3285872 0.1059675 0.4196833 0.3951968 0.419788 0.3953124 0.1001223 0.1060831 0.1000175 0.3952297 0.3286919 0.1060005 0.3285872 0.4896252 0.09694088 0.4933773 0.1060083 0.4895401 0.3319415 0.4932988 0.3228767 0.4864085 0.1001551 0.486326 0.3287249 0.3985619 0.00581181 0.3894971 0.002053201 0.1119689 0.001953363 0.102902 0.005705237 0.3953454 0.009026229 0.106116 0.008921504 0.1118158 0.4266564 0.1027509 0.4228976 0.3984109 0.4230044 0.389344 0.4267563 0.1059675 0.4196833 0.3951968 0.419788 0.01168786 0.3317686 0.007935838 0.3227011 0.008014056 0.1058329 0.01177267 0.09676802 0.01490447 0.3285544 0.01498699 0.09998465 0.3953124 0.1001223 0.3952297 0.3286919 0.4864085 0.1001551 0.486326 0.3287249 9.583614 0.8934327 5.578188 0.8934327 9.583614 0.8692032 5.578188 0.8692032 9.583614 0.902994 9.583614 0.8934327 5.578188 0.902994 5.578188 0.8934327 9.583614 0.8934327 5.578188 0.8934327 9.583614 0.8692032 5.578188 0.8692032 9.583614 0.8934327 9.583614 0.8692032 5.578188 0.8692032 5.578188 0.8934327 9.583614 0.8934327 9.583614 0.8692032 5.578188 0.8692032 5.578188 0.8934327 1.765065 0.9246908 -2.240361 0.9246908 1.934798 0.9246908 1.765065 0.94892 -2.240361 0.94892 1.934798 0.94892 2.104528 0.94892 5.238729 0.94892 2.104528 0.9246908 5.238729 0.9246908 5.40846 0.9246908 5.578188 0.9246908 5.40846 0.94892 5.578188 0.94892 -6.053486 0.94892 9.583614 0.94892 -5.883755 0.94892 -6.053486 0.9246908 9.583614 0.9246908 -5.883755 0.9246908 -5.714023 0.9246908 -2.579823 0.9246908 -5.714023 0.94892 -2.579823 0.94892 -2.410091 0.94892 -2.410091 0.9246908 1.765065 0.9246908 -2.240361 0.9246908 1.934798 0.9246908 1.765065 0.8934327 2.104528 0.9246908 5.238729 0.9246908 2.104528 0.8934327 1.934798 0.8934327 5.238729 0.8934327 5.40846 0.8934327 5.578188 0.8934327 5.40846 0.9246908 5.578188 0.9246908 -6.053486 0.9246908 9.583614 0.9246908 -5.883755 0.9246908 -6.053486 0.8934327 9.583614 0.8934327 -5.883755 0.8934327 -5.714023 0.8934327 -2.579823 0.8934327 -5.714023 0.9246908 -2.579823 0.9246908 -2.410091 0.9246908 -2.410091 0.8934327 -2.240361 0.8934327 1.765065 0.8934327 2.104528 0.8934327 1.934798 0.8934327 5.238729 0.8934327 2.104528 0.8692032 1.934798 0.8692032 5.238729 0.8692032 5.40846 0.8692032 5.578188 0.8692032 5.40846 0.8934327 5.578188 0.8934327 -6.053486 0.8934327 9.583614 0.8934327 -5.883755 0.8934327 -6.053486 0.8692032 9.583614 0.8692032 -5.883755 0.8692032 -5.714023 0.8692032 -2.579823 0.8692032 -5.714023 0.8934327 -2.579823 0.8934327 -2.410091 0.8934327 -2.240361 0.8934327 -2.410091 0.8692032 -2.240361 0.8692032 1.765065 0.8692032 0.9451056 0.04441327 0.9256695 0.0491966 0.951272 0.05253881 0.9293436 0.05959046 0.951272 0.05253881 0.9293436 0.05959046 0.9513193 0.07072067 0.936836 0.07369494 0.9516769 0.0928461 0.9407822 0.09291553 0.950789 0.1144583 0.9368635 0.1118011 0.9497194 0.1318482 0.9297083 0.1254565 0.9438719 0.1394046 0.926293 0.1348976 0.9241251 0.1737873 0.9469863 0.1750618 0.9438719 0.1394046 0.926293 0.1348976 0.9497194 0.1318482 0.9297083 0.1254565 0.9451056 0.04441327 0.9256695 0.0491966 0.9241251 0.006795228 0.9490506 0.00588727 0.952799 0.1442866 0.954805 0.0393371 0.9849505 0.04035699 0.9808683 0.1437166 0.9589112 0.05101895 0.9777964 0.05322909 0.9591561 0.0706889 0.973362 0.07172364 0.959492 0.09296149 0.9704652 0.09321314 0.9583796 0.1147636 0.9720187 0.11429 0.956888 0.1336482 0.9746211 0.1315423 0.952799 0.1442866 0.9808683 0.1437166 0.9739434 0.1771052 0.9539952 0.1748378 0.954805 0.0393371 0.9849505 0.04035699 0.9783029 0.004194319 0.9566422 0.0062536 0.9980469 0.05073535 0.993167 0.1345415 0.9850948 0.05612475 0.9811248 0.07318354 0.9782906 0.09352469 0.9793849 0.1134791 0.9815267 0.1292891 0.9867486 0.002517819 0.981711 0.1788254 0.9849505 0.04035699 0.9808683 0.1437166 0.9777964 0.05322909 0.973362 0.07172364 0.9704652 0.09321314 0.9720187 0.11429 0.9746211 0.1315423 0.9783029 0.004194319 0.9739434 0.1771052 0.9438719 0.1394046 0.9451056 0.04441327 0.951272 0.05253881 0.9513193 0.07072067 0.9516769 0.0928461 0.950789 0.1144583 0.9497194 0.1318482 0.9490506 0.00588727 0.9469863 0.1750618 0.952799 0.1442866 0.954805 0.0393371 0.9589112 0.05101895 0.9591561 0.0706889 0.959492 0.09296149 0.9583796 0.1147636 0.956888 0.1336482 0.9566422 0.0062536 0.9539952 0.1748378 0.02100622 0.05653518 0.0396319 0.07673949 0.075804 0.05653518 0.05717825 0.07673949 0.09259583 0.01784229 0.09467772 0.05549145 0.075804 0.01877075 0.075804 0.05653518 0.004214322 0.01784229 0.002132487 0.05549145 0.02100622 0.01877075 0.02100622 0.05653518 0.01104441 0.07259971 0.03354622 0.08655339 0.02100622 0.05653518 0.0396319 0.07673949 0.0396319 0.08828717 0.05717825 0.08828717 0.0396319 0.07673949 0.05717825 0.07673949 0.08576564 0.07259971 0.06326393 0.08655339 0.075804 0.05653518 0.05717825 0.07673949 0.075804 0.001953125 0.02100622 0.001953125 0.075804 0.01877075 0.02100622 0.01877075 0.075804 0.01877075 0.02100622 0.01877075 0.02100622 0.05653518 0.075804 0.05653518 0.02100622 0.05653518 0.0396319 0.07673949 0.075804 0.05653518 0.05717825 0.07673949 0.09259583 0.01784229 0.09467772 0.05549145 0.075804 0.01877075 0.075804 0.05653518 0.004214322 0.01784229 0.002132487 0.05549145 0.02100622 0.01877075 0.02100622 0.05653518 0.01104441 0.07259971 0.03354622 0.08655339 0.02100622 0.05653518 0.0396319 0.07673949 0.0396319 0.08828717 0.05717825 0.08828717 0.0396319 0.07673949 0.05717825 0.07673949 0.08576564 0.07259971 0.06326393 0.08655339 0.075804 0.05653518 0.05717825 0.07673949 0.075804 0.001953125 0.02100622 0.001953125 0.075804 0.01877075 0.02100622 0.01877075 0.075804 0.01877075 0.02100622 0.01877075 0.02100622 0.05653518 0.075804 0.05653518 0.9451056 0.04441327 0.9256695 0.0491966 0.951272 0.05253881 0.9293436 0.05959046 0.951272 0.05253881 0.9293436 0.05959046 0.9513193 0.07072067 0.936836 0.07369494 0.9516769 0.0928461 0.9407822 0.09291553 0.950789 0.1144583 0.9368635 0.1118011 0.9497194 0.1318482 0.9297083 0.1254565 0.9438719 0.1394046 0.926293 0.1348976 0.9241251 0.1737873 0.9469863 0.1750618 0.9438719 0.1394046 0.926293 0.1348976 0.9497194 0.1318482 0.9297083 0.1254565 0.9451056 0.04441327 0.9256695 0.0491966 0.9241251 0.006795228 0.9490506 0.00588727 0.952799 0.1442866 0.954805 0.0393371 0.9849505 0.04035699 0.9808683 0.1437166 0.9589112 0.05101895 0.9777964 0.05322909 0.9591561 0.0706889 0.973362 0.07172364 0.959492 0.09296149 0.9704652 0.09321314 0.9583796 0.1147636 0.9720187 0.11429 0.956888 0.1336482 0.9746211 0.1315423 0.952799 0.1442866 0.9808683 0.1437166 0.9739434 0.1771052 0.9539952 0.1748378 0.954805 0.0393371 0.9849505 0.04035699 0.9783029 0.004194319 0.9566422 0.0062536 0.9980469 0.05073535 0.993167 0.1345415 0.9850948 0.05612475 0.9811248 0.07318354 0.9782906 0.09352469 0.9793849 0.1134791 0.9815267 0.1292891 0.9867486 0.002517819 0.981711 0.1788254 0.9849505 0.04035699 0.9808683 0.1437166 0.9777964 0.05322909 0.973362 0.07172364 0.9704652 0.09321314 0.9720187 0.11429 0.9746211 0.1315423 0.9783029 0.004194319 0.9739434 0.1771052 0.9438719 0.1394046 0.9451056 0.04441327 0.951272 0.05253881 0.9513193 0.07072067 0.9516769 0.0928461 0.950789 0.1144583 0.9497194 0.1318482 0.9490506 0.00588727 0.9469863 0.1750618 0.952799 0.1442866 0.954805 0.0393371 0.9589112 0.05101895 0.9591561 0.0706889 0.959492 0.09296149 0.9583796 0.1147636 0.956888 0.1336482 0.9566422 0.0062536 0.9539952 0.1748378 0.02100622 0.05653518 0.0396319 0.07673949 0.075804 0.05653518 0.05717825 0.07673949 0.09259583 0.01784229 0.09467772 0.05549145 0.075804 0.01877075 0.075804 0.05653518 0.004214322 0.01784229 0.002132487 0.05549145 0.02100622 0.01877075 0.02100622 0.05653518 0.01104441 0.07259971 0.03354622 0.08655339 0.02100622 0.05653518 0.0396319 0.07673949 0.0396319 0.08828717 0.05717825 0.08828717 0.0396319 0.07673949 0.05717825 0.07673949 0.08576564 0.07259971 0.06326393 0.08655339 0.075804 0.05653518 0.05717825 0.07673949 0.075804 0.001953125 0.02100622 0.001953125 0.075804 0.01877075 0.02100622 0.01877075 0.075804 0.01877075 0.02100622 0.01877075 0.02100622 0.05653518 0.075804 0.05653518 0.02100622 0.05653518 0.0396319 0.07673949 0.075804 0.05653518 0.05717825 0.07673949 0.09259583 0.01784229 0.09467772 0.05549145 0.075804 0.01877075 0.075804 0.05653518 0.004214322 0.01784229 0.002132487 0.05549145 0.02100622 0.01877075 0.02100622 0.05653518 0.01104441 0.07259971 0.03354622 0.08655339 0.02100622 0.05653518 0.0396319 0.07673949 0.0396319 0.08828717 0.05717825 0.08828717 0.0396319 0.07673949 0.05717825 0.07673949 0.08576564 0.07259971 0.06326393 0.08655339 0.075804 0.05653518 0.05717825 0.07673949 0.075804 0.001953125 0.02100622 0.001953125 0.075804 0.01877075 0.02100622 0.01877075 0.075804 0.01877075 0.02100622 0.01877075 0.02100622 0.05653518 0.075804 0.05653518 0.01805377 0.7972519 0.001953141 0.7972519 0.001953162 0.7813643 0.01805377 0.7929206 0.008073779 0.7972519 0.008073779 0.7929206 0.008073779 0.7813644 0.5034252 0.02302271 0.503536 0.04509538 0.4825864 0.02311945 0.4827002 0.04520899 0.4081968 0.054079 0.4143209 0.06015813 0.4290353 0.04533446 0.4229112 0.0392552 0.001953141 0.7599671 0.001953141 0.7758548 0.01805377 0.7642987 0.01805377 0.7599671 0.008073779 0.7642987 0.008073779 0.7758548 0.4825515 0.001959562 0.4288288 0.002173841 0.4825864 0.02311945 0.4289545 0.02318764 0.4543571 0.02312684 0.4599114 0.02313411 0.437934 0.0231455 0.4434506 0.02313423 0.4598937 0.007112026 0.4434052 0.007179976 0.4378707 0.007209182 0.4543408 0.007139921 0.4826688 0.06632733 0.4291158 0.06632733 0.4827002 0.04520899 0.4290353 0.04533446 0.4825864 0.02311945 0.422881 0.02932364 0.4289545 0.02318764 0.4827002 0.04520899 0.4290353 0.04533446 0.4229112 0.0392552 0.4544829 0.03880924 0.4434859 0.03912044 0.4380025 0.03916925 0.4543571 0.02312684 0.4599114 0.02313411 0.437934 0.0231455 0.4434506 0.02313423 0.4379477 0.02926499 0.460609 0.03893095 0.02960991 0.7758548 0.02960991 0.7813644 0.0196299 0.7758548 0.0196299 0.7813644 0.4544829 0.03880924 0.4580472 0.03586894 0.4566497 0.03625834 0.460609 0.03893095 0.03394145 0.7758548 0.03394145 0.7813644 0.02960991 0.7758548 0.02960991 0.7813644 0.4020313 0.02938688 0.4020613 0.03931844 0.422881 0.02932364 0.4229112 0.0392552 0.4140859 0.008481562 0.4080106 0.0146262 0.422881 0.02932364 0.4289545 0.02318764 0.01805377 0.7599671 0.001953141 0.7599671 0.001953141 0.7758548 0.01805377 0.7642987 0.008073779 0.7642987 0.008073779 0.7758548 0.0196299 0.7758548 0.0196299 0.7813644 0.008073779 0.7758548 0.008073779 0.7813644 0.001953141 0.7758548 0.001953162 0.7813643 0.008073779 0.7758548 0.008073779 0.7813644 0.9661608 0.3746161 0.9483116 0.3746161 0.9661608 0.3518971 0.9483116 0.3518971 0.9661608 0.3518971 0.9483116 0.3518971 0.9661608 0.3291779 0.9483116 0.3291779 0.9661608 0.3291779 0.9483116 0.3291779 0.9661608 0.3064589 0.9483116 0.3064589 0.9661608 0.4427736 0.9483116 0.4427736 0.9661608 0.4200546 0.9483116 0.4200546 0.9089609 0.3291779 0.9286363 0.3405375 0.9483116 0.3291779 0.9483116 0.3064589 0.9286363 0.2950993 0.9089609 0.3064589 0.9661608 0.4200546 0.9483116 0.4200546 0.9661608 0.3973352 0.9483116 0.3973352 0.9661608 0.3746161 0.9483116 0.3746161 0.9661608 0.3973352 0.9483116 0.3973352 0.7298361 0.8083577 0.7266058 0.8165781 0.7386196 0.810066 0.729603 0.7954871 0.73855 0.7954041 0.7059784 0.7962604 0.7074845 0.8200209 0.7068213 0.8286115 0.7185612 0.8200512 0.7204052 0.8287574 0.7332192 0.8230283 0.7304964 0.7992346 0.73855 0.7954041 0.706845 0.7994108 0.7299613 0.7966173 0.7366527 0.7938044 0.7068307 0.7967395 0.7392752 0.7638318 0.7419469 0.7638185 0.7614693 0.7637216 0.7615157 0.7736103 0.7419974 0.7737167 0.7420153 0.78707 0.7393254 0.7737307 0.739395 0.7870837 0.7615828 0.7874966 0.7616255 0.7952806 0.7059784 0.7962604 0.7033953 0.7964307 0.7049507 0.8200223 0.7042851 0.8273486 0.7074845 0.8200209 0.7068213 0.8286115 0.8558335 0.7963101 0.8532254 0.7871999 0.830956 0.7953343 0.8311104 0.7869428 0.8311914 0.7635844 0.8525188 0.7635031 0.8692483 0.7941038 0.8558335 0.7963101 0.8532254 0.7871999 0.8525188 0.7635031 0.8663654 0.7630515 0.8671033 0.7853989 0.8198352 0.7951989 0.7970971 0.7950525 0.8197581 0.7867172 0.7972457 0.7873148 0.7386196 0.810066 0.73855 0.7954041 0.7204052 0.8287574 0.7332192 0.8230283 0.7355029 0.847819 0.7465512 0.8476701 0.7617183 0.8308303 0.7616255 0.7952806 0.002483467 0.4986992 0.01608251 0.4988207 0.002111236 0.5064272 0.01573181 0.5069782 0.8714483 0.7924473 0.8692483 0.7941038 0.8663654 0.7630515 0.8690183 0.7629688 0.8695512 0.7855471 0.8671033 0.7853989 0.007412332 0.4886581 0.01926865 0.4831505 0.01608251 0.4988207 0.03767686 0.4993828 0.02802007 0.498583 0.03955433 0.4883261 0.8196175 0.7735384 0.7971522 0.7732537 0.8197446 0.7635962 0.797149 0.7635862 0.7459701 0.7114577 0.7345607 0.7115144 0.7205405 0.7274179 0.7064723 0.7274369 0.7200323 0.7300411 0.7335474 0.7355603 0.7064857 0.7301086 0.7392012 0.7490199 0.7392752 0.7638318 0.7419469 0.7638185 0.7613002 0.728026 0.7614693 0.7637216 0.830956 0.7953343 0.8311104 0.7869428 0.8198352 0.7951989 0.8197581 0.7867172 0.8196175 0.7735384 0.8197446 0.7635962 0.8311914 0.7635844 0.7971522 0.7732537 0.797149 0.7635862 0.7614693 0.7637216 0.7615157 0.7736103 0.03785938 0.5072742 0.03767686 0.4993828 0.02793288 0.5079945 0.02802007 0.498583 0.01608251 0.4988207 0.01573181 0.5069782 0.02793288 0.5079945 0.02802007 0.498583 0.7970971 0.7950525 0.7972457 0.7873148 0.7615828 0.7874966 0.7616255 0.7952806 0.8366073 0.7334898 0.9095814 0.6914709 0.8365944 0.7385839 0.8214958 0.7337825 0.9221432 0.7017411 0.8517311 0.7331705 0.8934367 0.6930913 0.851723 0.7382689 0.8668625 0.7328466 0.8831664 0.7056531 0.8668551 0.7379522 0.882024 0.7325116 0.8847868 0.7217979 0.8820267 0.7376579 0.8973486 0.7320681 0.8975167 0.7374458 0.7902471 0.7319796 0.9134933 0.7304478 0.7877279 0.7374098 0.9158378 0.7364085 0.8064238 0.7338709 0.9237636 0.7178859 0.8061176 0.7389154 0.82145 0.7388641 0.8057429 0.7468072 0.8059109 0.7521849 0.9231138 0.7650495 0.8212329 0.7465951 0.7874218 0.7478446 0.9155318 0.746843 0.7897663 0.7538053 0.9130126 0.7522734 0.897142 0.7453376 0.8968357 0.7503821 0.8818097 0.745389 0.8817639 0.7504706 0.8840597 0.7604833 0.8666652 0.7456691 0.8666524 0.7507633 0.8821684 0.77666 0.8515367 0.7459843 0.8515285 0.7510825 0.8922696 0.7894361 0.8364044 0.7463008 0.836397 0.7514064 0.9084464 0.7913275 0.8212355 0.7517415 0.9212224 0.7812263 0.7298361 0.8083577 0.7266058 0.8165781 0.7386196 0.810066 0.729603 0.7954871 0.73855 0.7954041 0.7059784 0.7962604 0.7074845 0.8200209 0.7068213 0.8286115 0.7185612 0.8200512 0.7204052 0.8287574 0.7332192 0.8230283 0.7304964 0.7992346 0.73855 0.7954041 0.706845 0.7994108 0.7299613 0.7966173 0.7366527 0.7938044 0.7068307 0.7967395 0.7392752 0.7638318 0.7419469 0.7638185 0.7614693 0.7637216 0.7615157 0.7736103 0.7419974 0.7737167 0.7420153 0.78707 0.7393254 0.7737307 0.739395 0.7870837 0.7615828 0.7874966 0.7616255 0.7952806 0.7059784 0.7962604 0.7033953 0.7964307 0.7049507 0.8200223 0.7042851 0.8273486 0.7074845 0.8200209 0.7068213 0.8286115 0.7386196 0.810066 0.73855 0.7954041 0.7204052 0.8287574 0.7332192 0.8230283 0.7355029 0.847819 0.7465512 0.8476701 0.7617183 0.8308303 0.7616255 0.7952806 0.8558335 0.7963101 0.8532254 0.7871999 0.830956 0.7953343 0.8311104 0.7869428 0.8311914 0.7635844 0.8525188 0.7635031 0.8692483 0.7941038 0.8558335 0.7963101 0.8532254 0.7871999 0.8525188 0.7635031 0.8663654 0.7630515 0.8671033 0.7853989 0.8714483 0.7924473 0.8692483 0.7941038 0.8663654 0.7630515 0.8690183 0.7629688 0.8695512 0.7855471 0.8671033 0.7853989 0.8198352 0.7951989 0.7970971 0.7950525 0.8197581 0.7867172 0.7972457 0.7873148 0.007412332 0.4886581 0.01926865 0.4831505 0.01608251 0.4988207 0.03767686 0.4993828 0.02802007 0.498583 0.03955433 0.4883261 0.002483467 0.4986992 0.01608251 0.4988207 0.002111236 0.5064272 0.01573181 0.5069782 0.830956 0.7953343 0.8311104 0.7869428 0.8198352 0.7951989 0.8197581 0.7867172 0.8196175 0.7735384 0.8197446 0.7635962 0.8311914 0.7635844 0.006273892 0.5172033 0.01833012 0.5233032 0.01573181 0.5069782 0.03955433 0.518793 0.03785938 0.5072742 0.02793288 0.5079945 0.8196175 0.7735384 0.7971522 0.7732537 0.8197446 0.7635962 0.797149 0.7635862 0.7459701 0.7114577 0.7345607 0.7115144 0.7205405 0.7274179 0.7064723 0.7274369 0.7200323 0.7300411 0.7335474 0.7355603 0.7064857 0.7301086 0.7392012 0.7490199 0.7392752 0.7638318 0.7419469 0.7638185 0.7613002 0.728026 0.7614693 0.7637216 0.7971522 0.7732537 0.797149 0.7635862 0.7614693 0.7637216 0.7615157 0.7736103 0.03785938 0.5072742 0.03767686 0.4993828 0.02793288 0.5079945 0.02802007 0.498583 0.01608251 0.4988207 0.01573181 0.5069782 0.02793288 0.5079945 0.02802007 0.498583 0.7970971 0.7950525 0.7972457 0.7873148 0.7615828 0.7874966 0.7616255 0.7952806 0.8366073 0.7334898 0.9095814 0.6914709 0.8365944 0.7385839 0.8214958 0.7337825 0.9221432 0.7017411 0.8517311 0.7331705 0.8934367 0.6930913 0.851723 0.7382689 0.8668625 0.7328466 0.8831664 0.7056531 0.8668551 0.7379522 0.882024 0.7325116 0.8847868 0.7217979 0.8820267 0.7376579 0.8973486 0.7320681 0.8975167 0.7374458 0.7902471 0.7319796 0.9134933 0.7304478 0.7877279 0.7374098 0.9158378 0.7364085 0.8064238 0.7338709 0.9237636 0.7178859 0.8061176 0.7389154 0.82145 0.7388641 0.8057429 0.7468072 0.8059109 0.7521849 0.9231138 0.7650495 0.8212329 0.7465951 0.7874218 0.7478446 0.9155318 0.746843 0.7897663 0.7538053 0.9130126 0.7522734 0.897142 0.7453376 0.8968357 0.7503821 0.8818097 0.745389 0.8817639 0.7504706 0.8840597 0.7604833 0.8666652 0.7456691 0.8666524 0.7507633 0.8821684 0.77666 0.8515367 0.7459843 0.8515285 0.7510825 0.8922696 0.7894361 0.8364044 0.7463008 0.836397 0.7514064 0.9084464 0.7913275 0.8212355 0.7517415 0.9212224 0.7812263 0.02960991 0.7758548 0.02960991 0.7813644 0.0196299 0.7758548 0.0196299 0.7813644 0.01805377 0.7972519 0.001953141 0.7972519 0.01805377 0.7929206 0.001953162 0.7813643 0.008073779 0.7929206 0.008073779 0.7813644 0.0196299 0.7758548 0.0196299 0.7813644 0.008073779 0.7758548 0.008073779 0.7813644 0.001953141 0.7758548 0.001953162 0.7813643 0.008073779 0.7758548 0.008073779 0.7813644 0.006273892 0.5172033 0.01833012 0.5233032 0.01573181 0.5069782 0.03955433 0.518793 0.03785938 0.5072742 0.02793288 0.5079945 0.5636787 0.4213185 0.5637717 0.4207768 0.5588386 0.4209343 0.5593255 0.4183826 0.5685171 0.4222242 0.8567005 0.4138671 0.8597275 0.4108563 0.8534638 0.4171 0.8606524 0.4207227 0.8607661 0.4212548 0.8650678 0.4183522 0.8656061 0.4208683 0.8559278 0.4221623 0.849272 0.4098086 0.8498157 0.4098949 0.8496388 0.404976 0.8521938 0.405444 0.848385 0.4146416 0.5760669 0.4147002 0.5722842 0.405542 0.5748088 0.4050353 0.5746421 0.4099677 0.5751777 0.4098676 0.5709938 0.4171492 0.564766 0.4108611 0.5677692 0.4139001 0.8559912 0.63468 0.8651673 0.6384917 0.8656701 0.6359687 0.8607296 0.6361185 0.8608298 0.6355851 0.8484424 0.6422083 0.8497009 0.6518735 0.8522282 0.6513948 0.8493318 0.6470408 0.8498673 0.6469504 0.8535236 0.6397551 0.8597888 0.6460376 0.8567614 0.6430017 0.5761169 0.64228 0.5723125 0.6514513 0.5748633 0.6519459 0.5746863 0.6470177 0.5752299 0.6471129 0.5685717 0.6347622 0.5588914 0.6360571 0.5594142 0.6386008 0.5637324 0.6356704 0.5638391 0.6362103 0.5710449 0.6398258 0.5648153 0.6460782 0.5678201 0.6430622 0.5295677 0.3759077 0.5108209 0.2934453 0.5658185 0.3484517 0.5058149 0.4207869 0.522988 0.382587 0.5071042 0.284467 0.5365005 0.3690071 0.5747976 0.3521685 0.5747976 0.3521685 0.8495494 0.001953304 0.8497149 0.7047417 0.8882608 0.6886265 0.8585283 0.005670071 0.9135217 0.06067306 0.8953301 0.6816784 0.9172387 0.06965095 0.9022976 0.674629 0.9187033 0.6361136 0.510782 0.06075776 0.5657449 0.005733907 0.5303653 0.6806562 0.5070688 0.06973583 0.5058481 0.6362308 0.5238369 0.6741165 0.8945426 0.3755676 0.8586053 0.3483884 0.9135726 0.2933617 0.901461 0.3824732 0.9186136 0.4207045 0.9172856 0.2843828 0.8496274 0.3521094 0.8878461 0.3690141 0.8496274 0.3521094 0.5747226 0.002013147 0.5369292 0.6871602 0.5748773 0.7048138 0.5762107 0.6346426 0.8483465 0.6345669 0.8482915 0.4222804 0.5761634 0.4223393 0.8554038 0.2902099 0.8554038 0.2902099 0.8554038 0.2902099 0.5689947 0.2902719 0.5689947 0.2902719 0.5689947 0.2902719 0.8553522 0.06384921 0.8553522 0.06384921 0.8553522 0.06384921 0.5689464 0.06391203 0.5689464 0.06391203 0.5689464 0.06391203 0.5140102 0.2902576 0.5140102 0.2902576 0.5690066 0.3452623 0.5690066 0.3452623 0.8553402 0.008859575 0.8553402 0.008859575 0.9103329 0.06386089 0.9103329 0.06386089 0.8554156 0.3452003 0.9103825 0.2901754 0.9103825 0.2901754 0.8554156 0.3452003 0.5689344 0.00892204 0.5139716 0.06394416 0.5139716 0.06394416 0.5689344 0.00892204 1.765065 0.9246908 1.765065 0.9246908 -2.240361 0.9246908 -2.240361 0.9246908 2.104528 0.9246908 2.104528 0.9246908 1.934798 0.9246908 1.934798 0.9246908 -5.883755 0.9246908 -5.883755 0.9246908 5.578188 0.9246908 5.578188 0.9246908 -6.053486 0.9246908 9.583614 0.9246908 -6.053486 0.9246908 9.583614 0.9246908 5.238729 0.9246908 5.238729 0.9246908 5.40846 0.9246908 5.40846 0.9246908 -5.714023 0.9246908 -5.714023 0.9246908 -2.579823 0.9246908 -2.579823 0.9246908 -2.410091 0.9246908 -2.410091 0.9246908 -2.410091 0.8934327 -2.410091 0.8934327 -2.579823 0.8934327 -2.579823 0.8934327 5.578188 0.8934327 5.578188 0.8934327 2.104528 0.8934327 2.104528 0.8934327 1.765065 0.8934327 1.765065 0.8934327 -5.714023 0.8934327 -5.714023 0.8934327 -6.053486 0.8934327 9.583614 0.8934327 -6.053486 0.8934327 9.583614 0.8934327 -5.883755 0.8934327 -5.883755 0.8934327 1.934798 0.8934327 1.934798 0.8934327 5.238729 0.8934327 5.238729 0.8934327 5.40846 0.8934327 5.40846 0.8934327 -2.240361 0.8934327 -2.240361 0.8934327 1.765065 0.94892 -2.240361 0.94892 2.104528 0.94892 1.934798 0.94892 -5.883755 0.94892 5.578188 0.94892 -6.053486 0.94892 9.583614 0.94892 5.238729 0.94892 5.40846 0.94892 -5.714023 0.94892 -2.579823 0.94892 -2.410091 0.94892 -2.410091 0.8692032 -2.579823 0.8692032 5.578188 0.8692032 2.104528 0.8692032 1.765065 0.8692032 -5.714023 0.8692032 -6.053486 0.8692032 9.583614 0.8692032 -5.883755 0.8692032 1.934798 0.8692032 5.238729 0.8692032 5.40846 0.8692032 -2.240361 0.8692032 9.583614 0.902994 9.583614 0.8934327 9.583614 0.8934327 9.583614 0.8934327 9.583614 0.8934327 5.578188 0.8934327 5.578188 0.8692032 5.578188 0.8692032 9.583614 0.8692032 5.578188 0.8692032 9.583614 0.8692032 5.578188 0.8692032 9.583614 0.8692032 9.583614 0.8692032 5.578188 0.8934327 5.578188 0.8934327 5.578188 0.8934327 5.578188 0.902994 9.583614 0.8934327 5.578188 0.8934327 0.7298361 0.8083577 0.02802007 0.498583 0.02802007 0.498583 0.02802007 0.498583 0.7386196 0.810066 0.7386196 0.810066 0.7185612 0.8200512 0.8532254 0.7871999 0.8532254 0.7871999 0.7204052 0.8287574 0.8558335 0.7963101 0.7204052 0.8287574 0.8558335 0.7963101 0.7266058 0.8165781 0.01608251 0.4988207 0.01608251 0.4988207 0.01608251 0.4988207 0.7332192 0.8230283 0.7332192 0.8230283 0.02793288 0.5079945 0.02793288 0.5079945 0.02793288 0.5079945 0.01573181 0.5069782 0.01573181 0.5069782 0.01573181 0.5069782 0.7074845 0.8200209 0.7074845 0.8200209 0.8671033 0.7853989 0.8671033 0.7853989 0.7068213 0.8286115 0.8692483 0.7941038 0.7068213 0.8286115 0.8692483 0.7941038 0.7304964 0.7992346 0.729603 0.7954871 0.7420153 0.78707 0.03767686 0.4993828 0.03767686 0.4993828 0.73855 0.7954041 0.73855 0.7954041 0.73855 0.7954041 0.7419974 0.7737167 0.03785938 0.5072742 0.03785938 0.5072742 0.706845 0.7994108 0.7059784 0.7962604 0.7059784 0.7962604 0.7049507 0.8200223 0.8695512 0.7855471 0.7042851 0.8273486 0.8714483 0.7924473 0.7299613 0.7966173 0.739395 0.7870837 0.7366527 0.7938044 0.7393254 0.7737307 0.7068307 0.7967395 0.7033953 0.7964307 0.7205405 0.7274179 0.8525188 0.7635031 0.8525188 0.7635031 0.7064723 0.7274369 0.8663654 0.7630515 0.8663654 0.7630515 0.7419469 0.7638185 0.7419469 0.7638185 0.7392012 0.7490199 0.7335474 0.7355603 0.7200323 0.7300411 0.7064857 0.7301086 0.8690183 0.7629688 0.7392752 0.7638318 0.7392752 0.7638318 0.7617183 0.8308303 0.7970971 0.7950525 0.7970971 0.7950525 0.7465512 0.8476701 0.8198352 0.7951989 0.8198352 0.7951989 0.002483467 0.4986992 0.007412332 0.4886581 0.8197581 0.7867172 0.8197581 0.7867172 0.01926865 0.4831505 0.7972457 0.7873148 0.7972457 0.7873148 0.7971522 0.7732537 0.01833012 0.5233032 0.7971522 0.7732537 0.002111236 0.5064272 0.006273892 0.5172033 0.8196175 0.7735384 0.8196175 0.7735384 0.7616255 0.7952806 0.7616255 0.7952806 0.7616255 0.7952806 0.7615828 0.7874966 0.03955433 0.4883261 0.7615828 0.7874966 0.7615157 0.7736103 0.7615157 0.7736103 0.03955433 0.518793 0.7613002 0.728026 0.797149 0.7635862 0.797149 0.7635862 0.7614693 0.7637216 0.7614693 0.7637216 0.7614693 0.7637216 0.7459701 0.7114577 0.8197446 0.7635962 0.8197446 0.7635962 0.7355029 0.847819 0.830956 0.7953343 0.830956 0.7953343 0.8311104 0.7869428 0.8311104 0.7869428 0.7345607 0.7115144 0.8311914 0.7635844 0.8311914 0.7635844 0.8366073 0.7334898 0.9095814 0.6914709 0.8365944 0.7385839 0.836397 0.7514064 0.9084464 0.7913275 0.8364044 0.7463008 0.8214958 0.7337825 0.9221432 0.7017411 0.82145 0.7388641 0.8212355 0.7517415 0.9212224 0.7812263 0.8212329 0.7465951 0.8064238 0.7338709 0.9237636 0.7178859 0.8061176 0.7389154 0.8059109 0.7521849 0.9231138 0.7650495 0.8057429 0.7468072 0.7902471 0.7319796 0.9134933 0.7304478 0.7877279 0.7374098 0.9158378 0.7364085 0.7897663 0.7538053 0.9130126 0.7522734 0.7874218 0.7478446 0.9155318 0.746843 0.8973486 0.7320681 0.8975167 0.7374458 0.8968357 0.7503821 0.897142 0.7453376 0.882024 0.7325116 0.8847868 0.7217979 0.8820267 0.7376579 0.8817639 0.7504706 0.8840597 0.7604833 0.8818097 0.745389 0.8668625 0.7328466 0.8831664 0.7056531 0.8668551 0.7379522 0.8666524 0.7507633 0.8821684 0.77666 0.8666652 0.7456691 0.8517311 0.7331705 0.8934367 0.6930913 0.851723 0.7382689 0.8515285 0.7510825 0.8922696 0.7894361 0.8515367 0.7459843 0.7298361 0.8083577 0.7266058 0.8165781 0.7386196 0.810066 0.7386196 0.810066 0.729603 0.7954871 0.7304964 0.7992346 0.73855 0.7954041 0.73855 0.7954041 0.73855 0.7954041 0.7059784 0.7962604 0.7059784 0.7962604 0.706845 0.7994108 0.7299613 0.7966173 0.7366527 0.7938044 0.7033953 0.7964307 0.7068307 0.7967395 0.7049507 0.8200223 0.7042851 0.8273486 0.8714483 0.7924473 0.7074845 0.8200209 0.7074845 0.8200209 0.7068213 0.8286115 0.8692483 0.7941038 0.7068213 0.8286115 0.8692483 0.7941038 0.7185612 0.8200512 0.7204052 0.8287574 0.8558335 0.7963101 0.8558335 0.7963101 0.7204052 0.8287574 0.7332192 0.8230283 0.7332192 0.8230283 0.8532254 0.7871999 0.8532254 0.7871999 0.830956 0.7953343 0.830956 0.7953343 0.7355029 0.847819 0.8311104 0.7869428 0.8311104 0.7869428 0.8198352 0.7951989 0.8198352 0.7951989 0.7465512 0.8476701 0.7970971 0.7950525 0.7970971 0.7950525 0.7617183 0.8308303 0.8197581 0.7867172 0.8197581 0.7867172 0.007412332 0.4886581 0.002483467 0.4986992 0.7972457 0.7873148 0.7972457 0.7873148 0.01926865 0.4831505 0.01608251 0.4988207 0.01608251 0.4988207 0.01608251 0.4988207 0.8196175 0.7735384 0.8196175 0.7735384 0.006273892 0.5172033 0.002111236 0.5064272 0.7971522 0.7732537 0.01833012 0.5233032 0.7971522 0.7732537 0.8197446 0.7635962 0.8197446 0.7635962 0.7459701 0.7114577 0.01573181 0.5069782 0.01573181 0.5069782 0.01573181 0.5069782 0.8311914 0.7635844 0.8311914 0.7635844 0.7345607 0.7115144 0.8525188 0.7635031 0.8525188 0.7635031 0.7205405 0.7274179 0.8663654 0.7630515 0.7064723 0.7274369 0.8663654 0.7630515 0.7200323 0.7300411 0.7335474 0.7355603 0.7064857 0.7301086 0.8690183 0.7629688 0.8695512 0.7855471 0.8671033 0.7853989 0.8671033 0.7853989 0.7392012 0.7490199 0.7392752 0.7638318 0.7392752 0.7638318 0.7419469 0.7638185 0.7419469 0.7638185 0.797149 0.7635862 0.797149 0.7635862 0.7613002 0.728026 0.7614693 0.7637216 0.7614693 0.7637216 0.7614693 0.7637216 0.03955433 0.518793 0.7615157 0.7736103 0.7615157 0.7736103 0.03785938 0.5072742 0.03785938 0.5072742 0.7419974 0.7737167 0.03767686 0.4993828 0.03767686 0.4993828 0.7420153 0.78707 0.02793288 0.5079945 0.02793288 0.5079945 0.02793288 0.5079945 0.7393254 0.7737307 0.739395 0.7870837 0.02802007 0.498583 0.02802007 0.498583 0.02802007 0.498583 0.7615828 0.7874966 0.03955433 0.4883261 0.7615828 0.7874966 0.7616255 0.7952806 0.7616255 0.7952806 0.7616255 0.7952806 0.8366073 0.7334898 0.9095814 0.6914709 0.8365944 0.7385839 0.8214958 0.7337825 0.9221432 0.7017411 0.8517311 0.7331705 0.8934367 0.6930913 0.851723 0.7382689 0.8668625 0.7328466 0.8831664 0.7056531 0.8668551 0.7379522 0.882024 0.7325116 0.8847868 0.7217979 0.8820267 0.7376579 0.8973486 0.7320681 0.8975167 0.7374458 0.7902471 0.7319796 0.9134933 0.7304478 0.7877279 0.7374098 0.9158378 0.7364085 0.8064238 0.7338709 0.9237636 0.7178859 0.8061176 0.7389154 0.82145 0.7388641 0.8057429 0.7468072 0.8059109 0.7521849 0.9231138 0.7650495 0.8212329 0.7465951 0.7874218 0.7478446 0.9155318 0.746843 0.7897663 0.7538053 0.9130126 0.7522734 0.897142 0.7453376 0.8968357 0.7503821 0.8818097 0.745389 0.8817639 0.7504706 0.8840597 0.7604833 0.8666652 0.7456691 0.8666524 0.7507633 0.8821684 0.77666 0.8515367 0.7459843 0.8515285 0.7510825 0.8922696 0.7894361 0.8364044 0.7463008 0.836397 0.7514064 0.9084464 0.7913275 0.8212355 0.7517415 0.9212224 0.7812263 0.03404648 0.455127 0.02184771 0.4673259 0.05213131 0.340654 0.02184771 0.4100258 0.03404648 0.4222246 0.05213133 0.3735564 0.001953149 0.455127 0.01415195 0.4673259 0.0598271 0.340654 0.01415195 0.4100258 0.001953127 0.4222246 0.0598271 0.3735564 0.01415195 0.4222246 0.01415195 0.4222246 0.01415195 0.4222246 0.01415195 0.455127 0.01415195 0.455127 0.01415195 0.455127 0.02184771 0.455127 0.02184771 0.455127 0.02184771 0.455127 0.02184771 0.4222246 0.02184771 0.4222246 0.02184771 0.4222246 0.01483114 0.3935276 0.01483114 0.3935276 0.01176954 0.3904659 0.01176954 0.3904659 0.01176954 0.3529083 0.01176954 0.3529083 0.01483114 0.3498465 0.01483114 0.3498465 0.03024376 0.3904659 0.03024376 0.3904659 0.02718216 0.3935276 0.02718216 0.3935276 0.02718216 0.3498465 0.02718216 0.3498465 0.03024376 0.3529083 0.03024376 0.3529083 0.03718505 0.3459669 0.04006017 0.3529083 0.06521633 0.3758841 0.02718216 0.3400302 0.03412344 0.3429053 0.06215475 0.3789458 0.02718216 0.4033439 0.03412344 0.4004688 0.06215472 0.3352647 0.03718499 0.3974072 0.04006017 0.3904659 0.0652163 0.3383262 0.001953125 0.3904659 0.004828305 0.3974072 0.04674211 0.3383262 0.00788985 0.4004688 0.01483114 0.4033439 0.04980369 0.3352647 0.007889908 0.3429053 0.0148312 0.3400302 0.04980369 0.3789458 0.001953125 0.3529083 0.004828305 0.3459669 0.04674211 0.3758841 0.00788985 0.4004688 0.0148312 0.3400302 0.04980369 0.3352647 0.02718216 0.3935276 0.02718216 0.3935276 0.02718216 0.3498465 0.01176954 0.3904659 0.01176954 0.3904659 0.001953125 0.3904659 0.004828305 0.3974072 0.04674211 0.3383262 0.01176954 0.3529083 0.01176954 0.3529083 0.01483114 0.3498465 0.01483114 0.3498465 0.001953125 0.3529083 0.004828305 0.3459669 0.04674211 0.3758841 0.02184771 0.4100258 0.03404648 0.4222246 0.05213133 0.3735564 0.007889908 0.3429053 0.0148312 0.3400302 0.04980369 0.3789458 0.02718216 0.3400302 0.03412344 0.3429053 0.06215475 0.3789458 0.03718505 0.3459669 0.04006017 0.3529083 0.06521633 0.3758841 0.001953127 0.4222246 0.01415195 0.4100258 0.0598271 0.3735564 0.02718216 0.3498465 0.02718216 0.3498465 0.03024376 0.3529083 0.03024376 0.3529083 0.03024376 0.3904659 0.03024376 0.3904659 0.03718499 0.3974072 0.04006017 0.3904659 0.0652163 0.3383262 0.02718216 0.3400302 0.03412344 0.4004688 0.06215472 0.3352647 0.001953149 0.455127 0.01415195 0.4673259 0.0598271 0.340654 0.02184771 0.4673259 0.03404648 0.455127 0.05213131 0.340654 0.01415195 0.455127 0.01415195 0.455127 0.01415195 0.455127 0.01415195 0.4222246 0.01415195 0.4222246 0.01415195 0.4222246 0.02184771 0.455127 0.02184771 0.455127 0.02184771 0.455127 0.02184771 0.4222246 0.02184771 0.4222246 0.02184771 0.4222246 0.01483114 0.3935276 0.01483114 0.3935276 0.01483114 0.3498465</float_array>
          <technique_common>
            <accessor count="1682" source="#texcoords-array-array" stride="2">
              <param type="float" name="S"/>
              <param type="float" name="T"/>
            </accessor>
          </technique_common>
        </source>
        <vertices id="verts-array-vertices">
          <input semantic="POSITION" source="#verts-array"/>
        </vertices>
        <triangles count="1354" material="material0">
          <input offset="0" semantic="VERTEX" source="#verts-array-vertices"/>
          <input offset="1" semantic="NORMAL" source="#normals-array"/>
          <input offset="2" semantic="TEXCOORD" source="#texcoords-array"/>
          <p>6 6 6 53 53 53 71 71 71 6 6 6 71 71 71 15 15 15 80 80 80 13 13 13 23 23 23 80 80 80 23 23 23 18 18 18 70 70 70 72 72 72 24 24 24 70 70 70 24 24 24 14 14 14 77 77 77 73 73 73 37 37 37 77 77 77 37 37 37 28 28 28 72 72 72 69 69 69 20 20 20 72 72 72 20 20 20 24 24 24 57 57 57 55 55 55 45 45 45 57 57 57 45 45 45 50 50 50 56 56 56 76 76 76 27 27 27 56 56 56 27 27 27 46 46 46 18 18 18 23 23 23 25 25 25 18 18 18 25 25 25 22 22 22 22 22 22 25 25 25 24 24 24 22 22 22 24 24 24 20 20 20 23 23 23 13 13 13 16 16 16 23 23 23 16 16 16 25 25 25 25 25 25 16 16 16 14 14 14 25 25 25 14 14 14 24 24 24 31 31 31 36 36 36 38 38 38 31 31 31 38 38 38 34 34 34 34 34 34 38 38 38 37 37 37 34 34 34 37 37 37 32 32 32 36 36 36 26 26 26 30 30 30 36 36 36 30 30 30 38 38 38 38 38 38 30 30 30 28 28 28 38 38 38 28 28 28 37 37 37 39 39 39 78 78 78 80 80 80 80 80 80 18 18 18 65 65 65 68 68 68 66 66 66 40 40 40 60 60 60 68 68 68 40 40 40 80 80 80 65 65 65 64 64 64 64 64 64 39 39 39 80 80 80 75 75 75 59 59 59 2 2 2 75 75 75 2 2 2 33 33 33 31 31 31 0 0 0 81 81 81 31 31 31 81 81 81 79 79 79 60 60 60 19 19 19 68 68 68 40 40 40 61 61 61 60 60 60 61 61 61 40 40 40 42 42 42 61 61 61 42 42 42 62 62 62 62 62 62 42 42 42 39 39 39 62 62 62 39 39 39 64 64 64 46 46 46 27 27 27 29 29 29 46 46 46 29 29 29 48 48 48 12 12 12 3 3 3 1 1 1 12 12 12 1 1 1 11 11 11 5 5 5 10 10 10 12 12 12 5 5 5 12 12 12 9 9 9 9 9 9 12 12 12 11 11 11 9 9 9 11 11 11 7 7 7 0 0 0 31 31 31 35 35 35 0 0 0 35 35 35 4 4 4 1 1 1 58 58 58 52 52 52 1 1 1 52 52 52 11 11 11 21 21 21 63 63 63 65 65 65 21 21 21 65 65 65 18 18 18 19 19 19 63 63 63 21 21 21 19 19 19 60 60 60 63 63 63 10 10 10 3 3 3 12 12 12 10 10 10 0 0 0 3 3 3 48 48 48 29 29 29 26 26 26 48 48 48 26 26 26 44 44 44 73 73 73 74 74 74 32 32 32 73 73 73 32 32 32 37 37 37 52 52 52 54 54 54 7 7 7 52 52 52 7 7 7 11 11 11 6 6 6 15 15 15 17 17 17 6 6 6 17 17 17 8 8 8 31 31 31 79 79 79 26 26 26 31 31 31 26 26 26 36 36 36 4 4 4 33 33 33 2 2 2 4 4 4 35 35 35 33 33 33 79 79 79 80 80 80 78 78 78 79 79 79 81 81 81 80 80 80 0 0 0 5 5 5 81 81 81 0 0 0 10 10 10 5 5 5 41 41 41 67 67 67 57 57 57 41 41 41 57 57 57 50 50 50 81 81 81 13 13 13 80 80 80 81 81 81 5 5 5 13 13 13 44 44 44 39 39 39 49 49 49 44 44 44 78 78 78 39 39 39 79 79 79 44 44 44 26 26 26 79 79 79 78 78 78 44 44 44 49 49 49 39 39 39 43 43 43 49 49 49 43 43 43 51 51 51 47 47 47 50 50 50 45 45 45 47 47 47 51 51 51 50 50 50 44 44 44 51 51 51 47 47 47 44 44 44 49 49 49 51 51 51 51 51 51 41 41 41 50 50 50 51 51 51 43 43 43 41 41 41 8 8 8 17 17 17 13 13 13 8 8 8 13 13 13 5 5 5 84 84 84 85 85 85 82 82 82 84 84 84 82 82 82 83 83 83 86 86 86 89 89 89 88 88 88 86 86 86 87 87 87 89 89 89 91 91 91 90 90 90 93 93 93 91 91 91 93 93 93 92 92 92 96 96 96 97 97 97 94 94 94 96 96 96 94 94 94 95 95 95 98 98 98 101 101 101 100 100 100 98 98 98 99 99 99 101 101 101 104 104 104 102 102 102 103 103 103 104 104 104 105 105 105 102 102 102 108 108 108 106 106 106 109 109 109 108 108 108 107 107 107 106 106 106 110 110 110 112 112 112 113 113 113 110 110 110 113 113 113 111 111 111 115 115 115 117 117 117 119 119 119 115 115 115 119 119 119 118 118 118 117 117 117 116 116 116 119 119 119 114 114 114 115 115 115 118 118 118 122 122 122 121 121 121 124 124 124 123 123 123 122 122 122 125 125 125 122 122 122 124 124 124 125 125 125 121 121 121 120 120 120 124 124 124 129 129 129 126 126 126 130 130 130 126 126 126 127 127 127 130 130 130 129 129 129 130 130 130 131 131 131 128 128 128 129 129 129 131 131 131 134 134 134 135 135 135 137 137 137 133 133 133 134 134 134 137 137 137 132 132 132 133 133 133 136 136 136 133 133 133 137 137 137 136 136 136 138 138 138 141 141 141 139 139 139 138 138 138 140 140 140 141 141 141 142 142 142 145 145 145 143 143 143 142 142 142 144 144 144 145 145 145 146 146 146 149 149 149 148 148 148 146 146 146 147 147 147 149 149 149 150 150 150 153 153 153 152 152 152 150 150 150 151 151 151 153 153 153 154 154 154 156 156 156 155 155 155 154 154 154 157 157 157 156 156 156 158 158 158 160 160 160 161 161 161 158 158 158 159 159 159 160 160 160 182 182 182 184 184 184 185 185 185 182 182 182 185 185 185 183 183 183 163 163 163 165 165 165 162 162 162 163 163 163 166 166 166 165 165 165 183 183 183 186 186 186 187 187 187 183 183 183 185 185 185 186 186 186 181 181 181 178 178 178 184 184 184 181 181 181 184 184 184 182 182 182 187 187 187 186 186 186 166 166 166 187 187 187 166 166 166 163 163 163 171 171 171 169 169 169 174 174 174 171 171 171 174 174 174 172 172 172 170 170 170 168 168 168 169 169 169 170 170 170 169 169 169 171 171 171 164 164 164 168 168 168 170 170 170 164 164 164 167 167 167 168 168 168 162 162 162 165 165 165 167 167 167 162 162 162 167 167 167 164 164 164 172 172 172 174 174 174 175 175 175 172 172 172 175 175 175 173 173 173 173 173 173 177 177 177 180 180 180 173 173 173 175 175 175 177 177 177 179 179 179 178 178 178 181 181 181 179 179 179 176 176 176 178 178 178 188 188 188 213 213 213 189 189 189 188 188 188 191 191 191 213 213 213 211 211 211 208 208 208 210 210 210 211 211 211 212 212 212 208 208 208 189 189 189 212 212 212 211 211 211 189 189 189 213 213 213 212 212 212 206 206 206 203 203 203 209 209 209 206 206 206 209 209 209 207 207 207 210 210 210 208 208 208 207 207 207 210 210 210 207 207 207 209 209 209 199 199 199 196 196 196 193 193 193 199 199 199 197 197 197 196 196 196 202 202 202 205 205 205 198 198 198 202 202 202 198 198 198 200 200 200 204 204 204 201 201 201 203 203 203 204 204 204 203 203 203 206 206 206 200 200 200 197 197 197 199 199 199 200 200 200 198 198 198 197 197 197 191 191 191 188 188 188 190 190 190 191 191 191 190 190 190 195 195 195 193 193 193 196 196 196 194 194 194 193 193 193 194 194 194 192 192 192 195 195 195 190 190 190 192 192 192 195 195 195 192 192 192 194 194 194 215 215 215 218 218 218 219 219 219 215 215 215 219 219 219 216 216 216 234 234 234 232 232 232 231 231 231 234 234 234 231 231 231 233 233 233 233 233 233 231 231 231 230 230 230 233 233 233 230 230 230 227 227 227 227 227 227 228 228 228 225 225 225 227 227 227 230 230 230 228 228 228 226 226 226 229 229 229 222 222 222 226 226 226 222 222 222 224 224 224 217 217 217 218 218 218 215 215 215 217 217 217 220 220 220 218 218 218 224 224 224 222 222 222 221 221 221 224 224 224 221 221 221 223 223 223 223 223 223 221 221 221 220 220 220 223 223 223 220 220 220 217 217 217 236 236 236 237 237 237 235 235 235 236 236 236 238 238 238 237 237 237 235 235 235 232 232 232 234 234 234 235 235 235 237 237 237 232 232 232 216 216 216 239 239 239 214 214 214 216 216 216 219 219 219 239 239 239 214 214 214 238 238 238 236 236 236 214 214 214 239 239 239 238 238 238 240 240 240 242 242 242 243 243 243 240 240 240 243 243 243 241 241 241 247 247 247 246 246 246 248 248 248 247 247 247 248 248 248 249 249 249 245 245 245 244 244 244 246 246 246 245 245 245 246 246 246 247 247 247 251 251 251 250 250 250 252 252 252 251 251 251 252 252 252 253 253 253 249 249 249 248 248 248 250 250 250 249 249 249 250 250 250 251 251 251 254 254 254 256 256 256 255 255 255 254 254 254 257 257 257 256 256 256 261 261 261 258 258 258 259 259 259 261 261 261 260 260 260 258 258 258 262 262 262 264 264 264 265 265 265 262 262 262 263 263 263 264 264 264 267 267 267 268 268 268 271 271 271 267 267 267 271 271 271 270 270 270 273 273 273 275 275 275 274 274 274 273 273 273 274 274 274 272 272 272 271 271 271 273 273 273 272 272 272 271 271 271 272 272 272 270 270 270 277 277 277 279 279 279 278 278 278 277 277 277 278 278 278 276 276 276 275 275 275 277 277 277 276 276 276 275 275 275 276 276 276 274 274 274 279 279 279 266 266 266 278 278 278 279 279 279 269 269 269 266 266 266 280 280 280 281 281 281 282 282 282 280 280 280 282 282 282 283 283 283 284 284 284 286 286 286 285 285 285 284 284 284 287 287 287 286 286 286 295 295 295 288 288 288 297 297 297 295 295 295 297 297 297 304 304 304 291 291 291 301 301 301 300 300 300 291 291 291 292 292 292 301 301 301 293 293 293 294 294 294 303 303 303 293 293 293 303 303 303 302 302 302 292 292 292 302 302 302 301 301 301 292 292 292 293 293 293 302 302 302 294 294 294 289 289 289 298 298 298 294 294 294 298 298 298 303 303 303 289 289 289 305 305 305 298 298 298 289 289 289 296 296 296 305 305 305 290 290 290 291 291 291 300 300 300 290 290 290 300 300 300 299 299 299 288 288 288 299 299 299 297 297 297 288 288 288 290 290 290 299 299 299 306 306 306 321 321 321 315 315 315 306 306 306 312 312 312 321 321 321 312 312 312 311 311 311 320 320 320 312 312 312 320 320 320 321 321 321 310 310 310 318 318 318 319 319 319 310 310 310 309 309 309 318 318 318 311 311 311 319 319 319 320 320 320 311 311 311 310 310 310 319 319 319 309 309 309 317 317 317 318 318 318 309 309 309 308 308 308 317 317 317 308 308 308 307 307 307 316 316 316 308 308 308 316 316 316 317 317 317 314 314 314 315 315 315 323 323 323 314 314 314 306 306 306 315 315 315 307 307 307 313 313 313 322 322 322 307 307 307 322 322 322 316 316 316 326 326 326 327 327 327 325 325 325 326 326 326 325 325 325 324 324 324 328 328 328 331 331 331 330 330 330 328 328 328 329 329 329 331 331 331 333 333 333 332 332 332 334 334 334 333 333 333 334 334 334 335 335 335 337 337 337 338 338 338 339 339 339 337 337 337 336 336 336 338 338 338 341 341 341 342 342 342 343 343 343 341 341 341 340 340 340 342 342 342 344 344 344 347 347 347 346 346 346 344 344 344 345 345 345 347 347 347 349 349 349 348 348 348 350 350 350 349 349 349 350 350 350 351 351 351 352 352 352 354 354 354 353 353 353 352 352 352 355 355 355 354 354 354 358 358 358 356 356 356 357 357 357 358 358 358 357 357 357 359 359 359 360 360 360 363 363 363 361 361 361 360 360 360 362 362 362 363 363 363 365 365 365 367 367 367 366 366 366 365 365 365 366 366 366 364 364 364 369 369 369 370 370 370 368 368 368 369 369 369 371 371 371 370 370 370 373 373 373 374 374 374 372 372 372 373 373 373 375 375 375 374 374 374 376 376 376 379 379 379 377 377 377 376 376 376 378 378 378 379 379 379 381 381 381 383 383 383 382 382 382 381 381 381 382 382 382 380 380 380 384 384 384 386 386 386 387 387 387 384 384 384 385 385 385 386 386 386 388 388 388 390 390 390 391 391 391 388 388 388 391 391 391 389 389 389 395 395 395 394 394 394 396 396 396 395 395 395 396 396 396 397 397 397 393 393 393 392 392 392 394 394 394 393 393 393 394 394 394 395 395 395 399 399 399 400 400 400 401 401 401 399 399 399 398 398 398 400 400 400 397 397 397 398 398 398 399 399 399 397 397 397 396 396 396 398 398 398 402 402 402 404 404 404 403 403 403 402 402 402 405 405 405 404 404 404 409 409 409 408 408 408 406 406 406 409 409 409 406 406 406 407 407 407 410 410 410 412 412 412 413 413 413 410 410 410 411 411 411 412 412 412 421 421 421 422 422 422 420 420 420 421 421 421 423 423 423 422 422 422 419 419 419 420 420 420 418 418 418 419 419 419 421 421 421 420 420 420 427 427 427 414 414 414 426 426 426 427 427 427 417 417 417 414 414 414 423 423 423 425 425 425 424 424 424 423 423 423 424 424 424 422 422 422 425 425 425 427 427 427 426 426 426 425 425 425 426 426 426 424 424 424 415 415 415 416 416 416 419 419 419 415 415 415 419 419 419 418 418 418 428 428 428 430 430 430 431 431 431 428 428 428 429 429 429 430 430 430 432 432 432 434 434 434 433 433 433 432 432 432 435 435 435 434 434 434 437 437 437 453 453 453 446 446 446 437 437 437 444 444 444 453 453 453 439 439 439 449 449 449 448 448 448 439 439 439 440 440 440 449 449 449 441 441 441 442 442 442 451 451 451 441 441 441 451 451 451 450 450 450 440 440 440 450 450 450 449 449 449 440 440 440 441 441 441 450 450 450 442 442 442 437 437 437 446 446 446 442 442 442 446 446 446 451 451 451 438 438 438 448 448 448 447 447 447 438 438 438 439 439 439 448 448 448 443 443 443 445 445 445 452 452 452 443 443 443 436 436 436 445 445 445 436 436 436 438 438 438 447 447 447 436 436 436 447 447 447 445 445 445 454 454 454 469 469 469 463 463 463 454 454 454 460 460 460 469 469 469 460 460 460 459 459 459 468 468 468 460 460 460 468 468 468 469 469 469 458 458 458 466 466 466 467 467 467 458 458 458 457 457 457 466 466 466 459 459 459 467 467 467 468 468 468 459 459 459 458 458 458 467 467 467 462 462 462 454 454 454 463 463 463 462 462 462 463 463 463 471 471 471 457 457 457 456 456 456 465 465 465 457 457 457 465 465 465 466 466 466 456 456 456 455 455 455 464 464 464 456 456 456 464 464 464 465 465 465 455 455 455 461 461 461 470 470 470 455 455 455 470 470 470 464 464 464 474 474 474 473 473 473 472 472 472 474 474 474 475 475 475 473 473 473 476 476 476 479 479 479 478 478 478 476 476 476 477 477 477 479 479 479 481 481 481 482 482 482 483 483 483 481 481 481 480 480 480 482 482 482 485 485 485 484 484 484 486 486 486 485 485 485 486 486 486 487 487 487 489 489 489 490 490 490 491 491 491 489 489 489 488 488 488 490 490 490 492 492 492 495 495 495 494 494 494 492 492 492 493 493 493 495 495 495 497 497 497 496 496 496 498 498 498 497 497 497 498 498 498 499 499 499 500 500 500 502 502 502 501 501 501 500 500 500 503 503 503 502 502 502 506 506 506 504 504 504 505 505 505 506 506 506 505 505 505 507 507 507 508 508 508 511 511 511 509 509 509 508 508 508 510 510 510 511 511 511 513 513 513 515 515 515 514 514 514 513 513 513 514 514 514 512 512 512 517 517 517 518 518 518 516 516 516 517 517 517 519 519 519 518 518 518 521 521 521 522 522 522 520 520 520 521 521 521 523 523 523 522 522 522 524 524 524 527 527 527 525 525 525 524 524 524 526 526 526 527 527 527 529 529 529 531 531 531 530 530 530 529 529 529 530 530 530 528 528 528 532 532 532 534 534 534 535 535 535 532 532 532 533 533 533 534 534 534 541 541 541 536 536 536 540 540 540 541 541 541 539 539 539 536 536 536 541 541 541 537 537 537 538 538 538 541 541 541 538 538 538 542 542 542 541 541 541 540 540 540 537 537 537 546 546 546 545 545 545 543 543 543 546 546 546 543 543 543 544 544 544 547 547 547 549 549 549 548 548 548 547 547 547 550 550 550 549 549 549 555 555 555 552 552 552 551 551 551 555 555 555 551 551 551 553 553 553 555 555 555 556 556 556 552 552 552 551 551 551 554 554 554 553 553 553 560 560 560 558 558 558 567 567 567 560 560 560 567 567 567 563 563 563 557 557 557 565 565 565 568 568 568 567 567 567 558 558 558 557 557 557 557 557 557 559 559 559 562 562 562 561 561 561 566 566 566 568 568 568 561 561 561 564 564 564 566 566 566 557 557 557 562 562 562 565 565 565 566 566 566 567 567 567 557 557 557 557 557 557 568 568 568 566 566 566 571 571 571 570 570 570 572 572 572 571 571 571 569 569 569 570 570 570 575 575 575 586 586 586 581 581 581 576 576 576 578 578 578 581 581 581 587 587 587 583 583 583 573 573 573 578 578 578 574 574 574 575 575 575 581 581 581 580 580 580 579 579 579 587 587 587 573 573 573 576 576 576 581 581 581 579 579 579 587 587 587 578 578 578 575 575 575 581 581 581 581 581 581 587 587 587 576 576 576 576 576 576 577 577 577 578 578 578 579 579 579 580 580 580 585 585 585 579 579 579 585 585 585 582 582 582 575 575 575 584 584 584 586 586 586 590 590 590 589 589 589 591 591 591 590 590 590 588 588 588 589 589 589 592 592 592 594 594 594 593 593 593 592 592 592 593 593 593 595 595 595 597 597 597 599 599 599 598 598 598 597 597 597 598 598 598 596 596 596 603 603 603 601 601 601 600 600 600 603 603 603 600 600 600 602 602 602 605 605 605 607 607 607 606 606 606 605 605 605 604 604 604 607 607 607 612 612 612 613 613 613 610 610 610 609 609 609 608 608 608 611 611 611 609 609 609 611 611 611 612 612 612 609 609 609 612 612 612 610 610 610 614 614 614 615 615 615 617 617 617 614 614 614 617 617 617 616 616 616 619 619 619 620 620 620 621 621 621 619 619 619 618 618 618 620 620 620 622 622 622 625 625 625 624 624 624 622 622 622 623 623 623 625 625 625 626 626 626 627 627 627 629 629 629 626 626 626 629 629 629 628 628 628 630 630 630 631 631 631 633 633 633 630 630 630 633 633 633 632 632 632 634 634 634 635 635 635 637 637 637 634 634 634 637 637 637 636 636 636 638 638 638 642 642 642 640 640 640 642 642 642 641 641 641 640 640 640 640 640 640 639 639 639 638 638 638 638 638 638 643 643 643 642 642 642 644 644 644 647 647 647 646 646 646 644 644 644 645 645 645 647 647 647 650 650 650 649 649 649 648 648 648 650 650 650 651 651 651 649 649 649 660 660 660 661 661 661 662 662 662 660 660 660 662 662 662 653 653 653 654 654 654 656 656 656 655 655 655 654 654 654 655 655 655 652 652 652 660 660 660 658 658 658 659 659 659 660 660 660 659 659 659 661 661 661 658 658 658 660 660 660 653 653 653 655 655 655 658 658 658 653 653 653 653 653 653 662 662 662 654 654 654 653 653 653 654 654 654 652 652 652 655 655 655 657 657 657 658 658 658 653 653 653 652 652 652 655 655 655 664 664 664 666 666 666 663 663 663 664 664 664 667 667 667 666 666 666 663 663 663 668 668 668 665 665 665 663 663 663 666 666 666 668 668 668 664 664 664 678 678 678 677 677 677 664 664 664 677 677 677 674 674 674 673 673 673 671 671 671 670 670 670 673 673 673 675 675 675 676 676 676 673 673 673 669 669 669 675 675 675 674 674 674 676 676 676 667 667 667 673 673 673 670 670 670 669 669 669 673 673 673 676 676 676 674 674 674 673 673 673 672 672 672 671 671 671 674 674 674 667 667 667 664 664 664 679 679 679 680 680 680 681 681 681 679 679 679 681 681 681 683 683 683 683 683 683 681 681 681 682 682 682 683 683 683 682 682 682 684 684 684 686 686 686 689 689 689 688 688 688 686 686 686 690 690 690 689 689 689 687 687 687 686 686 686 688 688 688 687 687 687 685 685 685 686 686 686 696 696 696 694 694 694 693 693 693 696 696 696 695 695 695 694 694 694 692 692 692 696 696 696 693 693 693 692 692 692 691 691 691 696 696 696 697 697 697 699 699 699 700 700 700 697 697 697 700 700 700 698 698 698 705 705 705 706 706 706 708 708 708 708 708 708 702 702 702 701 701 701 706 706 706 707 707 707 708 708 708 708 708 708 701 701 701 704 704 704 708 708 708 704 704 704 705 705 705 704 704 704 703 703 703 705 705 705 709 709 709 712 712 712 710 710 710 709 709 709 711 711 711 712 712 712 718 718 718 714 714 714 713 713 713 717 717 717 715 715 715 718 718 718 718 718 718 713 713 713 717 717 717 717 717 717 716 716 716 715 715 715 724 724 724 720 720 720 719 719 719 723 723 723 722 722 722 724 724 724 724 724 724 719 719 719 723 723 723 719 719 719 721 721 721 723 723 723 725 725 725 727 727 727 728 728 728 725 725 725 728 728 728 726 726 726 738 738 738 740 740 740 729 729 729 736 736 736 737 737 737 738 738 738 729 729 729 730 730 730 731 731 731 729 729 729 731 731 731 734 734 734 731 731 731 733 733 733 734 734 734 729 729 729 734 734 734 736 736 736 740 740 740 739 739 739 729 729 729 731 731 731 735 735 735 733 733 733 736 736 736 738 738 738 729 729 729 731 731 731 732 732 732 735 735 735 747 747 747 746 746 746 745 745 745 742 742 742 747 747 747 745 745 745 743 743 743 741 741 741 742 742 742 745 745 745 744 744 744 743 743 743 745 745 745 743 743 743 742 742 742 748 748 748 749 749 749 750 750 750 748 748 748 750 750 750 751 751 751 754 754 754 753 753 753 755 755 755 754 754 754 752 752 752 753 753 753 756 756 756 757 757 757 758 758 758 756 756 756 758 758 758 759 759 759 761 761 761 762 762 762 763 763 763 761 761 761 763 763 763 760 760 760 768 768 768 770 770 770 776 776 776 770 770 770 773 773 773 776 776 776 776 776 776 778 778 778 781 781 781 781 781 781 785 785 785 768 768 768 766 766 766 767 767 767 787 787 787 771 771 771 764 764 764 766 766 766 766 766 766 764 764 764 767 767 767 779 779 779 778 778 778 775 775 775 777 777 777 772 772 772 774 774 774 783 783 783 781 781 781 778 778 778 779 779 779 775 775 775 777 777 777 768 768 768 765 765 765 770 770 770 776 776 776 781 781 781 768 768 768 774 774 774 772 772 772 769 769 769 774 774 774 769 769 769 771 771 771 804 804 804 802 802 802 801 801 801 774 774 774 771 771 771 804 804 804 774 774 774 804 804 804 801 801 801 807 807 807 808 808 808 805 805 805 807 807 807 805 805 805 804 804 804 771 771 771 766 766 766 807 807 807 783 783 783 796 796 796 793 793 793 798 798 798 799 799 799 797 797 797 798 798 798 797 797 797 796 796 796 779 779 779 777 777 777 798 798 798 779 779 779 798 798 798 796 796 796 801 801 801 802 802 802 799 799 799 801 801 801 799 799 799 798 798 798 777 777 777 774 774 774 801 801 801 786 786 786 792 792 792 788 788 788 792 792 792 794 794 794 789 789 789 792 792 792 789 789 789 788 788 788 788 788 788 789 789 789 810 810 810 788 788 788 810 810 810 791 791 791 796 796 796 797 797 797 795 795 795 796 796 796 795 795 795 793 793 793 783 783 783 779 779 779 796 796 796 783 783 783 778 778 778 779 779 779 786 786 786 784 784 784 780 780 780 786 786 786 780 780 780 782 782 782 787 787 787 767 767 767 784 784 784 787 787 787 784 784 784 786 786 786 787 787 787 786 786 786 788 788 788 777 777 777 775 775 775 772 772 772 771 771 771 769 769 769 764 764 764 777 777 777 801 801 801 798 798 798 804 804 804 805 805 805 802 802 802 791 791 791 808 808 808 807 807 807 766 766 766 787 787 787 791 791 791 786 786 786 782 782 782 792 792 792 787 787 787 788 788 788 791 791 791 809 809 809 790 790 790 797 797 797 803 803 803 806 806 806 809 809 809 766 766 766 791 791 791 807 807 807 809 809 809 811 811 811 790 790 790 790 790 790 795 795 795 797 797 797 771 771 771 807 807 807 804 804 804 797 797 797 803 803 803 809 809 809 797 797 797 800 800 800 803 803 803 791 791 791 810 810 810 808 808 808 813 813 813 818 818 818 815 815 815 820 820 820 822 822 822 821 821 821 820 820 820 821 821 821 819 819 819 814 814 814 812 812 812 815 815 815 813 813 813 814 814 814 822 822 822 813 813 813 820 820 820 818 818 818 818 818 818 817 817 817 815 815 815 815 815 815 812 812 812 813 813 813 813 813 813 812 812 812 814 814 814 814 814 814 815 815 815 816 816 816 820 820 820 819 819 819 818 818 818 820 820 820 813 813 813 822 822 822 824 824 824 837 837 837 838 838 838 824 824 824 834 834 834 837 837 837 834 834 834 824 824 824 827 827 827 824 824 824 823 823 823 826 826 826 823 823 823 825 825 825 828 828 828 823 823 823 828 828 828 826 826 826 824 824 824 826 826 826 827 827 827 834 834 834 827 827 827 836 836 836 833 833 833 835 835 835 829 829 829 833 833 833 836 836 836 835 835 835 833 833 833 834 834 834 836 836 836 833 833 833 829 829 829 830 830 830 833 833 833 830 830 830 831 831 831 833 833 833 831 831 831 832 832 832 839 839 839 841 841 841 840 840 840 843 843 843 844 844 844 842 842 842 843 843 843 842 842 842 841 841 841 839 839 839 843 843 843 841 841 841 848 848 848 852 852 852 850 850 850 852 852 852 851 851 851 850 850 850 845 845 845 846 846 846 852 852 852 850 850 850 847 847 847 848 848 848 848 848 848 845 845 845 852 852 852 850 850 850 849 849 849 847 847 847 856 856 856 857 857 857 858 858 858 856 856 856 858 858 858 854 854 854 855 855 855 856 856 856 854 854 854 855 855 855 854 854 854 853 853 853 861 861 861 862 862 862 863 863 863 860 860 860 861 861 861 864 864 864 861 861 861 863 863 863 864 864 864 860 860 860 864 864 864 859 859 859 870 870 870 868 868 868 869 869 869 870 870 870 867 867 867 868 868 868 865 865 865 866 866 866 870 870 870 869 869 869 865 865 865 870 870 870 871 871 871 872 872 872 874 874 874 871 871 871 874 874 874 873 873 873 879 879 879 877 877 877 875 875 875 878 878 878 876 876 876 880 880 880 878 878 878 879 879 879 876 876 876 879 879 879 875 875 875 876 876 876 881 881 881 884 884 884 883 883 883 881 881 881 882 882 882 884 884 884 886 886 886 887 887 887 889 889 889 889 889 889 890 890 890 891 891 891 887 887 887 888 888 888 889 889 889 889 889 889 891 891 891 886 886 886 886 886 886 885 885 885 887 887 887 897 897 897 895 895 895 893 893 893 897 897 897 896 896 896 895 895 895 894 894 894 897 897 897 893 893 893 894 894 894 893 893 893 892 892 892 898 898 898 901 901 901 900 900 900 898 898 898 899 899 899 901 901 901 907 907 907 912 912 912 909 909 909 912 912 912 911 911 911 909 909 909 906 906 906 908 908 908 905 905 905 904 904 904 903 903 903 902 902 902 907 907 907 904 904 904 912 912 912 911 911 911 910 910 910 909 909 909 904 904 904 902 902 902 912 912 912 912 912 912 913 913 913 911 911 911 906 906 906 905 905 905 904 904 904 907 907 907 906 906 906 904 904 904 914 914 914 916 916 916 915 915 915 914 914 914 917 917 917 916 916 916 920 920 920 919 919 919 918 918 918 920 920 920 921 921 921 919 919 919 922 922 922 924 924 924 923 923 923 922 922 922 925 925 925 924 924 924 927 927 927 926 926 926 929 929 929 927 927 927 929 929 929 928 928 928 932 932 932 953 953 953 933 933 933 932 932 932 933 933 933 930 930 930 936 936 936 931 931 931 934 934 934 934 934 934 951 951 951 947 947 947 949 949 949 944 944 944 947 947 947 949 949 949 945 945 945 944 944 944 962 962 962 961 961 961 963 963 963 962 962 962 959 959 959 961 961 961 954 954 954 976 976 976 955 955 955 954 954 954 957 957 957 976 976 976 937 937 937 973 973 973 932 932 932 937 937 937 970 970 970 973 973 973 943 943 943 967 967 967 940 940 940 943 943 943 964 964 964 967 967 967 969 969 969 963 963 963 956 956 956 956 956 956 975 975 975 969 969 969 956 956 956 977 977 977 975 975 975 975 975 975 972 972 972 969 969 969 932 932 932 957 957 957 953 953 953 932 932 932 973 973 973 957 957 957 949 949 949 962 962 962 945 945 945 949 949 949 959 959 959 962 962 962 957 957 957 974 974 974 976 976 976 957 957 957 973 973 973 974 974 974 973 973 973 970 970 970 971 971 971 973 973 973 971 971 971 974 974 974 940 940 940 970 970 970 937 937 937 940 940 940 967 967 967 970 970 970 970 970 970 967 967 967 968 968 968 970 970 970 968 968 968 971 971 971 967 967 967 965 965 965 968 968 968 967 967 967 964 964 964 965 965 965 945 945 945 964 964 964 943 943 943 945 945 945 962 962 962 964 964 964 964 964 964 963 963 963 965 965 965 964 964 964 962 962 962 963 963 963 937 937 937 930 930 930 935 935 935 937 937 937 932 932 932 930 930 930 945 945 945 941 941 941 944 944 944 945 945 945 943 943 943 941 941 941 943 943 943 938 938 938 941 941 941 943 943 943 940 940 940 938 938 938 958 958 958 955 955 955 960 960 960 958 958 958 954 954 954 955 955 955 947 947 947 942 942 942 936 936 936 936 936 936 934 934 934 947 947 947 953 953 953 954 954 954 952 952 952 953 953 953 957 957 957 954 954 954 953 953 953 950 950 950 933 933 933 953 953 953 952 952 952 950 950 950 952 952 952 946 946 946 950 950 950 952 952 952 948 948 948 946 946 946 963 963 963 961 961 961 956 956 956 969 969 969 966 966 966 963 963 963 942 942 942 939 939 939 936 936 936 947 947 947 944 944 944 942 942 942 940 940 940 935 935 935 938 938 938 940 940 940 937 937 937 935 935 935 952 952 952 954 954 954 958 958 958 952 952 952 958 958 958 948 948 948 980 980 980 979 979 979 981 981 981 980 980 980 978 978 978 979 979 979 983 983 983 985 985 985 987 987 987 986 986 986 984 984 984 982 982 982 986 986 986 983 983 983 987 987 987 986 986 986 982 982 982 983 983 983 988 988 988 989 989 989 991 991 991 988 988 988 991 991 991 990 990 990 993 993 993 994 994 994 995 995 995 993 993 993 992 992 992 994 994 994 1001 1001 1001 998 998 998 996 996 996 999 999 999 1001 1001 1001 996 996 996 999 999 999 1000 1000 1000 1001 1001 1001 996 996 996 997 997 997 999 999 999 1061 1061 1061 1084 1084 1084 1017 1017 1017 1061 1061 1061 1017 1017 1017 1022 1022 1022 1058 1058 1058 1054 1054 1054 1026 1026 1026 1058 1058 1058 1026 1026 1026 1005 1005 1005 1088 1088 1088 1074 1074 1074 1052 1052 1052 1088 1088 1088 1052 1052 1052 1042 1042 1042 1029 1029 1029 1070 1070 1070 1068 1068 1068 1029 1029 1029 1068 1068 1068 1039 1039 1039 1078 1078 1078 1081 1081 1081 1012 1012 1012 1078 1078 1078 1012 1012 1012 1008 1008 1008 1057 1057 1057 1004 1004 1004 1047 1047 1047 1057 1057 1057 1047 1047 1047 1076 1076 1076 1054 1054 1054 1060 1060 1060 1021 1021 1021 1054 1054 1054 1021 1021 1021 1026 1026 1026 1068 1068 1068 1065 1065 1065 1035 1035 1035 1068 1068 1068 1035 1035 1035 1039 1039 1039 1064 1064 1064 1089 1089 1089 1043 1043 1043 1064 1064 1064 1043 1043 1043 1034 1034 1034 1085 1085 1085 1078 1078 1078 1008 1008 1008 1085 1085 1085 1008 1008 1008 1018 1018 1018 1014 1014 1014 1009 1009 1009 1007 1007 1007 1014 1014 1014 1007 1007 1007 1010 1010 1010 1010 1010 1010 1007 1007 1007 1008 1008 1008 1010 1010 1010 1008 1008 1008 1012 1012 1012 1009 1009 1009 1019 1019 1019 1016 1016 1016 1009 1009 1009 1016 1016 1016 1007 1007 1007 1007 1007 1007 1016 1016 1016 1018 1018 1018 1007 1007 1007 1018 1018 1018 1008 1008 1008 1046 1046 1046 1051 1051 1051 1053 1053 1053 1046 1046 1046 1053 1053 1053 1050 1050 1050 1050 1050 1050 1053 1053 1053 1052 1052 1052 1050 1050 1050 1052 1052 1052 1048 1048 1048 1051 1051 1051 1041 1041 1041 1044 1044 1044 1051 1051 1051 1044 1044 1044 1053 1053 1053 1053 1053 1053 1044 1044 1044 1042 1042 1042 1053 1053 1053 1042 1042 1042 1052 1052 1052 1025 1025 1025 1006 1006 1006 1003 1003 1003 1025 1025 1025 1003 1003 1003 1027 1027 1027 1027 1027 1027 1003 1003 1003 1005 1005 1005 1027 1027 1027 1005 1005 1005 1026 1026 1026 1020 1020 1020 1025 1025 1025 1027 1027 1027 1020 1020 1020 1027 1027 1027 1023 1023 1023 1023 1023 1023 1027 1027 1027 1026 1026 1026 1023 1023 1023 1026 1026 1026 1021 1021 1021 1038 1038 1038 1028 1028 1028 1031 1031 1031 1038 1038 1038 1031 1031 1031 1040 1040 1040 1040 1040 1040 1031 1031 1031 1029 1029 1029 1040 1040 1040 1029 1029 1029 1039 1039 1039 1033 1033 1033 1038 1038 1038 1040 1040 1040 1033 1033 1033 1040 1040 1040 1037 1037 1037 1037 1037 1037 1040 1040 1040 1039 1039 1039 1037 1037 1037 1039 1039 1039 1035 1035 1035 1013 1013 1013 1030 1030 1030 1032 1032 1032 1013 1013 1013 1032 1032 1032 1011 1011 1011 1034 1034 1034 1043 1043 1043 1045 1045 1045 1034 1034 1034 1045 1045 1045 1036 1036 1036 1036 1036 1036 1045 1045 1045 1041 1041 1041 1036 1036 1036 1041 1041 1041 1033 1033 1033 1097 1097 1097 1106 1106 1106 1119 1119 1119 1097 1097 1097 1119 1119 1119 1104 1104 1104 1022 1022 1022 1017 1017 1017 1015 1015 1015 1022 1022 1022 1015 1015 1015 1024 1024 1024 1024 1024 1024 1015 1015 1015 1019 1019 1019 1024 1024 1024 1019 1019 1019 1020 1020 1020 1090 1090 1090 1041 1041 1041 1051 1051 1051 1090 1090 1090 1051 1051 1051 1046 1046 1046 1014 1014 1014 1028 1028 1028 1091 1091 1091 1014 1014 1014 1091 1091 1091 1092 1092 1092 1077 1077 1077 1048 1048 1048 1052 1052 1052 1077 1077 1077 1052 1052 1052 1074 1074 1074 1091 1091 1091 1033 1033 1033 1041 1041 1041 1091 1091 1091 1041 1041 1041 1090 1090 1090 1049 1049 1049 1002 1002 1002 1006 1006 1006 1049 1049 1049 1006 1006 1006 1046 1046 1046 1092 1092 1092 1091 1091 1091 1090 1090 1090 1092 1092 1092 1090 1090 1090 1093 1093 1093 1028 1028 1028 1038 1038 1038 1033 1033 1033 1028 1028 1028 1033 1033 1033 1091 1091 1091 1047 1047 1047 1004 1004 1004 1002 1002 1002 1047 1047 1047 1002 1002 1002 1049 1049 1049 1019 1019 1019 1092 1092 1092 1093 1093 1093 1019 1019 1019 1093 1093 1093 1020 1020 1020 1009 1009 1009 1014 1014 1014 1092 1092 1092 1009 1009 1009 1092 1092 1092 1019 1019 1019 1020 1020 1020 1093 1093 1093 1006 1006 1006 1020 1020 1020 1006 1006 1006 1025 1025 1025 1011 1011 1011 1032 1032 1032 1028 1028 1028 1011 1011 1011 1028 1028 1028 1014 1014 1014 1059 1059 1059 1075 1075 1075 1120 1120 1120 1059 1059 1059 1120 1120 1120 1107 1107 1107 1093 1093 1093 1090 1090 1090 1046 1046 1046 1093 1093 1093 1046 1046 1046 1006 1006 1006 1102 1102 1102 1113 1113 1113 1116 1116 1116 1102 1102 1102 1116 1116 1116 1095 1095 1095 1100 1100 1100 1103 1103 1103 1118 1118 1118 1100 1100 1100 1118 1118 1118 1110 1110 1110 1098 1098 1098 1105 1105 1105 1101 1101 1101 1098 1098 1098 1101 1101 1101 1094 1094 1094 1099 1099 1099 1096 1096 1096 1117 1117 1117 1099 1099 1099 1117 1117 1117 1109 1109 1109 1083 1083 1083 1080 1080 1080 1115 1115 1115 1087 1087 1087 1063 1063 1063 1111 1111 1111 1087 1087 1087 1111 1111 1111 1121 1121 1121 1079 1079 1079 1086 1086 1086 1114 1114 1114 1073 1073 1073 1087 1087 1087 1121 1121 1121 1086 1086 1086 1062 1062 1062 1108 1108 1108 1086 1086 1086 1108 1108 1108 1114 1114 1114 1082 1082 1082 1071 1071 1071 1030 1030 1030 1082 1082 1082 1030 1030 1030 1013 1013 1013 1075 1075 1075 1072 1072 1072 1120 1120 1120 1069 1069 1069 1083 1083 1083 1115 1115 1115 1069 1069 1069 1115 1115 1115 1112 1112 1112 1067 1067 1067 1069 1069 1069 1112 1112 1112 1063 1063 1063 1066 1066 1066 1111 1111 1111 1062 1062 1062 1056 1056 1056 1108 1108 1108 1055 1055 1055 1059 1059 1059 1107 1107 1107 1147 1147 1147 1145 1145 1145 1151 1151 1151 1147 1147 1147 1151 1151 1151 1149 1149 1149 1145 1145 1145 1142 1142 1142 1158 1158 1158 1145 1145 1145 1158 1158 1158 1151 1151 1151 1140 1140 1140 1138 1138 1138 1168 1168 1168 1140 1140 1140 1168 1168 1168 1170 1170 1170 1135 1135 1135 1132 1132 1132 1152 1152 1152 1135 1135 1135 1152 1152 1152 1161 1161 1161 1125 1125 1125 1147 1147 1147 1149 1149 1149 1125 1125 1125 1149 1149 1149 1173 1173 1173 1132 1132 1132 1140 1140 1140 1170 1170 1170 1132 1132 1132 1170 1170 1170 1152 1152 1152 1138 1138 1138 1127 1127 1127 1155 1155 1155 1138 1138 1138 1155 1155 1155 1168 1168 1168 1123 1123 1123 1125 1125 1125 1173 1173 1173 1123 1123 1123 1173 1173 1173 1157 1157 1157 1157 1157 1157 1167 1167 1167 1129 1129 1129 1157 1157 1157 1129 1129 1129 1123 1123 1123 1167 1167 1167 1155 1155 1155 1127 1127 1127 1167 1167 1167 1127 1127 1127 1129 1129 1129 1160 1160 1160 1164 1164 1164 1130 1130 1130 1160 1160 1160 1130 1130 1130 1134 1134 1134 1164 1164 1164 1158 1158 1158 1142 1142 1142 1164 1164 1164 1142 1142 1142 1130 1130 1130 1144 1144 1144 1146 1146 1146 1186 1186 1186 1144 1144 1144 1186 1186 1186 1185 1185 1185 1146 1146 1146 1124 1124 1124 1175 1175 1175 1146 1146 1146 1175 1175 1175 1186 1186 1186 1126 1126 1126 1139 1139 1139 1182 1182 1182 1126 1126 1126 1182 1182 1182 1176 1176 1176 1124 1124 1124 1122 1122 1122 1174 1174 1174 1124 1124 1124 1174 1174 1174 1175 1175 1175 1141 1141 1141 1133 1133 1133 1179 1179 1179 1141 1141 1141 1179 1179 1179 1183 1183 1183 1133 1133 1133 1137 1137 1137 1181 1181 1181 1133 1133 1133 1181 1181 1181 1179 1179 1179 1131 1131 1131 1143 1143 1143 1184 1184 1184 1131 1131 1131 1184 1184 1184 1178 1178 1178 1143 1143 1143 1144 1144 1144 1185 1185 1185 1143 1143 1143 1185 1185 1185 1184 1184 1184 1136 1136 1136 1131 1131 1131 1178 1178 1178 1136 1136 1136 1178 1178 1178 1180 1180 1180 1139 1139 1139 1141 1141 1141 1183 1183 1183 1139 1139 1139 1183 1183 1183 1182 1182 1182 1122 1122 1122 1128 1128 1128 1177 1177 1177 1122 1122 1122 1177 1177 1177 1174 1174 1174 1128 1128 1128 1126 1126 1126 1176 1176 1176 1128 1128 1128 1176 1176 1176 1177 1177 1177 1148 1148 1148 1150 1150 1150 1188 1188 1188 1148 1148 1148 1188 1188 1188 1187 1187 1187 1150 1150 1150 1159 1159 1159 1192 1192 1192 1150 1150 1150 1192 1192 1192 1188 1188 1188 1171 1171 1171 1169 1169 1169 1197 1197 1197 1171 1171 1171 1197 1197 1197 1198 1198 1198 1163 1163 1163 1153 1153 1153 1189 1189 1189 1163 1163 1163 1189 1189 1189 1194 1194 1194 1159 1159 1159 1165 1165 1165 1195 1195 1195 1159 1159 1159 1195 1195 1195 1192 1192 1192 1165 1165 1165 1162 1162 1162 1193 1193 1193 1165 1165 1165 1193 1193 1193 1195 1195 1195 1154 1154 1154 1166 1166 1166 1196 1196 1196 1154 1154 1154 1196 1196 1196 1190 1190 1190 1172 1172 1172 1148 1148 1148 1187 1187 1187 1172 1172 1172 1187 1187 1187 1199 1199 1199 1153 1153 1153 1171 1171 1171 1198 1198 1198 1153 1153 1153 1198 1198 1198 1189 1189 1189 1166 1166 1166 1156 1156 1156 1191 1191 1191 1166 1166 1166 1191 1191 1191 1196 1196 1196 1169 1169 1169 1154 1154 1154 1190 1190 1190 1169 1169 1169 1190 1190 1190 1197 1197 1197 1156 1156 1156 1172 1172 1172 1199 1199 1199 1156 1156 1156 1199 1199 1199 1191 1191 1191 1200 1200 1200 1217 1217 1217 1214 1214 1214 1200 1200 1200 1214 1214 1214 1203 1203 1203 1204 1204 1204 1216 1216 1216 1207 1207 1207 1204 1204 1204 1207 1207 1207 1210 1210 1210 1201 1201 1201 1212 1212 1212 1209 1209 1209 1201 1201 1201 1209 1209 1209 1219 1219 1219 1202 1202 1202 1205 1205 1205 1211 1211 1211 1202 1202 1202 1211 1211 1211 1213 1213 1213 1218 1218 1218 1208 1208 1208 1206 1206 1206 1218 1218 1218 1206 1206 1206 1215 1215 1215 1233 1233 1233 1220 1220 1220 1225 1225 1225 1233 1233 1233 1225 1225 1225 1238 1238 1238 1454 1454 1454 1448 1448 1448 1441 1441 1441 1441 1441 1441 1431 1431 1431 1425 1425 1425 1425 1425 1425 1420 1420 1420 1423 1423 1423 1423 1423 1423 1454 1454 1454 1441 1441 1441 1441 1441 1441 1425 1425 1425 1423 1423 1423 1226 1226 1226 1233 1233 1233 1238 1238 1238 1226 1226 1226 1238 1238 1238 1231 1231 1231 1419 1419 1419 1458 1458 1458 1455 1455 1455 1419 1419 1419 1455 1455 1455 1424 1424 1424 1236 1236 1236 1223 1223 1223 1241 1241 1241 1236 1236 1236 1241 1241 1241 1244 1244 1244 1468 1468 1468 1460 1460 1460 1457 1457 1457 1468 1468 1468 1457 1457 1457 1418 1418 1418 1232 1232 1232 1228 1228 1228 1248 1248 1248 1232 1232 1232 1248 1248 1248 1252 1252 1252 1226 1226 1226 1231 1231 1231 1251 1251 1251 1226 1226 1226 1251 1251 1251 1246 1246 1246 1240 1240 1240 1222 1222 1222 1257 1257 1257 1240 1240 1240 1257 1257 1257 1263 1263 1263 1298 1298 1298 1234 1234 1234 1242 1242 1242 1298 1298 1298 1242 1242 1242 1308 1308 1308 1225 1225 1225 1220 1220 1220 1254 1254 1254 1225 1225 1225 1254 1254 1254 1259 1259 1259 1254 1254 1254 1220 1220 1220 1233 1233 1233 1233 1233 1233 1226 1226 1226 1246 1246 1246 1246 1246 1246 1266 1266 1266 1254 1254 1254 1233 1233 1233 1246 1246 1246 1254 1254 1254 1245 1245 1245 1249 1249 1249 1269 1269 1269 1245 1245 1245 1269 1269 1269 1267 1267 1267 1422 1422 1422 1427 1427 1427 1430 1430 1430 1430 1430 1430 1502 1502 1502 1392 1392 1392 1430 1430 1430 1392 1392 1392 1389 1389 1389 1415 1415 1415 1422 1422 1422 1430 1430 1430 1430 1430 1430 1389 1389 1389 1417 1417 1417 1430 1430 1430 1417 1417 1417 1415 1415 1415 1258 1258 1258 1253 1253 1253 1271 1271 1271 1258 1258 1258 1271 1271 1271 1273 1273 1273 1255 1255 1255 1258 1258 1258 1273 1273 1273 1255 1255 1255 1273 1273 1273 1272 1272 1272 1261 1261 1261 1255 1255 1255 1272 1272 1272 1261 1261 1261 1272 1272 1272 1274 1274 1274 1253 1253 1253 1264 1264 1264 1275 1275 1275 1253 1253 1253 1275 1275 1275 1271 1271 1271 1265 1265 1265 1245 1245 1245 1267 1267 1267 1265 1265 1265 1267 1267 1267 1276 1276 1276 1261 1261 1261 1274 1274 1274 1290 1290 1290 1261 1261 1261 1290 1290 1290 1283 1283 1283 1261 1261 1261 1283 1283 1283 1324 1324 1324 1261 1261 1261 1324 1324 1324 1318 1318 1318 1331 1331 1331 1333 1333 1333 1227 1227 1227 1331 1331 1331 1227 1227 1227 1230 1230 1230 1296 1296 1296 1294 1294 1294 1304 1304 1304 1296 1296 1296 1304 1304 1304 1300 1300 1300 1303 1303 1303 1293 1293 1293 1314 1314 1314 1303 1303 1303 1314 1314 1314 1317 1317 1317 1305 1305 1305 1319 1319 1319 1326 1326 1326 1305 1305 1305 1326 1326 1326 1322 1322 1322 1310 1310 1310 1307 1307 1307 1323 1323 1323 1310 1310 1310 1323 1323 1323 1328 1328 1328 1316 1316 1316 1256 1256 1256 1221 1221 1221 1221 1221 1221 1235 1235 1235 1299 1299 1299 1299 1299 1299 1302 1302 1302 1316 1316 1316 1221 1221 1221 1299 1299 1299 1316 1316 1316 1258 1258 1258 1255 1255 1255 1315 1315 1315 1258 1258 1258 1315 1315 1315 1312 1312 1312 1292 1292 1292 1295 1295 1295 1330 1330 1330 1330 1330 1330 1229 1229 1229 1237 1237 1237 1224 1224 1224 1260 1260 1260 1313 1313 1313 1330 1330 1330 1237 1237 1237 1224 1224 1224 1313 1313 1313 1292 1292 1292 1330 1330 1330 1330 1330 1330 1224 1224 1224 1313 1313 1313 1382 1382 1382 1385 1385 1385 1343 1343 1343 1382 1382 1382 1343 1343 1343 1340 1340 1340 1352 1352 1352 1355 1355 1355 1362 1362 1362 1352 1352 1352 1362 1362 1362 1358 1358 1358 1359 1359 1359 1363 1363 1363 1367 1367 1367 1359 1359 1359 1367 1367 1367 1365 1365 1365 1365 1365 1365 1367 1367 1367 1373 1373 1373 1365 1365 1365 1373 1373 1373 1370 1370 1370 1370 1370 1370 1373 1373 1373 1379 1379 1379 1370 1370 1370 1379 1379 1379 1376 1376 1376 1376 1376 1376 1379 1379 1379 1385 1385 1385 1376 1376 1376 1385 1385 1385 1382 1382 1382 1346 1346 1346 1349 1349 1349 1355 1355 1355 1346 1346 1346 1355 1355 1355 1352 1352 1352 1354 1354 1354 1348 1348 1348 1342 1342 1342 1342 1342 1342 1384 1384 1384 1378 1378 1378 1378 1378 1378 1372 1372 1372 1366 1366 1366 1366 1366 1366 1361 1361 1361 1354 1354 1354 1354 1354 1354 1342 1342 1342 1378 1378 1378 1378 1378 1378 1366 1366 1366 1354 1354 1354 1340 1340 1340 1343 1343 1343 1349 1349 1349 1340 1340 1340 1349 1349 1349 1346 1346 1346 1340 1340 1340 1346 1346 1346 1344 1344 1344 1340 1340 1340 1344 1344 1344 1338 1338 1338 1349 1349 1349 1343 1343 1343 1341 1341 1341 1349 1349 1349 1341 1341 1341 1347 1347 1347 1346 1346 1346 1352 1352 1352 1350 1350 1350 1346 1346 1346 1350 1350 1350 1344 1344 1344 1355 1355 1355 1349 1349 1349 1347 1347 1347 1355 1355 1355 1347 1347 1347 1353 1353 1353 1352 1352 1352 1358 1358 1358 1356 1356 1356 1352 1352 1352 1356 1356 1356 1350 1350 1350 1362 1362 1362 1355 1355 1355 1353 1353 1353 1362 1362 1362 1353 1353 1353 1360 1360 1360 1359 1359 1359 1365 1365 1365 1364 1364 1364 1359 1359 1359 1364 1364 1364 1357 1357 1357 1367 1367 1367 1363 1363 1363 1361 1361 1361 1367 1367 1367 1361 1361 1361 1366 1366 1366 1365 1365 1365 1370 1370 1370 1368 1368 1368 1365 1365 1365 1368 1368 1368 1364 1364 1364 1373 1373 1373 1367 1367 1367 1366 1366 1366 1373 1373 1373 1366 1366 1366 1371 1371 1371 1370 1370 1370 1376 1376 1376 1374 1374 1374 1370 1370 1370 1374 1374 1374 1368 1368 1368 1379 1379 1379 1373 1373 1373 1371 1371 1371 1379 1379 1379 1371 1371 1371 1377 1377 1377 1376 1376 1376 1382 1382 1382 1380 1380 1380 1376 1376 1376 1380 1380 1380 1374 1374 1374 1385 1385 1385 1379 1379 1379 1377 1377 1377 1385 1385 1385 1377 1377 1377 1383 1383 1383 1382 1382 1382 1340 1340 1340 1338 1338 1338 1382 1382 1382 1338 1338 1338 1380 1380 1380 1343 1343 1343 1385 1385 1385 1383 1383 1383 1343 1343 1343 1383 1383 1383 1341 1341 1341 1381 1381 1381 1339 1339 1339 1345 1345 1345 1345 1345 1345 1351 1351 1351 1357 1357 1357 1357 1357 1357 1364 1364 1364 1369 1369 1369 1369 1369 1369 1375 1375 1375 1381 1381 1381 1381 1381 1381 1345 1345 1345 1357 1357 1357 1357 1357 1357 1369 1369 1369 1381 1381 1381 1387 1387 1387 1386 1386 1386 1390 1390 1390 1390 1390 1390 1395 1395 1395 1405 1405 1405 1405 1405 1405 1411 1411 1411 1387 1387 1387 1390 1390 1390 1405 1405 1405 1387 1387 1387 1387 1387 1387 1416 1416 1416 1388 1388 1388 1387 1387 1387 1388 1388 1388 1386 1386 1386 1388 1388 1388 1393 1393 1393 1390 1390 1390 1388 1388 1388 1390 1390 1390 1386 1386 1386 1394 1394 1394 1399 1399 1399 1398 1398 1398 1394 1394 1394 1398 1398 1398 1391 1391 1391 1391 1391 1391 1398 1398 1398 1401 1401 1401 1391 1391 1391 1401 1401 1401 1397 1397 1397 1396 1396 1396 1400 1400 1400 1402 1402 1402 1396 1396 1396 1402 1402 1402 1406 1406 1406 1406 1406 1406 1402 1402 1402 1403 1403 1403 1406 1406 1406 1403 1403 1403 1409 1409 1409 1411 1411 1411 1405 1405 1405 1407 1407 1407 1411 1411 1411 1407 1407 1407 1412 1412 1412 1411 1411 1411 1412 1412 1412 1416 1416 1416 1411 1411 1411 1416 1416 1416 1387 1387 1387 1250 1250 1250 1247 1247 1247 1281 1281 1281 1281 1281 1281 1289 1289 1289 1268 1268 1268 1268 1268 1268 1270 1270 1270 1250 1250 1250 1281 1281 1281 1268 1268 1268 1250 1250 1250 1421 1421 1421 1414 1414 1414 1419 1419 1419 1421 1421 1421 1419 1419 1419 1424 1424 1424 1413 1413 1413 1408 1408 1408 1468 1468 1468 1413 1413 1413 1468 1468 1468 1418 1418 1418 1333 1333 1333 1336 1336 1336 1278 1278 1278 1333 1333 1333 1278 1278 1278 1227 1227 1227 1426 1426 1426 1432 1432 1432 1435 1435 1435 1426 1426 1426 1435 1435 1435 1428 1428 1428 1309 1309 1309 1243 1243 1243 1239 1239 1239 1239 1239 1239 1262 1262 1262 1320 1320 1320 1320 1320 1320 1306 1306 1306 1309 1309 1309 1239 1239 1239 1320 1320 1320 1309 1309 1309 1434 1434 1434 1444 1444 1444 1453 1453 1453 1434 1434 1434 1453 1453 1453 1440 1440 1440 1497 1497 1497 1488 1488 1488 1499 1499 1499 1499 1499 1499 1437 1437 1437 1433 1433 1433 1433 1433 1433 1439 1439 1439 1497 1497 1497 1499 1499 1499 1433 1433 1433 1497 1497 1497 1442 1442 1442 1449 1449 1449 1475 1475 1475 1442 1442 1442 1475 1475 1475 1445 1445 1445 1228 1228 1228 1279 1279 1279 1282 1282 1282 1228 1228 1228 1282 1282 1282 1248 1248 1248 1443 1443 1443 1446 1446 1446 1481 1481 1481 1481 1481 1481 1485 1485 1485 1492 1492 1492 1492 1492 1492 1452 1452 1452 1443 1443 1443 1481 1481 1481 1492 1492 1492 1443 1443 1443 1335 1335 1335 1327 1327 1327 1321 1321 1321 1321 1321 1321 1325 1325 1325 1284 1284 1284 1284 1284 1284 1291 1291 1291 1285 1285 1285 1321 1321 1321 1284 1284 1284 1285 1285 1285 1277 1277 1277 1335 1335 1335 1321 1321 1321 1288 1288 1288 1280 1280 1280 1277 1277 1277 1287 1287 1287 1288 1288 1288 1277 1277 1277 1321 1321 1321 1285 1285 1285 1286 1286 1286 1286 1286 1286 1287 1287 1287 1277 1277 1277 1321 1321 1321 1286 1286 1286 1277 1277 1277 1469 1469 1469 1410 1410 1410 1404 1404 1404 1467 1467 1467 1466 1466 1466 1462 1462 1462 1469 1469 1469 1404 1404 1404 1467 1467 1467 1467 1467 1467 1462 1462 1462 1469 1469 1469 1447 1447 1447 1476 1476 1476 1478 1478 1478 1447 1447 1447 1478 1478 1478 1482 1482 1482 1486 1486 1486 1483 1483 1483 1480 1480 1480 1486 1486 1486 1480 1480 1480 1474 1474 1474 1486 1486 1486 1493 1493 1493 1494 1494 1494 1486 1486 1486 1494 1494 1494 1489 1489 1489 1491 1491 1491 1484 1484 1484 1487 1487 1487 1491 1491 1491 1487 1487 1487 1496 1496 1496 1486 1486 1486 1474 1474 1474 1472 1472 1472 1486 1486 1486 1472 1472 1472 1493 1493 1493 1489 1489 1489 1494 1494 1494 1399 1399 1399 1489 1489 1489 1399 1399 1399 1394 1394 1394 1438 1438 1438 1451 1451 1451 1490 1490 1490 1438 1438 1438 1490 1490 1490 1495 1495 1495 1394 1394 1394 1503 1503 1503 1500 1500 1500 1394 1394 1394 1500 1500 1500 1489 1489 1489 1436 1436 1436 1498 1498 1498 1501 1501 1501 1436 1436 1436 1501 1501 1501 1429 1429 1429 1337 1337 1337 1334 1334 1334 1332 1332 1332 1332 1332 1332 1297 1297 1297 1301 1301 1301 1301 1301 1301 1311 1311 1311 1329 1329 1329 1329 1329 1329 1337 1337 1337 1332 1332 1332 1332 1332 1332 1301 1301 1301 1329 1329 1329 1511 1511 1511 1509 1509 1509 1504 1504 1504 1511 1511 1511 1504 1504 1504 1506 1506 1506 1506 1506 1506 1504 1504 1504 1507 1507 1507 1506 1506 1506 1507 1507 1507 1527 1527 1527 1508 1508 1508 1505 1505 1505 1510 1510 1510 1510 1510 1510 1513 1513 1513 1516 1516 1516 1516 1516 1516 1518 1518 1518 1521 1521 1521 1521 1521 1521 1525 1525 1525 1508 1508 1508 1508 1508 1508 1510 1510 1510 1516 1516 1516 1516 1516 1516 1521 1521 1521 1508 1508 1508 1514 1514 1514 1512 1512 1512 1509 1509 1509 1514 1514 1514 1509 1509 1509 1511 1511 1511 1517 1517 1517 1515 1515 1515 1512 1512 1512 1517 1517 1517 1512 1512 1512 1514 1514 1514 1519 1519 1519 1518 1518 1518 1515 1515 1515 1519 1519 1519 1515 1515 1515 1517 1517 1517 1523 1523 1523 1521 1521 1521 1518 1518 1518 1523 1523 1523 1518 1518 1518 1519 1519 1519 1526 1526 1526 1524 1524 1524 1520 1520 1520 1526 1526 1526 1520 1520 1520 1522 1522 1522 1527 1527 1527 1507 1507 1507 1524 1524 1524 1527 1527 1527 1524 1524 1524 1526 1526 1526 1527 1527 1527 1526 1526 1526 1528 1528 1528 1527 1527 1527 1528 1528 1528 1531 1531 1531 1526 1526 1526 1522 1522 1522 1532 1532 1532 1526 1526 1526 1532 1532 1532 1528 1528 1528 1532 1532 1532 1534 1534 1534 1529 1529 1529 1532 1532 1532 1529 1529 1529 1528 1528 1528 1528 1528 1528 1529 1529 1529 1550 1550 1550 1528 1528 1528 1550 1550 1550 1531 1531 1531 1536 1536 1536 1537 1537 1537 1535 1535 1535 1536 1536 1536 1535 1535 1535 1533 1533 1533 1523 1523 1523 1519 1519 1519 1536 1536 1536 1523 1523 1523 1536 1536 1536 1533 1533 1533 1538 1538 1538 1539 1539 1539 1537 1537 1537 1538 1538 1538 1537 1537 1537 1536 1536 1536 1519 1519 1519 1517 1517 1517 1538 1538 1538 1519 1519 1519 1538 1538 1538 1536 1536 1536 1541 1541 1541 1542 1542 1542 1539 1539 1539 1541 1541 1541 1539 1539 1539 1538 1538 1538 1517 1517 1517 1514 1514 1514 1541 1541 1541 1517 1517 1517 1541 1541 1541 1538 1538 1538 1544 1544 1544 1545 1545 1545 1542 1542 1542 1544 1544 1544 1542 1542 1542 1541 1541 1541 1514 1514 1514 1511 1511 1511 1544 1544 1544 1514 1514 1514 1544 1544 1544 1541 1541 1541 1547 1547 1547 1548 1548 1548 1545 1545 1545 1547 1547 1547 1545 1545 1545 1544 1544 1544 1511 1511 1511 1506 1506 1506 1547 1547 1547 1511 1511 1511 1547 1547 1547 1544 1544 1544 1531 1531 1531 1550 1550 1550 1548 1548 1548 1531 1531 1531 1548 1548 1548 1547 1547 1547 1506 1506 1506 1527 1527 1527 1531 1531 1531 1506 1506 1506 1531 1531 1531 1547 1547 1547 1549 1549 1549 1551 1551 1551 1530 1530 1530 1530 1530 1530 1535 1535 1535 1537 1537 1537 1537 1537 1537 1540 1540 1540 1543 1543 1543 1543 1543 1543 1546 1546 1546 1549 1549 1549 1549 1549 1549 1530 1530 1530 1537 1537 1537 1537 1537 1537 1543 1543 1543 1549 1549 1549 1471 1471 1471 1473 1473 1473 1479 1479 1479 1479 1479 1479 1477 1477 1477 1450 1450 1450 1450 1450 1450 1456 1456 1456 1459 1459 1459 1459 1459 1459 1461 1461 1461 1465 1465 1465 1459 1459 1459 1465 1465 1465 1463 1463 1463 1471 1471 1471 1479 1479 1479 1450 1450 1450 1470 1470 1470 1471 1471 1471 1450 1450 1450 1450 1450 1450 1459 1459 1459 1463 1463 1463 1464 1464 1464 1470 1470 1470 1450 1450 1450 1450 1450 1450 1463 1463 1463 1464 1464 1464 1604 1604 1604 1613 1613 1613 1581 1581 1581 1604 1604 1604 1581 1581 1581 1579 1579 1579 1563 1563 1563 1560 1560 1560 1603 1603 1603 1563 1563 1563 1603 1603 1603 1594 1594 1594 1561 1561 1561 1555 1555 1555 1573 1573 1573 1561 1561 1561 1573 1573 1573 1564 1564 1564 1595 1595 1595 1589 1589 1589 1583 1583 1583 1595 1595 1595 1583 1583 1583 1611 1611 1611 1586 1586 1586 1576 1576 1576 1578 1578 1578 1578 1578 1578 1580 1580 1580 1582 1582 1582 1582 1582 1582 1588 1588 1588 1590 1590 1590 1590 1590 1590 1584 1584 1584 1586 1586 1586 1586 1586 1586 1578 1578 1578 1582 1582 1582 1582 1582 1582 1590 1590 1590 1586 1586 1586 1585 1585 1585 1591 1591 1591 1593 1593 1593 1585 1585 1585 1593 1593 1593 1602 1602 1602 1557 1557 1557 1563 1563 1563 1597 1597 1597 1557 1557 1557 1597 1597 1597 1612 1612 1612 1554 1554 1554 1557 1557 1557 1615 1615 1615 1554 1554 1554 1615 1615 1615 1606 1606 1606 1560 1560 1560 1554 1554 1554 1609 1609 1609 1560 1560 1560 1609 1609 1609 1600 1600 1600 1569 1569 1569 1566 1566 1566 1575 1575 1575 1569 1569 1569 1575 1575 1575 1572 1572 1572 1558 1558 1558 1562 1562 1562 1565 1565 1565 1558 1558 1558 1565 1565 1565 1567 1567 1567 1556 1556 1556 1552 1552 1552 1570 1570 1570 1556 1556 1556 1570 1570 1570 1574 1574 1574 1553 1553 1553 1559 1559 1559 1568 1568 1568 1553 1553 1553 1568 1568 1568 1571 1571 1571 1594 1594 1594 1597 1597 1597 1563 1563 1563 1600 1600 1600 1603 1603 1603 1560 1560 1560 1606 1606 1606 1609 1609 1609 1554 1554 1554 1612 1612 1612 1615 1615 1615 1557 1557 1557 1599 1599 1599 1587 1587 1587 1585 1585 1585 1599 1599 1599 1585 1585 1585 1601 1601 1601 1589 1589 1589 1596 1596 1596 1592 1592 1592 1589 1589 1589 1592 1592 1592 1591 1591 1591 1577 1577 1577 1607 1607 1607 1605 1605 1605 1577 1577 1577 1605 1605 1605 1579 1579 1579 1610 1610 1610 1583 1583 1583 1581 1581 1581 1610 1610 1610 1581 1581 1581 1614 1614 1614 1587 1587 1587 1598 1598 1598 1608 1608 1608 1587 1587 1587 1608 1608 1608 1577 1577 1577 1680 1680 1680 1623 1623 1623 1625 1625 1625 1680 1680 1680 1625 1625 1625 1616 1616 1616 1622 1622 1622 1679 1679 1679 1619 1619 1619 1619 1619 1619 1653 1653 1653 1651 1651 1651 1651 1651 1651 1649 1649 1649 1629 1629 1629 1629 1629 1629 1627 1627 1627 1622 1622 1622 1622 1622 1622 1619 1619 1619 1651 1651 1651 1651 1651 1651 1629 1629 1629 1622 1622 1622 1624 1624 1624 1623 1623 1623 1628 1628 1628 1624 1624 1624 1628 1628 1628 1631 1631 1631 1637 1637 1637 1632 1632 1632 1628 1628 1628 1637 1637 1637 1628 1628 1628 1630 1630 1630 1639 1639 1639 1636 1636 1636 1633 1633 1633 1666 1666 1666 1626 1626 1626 1633 1633 1633 1666 1666 1666 1633 1633 1633 1636 1636 1636 1636 1636 1636 1639 1639 1639 1642 1642 1642 1636 1636 1636 1642 1642 1642 1648 1648 1648 1640 1640 1640 1638 1638 1638 1630 1630 1630 1640 1640 1640 1630 1630 1630 1650 1650 1650 1650 1650 1650 1652 1652 1652 1643 1643 1643 1650 1650 1650 1643 1643 1643 1641 1641 1641 1645 1645 1645 1648 1648 1648 1642 1642 1642 1654 1654 1654 1656 1656 1656 1644 1644 1644 1654 1654 1654 1644 1644 1644 1652 1652 1652 1659 1659 1659 1655 1655 1655 1654 1654 1654 1659 1659 1659 1654 1654 1654 1620 1620 1620 1660 1660 1660 1663 1663 1663 1657 1657 1657 1648 1648 1648 1645 1645 1645 1657 1657 1657 1648 1648 1648 1657 1657 1657 1663 1663 1663 1661 1661 1661 1667 1667 1667 1670 1670 1670 1661 1661 1661 1670 1670 1670 1646 1646 1646 1664 1664 1664 1673 1673 1673 1668 1668 1668 1664 1664 1664 1668 1668 1668 1662 1662 1662 1663 1663 1663 1660 1660 1660 1618 1618 1618 1663 1663 1663 1618 1618 1618 1666 1666 1666 1669 1669 1669 1675 1675 1675 1678 1678 1678 1669 1669 1669 1678 1678 1678 1672 1672 1672 1635 1635 1635 1677 1677 1677 1674 1674 1674 1635 1635 1635 1674 1674 1674 1665 1665 1665 1647 1647 1647 1671 1671 1671 1676 1676 1676 1647 1647 1647 1676 1676 1676 1634 1634 1634 1626 1626 1626 1666 1666 1666 1618 1618 1618 1658 1658 1658 1621 1621 1621 1681 1681 1681 1658 1658 1658 1681 1681 1681 1617 1617 1617</p>
        </triangles>
      </mesh>
    </geometry>
  </library_geometries>
  <library_materials>
    <material id="33bf27f5ca8d413186a1d480ad6b2beb" name="defaultmaterial">
      <instance_effect url="#be783f1537934f6ba12ad07ea468ddb7"/>
    </material>
  </library_materials>
  <library_visual_scenes>
    <visual_scene id="scene">
      <node id="node0" name="node0">
        <instance_geometry url="#8c1a7374669e4f8ba98db5615955883e">
          <bind_material>
            <technique_common>
              <instance_material symbol="material0" target="#33bf27f5ca8d413186a1d480ad6b2beb"/>
            </technique_common>
          </bind_material>
        </instance_geometry>
      </node>
    </visual_scene>
  </library_visual_scenes>
  <scene>
    <instance_visual_scene url="#scene"/>
  </scene>
</COLLADA>
