# https://github.com/mikedh/trimesh
mtllib material.mtl
usemtl material_0
v -0.05092232 -0.19010322 -0.20503269
v -0.05092232 -0.19048376 -0.24539185
v -0.00315327 -0.19027923 -0.20503269
v -0.00315327 -0.19096677 -0.24539185
v -0.05092232 -0.01227434 -0.24539185
v -0.05092232 -0.01300726 -0.20503269
v -0.00315327 -0.01315365 -0.24539185
v -0.00315327 -0.01381659 -0.20503269
v -0.05092230 -0.10556889 -0.03359028
v -0.00315326 -0.14155829 -0.03399265
v -0.00315325 -0.10556889 -0.03371616
v -0.05092231 -0.14155829 -0.03325134
v 0.24588623 -0.10556889 -0.24539185
v 0.24556208 -0.10556889 -0.20503269
v 0.24528650 -0.14155829 -0.24539185
v 0.24559008 -0.14155829 -0.20503269
v 0.04461578 -0.14155829 -0.41913471
v -0.00315327 -0.10556889 -0.41964303
v 0.04461578 -0.10556889 -0.41956622
v -0.00315327 -0.14155829 -0.41901945
v -0.25021955 -0.10556889 -0.20503269
v -0.25040476 -0.10556889 -0.24539185
v -0.24943029 -0.14155829 -0.20503269
v -0.24966316 -0.14155829 -0.24539185
v -0.24233210 -0.18350037 -0.04240158
v -0.23764996 -0.18615219 -0.04754269
v -0.23524294 -0.18445212 -0.04012421
v -0.24489891 -0.18543723 -0.04907906
v -0.24563831 -0.18155676 -0.04352158
v -0.24796043 -0.18383168 -0.04918251
v -0.24087383 -0.18214592 -0.03986694
v -0.23527773 -0.18291400 -0.03804214
v -0.24379208 -0.18097244 -0.04117519
v -0.24483704 -0.18317013 -0.40149122
v -0.24363543 -0.18220200 -0.40826344
v -0.23854046 -0.18594391 -0.40332486
v -0.23796276 -0.18390165 -0.41007756
v -0.24329973 -0.18120750 -0.41044369
v -0.23848869 -0.18293831 -0.41206668
v -0.24647356 -0.18225566 -0.40112261
v -0.24554586 -0.18116648 -0.40785604
v -0.24491196 -0.18042402 -0.40966145
v 0.24067991 -0.18728602 -0.40432603
v 0.23521267 -0.18953597 -0.40641989
v 0.23875792 -0.18492855 -0.41006614
v 0.23264750 -0.18735295 -0.41177844
v 0.24287428 -0.18461273 -0.40371895
v 0.24123991 -0.18311424 -0.40933340
v 0.23219521 -0.18525177 -0.41465262
v 0.23807608 -0.18327163 -0.41259481
v 0.24029442 -0.18219155 -0.41149655
v 0.23942993 -0.18571060 -0.03978405
v 0.23407139 -0.18761093 -0.03856575
v 0.23562407 -0.19032677 -0.04366386
v 0.24101385 -0.18836352 -0.04502480
v 0.23384531 -0.18499518 -0.03604328
v 0.23876598 -0.18368035 -0.03754448
v 0.24213587 -0.18399298 -0.04042126
v 0.24453251 -0.18632409 -0.04671570
v 0.24098345 -0.18284220 -0.03833038
v -0.24755234 -0.00616936 -0.04613132
v -0.24612600 -0.00867895 -0.03933651
v -0.24003277 -0.00389402 -0.04521935
v -0.23814596 -0.00578505 -0.03784035
v -0.24532055 -0.01065081 -0.03629768
v -0.23752048 -0.00867928 -0.03425247
v -0.25070520 -0.00930258 -0.04635925
v -0.24928030 -0.01066658 -0.04009007
v -0.24818016 -0.01175083 -0.03739929
v 0.23630737 -0.00803545 -0.05556419
v 0.22743353 -0.00715744 -0.05229431
v 0.23549292 -0.00847208 -0.04652546
v 0.22600956 -0.00795290 -0.04286541
v 0.24360077 -0.01013515 -0.05808628
v 0.24228586 -0.01077864 -0.04900482
v 0.22674688 -0.01089594 -0.03852680
v 0.23523750 -0.01116346 -0.04039398
v 0.24138048 -0.01198130 -0.04287663
v 0.23797958 -0.00952654 -0.40939323
v 0.22666149 -0.00660860 -0.41121020
v 0.23102451 -0.00512974 -0.40196618
v 0.23928335 -0.00834219 -0.39988273
v 0.23741844 -0.01154055 -0.41308549
v 0.22641445 -0.00929621 -0.41553581
v 0.24178473 -0.01168823 -0.40882782
v 0.24275038 -0.01056084 -0.39975862
v 0.24061340 -0.01293390 -0.41180656
v -0.24653360 -0.00784746 -0.41141674
v -0.23950439 -0.00208242 -0.40491547
v -0.23857727 -0.00547556 -0.41277139
v -0.24816347 -0.00411148 -0.40381157
v -0.24995525 -0.00997765 -0.41059571
v -0.25245863 -0.00750589 -0.40341134
v -0.23833061 -0.00924160 -0.41581093
v -0.24556358 -0.01040861 -0.41441676
v -0.24853559 -0.01140486 -0.41338103
v -0.24503923 -0.17187501 -0.03636562
v -0.24196514 -0.17934260 -0.03814163
v -0.23664734 -0.17363083 -0.03416142
v -0.23510151 -0.18044593 -0.03613525
v -0.24087383 -0.18214592 -0.03986694
v -0.23527773 -0.18291400 -0.03804214
v -0.24771238 -0.17136080 -0.03805386
v -0.24567318 -0.17846825 -0.03995975
v -0.24379208 -0.18097244 -0.04117519
v 0.24015181 -0.17556553 -0.03459980
v 0.23427849 -0.17649504 -0.03348976
v 0.23928793 -0.18108840 -0.03638180
v 0.23420429 -0.18208810 -0.03464199
v 0.24177221 -0.18056546 -0.03756443
v 0.24297279 -0.17590871 -0.03605076
v 0.23384531 -0.18499518 -0.03604328
v 0.23876598 -0.18368035 -0.03754448
v 0.24098345 -0.18284220 -0.03833038
v 0.23614130 -0.01681271 -0.03675518
v 0.22786591 -0.01526041 -0.03557259
v 0.22850903 -0.02406094 -0.03428974
v 0.23813833 -0.02508755 -0.03481480
v 0.23523750 -0.01116346 -0.04039398
v 0.22674688 -0.01089594 -0.03852680
v 0.24263565 -0.01740294 -0.04038277
v 0.24419144 -0.02525385 -0.03815094
v 0.24138048 -0.01198130 -0.04287663
v -0.24598925 -0.01376488 -0.03439182
v -0.23889227 -0.01989630 -0.03052711
v -0.23752798 -0.01251568 -0.03190342
v -0.24725517 -0.02064508 -0.03206028
v -0.24905638 -0.01455219 -0.03651512
v -0.25055149 -0.02070950 -0.03505165
v -0.24532055 -0.01065081 -0.03629768
v -0.23752048 -0.00867928 -0.03425247
v -0.24818016 -0.01175083 -0.03739929
v 0.24572126 -0.17567703 -0.03836510
v 0.24379383 -0.18128374 -0.03974037
v 0.24829247 -0.17652185 -0.04467892
v 0.24664785 -0.18273261 -0.04611797
v 0.24213587 -0.18399298 -0.04042126
v 0.24453251 -0.18632409 -0.04671570
v 0.24297279 -0.17590871 -0.03605076
v 0.24177221 -0.18056546 -0.03756443
v 0.24098345 -0.18284220 -0.03833038
v 0.24427404 -0.17524250 -0.41121225
v 0.24544769 -0.17672799 -0.40593158
v 0.24264650 -0.18061530 -0.40991003
v 0.24419081 -0.18184815 -0.40398004
v 0.24121675 -0.18003664 -0.41240535
v 0.24266615 -0.17497641 -0.41378332
v 0.24287428 -0.18461273 -0.40371895
v 0.24123991 -0.18311424 -0.40933340
v 0.24029442 -0.18219155 -0.41149655
v 0.24371811 -0.01525597 -0.40918864
v 0.24572639 -0.01361776 -0.39974647
v 0.24652193 -0.02206913 -0.40154866
v 0.24592445 -0.02438999 -0.41052439
v 0.24178473 -0.01168823 -0.40882782
v 0.24275038 -0.01056084 -0.39975862
v 0.24169432 -0.01589151 -0.41275915
v 0.24378351 -0.02450081 -0.41472359
v 0.24061340 -0.01293390 -0.41180656
v 0.24567354 -0.01745510 -0.04795948
v 0.24885241 -0.02571108 -0.05399872
v 0.24733025 -0.01601030 -0.05746590
v 0.24841335 -0.02642023 -0.04475239
v 0.24263565 -0.01740294 -0.04038277
v 0.24419144 -0.02525385 -0.03815094
v 0.24228586 -0.01077864 -0.04900482
v 0.24360077 -0.01013515 -0.05808628
v 0.24138048 -0.01198130 -0.04287663
v 0.24014828 -0.17517055 -0.41564126
v 0.23864529 -0.18064410 -0.41403889
v 0.23461851 -0.17671455 -0.41733423
v 0.23247223 -0.18218793 -0.41621812
v 0.23807608 -0.18327163 -0.41259481
v 0.23219521 -0.18525177 -0.41465262
v 0.24266615 -0.17497641 -0.41378332
v 0.24121675 -0.18003664 -0.41240535
v 0.24029442 -0.18219155 -0.41149655
v -0.24602182 -0.17421451 -0.41437550
v -0.23969276 -0.17591703 -0.41652789
v -0.24382420 -0.17934327 -0.41202204
v -0.23855871 -0.18121343 -0.41351358
v -0.24593966 -0.17875744 -0.41071362
v -0.24817974 -0.17382884 -0.41286053
v -0.23848869 -0.18293831 -0.41206668
v -0.24329973 -0.18120750 -0.41044369
v -0.24491196 -0.18042402 -0.40966145
v -0.24605808 -0.01380665 -0.41573812
v -0.23831884 -0.01313686 -0.41695191
v -0.23899839 -0.01996967 -0.41756816
v -0.24678753 -0.02065405 -0.41712025
v -0.24556358 -0.01040861 -0.41441676
v -0.23833061 -0.00924160 -0.41581093
v -0.24943800 -0.01437246 -0.41425160
v -0.25069090 -0.02078306 -0.41559543
v -0.24853559 -0.01140486 -0.41338103
v 0.23799850 -0.01511290 -0.41514604
v 0.22858912 -0.02256739 -0.41894124
v 0.22660908 -0.01343328 -0.41772580
v 0.23980822 -0.02415867 -0.41759377
v 0.24169432 -0.01589151 -0.41275915
v 0.24378351 -0.02450081 -0.41472359
v 0.23741844 -0.01154055 -0.41308549
v 0.22641445 -0.00929621 -0.41553581
v 0.24061340 -0.01293390 -0.41180656
v -0.24962345 -0.17402957 -0.41072647
v -0.24724831 -0.17966890 -0.40874211
v -0.25116804 -0.17608103 -0.40500363
v -0.24820078 -0.18116106 -0.40186723
v -0.24554586 -0.18116648 -0.40785604
v -0.24647356 -0.18225566 -0.40112261
v -0.24817974 -0.17382884 -0.41286053
v -0.24593966 -0.17875744 -0.41071362
v -0.24491196 -0.18042402 -0.40966145
v -0.24975822 -0.17182325 -0.04010582
v -0.25200663 -0.17401627 -0.04824150
v -0.24778887 -0.17888723 -0.04287636
v -0.24978090 -0.18158891 -0.04932961
v -0.24567318 -0.17846825 -0.03995975
v -0.24771238 -0.17136080 -0.03805386
v -0.24796043 -0.18383168 -0.04918251
v -0.24563831 -0.18155676 -0.04352158
v -0.24379208 -0.18097244 -0.04117519
v -0.25073280 -0.01387218 -0.03955669
v -0.25255604 -0.01290092 -0.04618534
v -0.25351749 -0.01937426 -0.04538158
v -0.25257204 -0.02033693 -0.03860867
v -0.24928030 -0.01066658 -0.04009007
v -0.25070520 -0.00930258 -0.04635925
v -0.24905638 -0.01455219 -0.03651512
v -0.25055149 -0.02070950 -0.03505165
v -0.24818016 -0.01175083 -0.03739929
v -0.25187893 -0.01346500 -0.41124999
v -0.25607002 -0.02011047 -0.40407358
v -0.25491739 -0.01217957 -0.40332554
v -0.25371027 -0.02075632 -0.41220894
v -0.24943800 -0.01437246 -0.41425160
v -0.25069090 -0.02078306 -0.41559543
v -0.24995525 -0.00997765 -0.41059571
v -0.25245863 -0.00750589 -0.40341134
v -0.24853559 -0.01140486 -0.41338103
v -0.24469975 -0.18353337 -0.20501682
v -0.24149633 -0.18418151 -0.24539185
v -0.24149084 -0.18410345 -0.20503269
v -0.24466957 -0.18346299 -0.24541630
v -0.24717485 -0.18236520 -0.20503714
v -0.24707237 -0.18238449 -0.24542215
v -0.00315327 -0.18681613 -0.41155295
v 0.04461578 -0.18832277 -0.40662072
v -0.00315327 -0.18798984 -0.40659705
v 0.04461578 -0.18686295 -0.41156957
v -0.00315327 -0.18501768 -0.41429856
v 0.04461578 -0.18514074 -0.41442162
v 0.23559338 -0.18986061 -0.20503269
v 0.24074654 -0.18774611 -0.24539185
v 0.24079643 -0.18788665 -0.20503269
v 0.23556259 -0.18942745 -0.24539185
v 0.24310358 -0.18495934 -0.20503269
v 0.24310743 -0.18496314 -0.24539185
v -0.05092232 -0.18594566 -0.03918060
v -0.00315327 -0.18794724 -0.04383053
v -0.00315327 -0.18661880 -0.03894165
v -0.05092232 -0.18754313 -0.04385925
v -0.00315327 -0.18433654 -0.03680710
v -0.05092232 -0.18386231 -0.03728142
v -0.00315327 -0.00873009 -0.03889675
v 0.04461625 -0.00897646 -0.03911472
v -0.00315327 -0.00841892 -0.04389374
v 0.04461539 -0.00887512 -0.04530403
v -0.00315327 -0.01017176 -0.03584000
v 0.04461627 -0.01044342 -0.03610435
v 0.23317190 -0.00935984 -0.24517124
v 0.23975962 -0.00993057 -0.20503141
v 0.23995743 -0.00995167 -0.24539185
v 0.23332617 -0.00969137 -0.20503235
v 0.24236950 -0.01124905 -0.20503208
v 0.24239138 -0.01122831 -0.24539185
v -0.00315327 -0.00897470 -0.41144095
v -0.05092232 -0.00590803 -0.40670917
v -0.00315327 -0.00602325 -0.40670098
v -0.05092232 -0.00794926 -0.41180504
v -0.00315327 -0.01233986 -0.41241636
v -0.05092232 -0.01138456 -0.41337173
v -0.24787727 -0.00540781 -0.24539185
v -0.24786570 -0.00544029 -0.20503269
v -0.24192009 -0.00533104 -0.24539185
v -0.24191563 -0.00539377 -0.20503269
v -0.25194147 -0.00798475 -0.24539185
v -0.25167175 -0.00825447 -0.20503269
v -0.00315327 -0.18166151 -0.03604710
v 0.04461578 -0.18168683 -0.03597591
v -0.00315327 -0.17754846 -0.03527016
v 0.04461578 -0.17717595 -0.03512741
v -0.00315327 -0.18433654 -0.03680710
v 0.04461578 -0.18441553 -0.03672813
v 0.23551100 -0.05111223 -0.03244724
v 0.24089605 -0.05121462 -0.03297634
v 0.24435553 -0.05124979 -0.03492851
v -0.00315327 -0.01299234 -0.03373314
v -0.05092232 -0.01818420 -0.03350571
v -0.00315327 -0.01860701 -0.03324081
v -0.05092232 -0.01311764 -0.03408630
v -0.00315327 -0.01017176 -0.03584000
v -0.05092232 -0.01000360 -0.03567181
v -0.24637060 -0.10556889 -0.03531975
v -0.24176849 -0.14155829 -0.03313248
v -0.24168751 -0.10556889 -0.03427177
v -0.24676210 -0.14155829 -0.03421688
v -0.24844919 -0.10556889 -0.03714523
v -0.24953173 -0.14155829 -0.03606270
v 0.24406513 -0.18195419 -0.20503269
v 0.24390131 -0.18189609 -0.24539185
v 0.24498703 -0.17723465 -0.20503269
v 0.24480177 -0.17722149 -0.24539185
v 0.24310358 -0.18495934 -0.20503269
v 0.24310743 -0.18496314 -0.24539185
v 0.24678501 -0.05158431 -0.40671035
v 0.24640306 -0.05167641 -0.41210115
v 0.24495459 -0.05156900 -0.41605996
v 0.24421482 -0.01370768 -0.20503275
v 0.24529848 -0.01879486 -0.24536165
v 0.24405970 -0.01352314 -0.24539185
v 0.24566601 -0.02015505 -0.20503304
v 0.24236950 -0.01124905 -0.20503208
v 0.24239138 -0.01122831 -0.24539185
v 0.24688692 -0.10556889 -0.03818768
v 0.24851908 -0.14155829 -0.04365799
v 0.24777340 -0.10556889 -0.04371101
v 0.24780849 -0.14155829 -0.03786041
v 0.24454348 -0.10556889 -0.03474449
v 0.24475689 -0.14155829 -0.03453102
v -0.00315327 -0.18226328 -0.41607225
v -0.05092232 -0.18220075 -0.41589613
v -0.00315327 -0.17730062 -0.41705182
v -0.05092232 -0.17726766 -0.41658810
v -0.00315327 -0.18501768 -0.41429856
v -0.05092232 -0.18479447 -0.41407535
v -0.24189753 -0.05102479 -0.41910770
v -0.24763674 -0.05099072 -0.41867467
v -0.25209282 -0.05088021 -0.41692055
v -0.00315327 -0.01445658 -0.41256722
v 0.04461577 -0.01835052 -0.41457979
v -0.00315327 -0.01850445 -0.41241353
v 0.04461578 -0.01401144 -0.41382094
v -0.00315327 -0.01233986 -0.41241636
v 0.04461578 -0.01141953 -0.41333675
v 0.24056065 -0.10556889 -0.41650356
v 0.23554243 -0.14155829 -0.41842438
v 0.23550396 -0.10556889 -0.41788307
v 0.24093937 -0.14155829 -0.41757025
v 0.24290104 -0.10556889 -0.41403762
v 0.24407232 -0.14155829 -0.41520895
v -0.24900928 -0.18007266 -0.24543392
v -0.24921387 -0.18019097 -0.20505728
v -0.25005436 -0.17714658 -0.24539185
v -0.25023993 -0.17715977 -0.20503269
v -0.24707237 -0.18238449 -0.24542215
v -0.24717485 -0.18236520 -0.20503714
v -0.25558363 -0.05058172 -0.04363144
v -0.25490395 -0.04988871 -0.03763851
v -0.25286192 -0.04963943 -0.03278152
v -0.25280289 -0.01265804 -0.20503269
v -0.25420153 -0.01803411 -0.24539185
v -0.25347122 -0.01808601 -0.20503269
v -0.25327507 -0.01249043 -0.24539185
v -0.25167175 -0.00825447 -0.20503269
v -0.25194147 -0.00798475 -0.24539185
v -0.25134785 -0.10556889 -0.41158165
v -0.25215477 -0.14155829 -0.40657673
v -0.25266693 -0.10556889 -0.40661314
v -0.25199434 -0.14155829 -0.41181111
v -0.25000597 -0.10556889 -0.41483606
v -0.25062628 -0.14155829 -0.41545636
v 0.04461124 -0.01914669 -0.03326504
v -0.00315325 -0.05081831 -0.03079597
v 0.04463224 -0.05078995 -0.03068813
v 0.25098696 -0.05173566 -0.24524738
v 0.25094090 -0.05151553 -0.20491150
v -0.05092233 -0.01834753 -0.41462174
v -0.05092232 -0.05102479 -0.42172790
v -0.00315327 -0.05102479 -0.42172415
v -0.25989555 -0.05053721 -0.24531559
v -0.25909620 -0.05036314 -0.20497107
v 0.23555840 -0.05683228 -0.03179787
v 0.24110317 -0.05692484 -0.03239113
v 0.24473507 -0.05693673 -0.03454006
v -0.24209164 -0.05048209 -0.02835957
v -0.24837280 -0.04980961 -0.02965134
v -0.25286192 -0.04963943 -0.03278152
v 0.24685690 -0.05760247 -0.40672625
v 0.24670616 -0.05775879 -0.41217016
v 0.24522604 -0.05765697 -0.41617239
v 0.24811768 -0.05114199 -0.04368374
v 0.24692888 -0.05123433 -0.03816746
v 0.24435553 -0.05124979 -0.03492851
v -0.24190239 -0.05670592 -0.41918542
v -0.24765564 -0.05674013 -0.41867366
v -0.25203926 -0.05686250 -0.41690593
v 0.23573431 -0.05104854 -0.42108765
v 0.24163431 -0.05131240 -0.41944728
v 0.24495459 -0.05156900 -0.41605996
v -0.25458807 -0.05635466 -0.03777195
v -0.25493162 -0.05689364 -0.04372787
v -0.25230894 -0.05701633 -0.03357159
v -0.25626698 -0.05050489 -0.40682619
v -0.25522026 -0.05066941 -0.41293333
v -0.25209282 -0.05088021 -0.41692055
v -0.00315325 -0.05686406 -0.03058819
v 0.04464310 -0.05675899 -0.03052643
v 0.25150879 -0.05828999 -0.20466820
v 0.25208662 -0.05847848 -0.24512348
v -0.00316308 -0.05656652 -0.41910228
v -0.05092243 -0.05670514 -0.42105419
v -0.25598862 -0.05679379 -0.24510845
v -0.25534723 -0.05697472 -0.20487137
v -0.24862839 -0.05717913 -0.03037533
v -0.24231165 -0.05735603 -0.02872292
v -0.25230894 -0.05701633 -0.03357159
v 0.24643188 -0.05694445 -0.03836643
v 0.24804689 -0.05686155 -0.04371719
v 0.24473507 -0.05693673 -0.03454006
v 0.23586897 -0.05757220 -0.42130119
v 0.24192795 -0.05763352 -0.41968516
v 0.24522604 -0.05765697 -0.41617239
v -0.25614143 -0.05704089 -0.40685378
v -0.25510193 -0.05694242 -0.41296145
v -0.25203926 -0.05686250 -0.41690593
v 0.23557753 -0.06086322 -0.03150726
v 0.24107630 -0.06097572 -0.03246735
v 0.24455158 -0.06099658 -0.03473228
v 0.24523623 -0.06139144 -0.41173699
v 0.24579231 -0.06136018 -0.40666320
v 0.24356424 -0.06125796 -0.41475381
v -0.24720810 -0.06068728 -0.41748316
v -0.24190758 -0.06075435 -0.41928207
v -0.25027035 -0.06051073 -0.41509053
v -0.25140675 -0.05962723 -0.03882587
v -0.25149971 -0.06000682 -0.04395473
v -0.24880926 -0.05957550 -0.03688282
v -0.00315325 -0.06580140 -0.03320332
v 0.04460984 -0.06583743 -0.03347580
v -0.00315325 -0.06053988 -0.03374031
v 0.04463668 -0.06046043 -0.03347450
v 0.24338232 -0.06616817 -0.20499012
v 0.24818396 -0.06099428 -0.24507248
v 0.24876860 -0.06141910 -0.20466324
v 0.24387899 -0.06598687 -0.24535261
v -0.00315259 -0.06589899 -0.41806503
v -0.05092135 -0.06075889 -0.42060687
v -0.00315378 -0.06074906 -0.41834086
v -0.05092769 -0.06589067 -0.42001222
v -0.24946829 -0.06435014 -0.24514078
v -0.25063786 -0.05972780 -0.20489077
v -0.25137316 -0.05962873 -0.24512539
v -0.24964437 -0.06476773 -0.20491718
v -0.24669579 -0.05948627 -0.03499252
v -0.24619862 -0.06473085 -0.03588211
v -0.24173569 -0.05969075 -0.03352989
v -0.24176563 -0.06521688 -0.03334198
v -0.24802299 -0.06472203 -0.03762077
v -0.24880926 -0.05957550 -0.03688282
v 0.24656317 -0.06099144 -0.03829700
v 0.24849173 -0.06597792 -0.04365665
v 0.24863758 -0.06090796 -0.04363880
v 0.24708841 -0.06604865 -0.03811371
v 0.24455158 -0.06099658 -0.03473228
v 0.24497316 -0.06606066 -0.03431053
v 0.24031630 -0.06594054 -0.41591063
v 0.23548145 -0.06076629 -0.41764783
v 0.24076893 -0.06115717 -0.41702206
v 0.23549328 -0.06589711 -0.41777055
v 0.24279688 -0.06602315 -0.41393053
v 0.24356424 -0.06125796 -0.41475381
v -0.25095564 -0.06562482 -0.41142795
v -0.25302311 -0.06024508 -0.40658775
v -0.25187252 -0.06033918 -0.41173575
v -0.25211599 -0.06550782 -0.40654016
v -0.24976753 -0.06577249 -0.41461996
v -0.25027035 -0.06051073 -0.41509053
v 0.23552155 -0.10556889 -0.03229412
v 0.23553940 -0.14155829 -0.03204292
v 0.24089327 -0.10556889 -0.03298424
v 0.24097641 -0.14155829 -0.03275002
v 0.24454348 -0.10556889 -0.03474449
v 0.24475689 -0.14155829 -0.03453102
v 0.24496677 -0.10556889 -0.40651409
v 0.24696260 -0.14155829 -0.40665593
v 0.24406427 -0.10556889 -0.41123479
v 0.24614172 -0.14155829 -0.41197237
v 0.24290104 -0.10556889 -0.41403762
v 0.24407232 -0.14155829 -0.41520895
v -0.24190439 -0.10556889 -0.41920503
v -0.24190619 -0.14155829 -0.41922988
v -0.24730251 -0.10556889 -0.41772949
v -0.24741352 -0.14155829 -0.41804225
v -0.25000597 -0.10556889 -0.41483606
v -0.25062628 -0.14155829 -0.41545636
v -0.25038214 -0.10556889 -0.04397392
v -0.25248081 -0.14155829 -0.04382462
v -0.24955849 -0.10556889 -0.03947819
v -0.25118382 -0.14155829 -0.03890102
v -0.24844919 -0.10556889 -0.03714523
v -0.24953173 -0.14155829 -0.03606270
v 0.23557281 -0.06594442 -0.03158440
v 0.24096998 -0.06602905 -0.03277641
v 0.24497316 -0.06606066 -0.03431053
v 0.24398571 -0.06601406 -0.41121017
v 0.24477962 -0.06600049 -0.40651678
v 0.24279688 -0.06602315 -0.41393053
v -0.24722672 -0.06589352 -0.41753518
v -0.24193207 -0.06589841 -0.41967885
v -0.24976753 -0.06577249 -0.41461996
v -0.24989090 -0.06484540 -0.03937225
v -0.25006477 -0.06539441 -0.04403072
v -0.24802299 -0.06472203 -0.03762077
v 0.18792292 -0.19031820 -0.20503269
v 0.18792292 -0.19033821 -0.24539185
v 0.14015387 -0.19098460 -0.24539185
v 0.14015387 -0.19026643 -0.20503269
v 0.09238482 -0.19054341 -0.20503269
v 0.09238482 -0.19087551 -0.24539185
v 0.04461578 -0.19060388 -0.20503269
v 0.04461578 -0.19097886 -0.24539185
v -0.19422945 -0.18660995 -0.24539185
v -0.19422945 -0.18635805 -0.20503269
v -0.14646040 -0.18753717 -0.20503269
v -0.14646040 -0.18765326 -0.24539185
v -0.09869136 -0.18921429 -0.24539185
v -0.09869135 -0.18869872 -0.20503269
v 0.18792292 -0.01119884 -0.24539185
v 0.18792292 -0.01197639 -0.20503269
v 0.14015387 -0.01244658 -0.24539185
v 0.14015387 -0.01310638 -0.20503269
v 0.09238482 -0.01331373 -0.24539185
v 0.09238482 -0.01354227 -0.20503269
v 0.04461578 -0.01353445 -0.24539185
v 0.04461578 -0.01402964 -0.20503269
v -0.19422945 -0.00832718 -0.24539185
v -0.19422945 -0.00833536 -0.20503269
v -0.14646041 -0.01015566 -0.24539185
v -0.14646040 -0.01002626 -0.20503269
v -0.09869135 -0.01139938 -0.24539185
v -0.09869136 -0.01167166 -0.20503269
v 0.18792292 -0.10556889 -0.03154064
v 0.18792292 -0.14155829 -0.03205204
v 0.14015388 -0.10556889 -0.03268517
v 0.14015387 -0.14155829 -0.03233929
v 0.09238482 -0.10556889 -0.03201252
v 0.09238482 -0.14155829 -0.03171726
v 0.04461580 -0.10556889 -0.03282406
v 0.04461579 -0.14155829 -0.03342381
v -0.19422943 -0.14155829 -0.03286411
v -0.19422943 -0.10556889 -0.03309952
v -0.14646039 -0.14155829 -0.03276760
v -0.14646037 -0.10556889 -0.03367065
v -0.09869136 -0.14155829 -0.03311401
v -0.09869135 -0.10556889 -0.03370205
v -0.19422943 -0.10556889 -0.42037961
v -0.19422945 -0.14155829 -0.41961595
v -0.14646039 -0.10556889 -0.42157360
v -0.14646040 -0.14155829 -0.41988389
v -0.09869135 -0.10556889 -0.42120858
v -0.09869135 -0.14155829 -0.41959426
v -0.05092232 -0.10556889 -0.42031770
v -0.05092232 -0.14155829 -0.41914472
v 0.18792292 -0.14155829 -0.41887642
v 0.18792290 -0.10556889 -0.41943749
v 0.14015385 -0.14155829 -0.41928574
v 0.14015386 -0.10556889 -0.41983118
v 0.09238483 -0.10556889 -0.41949315
v 0.09238482 -0.14155829 -0.41914361
v -0.19422947 -0.18566812 -0.40643206
v -0.19422945 -0.18504874 -0.41092546
v -0.14646040 -0.18620222 -0.40647002
v -0.14646040 -0.18555494 -0.41110517
v -0.09869136 -0.18701773 -0.40652797
v -0.09869136 -0.18605152 -0.41128149
v -0.05092232 -0.18784918 -0.40658706
v -0.05092232 -0.18656732 -0.41146462
v 0.18792292 -0.18955521 -0.40670830
v 0.18792292 -0.18827913 -0.41207238
v 0.14015387 -0.18785386 -0.41192139
v 0.14015387 -0.18899364 -0.40666839
v 0.09238482 -0.18750430 -0.41179728
v 0.09238482 -0.18877811 -0.40665308
v -0.19422945 -0.18393132 -0.41321221
v -0.14646040 -0.18432877 -0.41360965
v -0.09869136 -0.18443878 -0.41371966
v -0.05092232 -0.18479447 -0.41407535
v 0.18792292 -0.18609392 -0.41537481
v 0.14015387 -0.18595703 -0.41523791
v 0.09238482 -0.18541097 -0.41469185
v 0.18792292 -0.18994549 -0.04368851
v 0.18792292 -0.18870562 -0.03820072
v 0.14015387 -0.18827544 -0.03835346
v 0.14015387 -0.18919064 -0.04374214
v 0.09238482 -0.18723639 -0.03872234
v 0.09238482 -0.18872379 -0.04377533
v 0.04461578 -0.18678317 -0.03888332
v 0.04461578 -0.18836140 -0.04380108
v -0.19422945 -0.18565582 -0.04399338
v -0.19422945 -0.18451691 -0.03968796
v -0.14646040 -0.18630186 -0.04394745
v -0.14646040 -0.18496463 -0.03952896
v -0.09869135 -0.18686931 -0.04390709
v -0.09869135 -0.18546337 -0.03935188
v 0.18792292 -0.18582938 -0.03531429
v 0.14015387 -0.18538890 -0.03575481
v 0.09238482 -0.18483879 -0.03630497
v 0.04461578 -0.18441553 -0.03672813
v -0.19422945 -0.18331965 -0.03782402
v -0.14646040 -0.18319861 -0.03794498
v -0.09869136 -0.18342769 -0.03771595
v -0.19422945 -0.00652613 -0.04375935
v -0.19422945 -0.00721264 -0.03835800
v -0.14646040 -0.00740732 -0.03842701
v -0.14646040 -0.00690073 -0.04378582
v -0.09869136 -0.00769455 -0.03852905
v -0.09869136 -0.00745077 -0.04382500
v -0.05092232 -0.00825876 -0.03872936
v -0.05092232 -0.00779270 -0.04384930
v 0.18721050 -0.00904839 -0.04636066
v 0.18691727 -0.00981516 -0.03980705
v 0.14010688 -0.00898352 -0.04631721
v 0.14008280 -0.00951735 -0.03945438
v 0.09238290 -0.00909229 -0.04544258
v 0.09238190 -0.00917414 -0.03921051
v -0.19422945 -0.00956028 -0.03522861
v -0.14646040 -0.00969826 -0.03536644
v -0.09869136 -0.00998877 -0.03565712
v -0.05092232 -0.01000360 -0.03567181
v 0.18692495 -0.01157763 -0.03734959
v 0.14008293 -0.01087198 -0.03651909
v 0.09238169 -0.01070650 -0.03638836
v 0.18771456 -0.00514795 -0.40560910
v 0.18759182 -0.00676653 -0.41210925
v 0.14015222 -0.00479967 -0.40654503
v 0.14015027 -0.00672377 -0.41222682
v 0.09238072 -0.00745861 -0.41178266
v 0.09238050 -0.00494308 -0.40464126
v 0.04461578 -0.00570551 -0.40672356
v 0.04461578 -0.00797525 -0.41179580
v -0.19422945 -0.00464592 -0.40679886
v -0.19422945 -0.00691481 -0.41217231
v -0.14646040 -0.00495956 -0.40677657
v -0.14646040 -0.00680676 -0.41221065
v -0.09869135 -0.00780151 -0.41185749
v -0.09869135 -0.00590443 -0.40670942
v 0.18758928 -0.00986897 -0.41485570
v 0.14015058 -0.01035883 -0.41438995
v 0.09238462 -0.01120354 -0.41338999
v 0.04461578 -0.01141953 -0.41333675
v -0.19422945 -0.01075882 -0.41399749
v -0.14646040 -0.01044460 -0.41431175
v -0.09869135 -0.01101748 -0.41373882
v -0.19422945 -0.17715878 -0.03536781
v -0.19422945 -0.18148751 -0.03653736
v -0.14646040 -0.18137047 -0.03686703
v -0.14646040 -0.17712598 -0.03583008
v -0.09869136 -0.17713089 -0.03576088
v -0.09869136 -0.18140466 -0.03677082
v -0.05092232 -0.17712601 -0.03582993
v -0.05092232 -0.18149809 -0.03650757
v 0.18792292 -0.17729423 -0.03346146
v 0.18792292 -0.18229001 -0.03427689
v 0.14015387 -0.18217455 -0.03460213
v 0.14015387 -0.17725179 -0.03405960
v 0.09238482 -0.18190251 -0.03536850
v 0.09238482 -0.17722944 -0.03437420
v -0.19422945 -0.18331965 -0.03782402
v -0.14646040 -0.18319861 -0.03794498
v -0.09869136 -0.18342769 -0.03771595
v -0.05092232 -0.18386231 -0.03728142
v 0.18792292 -0.18582938 -0.03531429
v 0.14015387 -0.18538890 -0.03575481
v 0.09238482 -0.18483879 -0.03630497
v 0.18730915 -0.02058945 -0.03475121
v 0.18700289 -0.01414480 -0.03589588
v 0.14011944 -0.01975445 -0.03314983
v 0.14009417 -0.01326101 -0.03392681
v 0.09238482 -0.01948009 -0.03420444
v 0.09238185 -0.01355240 -0.03490410
v 0.04461796 -0.01318470 -0.03399136
v -0.19422945 -0.01811401 -0.03251724
v -0.19422945 -0.01290211 -0.03347893
v -0.14646040 -0.01304037 -0.03386837
v -0.14646040 -0.01812752 -0.03270748
v -0.09869135 -0.01315712 -0.03419727
v -0.09869135 -0.01818218 -0.03347610
v 0.18692495 -0.01157763 -0.03734959
v 0.14008293 -0.01087198 -0.03651909
v 0.09238169 -0.01070650 -0.03638836
v 0.04461627 -0.01044342 -0.03610435
v -0.19422945 -0.00956028 -0.03522861
v -0.14646040 -0.00969826 -0.03536644
v -0.09869136 -0.00998877 -0.03565712
v 0.18792292 -0.17732510 -0.41739634
v 0.18792292 -0.18255929 -0.41690600
v 0.14015387 -0.18253300 -0.41683194
v 0.14015387 -0.17732730 -0.41742738
v 0.09238482 -0.18237544 -0.41638817
v 0.09238482 -0.17729828 -0.41701893
v 0.04461577 -0.18230390 -0.41618669
v 0.04461578 -0.17729384 -0.41695652
v -0.19422945 -0.17731317 -0.41722853
v -0.19422945 -0.18201027 -0.41535965
v -0.14646040 -0.17728125 -0.41677929
v -0.14646040 -0.18207509 -0.41554221
v -0.09869135 -0.17728296 -0.41680345
v -0.09869135 -0.18207367 -0.41553820
v 0.18792292 -0.18609392 -0.41537481
v 0.14015387 -0.18595703 -0.41523791
v 0.09238482 -0.18541097 -0.41469185
v 0.04461578 -0.18514074 -0.41442162
v -0.19422945 -0.18393132 -0.41321221
v -0.14646040 -0.18432877 -0.41360965
v -0.09869136 -0.18443878 -0.41371966
v -0.19422945 -0.01827503 -0.41564190
v -0.19422945 -0.01365683 -0.41481981
v -0.14646040 -0.01827236 -0.41567909
v -0.14646040 -0.01360933 -0.41495358
v -0.09869136 -0.01375769 -0.41453569
v -0.09869136 -0.01829899 -0.41530434
v -0.05092232 -0.01395180 -0.41398895
v 0.18779774 -0.01877163 -0.41700784
v 0.18764729 -0.01331799 -0.41601288
v 0.14015407 -0.01838564 -0.41487529
v 0.14015217 -0.01369192 -0.41474617
v 0.09238511 -0.01414085 -0.41391688
v 0.09238490 -0.01976051 -0.41472678
v -0.19422945 -0.01075882 -0.41399749
v -0.14646040 -0.01044460 -0.41431175
v -0.09869135 -0.01101748 -0.41373882
v -0.05092232 -0.01138456 -0.41337173
v 0.18758928 -0.00986897 -0.41485570
v 0.14015058 -0.01035883 -0.41438995
v 0.09238462 -0.01120354 -0.41338999
v -0.19418848 -0.05038733 -0.02720070
v -0.14623125 -0.05034495 -0.02668701
v -0.09868206 -0.04991668 -0.02769421
v -0.05092155 -0.05081314 -0.03097122
v 0.18792246 -0.05087459 -0.02973808
v 0.14015255 -0.05071574 -0.02896233
v 0.09234474 -0.05070977 -0.02878765
v 0.18792290 -0.05102479 -0.42433650
v 0.14015385 -0.05102479 -0.42281997
v 0.09238483 -0.05102479 -0.41978756
v 0.04461578 -0.05102479 -0.42005287
v -0.19422943 -0.05102479 -0.42055963
v -0.14646039 -0.05102479 -0.42540347
v -0.09869135 -0.05102479 -0.42233502
v -0.19421953 -0.05729647 -0.02756290
v -0.14615903 -0.05770160 -0.02653404
v -0.09852772 -0.05696240 -0.02656162
v -0.05092628 -0.05706584 -0.03068600
v 0.18794111 -0.05640032 -0.02994923
v 0.14016777 -0.05646471 -0.02780163
v 0.09224518 -0.05684896 -0.02750565
v 0.18790686 -0.05645392 -0.42065625
v 0.14016301 -0.05660249 -0.42119256
v 0.09240353 -0.05663540 -0.41880466
v 0.04461479 -0.05665095 -0.41915367
v -0.19424208 -0.05671989 -0.42104936
v -0.14645315 -0.05659569 -0.42305370
v -0.09868114 -0.05676259 -0.42209699
v -0.19418751 -0.06521659 -0.03246502
v -0.19417549 -0.05992874 -0.03206638
v -0.14624186 -0.06525992 -0.03271473
v -0.14616497 -0.05990010 -0.03193962
v -0.09865665 -0.06443443 -0.03253265
v -0.09864529 -0.05913888 -0.03214275
v -0.05092047 -0.06054676 -0.03386066
v -0.05093968 -0.06572904 -0.03290714
v 0.18792320 -0.06566603 -0.03067047
v 0.18792231 -0.06036960 -0.03136482
v 0.14015321 -0.06560298 -0.03131287
v 0.14015504 -0.06020020 -0.03034748
v 0.09236486 -0.06573998 -0.03204391
v 0.09231430 -0.06032078 -0.03115479
v 0.18792274 -0.06589805 -0.41943816
v 0.18792271 -0.06075298 -0.41934487
v 0.14015349 -0.06589218 -0.41996229
v 0.14015380 -0.06075635 -0.42082406
v 0.09238600 -0.06589697 -0.41951363
v 0.09238434 -0.06075584 -0.41959204
v 0.04461683 -0.06589878 -0.41935485
v 0.04461562 -0.06075531 -0.41928376
v -0.19423105 -0.06590123 -0.42034435
v -0.19422861 -0.06075250 -0.42084160
v -0.14645980 -0.06588837 -0.42130345
v -0.14646054 -0.06075897 -0.42256346
v -0.09869379 -0.06588757 -0.42042199
v -0.09869137 -0.06075416 -0.42127349
v -0.00315327 -0.18626319 -0.08395515
v -0.05092232 -0.18651884 -0.08395515
v -0.00315327 -0.18803259 -0.12431431
v -0.05092232 -0.18819437 -0.12431433
v -0.00315327 -0.18976004 -0.16467350
v -0.05092232 -0.18931683 -0.16467350
v -0.00315327 -0.18951040 -0.36646940
v -0.05092232 -0.18922314 -0.36646938
v -0.00315327 -0.19023370 -0.32611022
v -0.05092232 -0.18979602 -0.32611023
v -0.00315327 -0.19059453 -0.28575105
v -0.05092232 -0.19042206 -0.28575104
v -0.05092232 -0.00905851 -0.36646940
v -0.00315327 -0.00938667 -0.36646938
v -0.05092232 -0.01129299 -0.32611022
v -0.00315327 -0.01188787 -0.32611023
v -0.05092232 -0.01203466 -0.28575105
v -0.00315327 -0.01248396 -0.28575104
v -0.05092232 -0.01159224 -0.08395515
v -0.00315327 -0.01241280 -0.08395515
v -0.05092233 -0.01293795 -0.12431431
v -0.00315327 -0.01364323 -0.12431433
v -0.05092232 -0.01313347 -0.16467350
v -0.00315327 -0.01391150 -0.16467350
v 0.24444157 -0.10556889 -0.08395515
v 0.24504015 -0.14155829 -0.08395515
v 0.24556322 -0.10556889 -0.12431431
v 0.24540592 -0.14155829 -0.12431433
v 0.24548191 -0.10556889 -0.16467350
v 0.24573698 -0.14155829 -0.16467350
v 0.24440973 -0.14155829 -0.36646938
v 0.24461573 -0.10556889 -0.36646940
v 0.24568060 -0.10556889 -0.32611022
v 0.24505268 -0.14155829 -0.32611023
v 0.24597387 -0.10556889 -0.28575105
v 0.24540323 -0.14155829 -0.28575104
v -0.25047195 -0.10556889 -0.36646938
v -0.24955288 -0.14155829 -0.36646940
v -0.25074701 -0.10556889 -0.32611023
v -0.24998610 -0.14155829 -0.32611022
v -0.25083504 -0.10556889 -0.28575104
v -0.24994146 -0.14155829 -0.28575105
v -0.24943853 -0.14155829 -0.08395515
v -0.24985725 -0.10556889 -0.08395515
v -0.24970160 -0.14155829 -0.12431431
v -0.25025034 -0.10556889 -0.12431433
v -0.24953754 -0.14155829 -0.16467350
v -0.25027294 -0.10556889 -0.16467350
v -0.24162205 -0.18595124 -0.08395515
v -0.24563690 -0.18532651 -0.08396526
v -0.24470503 -0.18389877 -0.12429617
v -0.24152264 -0.18455148 -0.12431433
v -0.24412407 -0.18337009 -0.16465359
v -0.24151958 -0.18450887 -0.16467350
v -0.24430983 -0.18328899 -0.36607241
v -0.24155924 -0.18506736 -0.36646938
v -0.24434551 -0.18385197 -0.32614718
v -0.24152910 -0.18464256 -0.32611023
v -0.24476719 -0.18373160 -0.28575154
v -0.24152140 -0.18453417 -0.28575104
v -0.24809174 -0.18354721 -0.08395699
v -0.24690584 -0.18242482 -0.12428455
v -0.24656023 -0.18186530 -0.16462492
v -0.24685987 -0.18219548 -0.36635382
v -0.24706991 -0.18260956 -0.32611459
v -0.24712513 -0.18215681 -0.28577886
v 0.23563269 -0.19041334 -0.36646940
v 0.24096407 -0.18835886 -0.36646940
v 0.23556376 -0.18944366 -0.32611022
v 0.24062927 -0.18741593 -0.32611022
v 0.23559156 -0.18983485 -0.28575105
v 0.24071144 -0.18764730 -0.28575105
v 0.23563946 -0.19050884 -0.08395515
v 0.24114174 -0.18885933 -0.08395515
v 0.24096107 -0.18835041 -0.12431431
v 0.23556417 -0.18944984 -0.12431431
v 0.24087782 -0.18811602 -0.16467350
v 0.23559187 -0.18983924 -0.16467350
v 0.24386883 -0.18572457 -0.36646940
v 0.24305201 -0.18490774 -0.32611022
v 0.24276222 -0.18461790 -0.28575105
v 0.24512383 -0.18697956 -0.08395515
v 0.24405462 -0.18591039 -0.12431431
v 0.24355637 -0.18541207 -0.16467350
v 0.22730097 -0.00924330 -0.08597206
v 0.23767893 -0.00991449 -0.08816658
v 0.22917616 -0.01120407 -0.12452044
v 0.23855448 -0.01073164 -0.12486332
v 0.23257105 -0.01030666 -0.16467323
v 0.23947271 -0.01048836 -0.16467234
v 0.23454941 -0.00707087 -0.36646257
v 0.24004919 -0.00944042 -0.36645658
v 0.23382650 -0.00786436 -0.32649895
v 0.24013474 -0.00931477 -0.32618382
v 0.23337118 -0.00865883 -0.28574864
v 0.23988537 -0.00955387 -0.28575008
v 0.24238400 -0.01125797 -0.08878605
v 0.24201822 -0.01169262 -0.12496014
v 0.24205427 -0.01160353 -0.16467335
v 0.24251152 -0.01109785 -0.36645690
v 0.24249287 -0.01126297 -0.32612659
v 0.24256184 -0.01105591 -0.28575089
v -0.24209957 -0.00280556 -0.36646940
v -0.24843967 -0.00382370 -0.36646940
v -0.24808743 -0.00481585 -0.32611022
v -0.24194698 -0.00495281 -0.32611022
v -0.24790964 -0.00531662 -0.28575105
v -0.24191257 -0.00543690 -0.28575105
v -0.24764214 -0.00607012 -0.08395515
v -0.24196445 -0.00470673 -0.08395515
v -0.24730366 -0.00702343 -0.12431431
v -0.24188318 -0.00585077 -0.12431431
v -0.24762537 -0.00611736 -0.16467350
v -0.24189114 -0.00573879 -0.16467350
v -0.25404966 -0.00587658 -0.36646940
v -0.25229677 -0.00762945 -0.32611022
v -0.25214699 -0.00777924 -0.28575105
v -0.25141527 -0.00851095 -0.08395515
v -0.25056284 -0.00936338 -0.12431431
v -0.25139488 -0.00853132 -0.16467350
v 0.24724167 -0.17739488 -0.08395515
v 0.24683971 -0.18293928 -0.08395515
v 0.24570827 -0.18253762 -0.12431433
v 0.24664330 -0.17735235 -0.12431433
v 0.24460955 -0.18214752 -0.16467350
v 0.24505480 -0.17723947 -0.16467350
v 0.24607861 -0.17731223 -0.36646938
v 0.24529186 -0.18238977 -0.36646938
v 0.24397236 -0.18192124 -0.32611023
v 0.24494637 -0.17723176 -0.32611023
v 0.24345469 -0.18173719 -0.28575104
v 0.24380966 -0.17715099 -0.28575104
v 0.24512383 -0.18697956 -0.08395515
v 0.24405462 -0.18591039 -0.12431431
v 0.24355637 -0.18541207 -0.16467350
v 0.24386883 -0.18572457 -0.36646940
v 0.24305201 -0.18490774 -0.32611022
v 0.24276222 -0.18461790 -0.28575105
v 0.24585377 -0.01889162 -0.36646327
v 0.24455013 -0.01341110 -0.36645871
v 0.24370594 -0.01389776 -0.32610410
v 0.24495472 -0.01996674 -0.32608196
v 0.24492960 -0.01971312 -0.28574976
v 0.24407860 -0.01370985 -0.28575156
v 0.24770531 -0.02406849 -0.08637920
v 0.24544687 -0.01497290 -0.08838490
v 0.24649828 -0.02220449 -0.12457081
v 0.24468758 -0.01423382 -0.12490789
v 0.24583637 -0.02001438 -0.16467335
v 0.24433760 -0.01367479 -0.16467352
v 0.24251152 -0.01109785 -0.36645690
v 0.24249287 -0.01126297 -0.32612659
v 0.24256184 -0.01105591 -0.28575089
v 0.24238400 -0.01125797 -0.08878605
v 0.24201822 -0.01169262 -0.12496014
v 0.24205427 -0.01160353 -0.16467335
v -0.25072769 -0.17719443 -0.36646940
v -0.24891527 -0.18056045 -0.36618355
v -0.25027376 -0.17716217 -0.32611022
v -0.24898357 -0.18050951 -0.32611565
v -0.24889599 -0.18015775 -0.28579983
v -0.24983070 -0.17713068 -0.28575105
v -0.25148901 -0.17724853 -0.08395515
v -0.25029642 -0.18114556 -0.08395603
v -0.24923140 -0.18026340 -0.12424477
v -0.25009214 -0.17714926 -0.12431431
v -0.24887749 -0.18003273 -0.16459944
v -0.25013594 -0.17715238 -0.16467350
v -0.24685987 -0.18219548 -0.36635382
v -0.24706991 -0.18260956 -0.32611459
v -0.24712513 -0.18215681 -0.28577886
v -0.24809174 -0.18354721 -0.08395699
v -0.24690584 -0.18242482 -0.12428455
v -0.24656023 -0.18186530 -0.16462492
v -0.25386454 -0.01805805 -0.08395515
v -0.25282946 -0.01264862 -0.08395515
v -0.25334478 -0.01809500 -0.12431433
v -0.25314970 -0.01253489 -0.12431433
v -0.25310410 -0.01255108 -0.16467350
v -0.25340780 -0.01809053 -0.16467350
v -0.25651983 -0.01786936 -0.36646938
v -0.25611652 -0.01148155 -0.36646938
v -0.25373606 -0.01232670 -0.32611023
v -0.25468626 -0.01799967 -0.32611023
v -0.25348053 -0.01241743 -0.28575104
v -0.25403368 -0.01804605 -0.28575104
v -0.25141527 -0.00851095 -0.08395515
v -0.25056284 -0.00936338 -0.12431431
v -0.25139488 -0.00853132 -0.16467350
v -0.25404966 -0.00587658 -0.36646940
v -0.25229677 -0.00762945 -0.32611022
v -0.25214699 -0.00777924 -0.28575105
v 0.25004574 -0.05163442 -0.08376701
v 0.25123844 -0.05164119 -0.12428102
v 0.25114084 -0.05160679 -0.16457794
v 0.24868570 -0.05126173 -0.36644020
v 0.25006231 -0.05119372 -0.32611118
v 0.25095913 -0.05123274 -0.28575211
v -0.25872772 -0.04939734 -0.36631779
v -0.25986010 -0.05028009 -0.32603597
v -0.26013840 -0.05052891 -0.28569611
v -0.25710281 -0.05034199 -0.08391613
v -0.25765242 -0.05005240 -0.12423800
v -0.25828806 -0.04997284 -0.16465937
v 0.25015663 -0.05748530 -0.08374428
v 0.25045637 -0.05782320 -0.12425428
v 0.25141342 -0.05787204 -0.16451111
v 0.24887630 -0.05749378 -0.36645784
v 0.25051785 -0.05778907 -0.32616659
v 0.25171558 -0.05783240 -0.28582193
v -0.25625956 -0.05574060 -0.36620296
v -0.25620232 -0.05664441 -0.32594712
v -0.25587986 -0.05705524 -0.28558254
v -0.25476395 -0.05690475 -0.08387997
v -0.25507948 -0.05686584 -0.12421274
v -0.25509171 -0.05663591 -0.16463713
v 0.24786800 -0.06117579 -0.08376682
v 0.24411045 -0.06612075 -0.08388321
v 0.24809551 -0.06133867 -0.12426788
v 0.24507988 -0.06582175 -0.12430813
v 0.24852203 -0.06116946 -0.16452721
v 0.24372038 -0.06590381 -0.16466883
v 0.24529974 -0.06081048 -0.36641844
v 0.24374462 -0.06592290 -0.36645988
v 0.24422611 -0.06584113 -0.32610861
v 0.24616831 -0.06073905 -0.32610539
v 0.24337650 -0.06590380 -0.28575113
v 0.24669922 -0.06051197 -0.28573444
v -0.24936718 -0.06316337 -0.36623473
v -0.25083630 -0.05799676 -0.36617529
v -0.25155003 -0.05938027 -0.32592402
v -0.24995747 -0.06435148 -0.32595007
v -0.25080812 -0.05976362 -0.28558209
v -0.24892704 -0.06462967 -0.28560382
v -0.24944103 -0.06483922 -0.08389965
v -0.25045305 -0.05981707 -0.08389385
v -0.25111464 -0.05983196 -0.12422581
v -0.24977531 -0.06498147 -0.12424753
v -0.24758804 -0.06424845 -0.16465292
v -0.25018463 -0.05922829 -0.16464991
v 0.18792292 -0.18942692 -0.08395515
v 0.18792292 -0.18931701 -0.12431431
v 0.18792292 -0.18983653 -0.16467350
v 0.18792292 -0.19010246 -0.36646940
v 0.18792292 -0.19082105 -0.32611022
v 0.18792292 -0.19073634 -0.28575105
v 0.14015387 -0.18787965 -0.08395515
v 0.14015387 -0.18783004 -0.12431431
v 0.14015387 -0.18922991 -0.16467350
v 0.14015387 -0.19050011 -0.36646940
v 0.14015387 -0.19080312 -0.32611022
v 0.14015387 -0.19127262 -0.28575105
v 0.09238482 -0.18686947 -0.08395515
v 0.09238482 -0.18784332 -0.12431431
v 0.09238482 -0.18938392 -0.16467350
v 0.09238482 -0.19017005 -0.36646940
v 0.09238482 -0.19038607 -0.32611022
v 0.09238482 -0.19112870 -0.28575105
v 0.04461578 -0.18594999 -0.08395515
v 0.04461578 -0.18795510 -0.12431431
v 0.04461578 -0.18977948 -0.16467350
v 0.04461578 -0.18976859 -0.36646940
v 0.04461578 -0.19030125 -0.32611022
v 0.04461578 -0.19087668 -0.28575105
v -0.19422945 -0.18606215 -0.36646938
v -0.19422945 -0.18682442 -0.32611023
v -0.19422945 -0.18691329 -0.28575104
v -0.19422945 -0.18620996 -0.08395515
v -0.19422945 -0.18630730 -0.12431433
v -0.19422945 -0.18644763 -0.16467350
v -0.14646040 -0.18724472 -0.36646938
v -0.14646040 -0.18810650 -0.32611023
v -0.14646040 -0.18820849 -0.28575104
v -0.14646040 -0.18638804 -0.08395515
v -0.14646040 -0.18748462 -0.12431433
v -0.14646040 -0.18788355 -0.16467350
v -0.09869137 -0.18849338 -0.36646938
v -0.09869136 -0.18918171 -0.32611023
v -0.09869136 -0.18954123 -0.28575104
v -0.09869135 -0.18642136 -0.08395515
v -0.09869135 -0.18781076 -0.12431433
v -0.09869135 -0.18901198 -0.16467350
v 0.18792292 -0.00843882 -0.36646938
v 0.18792292 -0.00993158 -0.32611023
v 0.18792292 -0.01053730 -0.28575104
v 0.18792292 -0.01092329 -0.08395515
v 0.18792290 -0.01221104 -0.12431433
v 0.18792292 -0.01239101 -0.16467350
v 0.14015387 -0.01024855 -0.36646938
v 0.14015387 -0.01211140 -0.32611023
v 0.14015387 -0.01239563 -0.28575104
v 0.14015387 -0.01203245 -0.08395515
v 0.14015386 -0.01232019 -0.12431433
v 0.14015387 -0.01309946 -0.16467350
v 0.09238482 -0.00985229 -0.36646938
v 0.09238482 -0.01295780 -0.32611023
v 0.09238482 -0.01329929 -0.28575104
v 0.09238482 -0.01245960 -0.08395515
v 0.09238482 -0.01375856 -0.12431433
v 0.09238482 -0.01386446 -0.16467350
v 0.04461578 -0.01024805 -0.36646938
v 0.04461577 -0.01241884 -0.32611023
v 0.04461578 -0.01302307 -0.28575104
v 0.04461578 -0.01236418 -0.08395515
v 0.04461578 -0.01362732 -0.12431433
v 0.04461578 -0.01405083 -0.16467350
v -0.19422945 -0.00809496 -0.08395515
v -0.19422945 -0.00834949 -0.12431431
v -0.19422945 -0.00820103 -0.16467350
v -0.19422945 -0.00561396 -0.36646940
v -0.19422945 -0.00778843 -0.32611022
v -0.19422945 -0.00820709 -0.28575105
v -0.14646040 -0.00939487 -0.08395515
v -0.14646040 -0.01003077 -0.12431431
v -0.14646041 -0.01003216 -0.16467350
v -0.14646040 -0.00742985 -0.36646940
v -0.14646040 -0.00886223 -0.32611022
v -0.14646040 -0.01003912 -0.28575105
v -0.09869136 -0.01050161 -0.08395515
v -0.09869136 -0.01153778 -0.12431431
v -0.09869136 -0.01183182 -0.16467350
v -0.09869136 -0.00860775 -0.36646940
v -0.09869135 -0.01057308 -0.32611022
v -0.09869136 -0.01123573 -0.28575105
v 0.00778764 -0.02782030 -0.02208172
v -0.00627660 -0.05701921 -0.01041508
v 0.00646760 -0.05858153 -0.01079376
v -0.00564855 -0.02696728 -0.02111916
v -0.01884156 -0.02684019 -0.02152969
v -0.02025326 -0.05819922 -0.01030342
v -0.00645858 -0.07208055 -0.00556625
v -0.02552861 -0.07330092 -0.00592800
v 0.01070543 -0.07353030 -0.00611706
v -0.02171823 -0.08517159 -0.00214478
v -0.00602706 -0.09190588 -0.00099373
v 0.00679627 -0.08609736 -0.00263031
v -0.00573401 -0.02532576 -0.02679192
v 0.01007182 -0.02666334 -0.02683693
v -0.02025326 -0.05819922 -0.01030342
v -0.02252287 -0.05231899 -0.02105206
v -0.02289186 -0.05910831 -0.01976093
v 0.00943263 -0.05297737 -0.02291584
v -0.02107578 -0.02569307 -0.02611542
v 0.01253941 -0.07487096 -0.01555996
v 0.00927434 -0.05949379 -0.02194481
v 0.00646760 -0.05858153 -0.01079376
v 0.01070543 -0.07353030 -0.00611706
v -0.02670858 -0.07301298 -0.01409199
v -0.02552861 -0.07330092 -0.00592800
v 0.00894627 -0.08673236 -0.01085506
v 0.00679627 -0.08609736 -0.00263031
v -0.02336237 -0.08666681 -0.00708160
v -0.02171823 -0.08517159 -0.00214478
v -0.00600986 -0.09363423 -0.00593056
v -0.00602706 -0.09190588 -0.00099373
v -0.02252287 -0.05231899 -0.02105206
v 0.00943263 -0.05297737 -0.02291584
v 0.01007182 -0.02666334 -0.02683693
v 0.02927508 -0.04653862 -0.02792419
v 0.03351900 -0.03274279 -0.02869354
v -0.02107578 -0.02569307 -0.02611542
v -0.03520512 -0.05033418 -0.02847923
v -0.02252287 -0.05231899 -0.02105206
v -0.04448314 -0.04374158 -0.02861195
v -0.00542590 -0.01490137 -0.02945721
v 0.02156094 -0.01993870 -0.02903568
v -0.00573401 -0.02532576 -0.02679192
v -0.03364792 -0.01779146 -0.02978989
v -0.04551163 -0.02957483 -0.02900105
v 0.00943263 -0.05297737 -0.02291584
v 0.02175861 -0.05256113 -0.02867847
v 0.00812364 -0.05683175 -0.03027710
v 0.02287476 -0.05564762 -0.03046761
v 0.03272118 -0.05026388 -0.03066502
v -0.01947095 -0.05756576 -0.02865372
v -0.03658129 -0.05324304 -0.03141937
v -0.04898128 -0.02839211 -0.03277824
v -0.04703715 -0.04558494 -0.03142437
v 0.02443165 -0.01527697 -0.03365856
v 0.03737788 -0.03137396 -0.03179447
v -0.00541606 -0.01208981 -0.03452347
v -0.03505735 -0.01482695 -0.03290230
v 0.00812364 -0.05683175 -0.03027710
v 0.00803406 -0.07164939 -0.02628418
v -0.02252112 -0.07269347 -0.02456577
v -0.01947095 -0.05756576 -0.02865372
v 0.00494916 -0.08109372 -0.02312332
v -0.01739293 -0.08068432 -0.02220131
v -0.00594426 -0.08847723 -0.02162498
v 0.05130919 -0.14640805 -0.03000622
v 0.05173320 -0.06989240 -0.03011852
v 0.01837593 -0.06898875 -0.02935192
v 0.01620134 -0.14654625 -0.03131237
v -0.02861843 -0.06736846 -0.03126293
v -0.06242390 -0.14371519 -0.03062103
v -0.02861843 -0.14654625 -0.03127575
v -0.06250181 -0.06711913 -0.03040821
v 0.01527752 -0.07544307 -0.02461853
v -0.02629201 -0.14207859 -0.02475403
v 0.01445526 -0.14254020 -0.02540833
v -0.02692956 -0.07264641 -0.02397034
v 0.01812191 -0.06720654 -0.03353527
v 0.05357491 -0.06815151 -0.03341442
v 0.05289427 -0.14783139 -0.03345013
v -0.02861843 -0.14810875 -0.03406887
v -0.06477134 -0.14571957 -0.03364349
v -0.06390045 -0.06540541 -0.03284595
v -0.02899644 -0.06543744 -0.03332348
v 0.01627971 -0.14907815 -0.03415142
v -0.00114458 -0.11369102 -0.01884277
v 0.00639704 -0.12222825 -0.02517056
v 0.00016174 -0.11142839 -0.02517056
v 0.00378439 -0.12222825 -0.01884277
v -0.01230885 -0.11142839 -0.02517056
v -0.01100253 -0.11369102 -0.01884277
v -0.01854414 -0.12222825 -0.02517056
v -0.01593150 -0.12222825 -0.01884277
v -0.01100252 -0.13076548 -0.01884277
v -0.01230885 -0.13302809 -0.02517056
v 0.00016174 -0.13302809 -0.02517056
v -0.00114458 -0.13076548 -0.01884277
v -0.00607355 -0.12222825 -0.01884277
v -0.00641146 -0.18475877 -0.00679192
v 0.01199452 -0.16055493 -0.00509735
v -0.00569240 -0.16174646 -0.00519119
v 0.01609127 -0.18357555 -0.00573605
v 0.03571103 -0.15555345 -0.00560200
v 0.04313148 -0.17574583 -0.00581230
v -0.02335655 -0.15982406 -0.00584465
v -0.04890946 -0.17514994 -0.00850334
v -0.02742955 -0.18223038 -0.00733692
v -0.04428950 -0.15570019 -0.00676575
v -0.07375743 -0.16186107 -0.01073189
v -0.06503666 -0.14666351 -0.00864105
v -0.09256583 -0.14703236 -0.01283886
v -0.08441294 -0.13553095 -0.01029659
v -0.10025906 -0.12259926 -0.01172382
v -0.11655204 -0.11265998 -0.01394115
v -0.10748752 -0.12943606 -0.01417904
v -0.11094315 -0.10868275 -0.01271435
v 0.05941648 -0.14683054 -0.00648537
v 0.06924636 -0.16313264 -0.00872986
v 0.08485041 -0.15150972 -0.01022614
v 0.07567566 -0.13698507 -0.00766132
v 0.09757722 -0.13735997 -0.01143032
v 0.10806734 -0.11846887 -0.01205151
v 0.09053081 -0.12494925 -0.00877537
v 0.10294386 -0.11292369 -0.01018852
v 0.11178340 -0.10877494 -0.01205151
v 0.10666245 -0.10683201 -0.01018852
v -0.12066813 -0.10380713 -0.01394115
v -0.11510551 -0.10191236 -0.01271435
v 0.01099036 -0.15330091 -0.01954220
v -0.00553935 -0.15430648 -0.01995564
v -0.00643237 -0.18538084 -0.02169529
v -0.02777319 -0.18377386 -0.02164333
v 0.03391587 -0.14931571 -0.01960926
v 0.01622749 -0.18438275 -0.02088791
v 0.04320562 -0.17593934 -0.02018803
v -0.04213748 -0.14880799 -0.02062561
v -0.02227192 -0.15271769 -0.02036125
v -0.04949018 -0.17650547 -0.02186016
v -0.06220735 -0.14103996 -0.02106781
v -0.07395858 -0.16216851 -0.02246067
v -0.08123612 -0.13091699 -0.02163876
v -0.10994873 -0.13111754 -0.02346386
v -0.09391153 -0.14842696 -0.02293850
v -0.10889888 -0.10727521 -0.02345592
v -0.09697644 -0.11941278 -0.02274128
v -0.11983916 -0.11431033 -0.02347683
v 0.05697457 -0.14175643 -0.01956608
v 0.06870647 -0.16224225 -0.02095997
v 0.09020284 -0.12457924 -0.02009758
v 0.07361856 -0.13405871 -0.01975658
v 0.08476783 -0.15141914 -0.02115158
v 0.10210301 -0.11225115 -0.02089478
v 0.09821620 -0.13781586 -0.02137775
v 0.10797977 -0.11842802 -0.02183964
v 0.10389959 -0.10723562 -0.02573353
v 0.11008785 -0.10844137 -0.02629150
v 0.10389959 -0.10723562 -0.02573353
v 0.10666245 -0.10683201 -0.01018852
v 0.11178340 -0.10877494 -0.01205151
v 0.11008785 -0.10844137 -0.02629150
v -0.11507580 -0.10182983 -0.02767071
v -0.12058291 -0.10384353 -0.02794361
v -0.12058291 -0.10384353 -0.02794361
v -0.12066813 -0.10380713 -0.01394115
v -0.11507580 -0.10182983 -0.02767071
v -0.11510551 -0.10191236 -0.01271435
v -0.00570949 -0.15799402 -0.03472004
v 0.01245717 -0.15859692 -0.03398705
v -0.02754994 -0.17455460 -0.03594978
v -0.00681208 -0.17481004 -0.03659863
v 0.03571103 -0.15555345 -0.03361656
v 0.01482280 -0.17180798 -0.03603977
v 0.04062507 -0.16681028 -0.03456379
v -0.04309199 -0.15087353 -0.03448547
v -0.02505821 -0.15748031 -0.03487785
v -0.04784844 -0.16733256 -0.03521702
v -0.06407841 -0.14450531 -0.03349457
v -0.07266505 -0.15686351 -0.03418949
v -0.08355112 -0.13436640 -0.03298092
v -0.09197410 -0.14335804 -0.03303810
v -0.10786868 -0.12774905 -0.03274864
v -0.11094315 -0.10868275 -0.03370678
v -0.09842068 -0.12176918 -0.03358051
v -0.11784354 -0.11396613 -0.03301254
v 0.05991635 -0.14944773 -0.03264675
v 0.06632674 -0.15571320 -0.03319012
v 0.07643555 -0.14367696 -0.03185181
v 0.09183818 -0.12827200 -0.03141979
v 0.07951838 -0.14624361 -0.03207703
v 0.10322096 -0.11554576 -0.03206734
v 0.09379090 -0.13165883 -0.03195198
v 0.10745699 -0.11815927 -0.03225517
v 0.09797226 -0.10624119 -0.03205246
v 0.11378657 -0.10864432 -0.03233753
v 0.11269252 -0.07882834 -0.03175953
v 0.09953110 -0.07844120 -0.03197800
v 0.10970028 -0.08047239 -0.02659180
v 0.10315374 -0.08077963 -0.02573353
v -0.11064140 -0.10207472 -0.03361340
v -0.12444254 -0.10278602 -0.03362087
v -0.10923882 -0.07064833 -0.03269299
v -0.11965762 -0.07332107 -0.02718067
v -0.11383617 -0.07273865 -0.02685650
v -0.12522623 -0.07045508 -0.03300808
v -0.12444254 -0.10278602 -0.03362087
v -0.11064140 -0.10207472 -0.03361340
v 0.09797226 -0.10624119 -0.03205246
v 0.11378657 -0.10864432 -0.03233753
vt 0.32001072 0.38982999
vt 0.32000458 0.34736925
vt 0.26975727 0.38982791
vt 0.26975113 0.34736621
vt 0.22233167 0.76914656
vt 0.22235525 0.81161135
vt 0.27258718 0.76913834
vt 0.27260873 0.81160110
vt 0.63049662 0.25772178
vt 0.59277314 0.30811054
vt 0.63068622 0.30797833
vt 0.59258872 0.25783962
vt 0.77396941 0.69576919
vt 0.73153025 0.69572508
vt 0.77398998 0.73361862
vt 0.73149341 0.73358166
vt 0.80188000 0.25709343
vt 0.83966684 0.30741042
vt 0.83977038 0.25710577
vt 0.80180001 0.30738378
vt 0.77441025 0.90867436
vt 0.73195767 0.90870714
vt 0.77442461 0.94656277
vt 0.73193514 0.94659251
vt 0.52154207 0.56127894
vt 0.51641315 0.55550742
vt 0.51396972 0.56348467
vt 0.52400804 0.55393004
vt 0.52571464 0.56085974
vt 0.52759641 0.55405301
vt 0.52034390 0.56444609
vt 0.51416856 0.56618130
vt 0.52388513 0.56355536
vt 0.52449596 0.18304372
vt 0.52328032 0.17577887
vt 0.51731718 0.18135250
vt 0.51695335 0.17405391
vt 0.52321786 0.17323178
vt 0.51762879 0.17178977
vt 0.52646697 0.18334913
vt 0.52559268 0.17603713
vt 0.52520823 0.17387450
vt 0.01312242 0.18008167
vt 0.01920859 0.17819673
vt 0.01443026 0.17338151
vt 0.02154856 0.17218024
vt 0.00954738 0.18017995
vt 0.01109096 0.17360288
vt 0.02167770 0.16847402
vt 0.01465062 0.17011803
vt 0.01182483 0.17093593
vt 0.01393623 0.56461620
vt 0.02005315 0.56530392
vt 0.01873301 0.55939710
vt 0.01286721 0.55828202
vt 0.01990453 0.56905526
vt 0.01407050 0.56787860
vt 0.01048726 0.56454849
vt 0.00852756 0.55692703
vt 0.01139537 0.56729949
vt 0.01535477 0.97886521
vt 0.01626595 0.98654521
vt 0.02342114 0.97963804
vt 0.02526401 0.98747069
vt 0.01656934 0.99045229
vt 0.02554587 0.99225521
vt 0.01080090 0.97911018
vt 0.01225736 0.98628998
vt 0.01315009 0.98954421
vt 0.52459848 0.96885246
vt 0.51526421 0.97226757
vt 0.52367598 0.97833323
vt 0.51376981 0.98214507
vt 0.53258079 0.96624905
vt 0.53126884 0.97603017
vt 0.51474965 0.98758346
vt 0.52387995 0.98533571
vt 0.53046942 0.98268932
vt 0.52665555 0.59622467
vt 0.51437145 0.59455609
vt 0.51874799 0.60432589
vt 0.52796131 0.60633588
vt 0.52663201 0.59176821
vt 0.51448321 0.58927041
vt 0.53126991 0.59645224
vt 0.53226304 0.60631537
vt 0.53048992 0.59283006
vt 0.01584879 0.59348905
vt 0.02390492 0.60153908
vt 0.02466646 0.59277880
vt 0.01481667 0.60245538
vt 0.01150197 0.59354961
vt 0.00922555 0.60220528
vt 0.02450247 0.58781803
vt 0.01627312 0.58923042
vt 0.01273704 0.58999610
vt 0.55976564 0.05351937
vt 0.55158651 0.05653793
vt 0.55823022 0.06260258
vt 0.55085152 0.06411231
vt 0.54799908 0.05723691
vt 0.54762709 0.06370533
vt 0.55997264 0.05018628
vt 0.55196881 0.05211520
vt 0.54872686 0.05366188
vt 0.55779868 0.56433225
vt 0.55689472 0.55807900
vt 0.55165720 0.56375521
vt 0.55094999 0.55806267
vt 0.55192167 0.56669784
vt 0.55725753 0.56762648
vt 0.54757380 0.55785453
vt 0.54862022 0.56347334
vt 0.54931420 0.56603986
vt 0.72510278 0.55994141
vt 0.72662175 0.55120981
vt 0.71730494 0.55178583
vt 0.71621746 0.56185603
vt 0.73219341 0.55977637
vt 0.73219645 0.55035192
vt 0.72553527 0.56774437
vt 0.71663982 0.56907880
vt 0.73199153 0.56690085
vt 0.72988528 0.05192763
vt 0.72301084 0.05992943
vt 0.73081386 0.06123734
vt 0.72223705 0.05106467
vt 0.72969353 0.04791081
vt 0.72268391 0.04645848
vt 0.73378211 0.05211109
vt 0.73548460 0.06098104
vt 0.73289651 0.04871750
vt 0.55566990 0.76884007
vt 0.55652779 0.77518350
vt 0.56267858 0.76951146
vt 0.56399250 0.77613670
vt 0.55666620 0.77860689
vt 0.56426412 0.78048563
vt 0.55202103 0.76954937
vt 0.55330020 0.77504206
vt 0.55392027 0.77772641
vt 0.94872290 0.76839626
vt 0.94306719 0.76987427
vt 0.94766307 0.77435535
vt 0.94114947 0.77541310
vt 0.95075023 0.77414113
vt 0.95190233 0.76835430
vt 0.94103682 0.77862531
vt 0.94742531 0.77741998
vt 0.95005840 0.77674657
vt 0.94681960 0.59903824
vt 0.93672782 0.59751201
vt 0.93848157 0.60638094
vt 0.94785887 0.60894227
vt 0.94690669 0.59476316
vt 0.93710411 0.59311497
vt 0.95117664 0.59923804
vt 0.95278174 0.60885316
vt 0.95044684 0.59578502
vt 0.56556380 0.60168052
vt 0.57233971 0.61065912
vt 0.57572007 0.60033166
vt 0.56280053 0.61160827
vt 0.55697978 0.60107887
vt 0.55476594 0.60989141
vt 0.56604344 0.59375250
vt 0.57600600 0.59305561
vt 0.55944270 0.59506142
vt 0.76626182 0.05117536
vt 0.76017463 0.05237556
vt 0.76480943 0.05721849
vt 0.75898266 0.05936056
vt 0.75696450 0.05254775
vt 0.75538808 0.05943954
vt 0.76617575 0.04790783
vt 0.76038682 0.04910493
vt 0.75777012 0.04976398
vt 0.76685119 0.56313205
vt 0.76549613 0.55616134
vt 0.76069534 0.56131482
vt 0.75918865 0.55532604
vt 0.76078850 0.56402171
vt 0.76687372 0.56589532
vt 0.75686407 0.55546027
vt 0.75806326 0.56119800
vt 0.75850910 0.56327045
vt 0.93628204 0.56347132
vt 0.93687958 0.55524194
vt 0.92967725 0.55591023
vt 0.92895770 0.56410170
vt 0.94013071 0.56318533
vt 0.94113719 0.55531883
vt 0.93600219 0.56738770
vt 0.92899048 0.56850076
vt 0.93933123 0.56660151
vt 0.93626672 0.05340356
vt 0.92803317 0.06367975
vt 0.93766367 0.06570303
vt 0.92642200 0.05182511
vt 0.93615389 0.04870623
vt 0.92656136 0.04669017
vt 0.94063193 0.05352449
vt 0.94255066 0.06571531
vt 0.93955261 0.04968607
vt 0.55778950 0.98039442
vt 0.55959749 0.98692542
vt 0.56394434 0.98223013
vt 0.56695157 0.98840958
vt 0.56006801 0.98941815
vt 0.56750810 0.99059272
vt 0.55513179 0.98052770
vt 0.55695826 0.98668045
vt 0.55785722 0.98894662
vt 0.94821763 0.97816414
vt 0.93940407 0.98023558
vt 0.94574952 0.98604190
vt 0.93845797 0.98842597
vt 0.94956440 0.98622644
vt 0.95123404 0.97808933
vt 0.93889672 0.99137884
vt 0.94584173 0.98971844
vt 0.94910419 0.98979634
vt 0.94915235 0.80949175
vt 0.94191110 0.80868512
vt 0.94263572 0.81552362
vt 0.94978577 0.81658137
vt 0.94894838 0.80574864
vt 0.94198388 0.80446029
vt 0.95286673 0.80982178
vt 0.95408034 0.81671977
vt 0.95214218 0.80663109
vt 0.55638021 0.80926627
vt 0.56476426 0.81641841
vt 0.56530857 0.80808860
vt 0.55595279 0.81721890
vt 0.55222607 0.80973673
vt 0.55122161 0.81697905
vt 0.55629617 0.80502194
vt 0.56469566 0.80263174
vt 0.55281228 0.80630314
vt 0.52402759 0.38985974
vt 0.52060932 0.34737647
vt 0.52060628 0.38984847
vt 0.52403373 0.34734875
vt 0.52690464 0.38983512
vt 0.52679801 0.34734464
vt 0.26978084 0.17236775
vt 0.21949974 0.17770576
vt 0.26977164 0.17772627
vt 0.21950792 0.17227864
vt 0.26979113 0.16891479
vt 0.21952024 0.16877532
vt 0.01857210 0.38985354
vt 0.01284773 0.34737337
vt 0.01271961 0.38984948
vt 0.01858439 0.34737855
vt 0.00880122 0.38983613
vt 0.00901031 0.34736621
vt 0.32003227 0.56468076
vt 0.26974908 0.55953854
vt 0.26975933 0.56487143
vt 0.32001480 0.55947810
vt 0.26978394 0.56816041
vt 0.32006094 0.56764489
vt 0.27260667 0.98660153
vt 0.32288879 0.98633611
vt 0.27260256 0.98133332
vt 0.32288468 0.97982049
vt 0.27262101 0.99015713
vt 0.32290006 0.98985785
vt 0.52127761 0.76922750
vt 0.52822983 0.81147707
vt 0.52844512 0.76899892
vt 0.52145594 0.81147504
vt 0.53130472 0.81148732
vt 0.53133649 0.76900613
vt 0.27247956 0.59329331
vt 0.22220048 0.59922272
vt 0.27248979 0.59916329
vt 0.22218819 0.59346342
vt 0.27247342 0.58961380
vt 0.22221279 0.58949995
vt 0.01496528 0.76916808
vt 0.01500218 0.81164110
vt 0.02123697 0.76916808
vt 0.02125747 0.81164211
vt 0.00990407 0.76917523
vt 0.01002706 0.81167078
vt 0.55045801 0.30825597
vt 0.55056250 0.35852790
vt 0.55486834 0.30824476
vt 0.55539829 0.35850847
vt 0.54752970 0.30826217
vt 0.54758298 0.35853308
vt 0.68879074 0.55904555
vt 0.68872619 0.56477302
vt 0.68889123 0.56897020
vt 0.72976124 0.30806643
vt 0.72469175 0.25782323
vt 0.72382772 0.30803359
vt 0.73006767 0.25781405
vt 0.73345822 0.30808389
vt 0.73374009 0.25783145
vt 0.62961513 0.05184263
vt 0.59184051 0.05701959
vt 0.62971348 0.05687714
vt 0.59173387 0.05164480
vt 0.62957513 0.04893166
vt 0.59162420 0.04815376
vt 0.73146158 0.77618182
vt 0.77401143 0.77614182
vt 0.73145652 0.77112061
vt 0.77400327 0.77113497
vt 0.73146677 0.77950168
vt 0.77401972 0.77947497
vt 0.94341773 0.63751495
vt 0.94912565 0.63765121
vt 0.95357710 0.63755286
vt 0.73130995 0.59477234
vt 0.77389467 0.60007340
vt 0.77394277 0.59438491
vt 0.73133039 0.60172564
vt 0.73130071 0.59154475
vt 0.77394897 0.59140229
vt 0.55578059 0.69499326
vt 0.56155521 0.73287344
vt 0.56169355 0.69499636
vt 0.55543727 0.73290014
vt 0.55139381 0.69497895
vt 0.55070090 0.73298723
vt 0.75880945 0.30735916
vt 0.75881863 0.35764748
vt 0.76413608 0.30735409
vt 0.76406121 0.35764241
vt 0.75536042 0.30736333
vt 0.75548345 0.35765570
vt 0.89694744 0.55880368
vt 0.89703244 0.56484270
vt 0.89723849 0.56987113
vt 0.93711323 0.30755395
vt 0.93233794 0.25724107
vt 0.93287921 0.30752623
vt 0.93696570 0.25726253
vt 0.93933743 0.30756116
vt 0.93973815 0.25726771
vt 0.83953780 0.05056345
vt 0.80172420 0.05616373
vt 0.83956641 0.05608791
vt 0.80165857 0.05042297
vt 0.83955008 0.04699349
vt 0.80157763 0.04630470
vt 0.73185205 0.98732108
vt 0.77440095 0.98740512
vt 0.73190850 0.98404324
vt 0.77443689 0.98403406
vt 0.73185414 0.99049640
vt 0.77442044 0.99053842
vt 0.94401324 0.84841740
vt 0.95031261 0.84773278
vt 0.95583302 0.84752774
vt 0.77455574 0.80611658
vt 0.73198122 0.81165338
vt 0.77453727 0.81187475
vt 0.73196691 0.80573940
vt 0.77458137 0.80133927
vt 0.73198122 0.80079710
vt 0.55678916 0.90816599
vt 0.56220186 0.94605649
vt 0.56218749 0.90818346
vt 0.55671841 0.94609541
vt 0.55308396 0.90816909
vt 0.55263293 0.94617742
vt 0.72321177 0.35826141
vt 0.68981159 0.30787379
vt 0.68978697 0.35821635
vt 0.77374601 0.63521600
vt 0.73138475 0.63518113
vt 0.93249172 0.35784733
vt 0.89728975 0.35781556
vt 0.89738101 0.30754781
vt 0.73197615 0.84638184
vt 0.77437335 0.84637570
vt 0.68273944 0.55906296
vt 0.68269646 0.56491756
vt 0.68280095 0.56934226
vt 0.69090521 0.05677563
vt 0.69155920 0.05010325
vt 0.69159192 0.04437882
vt 0.94339007 0.64395779
vt 0.94906527 0.64404178
vt 0.95350426 0.64407158
vt 0.56184632 0.63757646
vt 0.55591899 0.63764811
vt 0.55158955 0.63758671
vt 0.89090222 0.55886316
vt 0.89099652 0.56492269
vt 0.89097500 0.56985986
vt 0.89814562 0.05614328
vt 0.89789551 0.04971069
vt 0.89766592 0.04472113
vt 0.95005840 0.85449952
vt 0.94393325 0.85508782
vt 0.95489615 0.85550904
vt 0.56247556 0.84838974
vt 0.55596298 0.84871262
vt 0.55063528 0.84912771
vt 0.68338412 0.30784398
vt 0.68343329 0.35818869
vt 0.73116231 0.64233220
vt 0.77361685 0.64236605
vt 0.89109182 0.30747604
vt 0.89125687 0.35778689
vt 0.73224670 0.85417253
vt 0.77452701 0.85443491
vt 0.68394476 0.05006123
vt 0.68379819 0.05656046
vt 0.68314636 0.04521221
vt 0.55589843 0.64368308
vt 0.56185651 0.64368820
vt 0.55148399 0.64364213
vt 0.89157563 0.05603671
vt 0.89135426 0.04980594
vt 0.89068496 0.04499590
vt 0.56250221 0.85529077
vt 0.55624491 0.85522926
vt 0.55120724 0.85592419
vt 0.67852688 0.55908251
vt 0.67844594 0.56495649
vt 0.67843980 0.56930947
vt 0.94881517 0.64817238
vt 0.94341153 0.64811087
vt 0.95245677 0.64843172
vt 0.88663530 0.56487346
vt 0.88660663 0.55889392
vt 0.88655645 0.56899071
vt 0.94949782 0.85947669
vt 0.94389945 0.86000454
vt 0.95273352 0.86068612
vt 0.67259032 0.30784398
vt 0.67266726 0.35811287
vt 0.67822146 0.30783069
vt 0.67838234 0.35810667
vt 0.73151386 0.65422267
vt 0.77359128 0.64719456
vt 0.73116231 0.64668417
vt 0.77390081 0.65409350
vt 0.88138044 0.30743295
vt 0.88691002 0.35777152
vt 0.88672042 0.30744022
vt 0.88141733 0.35775506
vt 0.73223031 0.86530250
vt 0.77455270 0.86024845
vt 0.73225588 0.85991228
vt 0.77451777 0.86569715
vt 0.67825222 0.05060750
vt 0.67260367 0.05117941
vt 0.67817229 0.05643743
vt 0.67226547 0.05656964
vt 0.67238021 0.04853606
vt 0.67758596 0.04755008
vt 0.55582774 0.64798582
vt 0.56182986 0.65324998
vt 0.56185240 0.64795816
vt 0.55582672 0.65337098
vt 0.55151677 0.64793974
vt 0.55125850 0.65335453
vt 0.88130975 0.05039424
vt 0.88665789 0.05599159
vt 0.88660663 0.05016881
vt 0.88131177 0.05593419
vt 0.88105756 0.04703349
vt 0.88608086 0.04629552
vt 0.55703312 0.86603737
vt 0.56246328 0.86007524
vt 0.55671948 0.86027718
vt 0.56241924 0.86589694
vt 0.55342424 0.86628133
vt 0.55274260 0.86070663
vt 0.63148570 0.55919313
vt 0.59363621 0.55930179
vt 0.63148874 0.56490517
vt 0.59361982 0.56506717
vt 0.63148773 0.56917310
vt 0.59356654 0.56946218
vt 0.94350797 0.69499326
vt 0.94379187 0.73292065
vt 0.94858456 0.69497478
vt 0.94943833 0.73291957
vt 0.95177621 0.69495940
vt 0.95346743 0.73293394
vt 0.83939016 0.55872166
vt 0.80157655 0.55860686
vt 0.83931327 0.56462437
vt 0.80144227 0.56451571
vt 0.83927435 0.56879079
vt 0.80123121 0.56883383
vt 0.94392920 0.90832996
vt 0.94414753 0.94623685
vt 0.94874847 0.90836483
vt 0.94950491 0.94629425
vt 0.95144415 0.90839356
vt 0.95294368 0.94634449
vt 0.67318273 0.55911118
vt 0.67311001 0.56494927
vt 0.67306286 0.56945705
vt 0.94840413 0.65329301
vt 0.94333678 0.65325409
vt 0.95154256 0.65342325
vt 0.88108933 0.56478024
vt 0.88114673 0.55880988
vt 0.88112825 0.56882256
vt 0.94877827 0.86541116
vt 0.94383800 0.86596358
vt 0.95141548 0.86564791
vt 0.06872508 0.38984227
vt 0.06871996 0.34738463
vt 0.11898568 0.34738153
vt 0.11898568 0.38984019
vt 0.16924527 0.38983101
vt 0.16924424 0.34737647
vt 0.21950178 0.38982582
vt 0.21949974 0.34736925
vt 0.47081715 0.34738261
vt 0.47082639 0.38984847
vt 0.42055348 0.38984430
vt 0.42055142 0.34738362
vt 0.37027234 0.34737647
vt 0.37028363 0.38984019
vt 0.47363064 0.76905024
vt 0.47363269 0.81151915
vt 0.42335466 0.76909018
vt 0.42336389 0.81154883
vt 0.37308997 0.76911783
vt 0.37310842 0.81157142
vt 0.32283753 0.76913011
vt 0.32285601 0.81158781
vt 0.07151091 0.76917624
vt 0.07151809 0.81163698
vt 0.12180329 0.76917320
vt 0.12180431 0.81162983
vt 0.17207414 0.76916498
vt 0.17208645 0.81162161
vt 0.63132066 0.50909859
vt 0.59345686 0.50921136
vt 0.63108897 0.45882368
vt 0.59324259 0.45894867
vt 0.63091069 0.40854049
vt 0.59309196 0.40868086
vt 0.63081741 0.35825223
vt 0.59292489 0.35838544
vt 0.59204859 0.10702091
vt 0.62992978 0.10684049
vt 0.59215719 0.15727639
vt 0.62998408 0.15713292
vt 0.59232324 0.20756155
vt 0.63014197 0.20744169
vt 0.83949363 0.50854307
vt 0.80163711 0.50846827
vt 0.83948445 0.45826304
vt 0.80162680 0.45822716
vt 0.83957976 0.40799111
vt 0.80167496 0.40795732
vt 0.83963615 0.35771304
vt 0.80173439 0.35767412
vt 0.80181128 0.10626763
vt 0.83965254 0.10621226
vt 0.80188102 0.15653741
vt 0.83975601 0.15651995
vt 0.83980221 0.20681441
vt 0.80190659 0.20681232
vt 0.47082433 0.17796916
vt 0.47087762 0.17319596
vt 0.42057911 0.17788923
vt 0.42060164 0.17296332
vt 0.37030926 0.17781132
vt 0.37032771 0.17270607
vt 0.32003739 0.17775595
vt 0.32005274 0.17245185
vt 0.06875174 0.17771906
vt 0.06865846 0.17190862
vt 0.11894675 0.17203981
vt 0.11897134 0.17769963
vt 0.16922785 0.17210746
vt 0.16923092 0.17768735
vt 0.47093093 0.17051572
vt 0.42062727 0.17003191
vt 0.37035128 0.16963118
vt 0.32007122 0.16913301
vt 0.06858364 0.16774011
vt 0.11894264 0.16802305
vt 0.16924323 0.16835207
vt 0.06871689 0.55955189
vt 0.06863899 0.56546074
vt 0.11891498 0.56531829
vt 0.11894161 0.55956829
vt 0.16920634 0.56513894
vt 0.16920531 0.55959290
vt 0.21948846 0.56502414
vt 0.21947822 0.55959082
vt 0.47079051 0.55928540
vt 0.47082946 0.56397974
vt 0.42054117 0.55934179
vt 0.42056474 0.56420004
vt 0.37028056 0.55940020
vt 0.37030002 0.56441838
vt 0.06856417 0.56975222
vt 0.11894059 0.56940269
vt 0.16923606 0.56872213
vt 0.21950792 0.56839108
vt 0.47086328 0.56630123
vt 0.42059037 0.56668556
vt 0.37032771 0.56716526
vt 0.07153243 0.98132306
vt 0.07146581 0.98708433
vt 0.12175717 0.98702997
vt 0.12177151 0.98136300
vt 0.17203724 0.98694694
vt 0.17204134 0.98136711
vt 0.22232144 0.98680037
vt 0.22231837 0.98138964
vt 0.47294596 0.97853005
vt 0.47265387 0.98549253
vt 0.42338744 0.97865814
vt 0.42336595 0.98589844
vt 0.37316272 0.97962981
vt 0.37316373 0.98618847
vt 0.07144839 0.99121487
vt 0.12176126 0.99105394
vt 0.17205569 0.99080795
vt 0.22234090 0.99049842
vt 0.47268155 0.98867607
vt 0.42337823 0.98929203
vt 0.37317502 0.98956674
vt 0.47333547 0.60031629
vt 0.47328830 0.59324622
vt 0.42333111 0.59920323
vt 0.42335162 0.59289873
vt 0.37305614 0.59317547
vt 0.37306640 0.60114652
vt 0.32278219 0.59907407
vt 0.32277501 0.59323907
vt 0.07140123 0.59932208
vt 0.07134384 0.59312940
vt 0.12163315 0.59928417
vt 0.12163110 0.59325230
vt 0.17191631 0.59350657
vt 0.17191423 0.59928930
vt 0.47336006 0.58891577
vt 0.42334649 0.58846474
vt 0.37301308 0.58889019
vt 0.32272992 0.58927453
vt 0.07134077 0.58865339
vt 0.12166288 0.58883893
vt 0.17194910 0.58958608
vt 0.55449736 0.10714799
vt 0.54976821 0.10712546
vt 0.55001217 0.15741378
vt 0.55461317 0.15740764
vt 0.55480278 0.20769584
vt 0.55017823 0.20770097
vt 0.55506206 0.25797701
vt 0.55040479 0.25798106
vt 0.55583286 0.50934458
vt 0.55050308 0.50938046
vt 0.55044168 0.45910043
vt 0.55565035 0.45907891
vt 0.55045593 0.40881109
vt 0.55548126 0.40879571
vt 0.54741180 0.10710090
vt 0.54777980 0.15741581
vt 0.54782999 0.20770401
vt 0.54778802 0.25798517
vt 0.54662675 0.50941122
vt 0.54685116 0.45910656
vt 0.54721302 0.40881413
vt 0.72142833 0.50852978
vt 0.72833961 0.50826836
vt 0.72251076 0.45884311
vt 0.72938091 0.45885032
vt 0.72319335 0.40855587
vt 0.72947419 0.40860605
vt 0.72953266 0.35831368
vt 0.72555482 0.10686409
vt 0.73115307 0.10683024
vt 0.73138368 0.15717494
vt 0.72590220 0.15715748
vt 0.73101676 0.20752054
vt 0.72568291 0.20754308
vt 0.73142987 0.50825500
vt 0.73304307 0.45889437
vt 0.73281658 0.40862453
vt 0.73316711 0.35834855
vt 0.73512888 0.10680670
vt 0.73523450 0.15718001
vt 0.73468614 0.20754111
vt 0.76415247 0.10628289
vt 0.75861466 0.10624099
vt 0.75867718 0.15651995
vt 0.76419342 0.15653634
vt 0.75883812 0.20679903
vt 0.76422626 0.20680416
vt 0.75886673 0.25707704
vt 0.76420367 0.25707501
vt 0.76394445 0.50847644
vt 0.75863516 0.50855845
vt 0.76390958 0.45822513
vt 0.75869870 0.45825076
vt 0.76397312 0.40793377
vt 0.75876021 0.40794605
vt 0.75455898 0.10620201
vt 0.75470448 0.15651900
vt 0.75517899 0.20680624
vt 0.75535119 0.25708115
vt 0.75561255 0.50864762
vt 0.75557667 0.45826709
vt 0.75562078 0.40795422
vt 0.93195367 0.50879622
vt 0.93689603 0.50879419
vt 0.93245381 0.45848340
vt 0.93741250 0.45849156
vt 0.93731523 0.40817559
vt 0.93246919 0.40813768
vt 0.93715930 0.35787094
vt 0.93239850 0.10658944
vt 0.93823349 0.10672265
vt 0.93282080 0.15678853
vt 0.93775076 0.15674651
vt 0.93692160 0.20701224
vt 0.93094510 0.20700610
vt 0.94006920 0.50880337
vt 0.94080621 0.45850390
vt 0.94031620 0.40817970
vt 0.93993390 0.35787606
vt 0.94204944 0.10677999
vt 0.94126534 0.15674955
vt 0.94006109 0.20702142
vt 0.69109893 0.10704035
vt 0.69148636 0.15734094
vt 0.69188923 0.20723671
vt 0.69017243 0.25754446
vt 0.68912077 0.50890899
vt 0.68966705 0.45869040
vt 0.68994081 0.40844214
vt 0.89770389 0.10637414
vt 0.89748144 0.15650052
vt 0.89759618 0.20687389
vt 0.89747119 0.25723392
vt 0.89711964 0.50864971
vt 0.89668810 0.45830911
vt 0.89723849 0.40810078
vt 0.68370801 0.10692245
vt 0.68387502 0.15737277
vt 0.68462640 0.20731354
vt 0.68337083 0.25751066
vt 0.68330836 0.50893557
vt 0.68354505 0.45866579
vt 0.68349689 0.40834165
vt 0.89112568 0.10630453
vt 0.89138395 0.15654254
vt 0.89153051 0.20686978
vt 0.89142805 0.25717545
vt 0.89110315 0.50866812
vt 0.89068085 0.45833272
vt 0.89119536 0.40804857
vt 0.67245305 0.10672569
vt 0.67812306 0.10676563
vt 0.67230433 0.15723646
vt 0.67787093 0.15732354
vt 0.67328423 0.20730841
vt 0.67862326 0.20733202
vt 0.67827576 0.25757724
vt 0.67254835 0.25753832
vt 0.67331809 0.50895303
vt 0.67891532 0.50894892
vt 0.67312843 0.45867914
vt 0.67884767 0.45867914
vt 0.67271847 0.40838778
vt 0.67835778 0.40832323
vt 0.88131684 0.10614359
vt 0.88661277 0.10618353
vt 0.88151467 0.15648925
vt 0.88700229 0.15651995
vt 0.88159466 0.20681852
vt 0.88706994 0.20684314
vt 0.88155574 0.25713348
vt 0.88704532 0.25714576
vt 0.88126463 0.50862300
vt 0.88677067 0.50864661
vt 0.88110572 0.45832658
vt 0.88647032 0.45833886
vt 0.88135278 0.40804029
vt 0.88686705 0.40804857
vt 0.26975727 0.51728594
vt 0.32001585 0.51727664
vt 0.26976240 0.47478420
vt 0.32001686 0.47477394
vt 0.26976037 0.43228763
vt 0.32001585 0.43229580
vt 0.26975831 0.21997482
vt 0.32001686 0.21998304
vt 0.26975521 0.26244265
vt 0.32000971 0.26244581
vt 0.26975423 0.30490446
vt 0.32000458 0.30491060
vt 0.22226095 0.64168239
vt 0.27252671 0.64164853
vt 0.22230400 0.68421173
vt 0.27255642 0.68420053
vt 0.22232041 0.72668374
vt 0.27256772 0.72667044
vt 0.22236960 0.93900889
vt 0.27263227 0.93898326
vt 0.22238190 0.89652765
vt 0.27263227 0.89651227
vt 0.22236960 0.85406899
vt 0.27262309 0.85405672
vt 0.60420042 0.69519722
vt 0.60409069 0.73300982
vt 0.64666104 0.69538784
vt 0.64653605 0.73326707
vt 0.68908799 0.69560105
vt 0.68900394 0.73346692
vt 0.90146029 0.73309898
vt 0.90135878 0.69523311
vt 0.85887653 0.69549751
vt 0.85898834 0.73336238
vt 0.81642199 0.69571996
vt 0.81649274 0.73355097
vt 0.60453147 0.90846324
vt 0.60448539 0.94626963
vt 0.64703524 0.90861905
vt 0.64695013 0.94646543
vt 0.68949598 0.90872359
vt 0.68943959 0.94657612
vt 0.90183645 0.94623786
vt 0.90183544 0.90839559
vt 0.85939318 0.94638240
vt 0.85935009 0.90848577
vt 0.81691498 0.94650131
vt 0.81688011 0.90864468
vt 0.52064008 0.51725823
vt 0.52491724 0.51727569
vt 0.52402449 0.47481191
vt 0.52060318 0.47478938
vt 0.52358174 0.43233484
vt 0.52061039 0.43232048
vt 0.52402860 0.22037143
vt 0.52059603 0.22000152
vt 0.52366883 0.26239455
vt 0.52060521 0.26244169
vt 0.52413517 0.30490446
vt 0.52061450 0.30490553
vt 0.52810168 0.51728177
vt 0.52681440 0.47479755
vt 0.52659202 0.43235737
vt 0.52694654 0.22004658
vt 0.52681547 0.26242524
vt 0.52711165 0.30487889
vt 0.01861412 0.22002709
vt 0.01259662 0.21991020
vt 0.01860079 0.26243961
vt 0.01283748 0.26241189
vt 0.01857722 0.30490446
vt 0.01272679 0.30489731
vt 0.01856389 0.51721209
vt 0.01250745 0.51730436
vt 0.01280366 0.47481084
vt 0.01860797 0.47478420
vt 0.01272679 0.43232757
vt 0.01857517 0.43231732
vt 0.00847631 0.21981490
vt 0.00916918 0.26240480
vt 0.00888834 0.30488497
vt 0.00788491 0.51737916
vt 0.00867105 0.47480673
vt 0.00872845 0.43232149
vt 0.51513094 0.93682265
vt 0.52608359 0.93450117
vt 0.51705790 0.89621812
vt 0.52693021 0.89586043
vt 0.52065748 0.85395527
vt 0.52791929 0.85395730
vt 0.52259874 0.64157271
vt 0.52891248 0.64156556
vt 0.52190691 0.68361217
vt 0.52870542 0.68395859
vt 0.52146721 0.72651052
vt 0.52838361 0.72651565
vt 0.53123504 0.93381852
vt 0.53071022 0.89575177
vt 0.53087318 0.85396856
vt 0.53203958 0.64154607
vt 0.53191555 0.68402833
vt 0.53160810 0.72652900
vt 0.02102173 0.64176130
vt 0.01425089 0.64167929
vt 0.01475517 0.68418407
vt 0.02122467 0.68421894
vt 0.01494274 0.72668171
vt 0.02125850 0.72668993
vt 0.01510468 0.93911546
vt 0.02126670 0.93904889
vt 0.01549109 0.89661479
vt 0.02134152 0.89659941
vt 0.01527277 0.85411716
vt 0.02131179 0.85411924
vt 0.00801200 0.64160752
vt 0.00944284 0.68422925
vt 0.00978825 0.72669911
vt 0.01038375 0.93916059
vt 0.01126418 0.89662606
vt 0.01056516 0.85416126
vt 0.60388577 0.77076083
vt 0.60381496 0.77661335
vt 0.64635670 0.77649647
vt 0.64636588 0.77095044
vt 0.68891174 0.77620542
vt 0.68891376 0.77101606
vt 0.90161198 0.77073109
vt 0.90164173 0.77613366
vt 0.85910308 0.77593684
vt 0.85911232 0.77089202
vt 0.81656235 0.77586716
vt 0.81656444 0.77102530
vt 0.60376477 0.78123176
vt 0.64637822 0.78044462
vt 0.68892294 0.77981323
vt 0.90167350 0.77994442
vt 0.85909998 0.77922487
vt 0.81656551 0.77898711
vt 0.90167552 0.60209769
vt 0.90175337 0.59616119
vt 0.85918301 0.59560668
vt 0.85910821 0.60213149
vt 0.81654704 0.60113728
vt 0.81657881 0.59477133
vt 0.60630465 0.60800147
vt 0.60824794 0.59807372
vt 0.64650124 0.60516948
vt 0.64675742 0.59655476
vt 0.68874359 0.60206997
vt 0.68869954 0.59521925
vt 0.90178931 0.59292328
vt 0.85923636 0.59257078
vt 0.81660652 0.59156114
vt 0.60860974 0.59299815
vt 0.64677179 0.59267837
vt 0.68867493 0.59198242
vt 0.60433871 0.98375523
vt 0.60458368 0.98779356
vt 0.64683223 0.98392129
vt 0.64681387 0.98770028
vt 0.68930739 0.98734057
vt 0.68936878 0.98400122
vt 0.90196043 0.98382908
vt 0.90200657 0.98812568
vt 0.85955507 0.98726571
vt 0.85947311 0.98384953
vt 0.81703180 0.98726469
vt 0.81695908 0.98395717
vt 0.60435104 0.99055380
vt 0.64680868 0.99068803
vt 0.68932587 0.99015301
vt 0.90203017 0.99155307
vt 0.85948229 0.99061012
vt 0.81700516 0.99036926
vt 0.90208858 0.81347066
vt 0.90217984 0.80767655
vt 0.85960734 0.81288332
vt 0.85966271 0.80702984
vt 0.81712407 0.80640459
vt 0.81708717 0.81224072
vt 0.60422295 0.81280851
vt 0.60407430 0.80610120
vt 0.64673799 0.80588084
vt 0.64680976 0.81194139
vt 0.68935859 0.80558980
vt 0.68939960 0.81153244
vt 0.90227616 0.80311245
vt 0.85972208 0.80277932
vt 0.81715995 0.80183744
vt 0.60390931 0.79983258
vt 0.64669085 0.80070686
vt 0.68934113 0.80051422
vt 0.60404766 0.63710189
vt 0.64665294 0.63657200
vt 0.68900496 0.63574481
vt 0.90103906 0.63626653
vt 0.85864699 0.63541269
vt 0.81626517 0.63482338
vt 0.60503060 0.84590632
vt 0.64728636 0.84632242
vt 0.68959534 0.84625375
vt 0.90167964 0.84757799
vt 0.85929269 0.84686357
vt 0.81677455 0.84611642
vt 0.60405993 0.64316344
vt 0.64666831 0.64319110
vt 0.68897939 0.64228302
vt 0.90101647 0.64283645
vt 0.85865414 0.64238036
vt 0.81630415 0.64167827
vt 0.60507667 0.85278678
vt 0.64736217 0.85404235
vt 0.68973780 0.85436112
vt 0.90175545 0.85483772
vt 0.85933572 0.85464299
vt 0.81682789 0.85377073
vt 0.60407221 0.64750719
vt 0.60430288 0.65379530
vt 0.64669389 0.64773369
vt 0.64676976 0.65350521
vt 0.68899369 0.64684302
vt 0.68919867 0.65386599
vt 0.90107900 0.64789259
vt 0.90115798 0.65351033
vt 0.85872489 0.65367019
vt 0.85869825 0.64791715
vt 0.81632566 0.65400946
vt 0.81630313 0.64751744
vt 0.60497934 0.86402029
vt 0.60508490 0.85865462
vt 0.64734679 0.85973495
vt 0.64731395 0.86525846
vt 0.68974090 0.86030686
vt 0.68971527 0.86568689
vt 0.90182823 0.86557513
vt 0.90179437 0.86024946
vt 0.85935527 0.85997784
vt 0.85934907 0.86570323
vt 0.81684226 0.86519897
vt 0.81683606 0.85946023
vt 0.06876301 0.51719159
vt 0.06874149 0.47475445
vt 0.06872918 0.43230093
vt 0.06878453 0.22005272
vt 0.06875276 0.26248574
vt 0.06873430 0.30492800
vt 0.11901337 0.51723671
vt 0.11901543 0.47478318
vt 0.11899389 0.43230820
vt 0.11900517 0.22002196
vt 0.11900414 0.26247859
vt 0.11899491 0.30492908
vt 0.16926269 0.51726848
vt 0.16925859 0.47479343
vt 0.16925143 0.43230301
vt 0.16924629 0.21999222
vt 0.16925347 0.26245499
vt 0.16924937 0.30491984
vt 0.21951102 0.51727974
vt 0.21950792 0.47478116
vt 0.21950690 0.43228656
vt 0.21950077 0.21997583
vt 0.21950281 0.26244265
vt 0.21950178 0.30490959
vt 0.47079664 0.22001272
vt 0.47079155 0.26246524
vt 0.47079974 0.30491883
vt 0.47078642 0.51723266
vt 0.47080791 0.47477603
vt 0.47081509 0.43231320
vt 0.42054221 0.21998715
vt 0.42052373 0.26245809
vt 0.42052987 0.30491883
vt 0.42053604 0.51724899
vt 0.42053297 0.47477192
vt 0.42053604 0.43230820
vt 0.37027749 0.21998608
vt 0.37026417 0.26245290
vt 0.37026107 0.30491471
vt 0.37027648 0.51726645
vt 0.37027439 0.47477913
vt 0.37026930 0.43229991
vt 0.47352201 0.64164239
vt 0.47357020 0.68412256
vt 0.47361323 0.72658539
vt 0.47365421 0.93891972
vt 0.47364601 0.89644259
vt 0.47363576 0.85398394
vt 0.42327061 0.64172745
vt 0.42327780 0.68420255
vt 0.42332187 0.72664177
vt 0.42339358 0.93893307
vt 0.42339462 0.89647436
vt 0.42337927 0.85400647
vt 0.37303972 0.64164340
vt 0.37304178 0.68422306
vt 0.37306330 0.72666943
vt 0.37314120 0.93895763
vt 0.37312582 0.89648050
vt 0.37312073 0.85402596
vt 0.32279041 0.64168549
vt 0.32280576 0.68420458
vt 0.32281604 0.72666943
vt 0.32288569 0.93898940
vt 0.32287955 0.89650410
vt 0.32287034 0.85404336
vt 0.07160214 0.93899351
vt 0.07155909 0.89655328
vt 0.07152320 0.85409975
vt 0.07147093 0.64178491
vt 0.07152116 0.68427944
vt 0.07151295 0.72672069
vt 0.12184531 0.93901604
vt 0.12184326 0.89654714
vt 0.12181763 0.85408747
vt 0.12173461 0.64176238
vt 0.12177765 0.68424767
vt 0.12180431 0.72671962
vt 0.17210387 0.93902326
vt 0.17211412 0.89654404
vt 0.17210387 0.85408133
vt 0.17199829 0.64172649
vt 0.17205262 0.68423945
vt 0.17206800 0.72670424
vt 0.52266145 0.07919616
vt 0.50832653 0.11219239
vt 0.52181697 0.11348182
vt 0.50895685 0.07866323
vt 0.49556181 0.07847148
vt 0.49357542 0.11326456
vt 0.50813591 0.12879467
vt 0.48805407 0.12991178
vt 0.52623242 0.13007987
vt 0.49208105 0.14303225
vt 0.50860631 0.15018952
vt 0.52210701 0.14383167
vt 0.50907987 0.07246226
vt 0.52644563 0.07538432
vt 0.44633114 0.03276849
vt 0.44476193 0.04574239
vt 0.45113409 0.04210579
vt 0.53225207 0.10336041
vt 0.49210975 0.07461661
vt 0.51802760 0.03659976
vt 0.53006983 0.04929996
vt 0.53632915 0.03872454
vt 0.52279466 0.02765393
vt 0.46330544 0.03160721
vt 0.46128932 0.02322006
vt 0.50847197 0.02780056
vt 0.50972140 0.01924330
vt 0.47485968 0.02100617
vt 0.47423857 0.01578397
vt 0.49337035 0.02017897
vt 0.49388593 0.01475906
vt 0.48525593 0.10293812
vt 0.53591615 0.05310971
vt 0.07778967 0.02705145
vt 0.10006189 0.04574662
vt 0.10303733 0.03106827
vt 0.04423783 0.02603573
vt 0.02563494 0.05013138
vt 0.04053673 0.05425680
vt 0.01738202 0.04183644
vt 0.06112393 0.01457369
vt 0.08946387 0.01902199
vt 0.06073342 0.02587992
vt 0.03148434 0.01622075
vt 0.01811486 0.02723289
vt 0.07929941 0.05497319
vt 0.09335767 0.05313551
vt 0.08188538 0.06323230
vt 0.09553570 0.05633432
vt 0.10490069 0.04934216
vt 0.03771093 0.06397337
vt 0.02243299 0.05349219
vt 0.01329246 0.02474433
vt 0.01328631 0.04346812
vt 0.09288004 0.01236594
vt 0.10787100 0.02877748
vt 0.06123155 0.00854081
vt 0.02975320 0.01181966
vt 0.52904582 0.05860960
vt 0.51573581 0.04899967
vt 0.46676150 0.04290015
vt 0.45256698 0.05227637
vt 0.50606030 0.04214269
vt 0.47690555 0.03890693
vt 0.49205735 0.03748226
vt 0.46351326 0.14974296
vt 0.46378693 0.06983352
vt 0.42904106 0.06821918
vt 0.42696142 0.15072685
vt 0.37789485 0.06567329
vt 0.34280050 0.14646715
vt 0.37804654 0.15014368
vt 0.34250528 0.06626868
vt 0.42493305 0.07530987
vt 0.38249895 0.14431173
vt 0.42347658 0.14523929
vt 0.38235855 0.07235909
vt 0.42852241 0.06335998
vt 0.46678287 0.06717277
vt 0.46625912 0.15227252
vt 0.37840223 0.15358758
vt 0.33955243 0.14928073
vt 0.34034160 0.06391245
vt 0.37795532 0.06265986
vt 0.42659450 0.15478468
vt 0.16618258 0.02164072
vt 0.17730126 0.02987212
vt 0.16936606 0.01612657
vt 0.17093423 0.02987212
vt 0.15349469 0.01612657
vt 0.15667714 0.02163970
vt 0.14555846 0.02987117
vt 0.15192443 0.02987117
vt 0.15667714 0.03810251
vt 0.15349364 0.04361671
vt 0.16936502 0.04361784
vt 0.16618153 0.03810352
vt 0.16142985 0.02987117
vt 0.16416432 0.09214813
vt 0.14511487 0.11742103
vt 0.16412066 0.11644435
vt 0.14267419 0.09337419
vt 0.11921360 0.11938667
vt 0.11563399 0.09727114
vt 0.18316750 0.11678797
vt 0.20625941 0.09598678
vt 0.18441920 0.09299272
vt 0.20604658 0.11707866
vt 0.23397553 0.10159576
vt 0.23023538 0.11989206
vt 0.25720847 0.10847896
vt 0.25410476 0.12334245
vt 0.27582181 0.12794542
vt 0.29656905 0.12670207
vt 0.27910408 0.11745834
vt 0.29389489 0.13369626
vt 0.09224874 0.12198526
vt 0.08740358 0.10224640
vt 0.06914386 0.10742718
vt 0.07196151 0.12555140
vt 0.05149499 0.11421853
vt 0.03179676 0.12407583
vt 0.05159352 0.12939042
vt 0.03307381 0.13252556
vt 0.02244367 0.12917471
vt 0.02554887 0.13422149
vt 0.30549073 0.13139784
vt 0.30192748 0.13633144
vt 0.14606889 0.13426512
vt 0.16458508 0.13383257
vt 0.16446465 0.07646102
vt 0.18620048 0.07821947
vt 0.12049676 0.13552040
vt 0.14142670 0.07809728
vt 0.11277901 0.08270037
vt 0.20557709 0.13357192
vt 0.18331954 0.13373578
vt 0.20926578 0.08229816
vt 0.22904538 0.13453567
vt 0.23772827 0.08969706
vt 0.25234357 0.13662851
vt 0.28361994 0.10813087
vt 0.26129270 0.09844911
vt 0.29075465 0.14491838
vt 0.27310634 0.14037520
vt 0.30149427 0.11722362
vt 0.09395323 0.13694203
vt 0.08361319 0.08972317
vt 0.05316080 0.14118052
vt 0.07383563 0.13874340
vt 0.06493665 0.09676999
vt 0.03480396 0.14413464
vt 0.04708637 0.10490108
vt 0.02683624 0.11463141
vt 0.02992463 0.14943135
vt 0.01534509 0.11570293
vt 0.38986292 0.03387260
vt 0.37337244 0.03145170
vt 0.37348008 0.03751427
vt 0.38828447 0.04052556
vt 0.29802859 0.15098894
vt 0.31291744 0.11871070
vt 0.22174543 0.02786577
vt 0.20791367 0.03293419
vt 0.22372663 0.03394067
vt 0.20881668 0.03918219
vt 0.16524224 0.14980805
vt 0.14596082 0.15044767
vt 0.19004723 0.06101120
vt 0.16519938 0.05738991
vt 0.12125587 0.15170836
vt 0.13870421 0.05800366
vt 0.10840224 0.06536758
vt 0.20578645 0.14830858
vt 0.18571329 0.14980859
vt 0.21510726 0.06642205
vt 0.22859415 0.14820611
vt 0.24358605 0.07740629
vt 0.25113943 0.14928198
vt 0.26757771 0.08824480
vt 0.28947595 0.09931356
vt 0.28885299 0.15561086
vt 0.27073452 0.15194416
vt 0.30576774 0.10820472
vt 0.09527963 0.15311676
vt 0.07798114 0.07603937
vt 0.07748577 0.15479219
vt 0.05539560 0.15353251
vt 0.06037315 0.08377993
vt 0.03825211 0.15580040
vt 0.03951231 0.09396553
vt 0.02189405 0.10505211
vt 0.02810105 0.15710104
vt 0.01116765 0.11003596
vt 0.42087185 0.04616177
vt 0.42216429 0.03064400
vt 0.41727325 0.04153925
vt 0.41705287 0.03564066
vt 0.29457030 0.15679944
vt 0.31796962 0.11418670
vt 0.25813019 0.04087752
vt 0.25337237 0.02964604
vt 0.25381410 0.03489691
vt 0.25831774 0.02269381
vt 0.22345197 0.02052814
vt 0.22387937 0.04198241
vt 0.39233816 0.02480179
vt 0.38843721 0.04817480
f 1/1 2/2 3/3
f 3/3 2/2 4/4
f 5/5 6/6 7/7
f 7/7 6/6 8/8
f 9/9 10/10 11/11
f 10/10 9/9 12/12
f 13/13 14/14 15/15
f 14/14 16/16 15/15
f 17/17 18/18 19/19
f 18/18 17/17 20/20
f 21/21 22/22 23/23
f 22/22 24/24 23/23
f 25/25 26/26 27/27
f 26/26 25/25 28/28
f 29/29 28/28 25/25
f 28/28 29/29 30/30
f 31/31 27/27 32/32
f 25/25 27/27 31/31
f 31/31 33/33 25/25
f 29/29 25/25 33/33
f 34/34 35/35 36/36
f 36/36 35/35 37/37
f 37/37 35/35 38/38
f 37/37 38/38 39/39
f 40/40 41/41 34/34
f 34/34 41/41 35/35
f 41/41 42/42 35/35
f 38/38 35/35 42/42
f 43/43 44/44 45/45
f 44/44 46/46 45/45
f 47/47 45/45 48/48
f 45/45 47/47 43/43
f 49/49 50/50 46/46
f 45/45 46/46 50/50
f 48/48 45/45 51/51
f 45/45 50/50 51/51
f 52/52 53/53 54/54
f 54/54 55/55 52/52
f 56/56 52/52 57/57
f 52/52 56/56 53/53
f 52/52 55/55 58/58
f 55/55 59/59 58/58
f 57/57 52/52 60/60
f 52/52 58/58 60/60
f 61/61 62/62 63/63
f 63/63 62/62 64/64
f 64/64 62/62 65/65
f 64/64 65/65 66/66
f 67/67 68/68 61/61
f 61/61 68/68 62/62
f 68/68 69/69 62/62
f 62/62 69/69 65/65
f 70/70 71/71 72/72
f 71/71 73/73 72/72
f 74/74 70/70 75/75
f 70/70 72/72 75/75
f 76/76 77/77 73/73
f 72/72 73/73 77/77
f 75/75 72/72 78/78
f 72/72 77/77 78/78
f 79/79 80/80 81/81
f 79/79 81/81 82/82
f 83/83 84/84 80/80
f 83/83 80/80 79/79
f 79/79 82/82 85/85
f 82/82 86/86 85/85
f 87/87 83/83 79/79
f 79/79 85/85 87/87
f 88/88 89/89 90/90
f 89/89 88/88 91/91
f 92/92 91/91 88/88
f 91/91 92/92 93/93
f 88/88 94/94 95/95
f 94/94 88/88 90/90
f 96/96 92/92 88/88
f 88/88 95/95 96/96
f 97/97 98/98 99/99
f 99/99 98/98 100/100
f 100/100 98/98 101/101
f 100/100 101/101 102/102
f 103/103 104/104 97/97
f 97/97 104/104 98/98
f 104/104 105/105 98/98
f 98/98 105/105 101/101
f 106/106 107/107 108/108
f 107/107 109/109 108/108
f 110/110 111/111 106/106
f 106/106 108/108 110/110
f 112/112 113/113 109/109
f 108/108 109/109 113/113
f 110/110 108/108 114/114
f 108/108 113/113 114/114
f 115/115 116/116 117/117
f 117/117 118/118 115/115
f 119/119 120/120 116/116
f 119/119 116/116 115/115
f 121/121 115/115 118/118
f 118/118 122/122 121/121
f 123/123 119/119 115/115
f 115/115 121/121 123/123
f 124/124 125/125 126/126
f 125/125 124/124 127/127
f 128/128 127/127 124/124
f 127/127 128/128 129/129
f 130/130 126/126 131/131
f 126/126 130/130 124/124
f 132/132 124/124 130/130
f 124/124 132/132 128/128
f 133/133 134/134 135/135
f 135/135 134/134 136/136
f 136/136 134/134 137/137
f 136/136 137/137 138/138
f 139/139 134/134 133/133
f 134/134 139/139 140/140
f 137/137 134/134 141/141
f 134/134 140/140 141/141
f 142/142 143/143 144/144
f 143/143 145/145 144/144
f 146/146 147/147 142/142
f 142/142 144/144 146/146
f 148/148 149/149 145/145
f 144/144 145/145 149/149
f 146/146 144/144 150/150
f 144/144 149/149 150/150
f 151/151 152/152 153/153
f 151/151 153/153 154/154
f 155/155 156/156 152/152
f 155/155 152/152 151/151
f 151/151 154/154 157/157
f 154/154 158/158 157/157
f 159/159 155/155 151/151
f 151/151 157/157 159/159
f 160/160 161/161 162/162
f 161/161 160/160 163/163
f 164/164 163/163 160/160
f 163/163 164/164 165/165
f 166/166 162/162 167/167
f 162/162 166/166 160/160
f 168/168 160/160 166/166
f 160/160 168/168 164/164
f 169/169 170/170 171/171
f 171/171 170/170 172/172
f 172/172 170/170 173/173
f 172/172 173/173 174/174
f 175/175 176/176 169/169
f 169/169 176/176 170/170
f 176/176 177/177 170/170
f 173/173 170/170 177/177
f 178/178 179/179 180/180
f 179/179 181/181 180/180
f 182/182 183/183 178/178
f 178/178 180/180 182/182
f 184/184 185/185 181/181
f 180/180 181/181 185/185
f 186/186 180/180 185/185
f 180/180 186/186 182/182
f 187/187 188/188 189/189
f 187/187 189/189 190/190
f 191/191 192/192 188/188
f 191/191 188/188 187/187
f 187/187 190/190 193/193
f 190/190 194/194 193/193
f 195/195 191/191 187/187
f 187/187 193/193 195/195
f 196/196 197/197 198/198
f 197/197 196/196 199/199
f 200/200 199/199 196/196
f 199/199 200/200 201/201
f 202/202 198/198 203/203
f 198/198 202/202 196/196
f 204/204 196/196 202/202
f 196/196 204/204 200/200
f 205/205 206/206 207/207
f 207/207 206/206 208/208
f 209/209 210/210 208/208
f 208/208 206/206 209/209
f 211/211 212/212 205/205
f 206/206 205/205 212/212
f 213/213 206/206 212/212
f 206/206 213/213 209/209
f 214/214 215/215 216/216
f 215/215 217/217 216/216
f 218/218 219/219 214/214
f 214/214 216/216 218/218
f 220/220 221/221 217/217
f 216/216 217/217 221/221
f 218/218 221/221 222/222
f 221/221 218/218 216/216
f 223/223 224/224 225/225
f 223/223 225/225 226/226
f 227/227 228/228 224/224
f 227/227 224/224 223/223
f 223/223 226/226 229/229
f 226/226 230/230 229/229
f 231/231 227/227 223/223
f 223/223 229/229 231/231
f 232/232 233/233 234/234
f 233/233 232/232 235/235
f 236/236 235/235 232/232
f 235/235 236/236 237/237
f 238/238 234/234 239/239
f 234/234 238/238 232/232
f 240/240 232/232 238/238
f 232/232 240/240 236/236
f 241/241 242/242 243/243
f 242/242 241/241 244/244
f 245/245 244/244 241/241
f 244/244 245/245 246/246
f 247/247 248/248 249/249
f 248/248 247/247 250/250
f 251/251 250/250 247/247
f 250/250 251/251 252/252
f 253/253 254/254 255/255
f 254/254 253/253 256/256
f 257/257 254/254 258/258
f 254/254 257/257 255/255
f 259/259 260/260 261/261
f 260/260 259/259 262/262
f 263/263 259/259 261/261
f 259/259 263/263 264/264
f 265/265 266/266 267/267
f 268/268 267/267 266/266
f 269/269 270/270 265/265
f 266/266 265/265 270/270
f 271/271 272/272 273/273
f 272/272 271/271 274/274
f 273/273 275/275 276/276
f 275/275 273/273 272/272
f 277/277 278/278 279/279
f 278/278 277/277 280/280
f 281/281 282/282 277/277
f 280/280 277/277 282/282
f 283/283 284/284 285/285
f 285/285 284/284 286/286
f 287/287 288/288 283/283
f 283/283 288/288 284/284
f 289/289 290/290 291/291
f 292/292 291/291 290/290
f 293/293 290/290 289/289
f 290/290 293/293 294/294
f 117/117 295/295 118/118
f 295/295 296/296 118/118
f 118/118 296/296 122/122
f 122/122 296/296 297/297
f 298/298 299/299 300/300
f 299/299 298/298 301/301
f 302/302 301/301 298/298
f 301/301 302/302 303/303
f 304/304 305/305 306/306
f 305/305 304/304 307/307
f 308/308 307/307 304/304
f 307/307 308/308 309/309
f 310/310 311/311 312/312
f 313/313 312/312 311/311
f 314/314 315/315 310/310
f 311/311 310/310 315/315
f 153/153 316/316 154/154
f 154/154 316/316 317/317
f 154/154 317/317 158/158
f 317/317 318/318 158/158
f 319/319 320/320 321/321
f 320/320 319/319 322/322
f 323/323 321/321 324/324
f 321/321 323/323 319/319
f 325/325 326/326 327/327
f 326/326 325/325 328/328
f 329/329 328/328 325/325
f 328/328 329/329 330/330
f 331/331 332/332 333/333
f 334/334 333/333 332/332
f 335/335 336/336 331/331
f 332/332 331/331 336/336
f 189/189 337/337 190/190
f 190/190 337/337 338/338
f 190/190 338/338 194/194
f 338/338 339/339 194/194
f 340/340 341/341 342/342
f 341/341 340/340 343/343
f 344/344 343/343 340/340
f 343/343 344/344 345/345
f 346/346 347/347 348/348
f 347/347 346/346 349/349
f 350/350 349/349 346/346
f 349/349 350/350 351/351
f 352/352 353/353 354/354
f 355/355 354/354 353/353
f 356/356 353/353 352/352
f 353/353 356/356 357/357
f 225/225 358/358 226/226
f 226/226 358/358 359/359
f 226/226 359/359 230/230
f 359/359 360/360 230/230
f 361/361 362/362 363/363
f 362/362 361/361 364/364
f 365/365 364/364 361/361
f 364/364 365/365 366/366
f 367/367 368/368 369/369
f 368/368 367/367 370/370
f 371/371 370/370 367/367
f 370/370 371/371 372/372
f 373/373 374/374 375/375
f 374/374 373/373 300/300
f 320/320 322/322 376/376
f 322/322 377/377 376/376
f 378/378 342/342 379/379
f 342/342 380/380 379/379
f 363/363 381/381 382/382
f 381/381 363/363 362/362
f 296/296 295/295 383/383
f 296/296 383/383 384/384
f 296/296 384/384 297/297
f 297/297 384/384 385/385
f 127/127 386/386 125/125
f 386/386 127/127 387/387
f 129/129 387/387 127/127
f 387/387 129/129 388/388
f 317/317 316/316 389/389
f 317/317 389/389 390/390
f 317/317 391/391 318/318
f 391/391 317/317 390/390
f 163/163 392/392 161/161
f 392/392 163/163 393/393
f 165/165 393/393 163/163
f 393/393 165/165 394/394
f 338/338 337/337 395/395
f 338/338 395/395 396/396
f 338/338 397/397 339/339
f 397/397 338/338 396/396
f 199/199 398/398 197/197
f 398/398 199/199 399/399
f 201/201 399/399 199/199
f 399/399 201/201 400/400
f 358/358 401/401 359/359
f 401/401 358/358 402/402
f 359/359 403/403 360/360
f 403/403 359/359 401/401
f 235/235 404/404 233/233
f 404/404 235/235 405/405
f 237/237 405/405 235/235
f 405/405 237/237 406/406
f 407/407 408/408 374/374
f 375/375 374/374 408/408
f 409/409 410/410 377/377
f 376/376 377/377 410/410
f 411/411 379/379 380/380
f 379/379 411/411 412/412
f 413/413 382/382 381/381
f 382/382 413/413 414/414
f 387/387 415/415 386/386
f 386/386 415/415 416/416
f 388/388 417/417 387/387
f 387/387 417/417 415/415
f 418/418 392/392 393/393
f 392/392 418/418 419/419
f 394/394 418/418 393/393
f 418/418 394/394 420/420
f 399/399 421/421 398/398
f 421/421 399/399 422/422
f 400/400 422/422 399/399
f 422/422 400/400 423/423
f 405/405 424/424 404/404
f 424/424 405/405 425/425
f 406/406 425/425 405/405
f 425/425 406/406 426/426
f 384/384 383/383 427/427
f 384/384 427/427 428/428
f 384/384 429/429 385/385
f 429/429 384/384 428/428
f 389/389 430/430 390/390
f 430/430 389/389 431/431
f 390/390 432/432 391/391
f 432/432 390/390 430/430
f 395/395 433/433 396/396
f 433/433 395/395 434/434
f 396/396 435/435 397/397
f 435/435 396/396 433/433
f 436/436 402/402 437/437
f 402/402 436/436 401/401
f 438/438 403/403 436/436
f 436/436 403/403 401/401
f 439/439 440/440 441/441
f 442/442 441/441 440/440
f 443/443 444/444 445/445
f 444/444 443/443 446/446
f 447/447 448/448 449/449
f 448/448 447/447 450/450
f 451/451 452/452 453/453
f 452/452 451/451 454/454
f 455/455 456/456 457/457
f 457/457 456/456 458/458
f 459/459 455/455 460/460
f 455/455 459/459 456/456
f 461/461 462/462 463/463
f 462/462 461/461 464/464
f 465/465 464/464 461/461
f 464/464 465/465 466/466
f 467/467 468/468 469/469
f 468/468 467/467 470/470
f 471/471 469/469 472/472
f 469/469 471/471 467/467
f 473/473 474/474 475/475
f 474/474 473/473 476/476
f 477/477 475/475 478/478
f 475/475 477/477 473/473
f 479/479 480/480 481/481
f 481/481 480/480 482/482
f 481/481 482/482 483/483
f 483/483 482/482 484/484
f 485/485 486/486 487/487
f 487/487 486/486 488/488
f 487/487 488/488 489/489
f 488/488 490/490 489/489
f 491/491 492/492 493/493
f 493/493 492/492 494/494
f 493/493 494/494 495/495
f 495/495 494/494 496/496
f 497/497 498/498 499/499
f 499/499 498/498 500/500
f 499/499 500/500 501/501
f 500/500 502/502 501/501
f 428/428 427/427 503/503
f 428/428 503/503 504/504
f 429/429 428/428 504/504
f 429/429 504/504 505/505
f 431/431 506/506 430/430
f 506/506 431/431 507/507
f 430/430 508/508 432/432
f 508/508 430/430 506/506
f 434/434 509/509 433/433
f 509/509 434/434 510/510
f 433/433 511/511 435/435
f 511/511 433/433 509/509
f 437/437 512/512 436/436
f 512/512 437/437 513/513
f 436/436 512/512 438/438
f 512/512 514/514 438/438
f 441/441 442/442 407/407
f 408/408 407/407 442/442
f 445/445 444/444 409/409
f 409/409 444/444 410/410
f 449/449 412/412 411/411
f 412/412 449/449 448/448
f 414/414 453/453 452/452
f 453/453 414/414 413/413
f 415/415 457/457 416/416
f 457/457 415/415 455/455
f 455/455 417/417 460/460
f 417/417 455/455 415/415
f 418/418 463/463 419/419
f 463/463 418/418 461/461
f 420/420 465/465 418/418
f 418/418 465/465 461/461
f 422/422 469/469 421/421
f 421/421 469/469 468/468
f 423/423 472/472 422/422
f 422/422 472/472 469/469
f 424/424 425/425 475/475
f 424/424 475/475 474/474
f 426/426 478/478 425/425
f 425/425 478/478 475/475
f 515/515 256/256 253/253
f 256/256 515/515 516/516
f 517/517 515/515 518/518
f 515/515 517/517 516/516
f 519/519 517/517 518/518
f 517/517 519/519 520/520
f 521/521 520/520 519/519
f 520/520 521/521 522/522
f 3/3 4/4 521/521
f 521/521 4/4 522/522
f 243/243 523/523 524/524
f 523/523 243/243 242/242
f 525/525 524/524 523/523
f 525/525 523/523 526/526
f 525/525 527/527 528/528
f 527/527 525/525 526/526
f 528/528 2/2 1/1
f 2/2 528/528 527/527
f 529/529 530/530 271/271
f 271/271 530/530 274/274
f 531/531 532/532 529/529
f 529/529 532/532 530/530
f 533/533 532/532 531/531
f 532/532 533/533 534/534
f 535/535 534/534 533/533
f 534/534 535/535 536/536
f 7/7 8/8 535/535
f 535/535 8/8 536/536
f 537/537 285/285 286/286
f 537/537 286/286 538/538
f 539/539 537/537 538/538
f 539/539 538/538 540/540
f 541/541 539/539 540/540
f 541/541 540/540 542/542
f 541/541 6/6 5/5
f 6/6 541/541 542/542
f 543/543 544/544 479/479
f 479/479 544/544 480/480
f 545/545 544/544 543/543
f 544/544 545/545 546/546
f 547/547 546/546 545/545
f 546/546 547/547 548/548
f 549/549 548/548 547/547
f 548/548 549/549 550/550
f 11/11 550/550 549/549
f 550/550 11/11 10/10
f 306/306 551/551 552/552
f 551/551 306/306 305/305
f 552/552 553/553 554/554
f 553/553 552/552 551/551
f 554/554 555/555 556/556
f 555/555 554/554 553/553
f 556/556 12/12 9/9
f 12/12 556/556 555/555
f 557/557 558/558 491/491
f 491/491 558/558 492/492
f 559/559 560/560 557/557
f 557/557 560/560 558/558
f 561/561 562/562 559/559
f 559/559 562/562 560/560
f 563/563 564/564 561/561
f 561/561 564/564 562/562
f 20/20 563/563 18/18
f 563/563 20/20 564/564
f 348/348 565/565 566/566
f 565/565 348/348 347/347
f 566/566 567/567 568/568
f 567/567 566/566 565/565
f 569/569 568/568 567/567
f 569/569 567/567 570/570
f 19/19 569/569 570/570
f 19/19 570/570 17/17
f 37/37 571/571 36/36
f 571/571 37/37 572/572
f 572/572 573/573 571/571
f 573/573 572/572 574/574
f 574/574 575/575 573/573
f 575/575 574/574 576/576
f 576/576 577/577 575/575
f 577/577 576/576 578/578
f 578/578 249/249 577/577
f 249/249 578/578 247/247
f 44/44 579/579 46/46
f 46/46 579/579 580/580
f 579/579 581/581 580/580
f 581/581 579/579 582/582
f 582/582 583/583 581/581
f 583/583 582/582 584/584
f 584/584 250/250 583/583
f 250/250 584/584 248/248
f 39/39 585/585 37/37
f 572/572 37/37 585/585
f 585/585 574/574 572/572
f 574/574 585/585 586/586
f 586/586 576/576 574/574
f 576/576 586/586 587/587
f 587/587 578/578 576/576
f 578/578 587/587 588/588
f 588/588 247/247 578/578
f 247/247 588/588 251/251
f 580/580 49/49 46/46
f 49/49 580/580 589/589
f 580/580 590/590 589/589
f 590/590 580/580 581/581
f 581/581 591/591 590/590
f 591/591 581/581 583/583
f 583/583 252/252 591/591
f 252/252 583/583 250/250
f 592/592 53/53 593/593
f 53/53 592/592 54/54
f 594/594 592/592 593/593
f 592/592 594/594 595/595
f 596/596 595/595 594/594
f 595/595 596/596 597/597
f 598/598 597/597 596/596
f 597/597 598/598 599/599
f 261/261 599/599 598/598
f 599/599 261/261 260/260
f 26/26 600/600 27/27
f 601/601 27/27 600/600
f 600/600 602/602 601/601
f 603/603 601/601 602/602
f 602/602 604/604 603/603
f 605/605 603/603 604/604
f 604/604 262/262 605/605
f 259/259 605/605 262/262
f 56/56 593/593 53/53
f 593/593 56/56 606/606
f 606/606 594/594 593/593
f 594/594 606/606 607/607
f 607/607 596/596 594/594
f 596/596 607/607 608/608
f 608/608 598/598 596/596
f 598/598 608/608 609/609
f 609/609 261/261 598/598
f 261/261 609/609 263/263
f 27/27 610/610 32/32
f 610/610 27/27 601/601
f 601/601 603/603 610/610
f 611/611 610/610 603/603
f 603/603 612/612 611/611
f 612/612 603/603 605/605
f 605/605 264/264 612/612
f 264/264 605/605 259/259
f 64/64 613/613 63/63
f 613/613 64/64 614/614
f 614/614 615/615 613/613
f 616/616 613/613 615/615
f 615/615 617/617 616/616
f 618/618 616/616 617/617
f 617/617 619/619 618/618
f 620/620 618/618 619/619
f 619/619 265/265 620/620
f 267/267 620/620 265/265
f 621/621 73/73 71/71
f 73/73 621/621 622/622
f 623/623 622/622 621/621
f 622/622 623/623 624/624
f 625/625 624/624 623/623
f 624/624 625/625 626/626
f 268/268 626/626 625/625
f 626/626 268/268 266/266
f 66/66 614/614 64/64
f 614/614 66/66 627/627
f 627/627 628/628 614/614
f 615/615 614/614 628/628
f 628/628 629/629 615/615
f 617/617 615/615 629/629
f 629/629 630/630 617/617
f 619/619 617/617 630/630
f 630/630 269/269 619/619
f 265/265 619/619 269/269
f 73/73 631/631 76/76
f 631/631 73/73 622/622
f 624/624 631/631 622/622
f 631/631 624/624 632/632
f 626/626 632/632 624/624
f 632/632 626/626 633/633
f 266/266 633/633 626/626
f 633/633 266/266 270/270
f 634/634 80/80 635/635
f 80/80 634/634 81/81
f 635/635 636/636 634/634
f 636/636 635/635 637/637
f 638/638 636/636 637/637
f 636/636 638/638 639/639
f 638/638 640/640 639/639
f 640/640 638/638 641/641
f 277/277 640/640 641/641
f 640/640 277/277 279/279
f 89/89 642/642 90/90
f 643/643 90/90 642/642
f 642/642 644/644 643/643
f 645/645 643/643 644/644
f 644/644 646/646 645/645
f 646/646 644/644 647/647
f 647/647 280/280 646/646
f 280/280 647/647 278/278
f 84/84 635/635 80/80
f 635/635 84/84 648/648
f 648/648 637/637 635/635
f 637/637 648/648 649/649
f 649/649 638/638 637/637
f 638/638 649/649 650/650
f 650/650 641/641 638/638
f 641/641 650/650 651/651
f 651/651 277/277 641/641
f 277/277 651/651 281/281
f 643/643 94/94 90/90
f 94/94 643/643 652/652
f 643/643 653/653 652/652
f 653/653 643/643 645/645
f 646/646 653/653 645/645
f 653/653 646/646 654/654
f 280/280 654/654 646/646
f 654/654 280/280 282/282
f 100/100 655/655 99/99
f 655/655 100/100 656/656
f 656/656 657/657 655/655
f 658/658 655/655 657/657
f 657/657 659/659 658/658
f 659/659 657/657 660/660
f 660/660 661/661 659/659
f 661/661 660/660 662/662
f 662/662 291/291 661/661
f 291/291 662/662 289/289
f 663/663 109/109 107/107
f 109/109 663/663 664/664
f 663/663 665/665 664/664
f 665/665 663/663 666/666
f 666/666 667/667 665/665
f 667/667 666/666 668/668
f 668/668 290/290 667/667
f 290/290 668/668 292/292
f 102/102 669/669 100/100
f 656/656 100/100 669/669
f 669/669 670/670 656/656
f 657/657 656/656 670/670
f 670/670 660/660 657/657
f 660/660 670/670 671/671
f 671/671 662/662 660/660
f 662/662 671/671 672/672
f 672/672 289/289 662/662
f 289/289 672/672 293/293
f 664/664 112/112 109/109
f 112/112 664/664 673/673
f 664/664 674/674 673/673
f 674/674 664/664 665/665
f 665/665 675/675 674/674
f 675/675 665/665 667/667
f 667/667 294/294 675/675
f 294/294 667/667 290/290
f 116/116 676/676 117/117
f 676/676 116/116 677/677
f 677/677 678/678 676/676
f 678/678 677/677 679/679
f 679/679 680/680 678/678
f 680/680 679/679 681/681
f 681/681 373/373 680/680
f 373/373 681/681 682/682
f 682/682 300/300 373/373
f 300/300 682/682 298/298
f 125/125 683/683 126/126
f 684/684 126/126 683/683
f 683/683 685/685 684/684
f 685/685 683/683 686/686
f 686/686 687/687 685/685
f 687/687 686/686 688/688
f 688/688 299/299 687/687
f 301/301 687/687 299/299
f 677/677 120/120 689/689
f 120/120 677/677 116/116
f 689/689 679/679 677/677
f 679/679 689/689 690/690
f 690/690 681/681 679/679
f 681/681 690/690 691/691
f 691/691 682/682 681/681
f 682/682 691/691 692/692
f 692/692 298/298 682/682
f 298/298 692/692 302/302
f 126/126 693/693 131/131
f 693/693 126/126 684/684
f 684/684 694/694 693/693
f 694/694 684/684 685/685
f 685/685 695/695 694/694
f 695/695 685/685 687/687
f 687/687 301/301 695/695
f 303/303 695/695 301/301
f 172/172 696/696 171/171
f 696/696 172/172 697/697
f 697/697 698/698 696/696
f 699/699 696/696 698/698
f 698/698 700/700 699/699
f 701/701 699/699 700/700
f 700/700 702/702 701/701
f 703/703 701/701 702/702
f 702/702 331/331 703/703
f 333/333 703/703 331/331
f 704/704 181/181 179/179
f 181/181 704/704 705/705
f 706/706 705/705 704/704
f 705/705 706/706 707/707
f 708/708 707/707 706/706
f 707/707 708/708 709/709
f 334/334 709/709 708/708
f 709/709 334/334 332/332
f 174/174 697/697 172/172
f 697/697 174/174 710/710
f 710/710 711/711 697/697
f 698/698 697/697 711/711
f 711/711 712/712 698/698
f 700/700 698/698 712/712
f 712/712 713/713 700/700
f 702/702 700/700 713/713
f 713/713 335/335 702/702
f 331/331 702/702 335/335
f 705/705 184/184 181/181
f 184/184 705/705 714/714
f 707/707 714/714 705/705
f 714/714 707/707 715/715
f 709/709 715/715 707/707
f 715/715 709/709 716/716
f 332/332 716/716 709/709
f 716/716 332/332 336/336
f 188/188 717/717 189/189
f 717/717 188/188 718/718
f 718/718 719/719 717/717
f 719/719 718/718 720/720
f 721/721 719/719 720/720
f 719/719 721/721 722/722
f 723/723 722/722 721/721
f 722/722 723/723 378/378
f 340/340 378/378 723/723
f 378/378 340/340 342/342
f 197/197 724/724 198/198
f 725/725 198/198 724/724
f 724/724 726/726 725/725
f 727/727 725/725 726/726
f 726/726 728/728 727/727
f 728/728 726/726 729/729
f 729/729 341/341 728/728
f 343/343 728/728 341/341
f 730/730 188/188 192/192
f 188/188 730/730 718/718
f 730/730 720/720 718/718
f 720/720 730/730 731/731
f 732/732 720/720 731/731
f 720/720 732/732 721/721
f 733/733 721/721 732/732
f 721/721 733/733 723/723
f 344/344 723/723 733/733
f 723/723 344/344 340/340
f 198/198 725/725 203/203
f 734/734 203/203 725/725
f 725/725 735/735 734/734
f 735/735 725/725 727/727
f 727/727 736/736 735/735
f 736/736 727/727 728/728
f 728/728 345/345 736/736
f 345/345 728/728 343/343
f 683/683 125/125 737/737
f 125/125 386/386 737/737
f 686/686 737/737 738/738
f 737/737 686/686 683/683
f 688/688 686/686 739/739
f 686/686 738/738 739/739
f 299/299 739/739 740/740
f 739/739 299/299 688/688
f 300/300 740/740 374/374
f 740/740 300/300 299/299
f 741/741 117/117 676/676
f 117/117 741/741 295/295
f 676/676 742/742 741/741
f 742/742 676/676 678/678
f 678/678 743/743 742/742
f 743/743 678/678 680/680
f 680/680 375/375 743/743
f 375/375 680/680 373/373
f 724/724 197/197 744/744
f 197/197 398/398 744/744
f 726/726 724/724 745/745
f 724/724 744/744 745/745
f 729/729 745/745 746/746
f 745/745 729/729 726/726
f 341/341 729/729 747/747
f 729/729 746/746 747/747
f 342/342 747/747 380/380
f 747/747 342/342 341/341
f 189/189 748/748 337/337
f 748/748 189/189 717/717
f 717/717 749/749 748/748
f 749/749 717/717 719/719
f 722/722 749/749 719/719
f 749/749 722/722 750/750
f 378/378 750/750 722/722
f 750/750 378/378 379/379
f 416/416 751/751 386/386
f 737/737 386/386 751/751
f 751/751 738/738 737/737
f 738/738 751/751 752/752
f 752/752 739/739 738/738
f 739/739 752/752 753/753
f 753/753 740/740 739/739
f 740/740 753/753 754/754
f 754/754 407/407 740/740
f 374/374 740/740 407/407
f 295/295 755/755 383/383
f 755/755 295/295 741/741
f 741/741 756/756 755/755
f 756/756 741/741 742/742
f 743/743 756/756 742/742
f 756/756 743/743 757/757
f 375/375 757/757 743/743
f 757/757 375/375 408/408
f 421/421 758/758 398/398
f 744/744 398/398 758/758
f 758/758 745/745 744/744
f 745/745 758/758 759/759
f 759/759 760/760 745/745
f 746/746 745/745 760/760
f 760/760 761/761 746/746
f 747/747 746/746 761/761
f 761/761 380/380 747/747
f 380/380 761/761 411/411
f 337/337 762/762 395/395
f 762/762 337/337 748/748
f 748/748 763/763 762/762
f 763/763 748/748 749/749
f 750/750 763/763 749/749
f 763/763 750/750 764/764
f 379/379 764/764 750/750
f 764/764 379/379 412/412
f 458/458 765/765 457/457
f 766/766 457/457 765/765
f 765/765 767/767 766/766
f 768/768 766/766 767/767
f 767/767 769/769 768/768
f 770/770 768/768 769/769
f 769/769 771/771 770/770
f 771/771 769/769 772/772
f 772/772 439/439 771/771
f 441/441 771/771 439/439
f 427/427 773/773 503/503
f 773/773 427/427 774/774
f 774/774 775/775 773/773
f 775/775 774/774 776/776
f 776/776 777/777 775/775
f 777/777 776/776 778/778
f 442/442 777/777 778/778
f 777/777 442/442 440/440
f 470/470 779/779 468/468
f 780/780 468/468 779/779
f 779/779 781/781 780/780
f 782/782 780/780 781/781
f 781/781 783/783 782/782
f 784/784 782/782 783/783
f 783/783 785/785 784/784
f 786/786 784/784 785/785
f 785/785 447/447 786/786
f 449/449 786/786 447/447
f 434/434 787/787 510/510
f 787/787 434/434 788/788
f 788/788 789/789 787/787
f 789/789 788/788 790/790
f 790/790 791/791 789/789
f 791/791 790/790 792/792
f 792/792 450/450 791/791
f 450/450 792/792 448/448
f 457/457 751/751 416/416
f 751/751 457/457 766/766
f 766/766 768/768 751/751
f 752/752 751/751 768/768
f 768/768 770/770 752/752
f 753/753 752/752 770/770
f 770/770 754/754 753/753
f 754/754 770/770 771/771
f 771/771 441/441 754/754
f 407/407 754/754 441/441
f 383/383 774/774 427/427
f 774/774 383/383 755/755
f 756/756 774/774 755/755
f 774/774 756/756 776/776
f 756/756 778/778 776/776
f 778/778 756/756 757/757
f 757/757 442/442 778/778
f 442/442 757/757 408/408
f 468/468 758/758 421/421
f 758/758 468/468 780/780
f 780/780 759/759 758/758
f 759/759 780/780 782/782
f 782/782 760/760 759/759
f 760/760 782/782 784/784
f 784/784 761/761 760/760
f 761/761 784/784 786/786
f 786/786 449/449 761/761
f 411/411 761/761 449/449
f 762/762 434/434 395/395
f 434/434 762/762 788/788
f 762/762 790/790 788/788
f 790/790 762/762 763/763
f 763/763 792/792 790/790
f 792/792 763/763 764/764
f 764/764 448/448 792/792
f 448/448 764/764 412/412
f 772/772 9/9 439/439
f 439/439 9/9 11/11
f 10/10 12/12 661/661
f 10/10 661/661 291/291
f 446/446 443/443 13/13
f 443/443 14/14 13/13
f 16/16 313/313 15/15
f 313/313 16/16 312/312
f 785/785 19/19 447/447
f 447/447 19/19 18/18
f 20/20 17/17 703/703
f 20/20 703/703 333/333
f 454/454 22/22 21/21
f 22/22 454/454 451/451
f 23/23 354/354 355/355
f 354/354 23/23 24/24
f 456/456 304/304 458/458
f 458/458 304/304 306/306
f 307/307 97/97 305/305
f 97/97 99/99 305/305
f 459/459 304/304 456/456
f 304/304 459/459 308/308
f 309/309 103/103 307/307
f 103/103 97/97 307/307
f 464/464 327/327 462/462
f 327/327 464/464 325/325
f 328/328 133/133 326/326
f 326/326 133/133 135/135
f 329/329 464/464 466/466
f 464/464 329/329 325/325
f 330/330 133/133 328/328
f 133/133 330/330 139/139
f 467/467 348/348 470/470
f 348/348 467/467 346/346
f 349/349 169/169 347/347
f 347/347 169/169 171/171
f 471/471 346/346 467/467
f 346/346 471/471 350/350
f 351/351 175/175 349/349
f 175/175 169/169 349/349
f 473/473 369/369 476/476
f 369/369 473/473 367/367
f 370/370 205/205 368/368
f 205/205 207/207 368/368
f 477/477 367/367 473/473
f 367/367 477/477 371/371
f 372/372 211/211 370/370
f 211/211 205/205 370/370
f 480/480 106/106 482/482
f 106/106 480/480 107/107
f 503/503 479/479 504/504
f 504/504 479/479 481/481
f 482/482 106/106 484/484
f 484/484 106/106 111/111
f 504/504 483/483 505/505
f 483/483 504/504 481/481
f 486/486 142/142 488/488
f 142/142 486/486 143/143
f 507/507 485/485 506/506
f 506/506 485/485 487/487
f 488/488 147/147 490/490
f 147/147 488/488 142/142
f 506/506 487/487 508/508
f 508/508 487/487 489/489
f 492/492 178/178 494/494
f 178/178 492/492 179/179
f 491/491 509/509 510/510
f 509/509 491/491 493/493
f 494/494 183/183 496/496
f 183/183 494/494 178/178
f 509/509 495/495 511/511
f 495/495 509/509 493/493
f 498/498 214/214 500/500
f 214/214 498/498 215/215
f 513/513 499/499 512/512
f 499/499 513/513 497/497
f 500/500 219/219 502/502
f 219/219 500/500 214/214
f 512/512 501/501 514/514
f 501/501 512/512 499/499
f 773/773 543/543 503/503
f 503/503 543/543 479/479
f 544/544 107/107 480/480
f 107/107 544/544 663/663
f 775/775 545/545 773/773
f 773/773 545/545 543/543
f 544/544 546/546 666/666
f 544/544 666/666 663/663
f 777/777 545/545 775/775
f 545/545 777/777 547/547
f 546/546 548/548 668/668
f 546/546 668/668 666/666
f 440/440 547/547 777/777
f 547/547 440/440 549/549
f 548/548 550/550 292/292
f 548/548 292/292 668/668
f 439/439 11/11 440/440
f 440/440 11/11 549/549
f 10/10 292/292 550/550
f 292/292 10/10 291/291
f 551/551 305/305 99/99
f 551/551 99/99 655/655
f 306/306 765/765 458/458
f 765/765 306/306 552/552
f 551/551 658/658 553/553
f 658/658 551/551 655/655
f 765/765 554/554 767/767
f 554/554 765/765 552/552
f 555/555 553/553 658/658
f 555/555 658/658 659/659
f 767/767 556/556 769/769
f 556/556 767/767 554/554
f 555/555 661/661 12/12
f 661/661 555/555 659/659
f 769/769 556/556 772/772
f 772/772 556/556 9/9
f 787/787 491/491 510/510
f 491/491 787/787 557/557
f 558/558 179/179 492/492
f 179/179 558/558 704/704
f 789/789 559/559 787/787
f 787/787 559/559 557/557
f 558/558 560/560 706/706
f 558/558 706/706 704/704
f 791/791 559/559 789/789
f 559/559 791/791 561/561
f 562/562 706/706 560/560
f 706/706 562/562 708/708
f 450/450 561/561 791/791
f 561/561 450/450 563/563
f 562/562 564/564 334/334
f 562/562 334/334 708/708
f 447/447 563/563 450/450
f 563/563 447/447 18/18
f 20/20 334/334 564/564
f 334/334 20/20 333/333
f 565/565 347/347 171/171
f 565/565 171/171 696/696
f 470/470 566/566 779/779
f 566/566 470/470 348/348
f 567/567 565/565 696/696
f 567/567 696/696 699/699
f 779/779 568/568 781/781
f 568/568 779/779 566/566
f 567/567 701/701 570/570
f 701/701 567/567 699/699
f 781/781 568/568 783/783
f 783/783 568/568 569/569
f 570/570 703/703 17/17
f 703/703 570/570 701/701
f 783/783 569/569 785/785
f 785/785 569/569 19/19
f 262/262 793/793 260/260
f 793/793 262/262 794/794
f 794/794 795/795 793/793
f 795/795 794/794 796/796
f 796/796 797/797 795/795
f 797/797 796/796 798/798
f 798/798 1/1 797/797
f 797/797 1/1 3/3
f 799/799 800/800 577/577
f 799/799 577/577 249/249
f 801/801 802/802 800/800
f 801/801 800/800 799/799
f 803/803 804/804 802/802
f 803/803 802/802 801/801
f 4/4 2/2 804/804
f 4/4 804/804 803/803
f 278/278 805/805 279/279
f 279/279 805/805 806/806
f 805/805 807/807 806/806
f 806/806 807/807 808/808
f 809/809 808/808 807/807
f 808/808 809/809 810/810
f 809/809 5/5 810/810
f 810/810 5/5 7/7
f 811/811 267/267 812/812
f 267/267 811/811 620/620
f 813/813 812/812 814/814
f 812/812 813/813 811/811
f 815/815 814/814 816/816
f 814/814 815/815 813/813
f 8/8 6/6 815/815
f 8/8 815/815 816/816
f 817/817 327/327 818/818
f 327/327 326/326 818/818
f 819/819 818/818 820/820
f 818/818 819/819 817/817
f 821/821 820/820 822/822
f 820/820 821/821 819/819
f 14/14 821/821 16/16
f 821/821 822/822 16/16
f 485/485 823/823 486/486
f 823/823 485/485 824/824
f 825/825 823/823 824/824
f 823/823 825/825 826/826
f 827/827 826/826 825/825
f 826/826 827/827 828/828
f 13/13 828/828 827/827
f 828/828 13/13 15/15
f 829/829 368/368 830/830
f 368/368 829/829 369/369
f 831/831 829/829 832/832
f 829/829 830/830 832/832
f 833/833 831/831 834/834
f 831/831 832/832 834/834
f 22/22 833/833 24/24
f 833/833 834/834 24/24
f 497/497 835/835 498/498
f 835/835 497/497 836/836
f 836/836 837/837 835/835
f 837/837 836/836 838/838
f 838/838 839/839 837/837
f 839/839 838/838 840/840
f 21/21 839/839 840/840
f 839/839 21/21 23/23
f 28/28 841/841 26/26
f 841/841 28/28 842/842
f 843/843 841/841 842/842
f 841/841 843/843 844/844
f 843/843 845/845 844/844
f 844/844 845/845 846/846
f 845/845 243/243 846/846
f 243/243 845/845 241/241
f 847/847 34/34 848/848
f 34/34 36/36 848/848
f 849/849 847/847 850/850
f 850/850 847/847 848/848
f 851/851 850/850 852/852
f 850/850 851/851 849/849
f 244/244 852/852 242/242
f 852/852 244/244 851/851
f 30/30 842/842 28/28
f 842/842 30/30 853/853
f 853/853 854/854 842/842
f 842/842 854/854 843/843
f 854/854 855/855 843/843
f 843/843 855/855 845/845
f 855/855 241/241 845/845
f 241/241 855/855 245/245
f 856/856 40/40 847/847
f 847/847 40/40 34/34
f 857/857 847/847 849/849
f 847/847 857/857 856/856
f 858/858 857/857 851/851
f 851/851 857/857 849/849
f 246/246 851/851 244/244
f 851/851 246/246 858/858
f 859/859 43/43 860/860
f 43/43 859/859 44/44
f 861/861 859/859 862/862
f 862/862 859/859 860/860
f 863/863 862/862 864/864
f 862/862 863/863 861/861
f 256/256 864/864 254/254
f 864/864 256/256 863/863
f 54/54 865/865 55/55
f 55/55 865/865 866/866
f 865/865 867/867 866/866
f 867/867 865/865 868/868
f 868/868 869/869 867/867
f 869/869 868/868 870/870
f 870/870 255/255 869/869
f 255/255 870/870 253/253
f 47/47 860/860 43/43
f 860/860 47/47 871/871
f 862/862 860/860 872/872
f 860/860 871/871 872/872
f 872/872 864/864 862/862
f 864/864 872/872 873/873
f 258/258 864/864 873/873
f 864/864 258/258 254/254
f 55/55 866/866 59/59
f 59/59 866/866 874/874
f 866/866 875/875 874/874
f 875/875 866/866 867/867
f 867/867 876/876 875/875
f 876/876 867/867 869/869
f 869/869 255/255 876/876
f 257/257 876/876 255/255
f 877/877 70/70 878/878
f 70/70 877/877 71/71
f 879/879 878/878 880/880
f 878/878 879/879 877/877
f 881/881 880/880 882/882
f 880/880 881/881 879/879
f 274/274 882/882 272/272
f 882/882 274/274 881/881
f 81/81 883/883 82/82
f 82/82 883/883 884/884
f 885/885 884/884 883/883
f 884/884 885/885 886/886
f 885/885 887/887 886/886
f 886/886 887/887 888/888
f 887/887 273/273 888/888
f 273/273 887/887 271/271
f 878/878 74/74 889/889
f 74/74 878/878 70/70
f 880/880 889/889 890/890
f 889/889 880/880 878/878
f 882/882 890/890 891/891
f 890/890 882/882 880/880
f 272/272 891/891 275/275
f 891/891 272/272 882/882
f 82/82 884/884 86/86
f 86/86 884/884 892/892
f 886/886 892/892 884/884
f 892/892 886/886 893/893
f 886/886 888/888 893/893
f 893/893 888/888 894/894
f 888/888 276/276 894/894
f 276/276 888/888 273/273
f 91/91 895/895 89/89
f 895/895 91/91 896/896
f 896/896 897/897 895/895
f 895/895 897/897 898/898
f 897/897 899/899 898/898
f 898/898 899/899 900/900
f 283/283 900/900 899/899
f 900/900 283/283 285/285
f 901/901 61/61 902/902
f 61/61 63/63 902/902
f 903/903 902/902 904/904
f 902/902 903/903 901/901
f 905/905 903/903 906/906
f 906/906 903/903 904/904
f 284/284 905/905 286/286
f 286/286 905/905 906/906
f 93/93 896/896 91/91
f 896/896 93/93 907/907
f 907/907 908/908 896/896
f 896/896 908/908 897/897
f 908/908 909/909 897/897
f 897/897 909/909 899/899
f 909/909 287/287 899/899
f 899/899 287/287 283/283
f 910/910 67/67 901/901
f 901/901 67/67 61/61
f 911/911 901/901 903/903
f 901/901 911/911 910/910
f 912/912 911/911 905/905
f 905/905 911/911 903/903
f 288/288 912/912 284/284
f 284/284 912/912 905/905
f 136/136 913/913 135/135
f 913/913 136/136 914/914
f 914/914 915/915 913/913
f 916/916 913/913 915/915
f 915/915 917/917 916/916
f 918/918 916/916 917/917
f 917/917 310/310 918/918
f 312/312 918/918 310/310
f 919/919 145/145 143/143
f 145/145 919/919 920/920
f 919/919 921/921 920/920
f 921/921 919/919 922/922
f 922/922 923/923 921/921
f 923/923 922/922 924/924
f 313/313 923/923 924/924
f 923/923 313/313 311/311
f 138/138 914/914 136/136
f 914/914 138/138 925/925
f 925/925 926/926 914/914
f 915/915 914/914 926/926
f 926/926 927/927 915/915
f 917/917 915/915 927/927
f 927/927 314/314 917/917
f 310/310 917/917 314/314
f 920/920 148/148 145/145
f 148/148 920/920 928/928
f 920/920 929/929 928/928
f 929/929 920/920 921/921
f 921/921 930/930 929/929
f 930/930 921/921 923/923
f 311/311 930/930 923/923
f 930/930 311/311 315/315
f 152/152 931/931 153/153
f 931/931 152/152 932/932
f 933/933 931/931 932/932
f 931/931 933/933 934/934
f 933/933 935/935 934/934
f 935/935 933/933 936/936
f 936/936 320/320 935/935
f 320/320 936/936 321/321
f 161/161 937/937 162/162
f 938/938 162/162 937/937
f 937/937 939/939 938/938
f 940/940 938/938 939/939
f 939/939 941/941 940/940
f 942/942 940/940 941/941
f 941/941 319/319 942/942
f 319/319 941/941 322/322
f 943/943 152/152 156/156
f 152/152 943/943 932/932
f 944/944 932/932 943/943
f 932/932 944/944 933/933
f 944/944 936/936 933/933
f 936/936 944/944 945/945
f 945/945 321/321 936/936
f 321/321 945/945 324/324
f 162/162 938/938 167/167
f 946/946 167/167 938/938
f 938/938 940/940 946/946
f 947/947 946/946 940/940
f 948/948 947/947 942/942
f 942/942 947/947 940/940
f 942/942 319/319 948/948
f 323/323 948/948 319/319
f 208/208 949/949 207/207
f 949/949 208/208 950/950
f 950/950 951/951 949/949
f 951/951 950/950 952/952
f 952/952 953/953 951/951
f 954/954 951/951 953/953
f 953/953 352/352 954/954
f 354/354 954/954 352/352
f 955/955 217/217 215/215
f 217/217 955/955 956/956
f 955/955 957/957 956/956
f 957/957 955/955 958/958
f 958/958 959/959 957/957
f 959/959 958/958 960/960
f 960/960 353/353 959/959
f 353/353 960/960 355/355
f 950/950 210/210 961/961
f 210/210 950/950 208/208
f 952/952 950/950 962/962
f 962/962 950/950 961/961
f 962/962 963/963 952/952
f 953/953 952/952 963/963
f 963/963 352/352 953/953
f 352/352 963/963 356/356
f 217/217 964/964 220/220
f 964/964 217/217 956/956
f 956/956 965/965 964/964
f 965/965 956/956 957/957
f 957/957 959/959 965/965
f 965/965 959/959 966/966
f 959/959 357/357 966/966
f 357/357 959/959 353/353
f 224/224 967/967 225/225
f 967/967 224/224 968/968
f 968/968 969/969 967/967
f 969/969 968/968 970/970
f 971/971 969/969 970/970
f 969/969 971/971 972/972
f 361/361 972/972 971/971
f 972/972 361/361 363/363
f 233/233 973/973 234/234
f 974/974 234/234 973/973
f 973/973 975/975 974/974
f 975/975 973/973 976/976
f 976/976 977/977 975/975
f 977/977 976/976 978/978
f 978/978 364/364 977/977
f 364/364 978/978 362/362
f 228/228 968/968 224/224
f 968/968 228/228 979/979
f 980/980 968/968 979/979
f 968/968 980/980 970/970
f 980/980 971/971 970/970
f 971/971 980/980 981/981
f 981/981 361/361 971/971
f 361/361 981/981 365/365
f 234/234 974/974 239/239
f 982/982 239/239 974/974
f 974/974 983/983 982/982
f 983/983 974/974 975/975
f 975/975 984/984 983/983
f 984/984 975/975 977/977
f 977/977 366/366 984/984
f 366/366 977/977 364/364
f 937/937 161/161 985/985
f 161/161 392/392 985/985
f 939/939 937/937 986/986
f 937/937 985/985 986/986
f 941/941 939/939 987/987
f 939/939 986/986 987/987
f 322/322 941/941 377/377
f 941/941 987/987 377/377
f 988/988 153/153 931/931
f 153/153 988/988 316/316
f 934/934 988/988 931/931
f 988/988 934/934 989/989
f 934/934 990/990 989/989
f 990/990 934/934 935/935
f 935/935 376/376 990/990
f 376/376 935/935 320/320
f 973/973 233/233 991/991
f 233/233 404/404 991/991
f 976/976 991/991 992/992
f 991/991 976/976 973/973
f 978/978 992/992 993/993
f 992/992 978/978 976/976
f 362/362 993/993 381/381
f 993/993 362/362 978/978
f 225/225 994/994 358/358
f 994/994 225/225 967/967
f 967/967 995/995 994/994
f 995/995 967/967 969/969
f 969/969 996/996 995/995
f 996/996 969/969 972/972
f 363/363 996/996 972/972
f 996/996 363/363 382/382
f 419/419 985/985 392/392
f 985/985 419/419 997/997
f 997/997 986/986 985/985
f 986/986 997/997 998/998
f 998/998 999/999 986/986
f 987/987 986/986 999/999
f 999/999 409/409 987/987
f 377/377 987/987 409/409
f 316/316 1000/1000 389/389
f 1000/1000 316/316 988/988
f 988/988 1001/1001 1000/1000
f 1001/1001 988/988 989/989
f 989/989 1002/1002 1001/1001
f 1002/1002 989/989 990/990
f 376/376 1002/1002 990/990
f 1002/1002 376/376 410/410
f 424/424 1003/1003 404/404
f 991/991 404/404 1003/1003
f 1003/1003 992/992 991/991
f 992/992 1003/1003 1004/1004
f 1004/1004 993/993 992/992
f 993/993 1004/1004 1005/1005
f 1005/1005 381/381 993/993
f 381/381 1005/1005 413/413
f 994/994 402/402 358/358
f 402/402 994/994 1006/1006
f 994/994 1007/1007 1006/1006
f 1007/1007 994/994 995/995
f 995/995 1008/1008 1007/1007
f 1008/1008 995/995 996/996
f 996/996 414/414 1008/1008
f 414/414 996/996 382/382
f 462/462 1009/1009 463/463
f 1009/1009 462/462 1010/1010
f 1010/1010 1011/1011 1009/1009
f 1011/1011 1010/1010 1012/1012
f 1012/1012 1013/1013 1011/1011
f 1013/1013 1012/1012 1014/1014
f 1014/1014 445/445 1013/1013
f 445/445 1014/1014 443/443
f 1015/1015 507/507 431/431
f 507/507 1015/1015 1016/1016
f 1015/1015 1017/1017 1016/1016
f 1017/1017 1015/1015 1018/1018
f 1018/1018 1019/1019 1017/1017
f 1019/1019 1018/1018 1020/1020
f 1020/1020 446/446 1019/1019
f 446/446 1020/1020 444/444
f 476/476 1021/1021 474/474
f 1022/1022 474/474 1021/1021
f 1021/1021 1023/1023 1022/1022
f 1023/1023 1021/1021 1024/1024
f 1024/1024 1025/1025 1023/1023
f 1025/1025 1024/1024 1026/1026
f 1026/1026 451/451 1025/1025
f 453/453 1025/1025 451/451
f 437/437 1027/1027 513/513
f 1027/1027 437/437 1028/1028
f 1029/1029 1027/1027 1028/1028
f 1027/1027 1029/1029 1030/1030
f 1029/1029 1031/1031 1030/1030
f 1031/1031 1029/1029 1032/1032
f 452/452 1031/1031 1032/1032
f 1031/1031 452/452 454/454
f 463/463 997/997 419/419
f 997/997 463/463 1009/1009
f 1009/1009 998/998 997/997
f 998/998 1009/1009 1011/1011
f 1011/1011 999/999 998/998
f 999/999 1011/1011 1013/1013
f 1013/1013 409/409 999/999
f 409/409 1013/1013 445/445
f 1000/1000 431/431 389/389
f 431/431 1000/1000 1015/1015
f 1018/1018 1000/1000 1001/1001
f 1000/1000 1018/1018 1015/1015
f 1020/1020 1001/1001 1002/1002
f 1001/1001 1020/1020 1018/1018
f 444/444 1002/1002 410/410
f 1002/1002 444/444 1020/1020
f 1003/1003 474/474 1022/1022
f 474/474 1003/1003 424/424
f 1004/1004 1003/1003 1023/1023
f 1023/1023 1003/1003 1022/1022
f 1005/1005 1023/1023 1025/1025
f 1023/1023 1005/1005 1004/1004
f 413/413 1005/1005 453/453
f 453/453 1005/1005 1025/1025
f 402/402 1006/1006 437/437
f 437/437 1006/1006 1028/1028
f 1006/1006 1029/1029 1028/1028
f 1029/1029 1006/1006 1007/1007
f 1007/1007 1008/1008 1029/1029
f 1029/1029 1008/1008 1032/1032
f 1008/1008 452/452 1032/1032
f 452/452 1008/1008 414/414
f 592/592 865/865 54/54
f 865/865 592/592 1033/1033
f 1033/1033 868/868 865/865
f 868/868 1033/1033 1034/1034
f 1034/1034 1035/1035 868/868
f 868/868 1035/1035 870/870
f 1035/1035 515/515 870/870
f 870/870 515/515 253/253
f 1036/1036 44/44 859/859
f 44/44 1036/1036 579/579
f 861/861 1037/1037 1036/1036
f 861/861 1036/1036 859/859
f 1038/1038 861/861 863/863
f 861/861 1038/1038 1037/1037
f 256/256 516/516 1038/1038
f 256/256 1038/1038 863/863
f 595/595 1033/1033 592/592
f 1033/1033 595/595 1039/1039
f 1039/1039 1040/1040 1033/1033
f 1033/1033 1040/1040 1034/1034
f 1040/1040 1041/1041 1034/1034
f 1034/1034 1041/1041 1035/1035
f 1041/1041 518/518 1035/1035
f 1035/1035 518/518 515/515
f 1036/1036 1042/1042 582/582
f 1036/1036 582/582 579/579
f 1037/1037 1043/1043 1042/1042
f 1037/1037 1042/1042 1036/1036
f 1038/1038 1044/1044 1043/1043
f 1038/1038 1043/1043 1037/1037
f 516/516 517/517 1044/1044
f 516/516 1044/1044 1038/1038
f 597/597 1039/1039 595/595
f 1039/1039 597/597 1045/1045
f 1046/1046 1039/1039 1045/1045
f 1039/1039 1046/1046 1040/1040
f 1047/1047 1040/1040 1046/1046
f 1040/1040 1047/1047 1041/1041
f 519/519 1041/1041 1047/1047
f 1041/1041 519/519 518/518
f 1042/1042 1048/1048 584/584
f 1042/1042 584/584 582/582
f 1043/1043 1049/1049 1048/1048
f 1043/1043 1048/1048 1042/1042
f 1044/1044 1050/1050 1049/1049
f 1044/1044 1049/1049 1043/1043
f 517/517 520/520 1050/1050
f 517/517 1050/1050 1044/1044
f 599/599 1045/1045 597/597
f 1045/1045 599/599 1051/1051
f 1051/1051 1052/1052 1045/1045
f 1045/1045 1052/1052 1046/1046
f 1053/1053 1046/1046 1052/1052
f 1046/1046 1053/1053 1047/1047
f 521/521 1047/1047 1053/1053
f 1047/1047 521/521 519/519
f 1048/1048 1054/1054 248/248
f 1048/1048 248/248 584/584
f 1049/1049 1055/1055 1054/1054
f 1049/1049 1054/1054 1048/1048
f 1050/1050 1056/1056 1055/1055
f 1050/1050 1055/1055 1049/1049
f 520/520 522/522 1056/1056
f 520/520 1056/1056 1050/1050
f 260/260 1051/1051 599/599
f 1051/1051 260/260 793/793
f 793/793 1052/1052 1051/1051
f 1052/1052 793/793 795/795
f 795/795 797/797 1052/1052
f 1052/1052 797/797 1053/1053
f 797/797 3/3 1053/1053
f 1053/1053 3/3 521/521
f 1054/1054 799/799 249/249
f 1054/1054 249/249 248/248
f 1055/1055 801/801 799/799
f 1055/1055 799/799 1054/1054
f 1056/1056 803/803 801/801
f 1056/1056 801/801 1055/1055
f 522/522 4/4 803/803
f 522/522 803/803 1056/1056
f 1057/1057 848/848 36/36
f 1057/1057 36/36 571/571
f 850/850 1057/1057 1058/1058
f 1057/1057 850/850 848/848
f 852/852 1058/1058 1059/1059
f 1058/1058 852/852 850/850
f 242/242 1059/1059 523/523
f 1059/1059 242/242 852/852
f 26/26 1060/1060 600/600
f 1060/1060 26/26 841/841
f 844/844 1060/1060 841/841
f 1060/1060 844/844 1061/1061
f 846/846 1061/1061 844/844
f 1061/1061 846/846 1062/1062
f 846/846 243/243 1062/1062
f 1062/1062 243/243 524/524
f 1063/1063 1057/1057 571/571
f 1063/1063 571/571 573/573
f 1064/1064 1058/1058 1057/1057
f 1064/1064 1057/1057 1063/1063
f 1065/1065 1059/1059 1058/1058
f 1065/1065 1058/1058 1064/1064
f 526/526 523/523 1059/1059
f 526/526 1059/1059 1065/1065
f 600/600 1066/1066 602/602
f 1066/1066 600/600 1060/1060
f 1060/1060 1061/1061 1066/1066
f 1066/1066 1061/1061 1067/1067
f 1061/1061 1062/1062 1067/1067
f 1067/1067 1062/1062 1068/1068
f 524/524 1068/1068 1062/1062
f 1068/1068 524/524 525/525
f 1069/1069 1063/1063 573/573
f 1069/1069 573/573 575/575
f 1064/1064 1069/1069 1070/1070
f 1069/1069 1064/1064 1063/1063
f 1071/1071 1065/1065 1064/1064
f 1071/1071 1064/1064 1070/1070
f 527/527 526/526 1065/1065
f 527/527 1065/1065 1071/1071
f 602/602 1072/1072 604/604
f 1072/1072 602/602 1066/1066
f 1066/1066 1067/1067 1072/1072
f 1072/1072 1067/1067 1073/1073
f 1067/1067 1068/1068 1073/1073
f 1073/1073 1068/1068 1074/1074
f 525/525 1074/1074 1068/1068
f 1074/1074 525/525 528/528
f 800/800 1069/1069 575/575
f 800/800 575/575 577/577
f 1070/1070 800/800 802/802
f 800/800 1070/1070 1069/1069
f 804/804 1071/1071 1070/1070
f 804/804 1070/1070 802/802
f 2/2 527/527 1071/1071
f 2/2 1071/1071 804/804
f 604/604 794/794 262/262
f 794/794 604/604 1072/1072
f 1073/1073 794/794 1072/1072
f 794/794 1073/1073 796/796
f 1074/1074 796/796 1073/1073
f 796/796 1074/1074 798/798
f 528/528 798/798 1074/1074
f 798/798 528/528 1/1
f 634/634 1075/1075 81/81
f 81/81 1075/1075 883/883
f 1075/1075 885/885 883/883
f 885/885 1075/1075 1076/1076
f 1076/1076 887/887 885/885
f 887/887 1076/1076 1077/1077
f 1077/1077 529/529 887/887
f 887/887 529/529 271/271
f 1078/1078 71/71 877/877
f 71/71 1078/1078 621/621
f 1079/1079 877/877 879/879
f 877/877 1079/1079 1078/1078
f 1080/1080 879/879 881/881
f 879/879 1080/1080 1079/1079
f 530/530 881/881 274/274
f 881/881 530/530 1080/1080
f 636/636 1081/1081 634/634
f 634/634 1081/1081 1075/1075
f 1082/1082 1075/1075 1081/1081
f 1075/1075 1082/1082 1076/1076
f 1082/1082 1083/1083 1076/1076
f 1076/1076 1083/1083 1077/1077
f 1083/1083 531/531 1077/1077
f 1077/1077 531/531 529/529
f 1084/1084 621/621 1078/1078
f 621/621 1084/1084 623/623
f 1079/1079 1085/1085 1084/1084
f 1079/1079 1084/1084 1078/1078
f 1086/1086 1079/1079 1080/1080
f 1079/1079 1086/1086 1085/1085
f 530/530 532/532 1086/1086
f 530/530 1086/1086 1080/1080
f 639/639 1081/1081 636/636
f 1081/1081 639/639 1087/1087
f 1088/1088 1081/1081 1087/1087
f 1081/1081 1088/1088 1082/1082
f 1089/1089 1082/1082 1088/1088
f 1082/1082 1089/1089 1083/1083
f 533/533 1083/1083 1089/1089
f 1083/1083 533/533 531/531
f 1090/1090 623/623 1084/1084
f 623/623 1090/1090 625/625
f 1085/1085 1091/1091 1090/1090
f 1085/1085 1090/1090 1084/1084
f 1092/1092 1085/1085 1086/1086
f 1085/1085 1092/1092 1091/1091
f 532/532 534/534 1092/1092
f 532/532 1092/1092 1086/1086
f 640/640 1093/1093 639/639
f 639/639 1093/1093 1087/1087
f 1093/1093 1088/1088 1087/1087
f 1088/1088 1093/1093 1094/1094
f 1094/1094 1095/1095 1088/1088
f 1088/1088 1095/1095 1089/1089
f 535/535 1089/1089 1095/1095
f 1089/1089 535/535 533/533
f 1096/1096 625/625 1090/1090
f 625/625 1096/1096 268/268
f 1091/1091 1097/1097 1096/1096
f 1091/1091 1096/1096 1090/1090
f 1092/1092 1098/1098 1097/1097
f 1092/1092 1097/1097 1091/1091
f 534/534 536/536 1098/1098
f 534/534 1098/1098 1092/1092
f 279/279 1093/1093 640/640
f 1093/1093 279/279 806/806
f 806/806 1094/1094 1093/1093
f 1094/1094 806/806 808/808
f 808/808 810/810 1094/1094
f 1094/1094 810/810 1095/1095
f 810/810 7/7 1095/1095
f 1095/1095 7/7 535/535
f 812/812 268/268 1096/1096
f 268/268 812/812 267/267
f 1097/1097 814/814 812/812
f 1097/1097 812/812 1096/1096
f 1098/1098 816/816 814/814
f 1098/1098 814/814 1097/1097
f 536/536 8/8 816/816
f 536/536 816/816 1098/1098
f 1099/1099 902/902 63/63
f 1099/1099 63/63 613/613
f 904/904 1099/1099 1100/1100
f 1099/1099 904/904 902/902
f 1101/1101 906/906 904/904
f 1101/1101 904/904 1100/1100
f 538/538 286/286 906/906
f 538/538 906/906 1101/1101
f 89/89 1102/1102 642/642
f 1102/1102 89/89 895/895
f 895/895 898/898 1102/1102
f 1102/1102 898/898 1103/1103
f 898/898 900/900 1103/1103
f 1103/1103 900/900 1104/1104
f 900/900 537/537 1104/1104
f 537/537 900/900 285/285
f 1099/1099 616/616 1105/1105
f 616/616 1099/1099 613/613
f 1106/1106 1100/1100 1099/1099
f 1106/1106 1099/1099 1105/1105
f 1107/1107 1101/1101 1100/1100
f 1107/1107 1100/1100 1106/1106
f 538/538 1107/1107 540/540
f 1107/1107 538/538 1101/1101
f 642/642 1102/1102 644/644
f 644/644 1102/1102 1108/1108
f 1102/1102 1103/1103 1108/1108
f 1108/1108 1103/1103 1109/1109
f 1103/1103 1104/1104 1109/1109
f 1109/1109 1104/1104 1110/1110
f 1104/1104 539/539 1110/1110
f 539/539 1104/1104 537/537
f 1105/1105 618/618 1111/1111
f 618/618 1105/1105 616/616
f 1112/1112 1106/1106 1105/1105
f 1112/1112 1105/1105 1111/1111
f 1113/1113 1107/1107 1106/1106
f 1113/1113 1106/1106 1112/1112
f 540/540 1113/1113 542/542
f 1113/1113 540/540 1107/1107
f 644/644 1108/1108 647/647
f 647/647 1108/1108 1114/1114
f 1108/1108 1109/1109 1114/1114
f 1114/1114 1109/1109 1115/1115
f 1109/1109 1116/1116 1115/1115
f 1116/1116 1109/1109 1110/1110
f 1110/1110 539/539 1116/1116
f 1116/1116 539/539 541/541
f 1111/1111 620/620 811/811
f 620/620 1111/1111 618/618
f 813/813 1112/1112 1111/1111
f 813/813 1111/1111 811/811
f 1113/1113 813/813 815/815
f 813/813 1113/1113 1112/1112
f 6/6 542/542 1113/1113
f 6/6 1113/1113 815/815
f 647/647 1114/1114 278/278
f 278/278 1114/1114 805/805
f 1114/1114 1115/1115 805/805
f 805/805 1115/1115 807/807
f 1115/1115 809/809 807/807
f 809/809 1115/1115 1116/1116
f 541/541 809/809 1116/1116
f 809/809 541/541 5/5
f 1010/1010 327/327 817/817
f 327/327 1010/1010 462/462
f 1012/1012 1010/1010 819/819
f 1010/1010 817/817 819/819
f 1014/1014 819/819 821/821
f 819/819 1014/1014 1012/1012
f 443/443 821/821 14/14
f 821/821 443/443 1014/1014
f 507/507 824/824 485/485
f 824/824 507/507 1016/1016
f 1016/1016 825/825 824/824
f 825/825 1016/1016 1017/1017
f 1019/1019 825/825 1017/1017
f 825/825 1019/1019 827/827
f 446/446 827/827 1019/1019
f 827/827 446/446 13/13
f 823/823 143/143 486/486
f 143/143 823/823 919/919
f 823/823 922/922 919/919
f 922/922 823/823 826/826
f 826/826 924/924 922/922
f 924/924 826/826 828/828
f 15/15 924/924 828/828
f 924/924 15/15 313/313
f 818/818 135/135 913/913
f 135/135 818/818 326/326
f 820/820 818/818 916/916
f 818/818 913/913 916/916
f 822/822 820/820 918/918
f 820/820 916/916 918/918
f 16/16 822/822 312/312
f 822/822 918/918 312/312
f 1021/1021 476/476 829/829
f 476/476 369/369 829/829
f 1024/1024 829/829 831/831
f 829/829 1024/1024 1021/1021
f 1026/1026 1024/1024 833/833
f 1024/1024 831/831 833/833
f 451/451 1026/1026 22/22
f 1026/1026 833/833 22/22
f 513/513 836/836 497/497
f 836/836 513/513 1027/1027
f 1030/1030 836/836 1027/1027
f 836/836 1030/1030 838/838
f 1030/1030 840/840 838/838
f 840/840 1030/1030 1031/1031
f 454/454 840/840 1031/1031
f 840/840 454/454 21/21
f 835/835 215/215 498/498
f 215/215 835/835 955/955
f 835/835 958/958 955/955
f 958/958 835/835 837/837
f 839/839 958/958 837/837
f 958/958 839/839 960/960
f 23/23 960/960 839/839
f 960/960 23/23 355/355
f 830/830 207/207 949/949
f 207/207 830/830 368/368
f 832/832 830/830 951/951
f 830/830 949/949 951/951
f 834/834 832/832 954/954
f 832/832 951/951 954/954
f 24/24 954/954 354/354
f 954/954 24/24 834/834
f 1117/1117 1118/1118 1119/1119
f 1118/1118 1117/1117 1120/1120
f 1118/1118 1120/1120 1121/1121
f 1121/1121 1122/1122 1118/1118
f 1122/1122 1123/1123 1118/1118
f 1123/1123 1122/1122 1124/1124
f 1118/1118 1123/1123 1119/1119
f 1119/1119 1123/1123 1125/1125
f 1126/1126 1123/1123 1124/1124
f 1123/1123 1126/1126 1127/1127
f 1123/1123 1128/1128 1125/1125
f 1128/1128 1123/1123 1127/1127
f 1129/1129 1117/1117 1130/1130
f 1117/1117 1129/1129 1120/1120
f 1131/1131 1132/1132 1133/1133
f 1134/1134 1130/1130 1117/1117
f 1117/1117 1119/1119 1134/1134
f 1129/1129 1135/1135 1121/1121
f 1129/1129 1121/1121 1120/1120
f 1136/1136 1137/1137 1138/1138
f 1138/1138 1139/1139 1136/1136
f 1140/1140 1131/1131 1133/1133
f 1131/1131 1140/1140 1141/1141
f 1142/1142 1136/1136 1139/1139
f 1139/1139 1143/1143 1142/1142
f 1144/1144 1141/1141 1140/1140
f 1141/1141 1144/1144 1145/1145
f 1145/1145 1146/1146 1147/1147
f 1146/1146 1145/1145 1144/1144
f 1143/1143 1147/1147 1146/1146
f 1143/1143 1146/1146 1142/1142
f 1148/1148 1121/1121 1135/1135
f 1121/1121 1148/1148 1122/1122
f 1138/1138 1137/1137 1149/1149
f 1150/1150 1151/1151 1152/1152
f 1153/1153 1154/1154 1155/1155
f 1154/1154 1153/1153 1156/1156
f 1157/1157 1150/1150 1158/1158
f 1150/1150 1157/1157 1159/1159
f 1157/1157 1160/1160 1153/1153
f 1157/1157 1153/1153 1159/1159
f 1150/1150 1152/1152 1158/1158
f 1161/1161 1153/1153 1160/1160
f 1150/1150 1162/1162 1163/1163
f 1150/1150 1163/1163 1151/1151
f 1153/1153 1161/1161 1156/1156
f 1163/1163 1162/1162 1164/1164
f 1163/1163 1164/1164 1165/1165
f 1166/1166 1163/1163 1165/1165
f 1163/1163 1166/1166 1151/1151
f 1154/1154 1167/1167 1155/1155
f 1167/1167 1154/1154 1168/1168
f 1169/1169 1156/1156 1161/1161
f 1169/1169 1170/1170 1156/1156
f 1152/1152 1171/1171 1158/1158
f 1171/1171 1152/1152 1172/1172
f 1173/1173 1158/1158 1171/1171
f 1158/1158 1173/1173 1157/1157
f 1173/1173 1174/1174 1160/1160
f 1173/1173 1160/1160 1157/1157
f 1174/1174 1169/1169 1161/1161
f 1161/1161 1160/1160 1174/1174
f 1166/1166 1172/1172 1152/1152
f 1166/1166 1152/1152 1151/1151
f 1168/1168 1156/1156 1170/1170
f 1156/1156 1168/1168 1154/1154
f 1149/1149 1137/1137 1175/1175
f 1176/1176 1175/1175 1137/1137
f 1137/1137 1136/1136 1176/1176
f 1177/1177 1133/1133 1178/1178
f 1133/1133 1177/1177 1140/1140
f 1176/1176 1136/1136 1179/1179
f 1136/1136 1142/1142 1179/1179
f 1180/1180 1140/1140 1177/1177
f 1140/1140 1180/1180 1144/1144
f 1180/1180 1146/1146 1144/1144
f 1146/1146 1180/1180 1181/1181
f 1146/1146 1181/1181 1142/1142
f 1142/1142 1181/1181 1179/1179
f 1133/1133 1132/1132 1178/1178
f 1182/1182 1183/1183 1184/1184
f 1184/1184 1185/1185 1182/1182
f 1186/1186 1187/1187 1188/1188
f 1187/1187 1186/1186 1189/1189
f 1190/1190 1191/1191 1192/1192
f 1191/1191 1190/1190 1193/1193
f 1185/1185 1191/1191 1188/1188
f 1191/1191 1185/1185 1192/1192
f 1185/1185 1184/1184 1190/1190
f 1185/1185 1190/1190 1192/1192
f 1186/1186 1190/1190 1184/1184
f 1190/1190 1186/1186 1193/1193
f 1193/1193 1188/1188 1191/1191
f 1188/1188 1193/1193 1186/1186
f 1194/1194 1183/1183 1195/1195
f 1183/1183 1194/1194 1184/1184
f 1196/1196 1195/1195 1183/1183
f 1196/1196 1183/1183 1182/1182
f 1187/1187 1197/1197 1188/1188
f 1197/1197 1187/1187 1198/1198
f 1189/1189 1198/1198 1187/1187
f 1198/1198 1189/1189 1199/1199
f 1200/1200 1199/1199 1189/1189
f 1200/1200 1189/1189 1186/1186
f 1185/1185 1188/1188 1197/1197
f 1185/1185 1197/1197 1201/1201
f 1194/1194 1200/1200 1186/1186
f 1194/1194 1186/1186 1184/1184
f 1201/1201 1182/1182 1185/1185
f 1182/1182 1201/1201 1196/1196
f 1202/1202 1203/1203 1204/1204
f 1203/1203 1202/1202 1205/1205
f 1206/1206 1207/1207 1204/1204
f 1204/1204 1207/1207 1202/1202
f 1207/1207 1208/1208 1209/1209
f 1208/1208 1207/1207 1206/1206
f 1209/1209 1208/1208 1210/1210
f 1208/1208 1211/1211 1210/1210
f 1212/1212 1210/1210 1211/1211
f 1210/1210 1212/1212 1213/1213
f 1203/1203 1213/1213 1212/1212
f 1213/1213 1203/1203 1205/1205
f 1205/1205 1202/1202 1214/1214
f 1202/1202 1207/1207 1214/1214
f 1207/1207 1209/1209 1214/1214
f 1209/1209 1210/1210 1214/1214
f 1210/1210 1213/1213 1214/1214
f 1213/1213 1205/1205 1214/1214
f 1215/1215 1216/1216 1217/1217
f 1216/1216 1215/1215 1218/1218
f 1218/1218 1219/1219 1216/1216
f 1219/1219 1218/1218 1220/1220
f 1221/1221 1222/1222 1223/1223
f 1222/1222 1221/1221 1224/1224
f 1224/1224 1225/1225 1222/1222
f 1225/1225 1224/1224 1226/1226
f 1225/1225 1226/1226 1227/1227
f 1226/1226 1228/1228 1227/1227
f 1229/1229 1230/1230 1231/1231
f 1230/1230 1229/1229 1232/1232
f 1220/1220 1233/1233 1219/1219
f 1233/1233 1220/1220 1234/1234
f 1235/1235 1233/1233 1234/1234
f 1233/1233 1235/1235 1236/1236
f 1237/1237 1238/1238 1239/1239
f 1239/1239 1238/1238 1240/1240
f 1228/1228 1231/1231 1227/1227
f 1231/1231 1228/1228 1229/1229
f 1217/1217 1223/1223 1215/1215
f 1223/1223 1217/1217 1221/1221
f 1236/1236 1235/1235 1237/1237
f 1237/1237 1239/1239 1236/1236
f 1241/1241 1240/1240 1238/1238
f 1240/1240 1241/1241 1242/1242
f 1243/1243 1230/1230 1244/1244
f 1230/1230 1232/1232 1244/1244
f 1245/1245 1246/1246 1217/1217
f 1245/1245 1217/1217 1216/1216
f 1215/1215 1223/1223 1247/1247
f 1223/1223 1248/1248 1247/1247
f 1249/1249 1216/1216 1219/1219
f 1216/1216 1249/1249 1245/1245
f 1250/1250 1251/1251 1218/1218
f 1220/1220 1218/1218 1251/1251
f 1252/1252 1221/1221 1253/1253
f 1221/1221 1252/1252 1224/1224
f 1223/1223 1222/1222 1248/1248
f 1222/1222 1254/1254 1248/1248
f 1255/1255 1224/1224 1252/1252
f 1224/1224 1255/1255 1226/1226
f 1256/1256 1254/1254 1225/1225
f 1222/1222 1225/1225 1254/1254
f 1257/1257 1226/1226 1255/1255
f 1226/1226 1257/1257 1228/1228
f 1258/1258 1227/1227 1231/1231
f 1227/1227 1258/1258 1259/1259
f 1260/1260 1232/1232 1261/1261
f 1232/1232 1229/1229 1261/1261
f 1262/1262 1231/1231 1230/1230
f 1231/1231 1262/1262 1258/1258
f 1263/1263 1219/1219 1233/1233
f 1219/1219 1263/1263 1249/1249
f 1234/1234 1220/1220 1251/1251
f 1234/1234 1251/1251 1264/1264
f 1265/1265 1236/1236 1239/1239
f 1236/1236 1265/1265 1266/1266
f 1234/1234 1264/1264 1235/1235
f 1235/1235 1264/1264 1267/1267
f 1265/1265 1240/1240 1268/1268
f 1240/1240 1265/1265 1239/1239
f 1269/1269 1270/1270 1238/1238
f 1238/1238 1237/1237 1269/1269
f 1261/1261 1228/1228 1257/1257
f 1228/1228 1261/1261 1229/1229
f 1259/1259 1256/1256 1227/1227
f 1225/1225 1227/1227 1256/1256
f 1253/1253 1217/1217 1246/1246
f 1217/1217 1253/1253 1221/1221
f 1218/1218 1215/1215 1250/1250
f 1215/1215 1247/1247 1250/1250
f 1266/1266 1233/1233 1236/1236
f 1233/1233 1266/1266 1263/1263
f 1269/1269 1237/1237 1267/1267
f 1237/1237 1235/1235 1267/1267
f 1268/1268 1242/1242 1271/1271
f 1242/1242 1268/1268 1240/1240
f 1241/1241 1270/1270 1272/1272
f 1270/1270 1241/1241 1238/1238
f 1273/1273 1274/1274 1275/1275
f 1273/1273 1275/1275 1276/1276
f 1244/1244 1260/1260 1277/1277
f 1260/1260 1244/1244 1232/1232
f 1262/1262 1243/1243 1278/1278
f 1243/1243 1262/1262 1230/1230
f 1279/1279 1280/1280 1281/1281
f 1281/1281 1280/1280 1282/1282
f 1283/1283 1245/1245 1284/1284
f 1245/1245 1283/1283 1246/1246
f 1247/1247 1248/1248 1285/1285
f 1247/1247 1285/1285 1286/1286
f 1284/1284 1249/1249 1287/1287
f 1249/1249 1284/1284 1245/1245
f 1288/1288 1289/1289 1250/1250
f 1251/1251 1250/1250 1289/1289
f 1290/1290 1252/1252 1291/1291
f 1291/1291 1252/1252 1253/1253
f 1248/1248 1254/1254 1292/1292
f 1248/1248 1292/1292 1285/1285
f 1290/1290 1255/1255 1252/1252
f 1255/1255 1290/1290 1293/1293
f 1254/1254 1256/1256 1294/1294
f 1254/1254 1294/1294 1292/1292
f 1257/1257 1293/1293 1295/1295
f 1293/1293 1257/1257 1255/1255
f 1258/1258 1296/1296 1259/1259
f 1296/1296 1258/1258 1297/1297
f 1298/1298 1261/1261 1299/1299
f 1261/1261 1298/1298 1260/1260
f 1300/1300 1297/1297 1262/1262
f 1262/1262 1297/1297 1258/1258
f 1287/1287 1263/1263 1301/1301
f 1263/1263 1287/1287 1249/1249
f 1289/1289 1302/1302 1251/1251
f 1264/1264 1251/1251 1302/1302
f 1303/1303 1265/1265 1304/1304
f 1265/1265 1303/1303 1266/1266
f 1267/1267 1264/1264 1305/1305
f 1264/1264 1302/1302 1305/1305
f 1306/1306 1265/1265 1268/1268
f 1265/1265 1306/1306 1304/1304
f 1270/1270 1307/1307 1308/1308
f 1270/1270 1269/1269 1307/1307
f 1299/1299 1261/1261 1295/1295
f 1295/1295 1261/1261 1257/1257
f 1256/1256 1259/1259 1296/1296
f 1256/1256 1296/1296 1294/1294
f 1291/1291 1253/1253 1283/1283
f 1283/1283 1253/1253 1246/1246
f 1250/1250 1247/1247 1288/1288
f 1247/1247 1286/1286 1288/1288
f 1301/1301 1266/1266 1303/1303
f 1266/1266 1301/1301 1263/1263
f 1269/1269 1305/1305 1307/1307
f 1305/1305 1269/1269 1267/1267
f 1309/1309 1306/1306 1271/1271
f 1271/1271 1306/1306 1268/1268
f 1272/1272 1308/1308 1310/1310
f 1308/1308 1272/1272 1270/1270
f 1311/1311 1312/1312 1313/1313
f 1313/1313 1312/1312 1314/1314
f 1277/1277 1298/1298 1315/1315
f 1298/1298 1277/1277 1260/1260
f 1316/1316 1300/1300 1278/1278
f 1278/1278 1300/1300 1262/1262
f 1317/1317 1318/1318 1319/1319
f 1318/1318 1317/1317 1320/1320
f 1320/1320 1321/1321 1318/1318
f 1318/1318 1321/1321 1279/1279
f 1318/1318 1281/1281 1319/1319
f 1281/1281 1318/1318 1279/1279
f 1319/1319 1322/1322 1317/1317
f 1322/1322 1319/1319 1281/1281
f 1312/1312 1323/1323 1314/1314
f 1314/1314 1323/1323 1273/1273
f 1314/1314 1273/1273 1313/1313
f 1313/1313 1273/1273 1276/1276
f 1313/1313 1324/1324 1311/1311
f 1324/1324 1313/1313 1276/1276

