<COLLADA xmlns="http://www.collada.org/2005/11/COLLADASchema" version="1.4.1">
  <asset>
    <created>2026-08-27T10:59:48.663658</created>
    <modified>2026-08-27T10:59:48.663665</modified>
    <up_axis>Y_UP</up_axis>
  </asset>
  <library_effects>
    <effect id="8addd8c8755a40d48cb407bf60236e36" name="8addd8c8755a40d48cb407bf60236e36">
      <profile_COMMON>
        <technique sid="common">
          <phong>
            <emission>
              <color>0.0 0.0 0.0 1.0</color>
            </emission>
            <ambient>
              <color>0.0 0.0 0.0 1.0</color>
            </ambient>
            <diffuse>
              <color>0.0 0.0 0.0 1.0</color>
            </diffuse>
            <specular>
              <color>0.0 0.0 0.0 1.0</color>
            </specular>
            <shininess>
              <float>0.0</float>
            </shininess>
            <reflective>
              <color>0.0 0.0 0.0 1.0</color>
            </reflective>
            <reflectivity>
              <float>0.0</float>
            </reflectivity>
            <transparent>
              <color>0.0 0.0 0.0 1.0</color>
            </transparent>
            <transparency>
              <float>1.0</float>
            </transparency>
          </phong>
        </technique>
        <extra>
          <technique profile="GOOGLEEARTH">
            <double_sided>0</double_sided>
          </technique>
        </extra>
      </profile_COMMON>
    </effect>
  </library_effects>
  <library_geometries>
    <geometry id="a5233e6719cb4e4f98b984d14e69eaaa" name="0f4a4290d1f94e5e988da77d2a2b2491">
      <mesh>
        <source id="verts-array">
          <float_array count="5046" id="verts-array-array">-0.2190458 -0.161343 0.002755306 -0.2290136 -0.1631935 0.0125372 -0.2290136 -0.1631935 0.0125372 -0.2260941 -0.1626515 0.005620357 -0.2260941 -0.1626515 0.005620357 -0.206987 -0.1725978 0.002755306 -0.2089697 -0.181901 0.0125372 -0.2089697 -0.181901 0.0125372 -0.208389 -0.1791761 0.005620357 -0.208389 -0.1791761 0.005620357 -0.2155139 -0.1693013 0.002755306 -0.2231429 -0.1764217 0.0125372 -0.2209084 -0.1743362 0.005620357 0.2229081 -0.1725978 0.002755306 0.2248908 -0.181901 0.0125372 0.2248908 -0.181901 0.0125372 0.2243101 -0.1791761 0.005620357 0.2243101 -0.1791761 0.005620357 0.2349669 -0.161343 0.002755306 0.2449347 -0.1631935 0.0125372 0.2449347 -0.1631935 0.0125372 0.2420152 -0.1626515 0.005620357 0.2420152 -0.1626515 0.005620357 0.2314349 -0.1693014 0.002755306 0.239064 -0.1764217 0.0125372 0.2368295 -0.1743362 0.005620357 -0.206987 0.1626362 0.002755306 -0.2089697 0.1719393 0.0125372 -0.2089697 0.1719393 0.0125372 -0.208389 0.1692145 0.005620357 -0.208389 0.1692145 0.005620357 -0.2190458 0.1513814 0.002755306 -0.2290136 0.1532319 0.0125372 -0.2290136 0.1532319 0.0125372 -0.2260941 0.1526899 0.005620357 -0.2260941 0.1526899 0.005620357 -0.2155139 0.1593397 0.002755306 -0.2231429 0.1664601 0.0125372 -0.2209084 0.1643746 0.005620357 0.2349669 0.1513814 0.002755306 0.2449347 0.1532319 0.0125372 0.2449347 0.1532319 0.0125372 0.2420152 0.1526899 0.005620357 0.2420152 0.1526899 0.005620357 0.2229081 0.1626362 0.002755306 0.2248908 0.1719393 0.0125372 0.2248908 0.1719393 0.0125372 0.2243101 0.1692145 0.005620357 0.2243101 0.1692145 0.005620357 0.2314349 0.1593398 0.002755306 0.239064 0.1664601 0.0125372 0.2368295 0.1643746 0.005620357 -0.2231429 -0.1764217 0.1555612 -0.2089697 -0.181901 0.1555612 -0.2089697 -0.181901 0.1555612 0.2248908 0.1719393 0.1555612 0.2248908 0.1719393 0.1555612 0.239064 0.1664601 0.1555612 -0.2290136 -0.1631935 0.1555612 -0.2290136 -0.1631935 0.1555612 0.2449347 -0.06069079 0.0125372 0.2449347 0.05072917 0.0125372 0.2420152 0.05072917 0.005620357 0.2420152 -0.06069079 0.005620357 0.2349669 0.05072917 0.002755306 0.2349669 -0.06069079 0.002755306 0.2449347 0.1532319 0.1555612 0.2449347 0.1532319 0.1555612 0.2449347 -0.1631935 0.1555612 0.2449347 -0.1631935 0.1555612 0.2248908 -0.181901 0.1555612 0.2248908 -0.181901 0.1555612 0.239064 -0.1764217 0.1555612 -0.2231429 0.1664601 0.1555612 -0.2290136 0.1532319 0.1555612 -0.2290136 0.1532319 0.1555612 -0.2089697 0.1719393 0.1555612 -0.2089697 0.1719393 0.1555612 0.2229081 0.1513814 0.002755306 -0.2069869 0.1513814 0.002755306 0.2229081 -0.161343 0.002755306 -0.206987 -0.161343 0.002755306 0.2349669 0.05072917 0.002755306 0.2349669 -0.06069079 0.002755306 0.2349669 -0.06069079 0.0125372 0.2349669 0.05072917 0.0125372 0.2449347 -0.06069079 0.0125372 0.2449347 0.05072917 0.0125372 0.2349669 -0.06069079 0.0125372 0.2349669 0.05072917 0.0125372 0.2449347 -0.06069079 0.0125372 0.2420152 -0.06069079 0.005620357 0.2349669 -0.06069079 0.002755306 0.2349669 -0.06069079 0.0125372 0.2449347 0.05072917 0.0125372 0.2420152 0.05072917 0.005620357 0.2349669 0.05072917 0.002755306 0.2349669 0.05072917 0.0125372 -0.2181162 -0.1717301 0.01580596 0.2340373 -0.1717301 0.01580596 -0.2181162 -0.1717301 0.1555612 0.2340373 -0.1717301 0.1555612 0.2340373 -0.1717301 0.01580596 0.2340373 0.1617685 0.01580596 0.2340373 0.1617685 0.1555612 0.2340373 -0.1717301 0.1555612 -0.2181162 0.1617685 0.01580596 0.2340373 0.1617685 0.01580596 0.2340373 0.1617685 0.1555612 -0.2181162 0.1617685 0.1555612 -0.2181162 -0.1717301 0.01580596 0.2340373 -0.1717301 0.01580596 -0.2181162 0.1617685 0.01580596 0.2340373 0.1617685 0.01580596 -0.2231429 -0.1764217 0.1555612 -0.2290136 -0.1631935 0.1555612 -0.2231429 0.1664601 0.1555612 -0.2290136 0.1532319 0.1555612 -0.2181162 -0.1717301 0.1555612 -0.2181162 0.1617685 0.1555612 -0.2231429 -0.1764217 0.1555612 -0.2089697 -0.181901 0.1555612 0.2248908 -0.181901 0.1555612 0.239064 -0.1764217 0.1555612 -0.2181162 -0.1717301 0.1555612 0.2340373 -0.1717301 0.1555612 0.2248908 0.1719393 0.1555612 0.239064 0.1664601 0.1555612 -0.2231429 0.1664601 0.1555612 -0.2089697 0.1719393 0.1555612 0.2340373 0.1617685 0.1555612 -0.2181162 0.1617685 0.1555612 0.239064 0.1664601 0.1555612 0.2449347 0.1532319 0.1555612 0.2449347 -0.1631935 0.1555612 0.239064 -0.1764217 0.1555612 0.2340373 0.1617685 0.1555612 0.2340373 -0.1717301 0.1555612 -0.2181162 -0.1717301 0.01580596 -0.2181162 0.1617685 0.01580596 -0.2181162 -0.1717301 0.1555612 -0.2181162 0.1617685 0.1555612 0.1586152 -0.1926581 0.1555612 0.1586152 -0.1926581 0.1467344 0.1586152 -0.181901 0.1555612 0.1586152 -0.181901 0.1467344 0.1586152 -0.1926581 0.1555612 0.1586152 -0.1926581 0.1467344 -0.1426941 -0.1926581 0.1555612 -0.1426941 -0.1926581 0.1467344 0.1586152 -0.1926581 0.1555612 -0.1426941 -0.1926581 0.1555612 0.1586152 -0.181901 0.1555612 -0.1426941 -0.181901 0.1555612 -0.1426941 -0.1926581 0.1555612 -0.1426941 -0.181901 0.1555612 -0.1426941 -0.181901 0.1467344 -0.1426941 -0.1926581 0.1467344 0.1586152 -0.1926581 0.1467344 0.1586152 -0.181901 0.1467344 -0.1426941 -0.181901 0.1467344 -0.1426941 -0.1926581 0.1467344 -0.2110827 0.1818547 0.1555612 0.2270038 0.1818547 0.1555612 -0.230802 0.1736085 0.1555612 -0.2089697 0.1719393 0.1555612 0.2248908 0.1719393 0.1555612 -0.2231429 0.1664601 0.1555612 -0.2290136 0.1532319 0.1555612 -0.2290136 -0.1631935 0.1555612 -0.2396373 0.1552041 0.1555612 -0.2396373 -0.1651657 0.1555612 -0.230802 -0.1835701 0.1555612 -0.2110827 -0.1918163 0.1555612 -0.2231429 -0.1764217 0.1555612 -0.2089697 -0.181901 0.1555612 0.2248908 -0.181901 0.1555612 0.2248908 -0.181901 0.1555612 0.239064 -0.1764217 0.1555612 0.2270038 -0.1918163 0.1555612 0.2270038 -0.1918163 0.1555612 0.2467231 -0.1835701 0.1555612 0.2555584 -0.1651657 0.1555612 0.2555584 0.1552041 0.1555612 0.2449347 -0.1631935 0.1555612 0.2449347 0.1532319 0.1555612 0.239064 0.1664601 0.1555612 0.2467231 0.1736085 0.1555612 -0.2110827 0.1818547 0.1555612 0.2270038 0.1818547 0.1555612 -0.230802 0.1736085 0.1555612 -0.2110827 0.1818547 0.1486261 -0.2396373 0.1552041 0.1555612 -0.2396373 -0.1651657 0.1555612 -0.2396373 0.1552041 0.1486261 -0.230802 0.1736085 0.1486261 -0.2396373 -0.1651657 0.1486261 -0.230802 -0.1835701 0.1486261 -0.2110827 -0.1918163 0.1486261 -0.230802 -0.1835701 0.1555612 -0.2110827 -0.1918163 0.1555612 0.2270038 -0.1918163 0.1555612 0.2270038 -0.1918163 0.1555612 0.2467231 -0.1835701 0.1555612 0.2270038 -0.1918163 0.1486261 0.2270038 -0.1918163 0.1486261 0.2467231 -0.1835701 0.1486261 0.2555584 -0.1651657 0.1486261 0.2555584 0.1552041 0.1486261 0.2555584 -0.1651657 0.1555612 0.2555584 0.1552041 0.1555612 0.2467231 0.1736085 0.1555612 0.2467231 0.1736085 0.1486261 0.2270038 0.1818547 0.1486261 -0.2110827 0.1818547 0.1486261 -0.2396373 0.1552041 0.1486261 -0.230802 0.1736085 0.1486261 -0.2396373 -0.1651657 0.1486261 -0.2290136 0.1532319 0.1486261 -0.2231429 0.1664601 0.1486261 -0.2290136 -0.1631935 0.1486261 -0.2231429 -0.1764217 0.1486261 -0.2089697 -0.181901 0.1486261 -0.230802 -0.1835701 0.1486261 -0.2110827 -0.1918163 0.1486261 0.2270038 -0.1918163 0.1486261 0.2270038 -0.1918163 0.1486261 0.2467231 -0.1835701 0.1486261 0.2248908 -0.181901 0.1486261 0.2248908 -0.181901 0.1486261 0.239064 -0.1764217 0.1486261 0.2449347 -0.1631935 0.1486261 0.2449347 0.1532319 0.1486261 0.2555584 -0.1651657 0.1486261 0.2555584 0.1552041 0.1486261 0.2467231 0.1736085 0.1486261 0.2270038 0.1818547 0.1486261 0.239064 0.1664601 0.1486261 0.2248908 0.1719393 0.1486261 -0.2089697 0.1719393 0.1486261 0.2449347 -0.0352399 0.05218136 0.2449347 -0.0352399 0.07485117 0.2574228 -0.0352399 0.05213717 0.2574228 -0.0352399 0.07489534 0.2574228 -0.0352399 0.05213717 0.2574228 -0.0352399 0.07489534 0.2640465 -0.02046141 0.05596417 0.2640465 -0.02046141 0.07106834 0.2664709 -0.0002736101 0.05787774 0.2664709 -0.0002736101 0.06915477 0.2640465 0.0199142 0.05596417 0.2640465 0.0199142 0.07106834 0.2574228 0.03469272 0.05213717 0.2574228 0.03469272 0.07489534 0.2449347 0.03469272 0.05218136 0.2449347 0.03469272 0.07485117 0.2449347 0.07136932 0.07485117 0.2449347 0.07136932 0.05218136 0.2449347 0.03469272 0.05218136 0.2449347 0.03469272 0.07485117 0.2574228 0.03469272 0.05213717 0.2574228 0.03469272 0.07489534 0.2449347 -0.0352399 0.05218136 0.2449347 -0.0352399 0.07485117 0.2449347 -0.07191644 0.07485117 0.2449347 -0.07191644 0.05218136 0.2523466 0.04404013 0.05218136 0.2523466 -0.04458749 0.05218136 0.2523466 -0.04458749 0.07485117 0.2523466 0.04404013 0.07485117 0.2632279 -0.04107168 0.05213717 0.2632279 -0.04107168 0.07489534 0.2722718 -0.022566 0.05596417 0.2722718 -0.022566 0.07106834 0.275 -0.0002736101 0.05787774 0.2749997 -0.0002736101 0.06915477 0.2722718 0.02201879 0.05596417 0.2722718 0.02201879 0.07106834 0.2632279 0.04052449 0.05213717 0.2632279 0.04052449 0.07489534 0.2523466 0.04404013 0.05218136 0.2523466 0.04404013 0.07485117 0.2534638 0.07136932 0.07485117 0.2534638 0.07136932 0.05218136 0.2523466 -0.04458749 0.05218136 0.2523466 -0.04458749 0.07485117 0.2534638 -0.07191644 0.07485117 0.2534638 -0.07191644 0.05218136 0.2449347 -0.0352399 0.07485117 0.2449347 0.03469272 0.07485117 0.2574228 -0.0352399 0.07489534 0.2640465 -0.02046141 0.07106834 0.2664709 -0.0002736101 0.06915477 0.2640465 0.0199142 0.07106834 0.2574228 0.03469272 0.07489534 0.2449347 -0.07191644 0.07485117 0.2449347 0.07136932 0.07485117 0.2523466 -0.04458749 0.07485117 0.2523466 0.04404013 0.07485117 0.2632279 -0.04107168 0.07489534 0.2722718 -0.022566 0.07106834 0.2749997 -0.0002736101 0.06915477 0.2722718 0.02201879 0.07106834 0.2632279 0.04052449 0.07489534 0.2534638 -0.07191644 0.07485117 0.2534638 0.07136932 0.07485117 0.2449347 0.03469272 0.05218136 0.2449347 -0.0352399 0.05218136 0.2574228 -0.0352399 0.05213717 0.2640465 -0.02046141 0.05596417 0.2664709 -0.0002736101 0.05787774 0.2640465 0.0199142 0.05596417 0.2574228 0.03469272 0.05213717 0.2449347 -0.07191644 0.05218136 0.2449347 0.07136932 0.05218136 0.2523466 0.04404013 0.05218136 0.2523466 -0.04458749 0.05218136 0.2632279 -0.04107168 0.05213717 0.2722718 -0.022566 0.05596417 0.275 -0.0002736101 0.05787774 0.2722718 0.02201879 0.05596417 0.2632279 0.04052449 0.05213717 0.2534638 -0.07191644 0.05218136 0.2534638 0.07136932 0.05218136 0.2550632 -0.07339855 0.07792347 0.2511222 -0.08280946 0.06812947 0.2550632 -0.07339855 0.04910905 0.2511222 -0.08280946 0.05890305 0.2449347 -0.05454146 0.04910905 0.2449347 -0.07339855 0.04910905 0.253946 -0.05454146 0.04910905 0.2550632 -0.07339855 0.04910905 0.2449347 -0.05454146 0.07792347 0.2449347 -0.07339855 0.07792347 0.253946 -0.05454146 0.07792347 0.2550632 -0.07339855 0.07792347 0.2449347 -0.07339855 0.07792347 0.2449347 -0.08280946 0.06812947 0.2550632 -0.07339855 0.07792347 0.2511222 -0.08280946 0.06812947 0.2449347 -0.08280946 0.06812947 0.2449347 -0.08280946 0.05890305 0.2511222 -0.08280946 0.06812947 0.2511222 -0.08280946 0.05890305 0.2449347 -0.07339855 0.04910905 0.2449347 -0.08280946 0.05890305 0.2550632 -0.07339855 0.04910905 0.2511222 -0.08280946 0.05890305 0.2449347 -0.05454146 0.04910905 0.2449347 -0.05454146 0.07792347 0.253946 -0.05454146 0.04910905 0.253946 -0.05454146 0.07792347 0.253946 -0.05454146 0.04910905 0.253946 -0.05454146 0.07792347 0.2550632 -0.07339855 0.07792347 0.2550632 -0.07339855 0.04910905 0.2550632 0.07285144 0.07792347 0.2511221 0.08226234 0.06812947 0.2550632 0.07285144 0.04910905 0.2511221 0.08226234 0.05890305 0.2449347 0.05399434 0.04910905 0.2449346 0.07285143 0.04910905 0.253946 0.05399434 0.04910905 0.2550632 0.07285144 0.04910905 0.2449347 0.05399434 0.07792347 0.2449346 0.07285143 0.07792347 0.253946 0.05399434 0.07792347 0.2550632 0.07285144 0.07792347 0.2449346 0.07285143 0.07792347 0.2449346 0.08226234 0.06812947 0.2550632 0.07285144 0.07792347 0.2511221 0.08226234 0.06812947 0.2449346 0.08226234 0.06812947 0.2449346 0.08226234 0.05890305 0.2511221 0.08226234 0.06812947 0.2511221 0.08226234 0.05890305 0.2449346 0.07285143 0.04910905 0.2449346 0.08226234 0.05890305 0.2550632 0.07285144 0.04910905 0.2511221 0.08226234 0.05890305 0.2449347 0.05399434 0.04910905 0.2449347 0.05399434 0.07792347 0.253946 0.05399434 0.04910905 0.253946 0.05399434 0.07792347 0.253946 0.05399434 0.04910905 0.253946 0.05399434 0.07792347 0.2550632 0.07285144 0.07792347 0.2550632 0.07285144 0.04910905 0.04542491 0.1719393 0.08623921 0.04542491 0.1719393 0.108909 0.04542491 0.1835948 0.08619503 0.04542491 0.1835948 0.1089532 0.04542491 0.1835948 0.08619503 0.04542491 0.1835948 0.1089532 0.02959063 0.1897768 0.09002203 0.02959063 0.1897768 0.1051262 0.007960588 0.1920396 0.0919356 0.007960588 0.1920396 0.1032126 -0.01366946 0.1897768 0.09002203 -0.01366946 0.1897768 0.1051262 -0.02950375 0.1835948 0.08619503 -0.02950375 0.1835948 0.1089532 -0.02950375 0.1719393 0.08623921 -0.02950375 0.1719393 0.108909 -0.06880058 0.1719394 0.108909 -0.06880058 0.1719394 0.08623921 -0.02950375 0.1719393 0.08623921 -0.02950375 0.1719393 0.108909 -0.02950375 0.1835948 0.08619503 -0.02950375 0.1835948 0.1089532 0.04542491 0.1719393 0.08623921 0.04542491 0.1719393 0.108909 0.08472166 0.1719393 0.108909 0.08472166 0.1719393 0.08623921 -0.03951896 0.1788571 0.08623921 0.05544029 0.1788571 0.08623921 0.05544029 0.1788571 0.108909 -0.03951896 0.1788571 0.108909 0.05167331 0.1890128 0.08619503 0.05167331 0.1890128 0.1089532 0.03184558 0.1974537 0.09002202 0.03184558 0.1974537 0.1051262 0.007960588 0.2 0.09193559 0.007960588 0.1999998 0.1032126 -0.0159244 0.1974537 0.09002202 -0.0159244 0.1974537 0.1051262 -0.03575216 0.1890129 0.08619503 -0.03575216 0.1890129 0.1089532 -0.03951896 0.1788571 0.08623921 -0.03951896 0.1788571 0.108909 -0.06880058 0.1798998 0.108909 -0.06880058 0.1798998 0.08623921 0.05544029 0.1788571 0.08623921 0.05544029 0.1788571 0.108909 0.08472166 0.1798998 0.108909 0.08472166 0.1798997 0.08623921 0.04542491 0.1719393 0.108909 -0.02950375 0.1719393 0.108909 0.04542491 0.1835948 0.1089532 0.02959063 0.1897768 0.1051262 0.007960588 0.1920396 0.1032126 -0.01366946 0.1897768 0.1051262 -0.02950375 0.1835948 0.1089532 0.08472166 0.1719393 0.108909 -0.06880058 0.1719394 0.108909 0.05544029 0.1788571 0.108909 -0.03951896 0.1788571 0.108909 0.05167331 0.1890128 0.1089532 0.03184558 0.1974537 0.1051262 0.007960588 0.1999998 0.1032126 -0.0159244 0.1974537 0.1051262 -0.03575216 0.1890129 0.1089532 0.08472166 0.1798998 0.108909 -0.06880058 0.1798998 0.108909 -0.02950375 0.1719393 0.08623921 0.04542491 0.1719393 0.08623921 0.04542491 0.1835948 0.08619503 0.02959063 0.1897768 0.09002203 0.007960588 0.1920396 0.0919356 -0.01366946 0.1897768 0.09002203 -0.02950375 0.1835948 0.08619503 0.08472166 0.1719393 0.08623921 -0.06880058 0.1719394 0.08623921 -0.03951896 0.1788571 0.08623921 0.05544029 0.1788571 0.08623921 0.05167331 0.1890128 0.08619503 0.03184558 0.1974537 0.09002202 0.007960588 0.2 0.09193559 -0.0159244 0.1974537 0.09002202 -0.03575216 0.1890129 0.08619503 0.08472166 0.1798997 0.08623921 -0.06880058 0.1798998 0.08623921 0.08630964 0.1813925 0.1119813 0.09639287 0.1777143 0.1021873 0.08630964 0.1813925 0.08316691 0.09639287 0.1777143 0.0929609 0.06610538 0.1719393 0.08316691 0.08630964 0.1719393 0.08316691 0.06610538 0.1803498 0.08316691 0.08630964 0.1813925 0.08316691 0.06610538 0.1719393 0.1119813 0.08630964 0.1719393 0.1119813 0.06610538 0.1803498 0.1119813 0.08630964 0.1813925 0.1119813 0.08630964 0.1719393 0.1119813 0.09639287 0.1719393 0.1021873 0.08630964 0.1813925 0.1119813 0.09639287 0.1777143 0.1021873 0.09639287 0.1719393 0.1021873 0.09639287 0.1719393 0.0929609 0.09639287 0.1777143 0.1021873 0.09639287 0.1777143 0.0929609 0.08630964 0.1719393 0.08316691 0.09639287 0.1719393 0.0929609 0.08630964 0.1813925 0.08316691 0.09639287 0.1777143 0.0929609 0.06610538 0.1719393 0.08316691 0.06610538 0.1719393 0.1119813 0.06610538 0.1803498 0.08316691 0.06610538 0.1803498 0.1119813 0.06610538 0.1803498 0.08316691 0.06610538 0.1803498 0.1119813 0.08630964 0.1813925 0.1119813 0.08630964 0.1813925 0.08316691 -0.07038858 0.1813925 0.1119813 -0.08047181 0.1777143 0.1021873 -0.07038858 0.1813925 0.08316691 -0.08047181 0.1777143 0.0929609 -0.05018431 0.1719393 0.08316691 -0.07038857 0.1719393 0.08316691 -0.05018431 0.1803498 0.08316691 -0.07038858 0.1813925 0.08316691 -0.05018431 0.1719393 0.1119813 -0.07038857 0.1719393 0.1119813 -0.05018431 0.1803498 0.1119813 -0.07038858 0.1813925 0.1119813 -0.07038857 0.1719393 0.1119813 -0.08047181 0.1719393 0.1021873 -0.07038858 0.1813925 0.1119813 -0.08047181 0.1777143 0.1021873 -0.08047181 0.1719393 0.1021873 -0.08047181 0.1719393 0.0929609 -0.08047181 0.1777143 0.1021873 -0.08047181 0.1777143 0.0929609 -0.07038857 0.1719393 0.08316691 -0.08047181 0.1719393 0.0929609 -0.07038858 0.1813925 0.08316691 -0.08047181 0.1777143 0.0929609 -0.05018431 0.1719393 0.08316691 -0.05018431 0.1719393 0.1119813 -0.05018431 0.1803498 0.08316691 -0.05018431 0.1803498 0.1119813 -0.05018431 0.1803498 0.08316691 -0.05018431 0.1803498 0.1119813 -0.07038858 0.1813925 0.1119813 -0.07038858 0.1813925 0.08316691 0.1655588 0.1933765 0.1144006 0.1655587 0.1933765 0.1317223 0.1655587 0.1771206 0.1317223 0.1655588 0.1889446 0.1144006 0.1655588 0.1933765 0.1251375 0.1655587 0.1889446 0.1251375 0.1655587 0.1771206 0.1251375 0.1169432 0.1719393 0.1317223 0.1169432 0.1719393 0.1078158 0.1169432 0.1933765 0.1317223 0.1169432 0.1933765 0.1078158 0.1821174 0.1719393 0.1144006 0.1754075 0.1719393 0.1078158 0.1754075 0.1933765 0.1078158 0.1821174 0.1933765 0.1144006 0.1415585 0.1933765 0.1317223 0.1415585 0.1771206 0.1317223 0.1415585 0.1889446 0.1144006 0.1415585 0.1933765 0.1144006 0.1415585 0.1889446 0.1251375 0.1415585 0.1771206 0.1251375 0.1169432 0.1719393 0.1317223 0.1754075 0.1719393 0.1317223 0.1169432 0.1933765 0.1317223 0.1754075 0.1933765 0.1317223 0.1475985 0.1933765 0.1317223 0.1415585 0.1933765 0.1317223 0.1655587 0.1933765 0.1317223 0.1595187 0.1933765 0.1317223 0.1415585 0.1771206 0.1317223 0.1595187 0.1771206 0.1317223 0.1655587 0.1771206 0.1317223 0.1475985 0.1771206 0.1317223 0.1169432 0.1719393 0.1078158 0.1754075 0.1719393 0.1078158 0.1169432 0.1933765 0.1078158 0.1754075 0.1933765 0.1078158 0.1169432 0.1933765 0.1317223 0.1821174 0.1933765 0.1251375 0.1754075 0.1933765 0.1317223 0.1169432 0.1933765 0.1078158 0.1754075 0.1933765 0.1078158 0.1821174 0.1933765 0.1144006 0.1475985 0.1933765 0.1144006 0.1595187 0.1933765 0.1144006 0.1655588 0.1933765 0.1144006 0.1475985 0.1933765 0.1317223 0.1415585 0.1933765 0.1317223 0.1655587 0.1933765 0.1317223 0.1595187 0.1933765 0.1317223 0.1655588 0.1933765 0.1251375 0.1415585 0.1933765 0.1144006 0.1595187 0.1889446 0.1144006 0.1655588 0.1889446 0.1144006 0.1595187 0.1889446 0.1251375 0.1655587 0.1889446 0.1251375 0.1475985 0.1933765 0.1144006 0.1415585 0.1889446 0.1144006 0.1475985 0.1889446 0.1144006 0.1415585 0.1933765 0.1144006 0.1595187 0.1933765 0.1144006 0.1655588 0.1933765 0.1144006 0.1595187 0.1889446 0.1144006 0.1655588 0.1889446 0.1144006 0.1821174 0.1719393 0.1251375 0.1821174 0.1719393 0.1144006 0.1821174 0.1933765 0.1251375 0.1821174 0.1933765 0.1144006 0.1754075 0.1719393 0.1317223 0.1821174 0.1719393 0.1251375 0.1821174 0.1933765 0.1251375 0.1754075 0.1933765 0.1317223 0.1595187 0.1933765 0.1144006 0.1595187 0.1933765 0.1317223 0.1595187 0.1771206 0.1317223 0.1595187 0.1889446 0.1144006 0.1595187 0.1889446 0.1251375 0.1595187 0.1771206 0.1251375 0.1595187 0.1889446 0.1251375 0.1655587 0.1889446 0.1251375 0.1595187 0.1771206 0.1251375 0.1655587 0.1771206 0.1251375 0.1595187 0.1771206 0.1317223 0.1655587 0.1771206 0.1317223 0.1595187 0.1771206 0.1251375 0.1655587 0.1771206 0.1251375 0.1292508 0.1905825 0.1122902 0.1292508 0.1961706 0.1122902 0.1226509 0.1905825 0.1160296 0.1226509 0.1961706 0.1160296 0.1226509 0.1905825 0.1160296 0.1226509 0.1961706 0.1160296 0.1226509 0.1905825 0.1235085 0.1226509 0.1961706 0.1235085 0.1226509 0.1905825 0.1235085 0.1226509 0.1961706 0.1235085 0.1292508 0.1905825 0.1272479 0.1292508 0.1961706 0.1272479 0.1292508 0.1905825 0.1272479 0.1292508 0.1961706 0.1272479 0.1358508 0.1905825 0.1235085 0.1358508 0.1961706 0.1235085 0.1292508 0.1961706 0.1122902 0.1226509 0.1961706 0.1160296 0.1226509 0.1961706 0.1235085 0.1292508 0.1961706 0.1272479 0.1358508 0.1961706 0.1235085 0.1358508 0.1961706 0.1160296 0.1358508 0.1905825 0.1235085 0.1358508 0.1961706 0.1235085 0.1358508 0.1905825 0.1160296 0.1358508 0.1961706 0.1160296 0.1292508 0.1905825 0.1122902 0.1292508 0.1961706 0.1122902 0.1358508 0.1905825 0.1160296 0.1358508 0.1961706 0.1160296 -0.2196368 0.1514911 6.424512e-05 -0.2159602 0.1597563 7.054366e-05 -0.2280901 0.1530604 0.003959862 -0.2195935 0.1387043 5.297011e-05 -0.2280793 0.1387043 0.003959862 -0.1947342 0.1387043 0 -0.1947342 0.1631474 5.297011e-05 -0.1947342 0.1710674 0.003672124 -0.2071044 0.1631878 6.424512e-05 -0.2087859 0.1710775 0.003959862 -0.2223596 0.165729 0.003959862 -0.2195935 0.1387043 5.297011e-05 -0.2280793 0.1387043 0.003959862 -0.1947342 0.1387043 0 -0.2190458 0.1387043 0.002755306 -0.2260941 0.1387043 0.005620357 -0.1947342 0.1387043 0.002755306 -0.2290136 0.1387043 0.03651362 -0.2318212 0.1387043 0.03651362 -0.2523367 0.1387043 0.03651362 -0.2523367 0.1387043 0.0263053 -0.2318212 0.1387043 0.0263053 -0.2317673 0.1387043 0.0125372 -0.2290136 0.1387043 0.0263053 -0.2290136 0.1387043 0.0125372 -0.2523367 0.1387043 0.01199972 -0.2523367 0.1387043 0.003959862 -0.1947342 0.1387043 0 -0.1947342 0.1387043 0.002755306 -0.1947342 0.1626362 0.002755306 -0.1947342 0.1692145 0.005620357 -0.1947342 0.1631474 5.297011e-05 -0.1947342 0.1710674 0.003672124 -0.2087859 0.1710775 0.003959862 -0.209507 0.1744606 0.0125372 -0.2243336 0.1900384 0.003959862 -0.2243336 0.1900384 0.0126264 -0.2243336 0.1900384 0.03651362 -0.2095174 0.1745094 0.03651362 -0.1947342 0.1710674 0.003672124 -0.2087859 0.1710775 0.003959862 -0.209507 0.1744606 0.0125372 -0.2095174 0.1745094 0.03651362 -0.1947342 0.1745598 0.03651362 -0.1947342 0.1745094 0.0125372 -0.2360304 0.1900384 0.003959862 -0.2522144 0.1735769 0.003959862 -0.2362262 0.1900384 0.01270705 -0.2524584 0.1738324 0.01196932 -0.2280901 0.1530604 0.003959862 -0.2280793 0.1387043 0.003959862 -0.2087859 0.1710775 0.003959862 -0.2223596 0.165729 0.003959862 -0.2243336 0.1900384 0.003959862 -0.2360304 0.1900384 0.003959862 -0.2522144 0.1735769 0.003959862 -0.2523367 0.1387043 0.003959862 -0.2362262 0.1900384 0.01270705 -0.2235646 0.1706921 0.01198768 -0.236464 0.1900384 0.02627198 -0.2235945 0.1707367 0.0263053 -0.1947342 0.1692145 0.005620357 -0.1947342 0.1710674 0.003672124 -0.1947342 0.1745598 0.03651362 -0.1947342 0.1719393 0.03651362 -0.1947342 0.1719393 0.0125372 -0.1947342 0.1745094 0.0125372 -0.2362262 0.1900384 0.01270705 -0.2524584 0.1738324 0.01196932 -0.2235646 0.1706921 0.01198768 -0.2317673 0.1387043 0.0125372 -0.231715 0.1537334 0.01200316 -0.2523367 0.1387043 0.01199972 -0.236464 0.1900384 0.02627198 -0.2523273 0.173696 0.02654097 -0.2363232 0.1900384 0.03651362 -0.2523459 0.1737138 0.03651362 -0.2363232 0.1900384 0.03651362 -0.2243336 0.1900384 0.03651362 -0.2095174 0.1745094 0.03651362 -0.1947342 0.1745598 0.03651362 -0.2089697 0.1719393 0.03651362 -0.2231429 0.1664601 0.03651362 -0.1947342 0.1719393 0.03651362 -0.2290136 0.1532319 0.03651362 -0.2290136 0.1387043 0.03651362 -0.2318212 0.1387043 0.03651362 -0.2523459 0.1737138 0.03651362 -0.2523367 0.1387043 0.03651362 -0.2243336 0.1900384 0.003959862 -0.2243336 0.1900384 0.0126264 -0.2360304 0.1900384 0.003959862 -0.2362262 0.1900384 0.01270705 -0.236464 0.1900384 0.02627198 -0.2363232 0.1900384 0.03651362 -0.2243336 0.1900384 0.03651362 -0.2523273 0.173696 0.02654097 -0.2523459 0.1737138 0.03651362 -0.2523367 0.1387043 0.03651362 -0.2523367 0.1387043 0.0263053 -0.2318212 0.1387043 0.0263053 -0.2317673 0.1387043 0.0125372 -0.2317673 0.1537431 0.0263053 -0.231715 0.1537334 0.01200316 -0.2235646 0.1706921 0.01198768 -0.2235945 0.1707367 0.0263053 -0.2317673 0.1537431 0.0263053 -0.231715 0.1537334 0.01200316 -0.2522144 0.1735769 0.003959862 -0.2524584 0.1738324 0.01196932 -0.2523367 0.1387043 0.01199972 -0.2523367 0.1387043 0.003959862 -0.2357206 0.1660816 0.01263723 -0.2357206 0.1660816 0.01263723 -0.2316721 0.1660816 0.01544152 -0.24088 0.1544561 0.01263723 -0.24088 0.1544561 0.01263723 -0.24088 0.177707 0.01263723 -0.24088 0.177707 0.01263723 -0.2380173 0.1803789 0.01544154 -0.2533361 0.1825225 0.01263726 -0.2533361 0.1825225 0.01263726 -0.2533361 0.186301 0.01544154 -0.2657921 0.177707 0.01263723 -0.2657921 0.177707 0.01263723 -0.2686548 0.1803789 0.01544152 -0.2709515 0.1660816 0.01263723 -0.275 0.1660816 0.01544152 -0.2657921 0.1544561 0.01263723 -0.2657921 0.1544561 0.01263723 -0.2686548 0.1517842 0.01544152 -0.2686548 0.1517842 0.01544152 -0.2533361 0.1496406 0.01263723 -0.2533361 0.1496406 0.01263723 -0.2533361 0.1458621 0.01544152 -0.2380173 0.1517842 0.01544152 -0.2533361 0.1458621 0.02326957 -0.2533361 0.1496406 0.02607384 -0.2533361 0.1496406 0.02607384 -0.2380173 0.1517842 0.02326955 -0.2686548 0.1517842 0.02326955 -0.2686548 0.1517842 0.02326955 -0.2657921 0.1544561 0.02607384 -0.2657921 0.1544561 0.02607384 -0.275 0.1660816 0.02326957 -0.2709515 0.1660815 0.02607385 -0.2686548 0.1803789 0.02326957 -0.2657921 0.177707 0.02607385 -0.2657921 0.177707 0.02607385 -0.2533361 0.186301 0.02326957 -0.2533361 0.1825225 0.02607386 -0.2533361 0.1825225 0.02607386 -0.2380173 0.1803789 0.02326958 -0.24088 0.177707 0.02607386 -0.24088 0.177707 0.02607386 -0.2316721 0.1660815 0.02326957 -0.2357206 0.1660815 0.02607385 -0.2357206 0.1660815 0.02607385 -0.24088 0.1544561 0.02607384 -0.24088 0.1544561 0.02607384 -0.2196368 -0.1614527 6.424512e-05 -0.2159602 -0.1697179 7.054366e-05 -0.2280901 -0.163022 0.003959862 -0.2195935 -0.1486659 5.297011e-05 -0.2280793 -0.1486659 0.003959862 -0.1947342 -0.1486659 0 -0.1947342 -0.173109 5.297011e-05 -0.1947342 -0.181029 0.003672124 -0.2071044 -0.1731494 6.424512e-05 -0.2087859 -0.1810391 0.003959862 -0.2223596 -0.1756906 0.003959862 -0.2195935 -0.1486659 5.297011e-05 -0.2280793 -0.1486659 0.003959862 -0.1947342 -0.1486659 0 -0.2190458 -0.1486659 0.002755306 -0.2260941 -0.1486659 0.005620357 -0.1947342 -0.1486659 0.002755306 -0.2290136 -0.1486659 0.03651362 -0.2318212 -0.1486659 0.03651362 -0.2523367 -0.1486659 0.03651362 -0.2523367 -0.1486659 0.0263053 -0.2318212 -0.1486659 0.0263053 -0.2317673 -0.1486659 0.0125372 -0.2290136 -0.1486659 0.0263053 -0.2290136 -0.1486659 0.0125372 -0.2523367 -0.1486659 0.01199972 -0.2523367 -0.1486659 0.003959862 -0.1947342 -0.1486659 0 -0.1947342 -0.1486659 0.002755306 -0.1947342 -0.1725978 0.002755306 -0.1947342 -0.1791761 0.005620357 -0.1947342 -0.173109 5.297011e-05 -0.1947342 -0.181029 0.003672124 -0.2280901 -0.163022 0.003959862 -0.2280793 -0.1486659 0.003959862 -0.2087859 -0.1810391 0.003959862 -0.2223596 -0.1756906 0.003959862 -0.2243336 -0.2 0.003959862 -0.2360304 -0.2 0.003959862 -0.2522144 -0.1835385 0.003959862 -0.2523367 -0.1486659 0.003959862 -0.2087859 -0.1810391 0.003959862 -0.209507 -0.1844222 0.0125372 -0.2243336 -0.2 0.003959862 -0.2243336 -0.2 0.0126264 -0.2243336 -0.2 0.03651362 -0.2095174 -0.184471 0.03651362 -0.1947342 -0.181029 0.003672124 -0.2087859 -0.1810391 0.003959862 -0.209507 -0.1844222 0.0125372 -0.2095174 -0.184471 0.03651362 -0.1947342 -0.1845214 0.03651362 -0.1947342 -0.184471 0.0125372 -0.1947342 -0.1791761 0.005620357 -0.1947342 -0.181029 0.003672124 -0.1947342 -0.1845214 0.03651362 -0.1947342 -0.181901 0.03651362 -0.1947342 -0.181901 0.0125372 -0.1947342 -0.184471 0.0125372 -0.2360304 -0.2 0.003959862 -0.2522144 -0.1835385 0.003959862 -0.2362262 -0.2 0.01270705 -0.2524584 -0.183794 0.01196932 -0.2362262 -0.2 0.01270705 -0.2524584 -0.183794 0.01196932 -0.2235646 -0.1806537 0.01198768 -0.2317673 -0.1486659 0.0125372 -0.231715 -0.1636951 0.01200316 -0.2523367 -0.1486659 0.01199972 -0.2362262 -0.2 0.01270705 -0.2235646 -0.1806537 0.01198768 -0.236464 -0.2 0.02627198 -0.2235945 -0.1806983 0.0263053 -0.2243336 -0.2 0.003959862 -0.2243336 -0.2 0.0126264 -0.2360304 -0.2 0.003959862 -0.2362262 -0.2 0.01270705 -0.236464 -0.2 0.02627198 -0.2363232 -0.2 0.03651362 -0.2243336 -0.2 0.03651362 -0.236464 -0.2 0.02627198 -0.2523273 -0.1836576 0.02654097 -0.2235945 -0.1806983 0.0263053 -0.2523367 -0.1486659 0.0263053 -0.2318212 -0.1486659 0.0263053 -0.2317673 -0.1637047 0.0263053 -0.236464 -0.2 0.02627198 -0.2523273 -0.1836576 0.02654097 -0.2363232 -0.2 0.03651362 -0.2523459 -0.1836754 0.03651362 -0.2363232 -0.2 0.03651362 -0.2243336 -0.2 0.03651362 -0.2095174 -0.184471 0.03651362 -0.1947342 -0.1845214 0.03651362 -0.2089697 -0.181901 0.03651362 -0.2231429 -0.1764217 0.03651362 -0.1947342 -0.181901 0.03651362 -0.2290136 -0.1631935 0.03651362 -0.2290136 -0.1486659 0.03651362 -0.2318212 -0.1486659 0.03651362 -0.2523459 -0.1836754 0.03651362 -0.2523367 -0.1486659 0.03651362 -0.2523273 -0.1836576 0.02654097 -0.2523459 -0.1836754 0.03651362 -0.2523367 -0.1486659 0.03651362 -0.2523367 -0.1486659 0.0263053 -0.2318212 -0.1486659 0.0263053 -0.2317673 -0.1486659 0.0125372 -0.2317673 -0.1637047 0.0263053 -0.231715 -0.1636951 0.01200316 -0.2235646 -0.1806537 0.01198768 -0.2235945 -0.1806983 0.0263053 -0.2317673 -0.1637047 0.0263053 -0.231715 -0.1636951 0.01200316 -0.2522144 -0.1835385 0.003959862 -0.2524584 -0.183794 0.01196932 -0.2523367 -0.1486659 0.01199972 -0.2523367 -0.1486659 0.003959862 -0.2357206 -0.1760432 0.01263726 -0.2357206 -0.1760432 0.01263726 -0.2316721 -0.1760432 0.01544154 -0.24088 -0.1644177 0.01263726 -0.24088 -0.1644177 0.01263726 -0.24088 -0.1876686 0.01263726 -0.24088 -0.1876686 0.01263726 -0.2380173 -0.1903405 0.01544154 -0.2533361 -0.1924841 0.01263726 -0.2533361 -0.1924841 0.01263726 -0.2533361 -0.1962626 0.01544154 -0.2657921 -0.1876686 0.01263726 -0.2657921 -0.1876686 0.01263726 -0.2686548 -0.1903405 0.01544154 -0.2709515 -0.1760432 0.01263726 -0.275 -0.1760432 0.01544154 -0.2657921 -0.1644177 0.01263726 -0.2657921 -0.1644177 0.01263726 -0.2686548 -0.1617458 0.01544154 -0.2686548 -0.1617458 0.01544154 -0.2533361 -0.1596022 0.01263723 -0.2533361 -0.1596022 0.01263723 -0.2533361 -0.1558237 0.01544152 -0.2380173 -0.1617458 0.01544152 -0.2533361 -0.1558237 0.02326957 -0.2533361 -0.1596022 0.02607385 -0.2533361 -0.1596022 0.02607385 -0.2380173 -0.1617458 0.02326957 -0.2686548 -0.1617458 0.02326957 -0.2686548 -0.1617458 0.02326957 -0.2657921 -0.1644177 0.02607385 -0.2657921 -0.1644177 0.02607385 -0.275 -0.1760432 0.02326957 -0.2709515 -0.1760432 0.02607385 -0.2686548 -0.1903405 0.02326958 -0.2657921 -0.1876686 0.02607386 -0.2657921 -0.1876686 0.02607386 -0.2533361 -0.1962626 0.02326958 -0.2533361 -0.1924841 0.02607386 -0.2533361 -0.1924841 0.02607386 -0.2380173 -0.1903405 0.02326958 -0.24088 -0.1876686 0.02607386 -0.24088 -0.1876686 0.02607386 -0.2316721 -0.1760432 0.02326957 -0.2357206 -0.1760432 0.02607385 -0.2357206 -0.1760432 0.02607385 -0.24088 -0.1644177 0.02607385 -0.24088 -0.1644177 0.02607385 0.1415585 0.1889446 0.1144006 0.1475985 0.1889446 0.1144006 0.1415585 0.1889446 0.1251375 0.1475985 0.1889446 0.1251375 0.1475985 0.1933765 0.1144006 0.1475985 0.1933765 0.1317223 0.1475985 0.1889446 0.1144006 0.1475985 0.1771206 0.1317223 0.1475985 0.1889446 0.1251375 0.1475985 0.1771206 0.1251375 0.1415585 0.1889446 0.1251375 0.1475985 0.1889446 0.1251375 0.1415585 0.1771206 0.1251375 0.1475985 0.1771206 0.1251375 0.1415585 0.1771206 0.1317223 0.1475985 0.1771206 0.1317223 0.1415585 0.1771206 0.1251375 0.1475985 0.1771206 0.1251375 -0.236464 0.1900384 0.02627198 -0.2523273 0.173696 0.02654097 -0.2235945 0.1707367 0.0263053 -0.2523367 0.1387043 0.0263053 -0.2318212 0.1387043 0.0263053 -0.2317673 0.1537431 0.0263053 0.2420152 -0.1626515 0.2443796 0.2420152 -0.1626515 0.2443796 0.2449347 -0.1631935 0.2374628 0.2449347 -0.1631935 0.2374628 0.2349669 -0.161343 0.2472447 -0.2209084 -0.1743362 0.2443796 -0.2231429 -0.1764217 0.2374628 -0.2155139 -0.1693013 0.2472447 -0.2260941 -0.1626515 0.2443796 -0.2260941 -0.1626515 0.2443796 -0.2290136 -0.1631935 0.2374628 -0.2290136 -0.1631935 0.2374628 -0.2190458 -0.161343 0.2472447 -0.208389 -0.1791761 0.2443796 -0.208389 -0.1791761 0.2443796 -0.2089697 -0.181901 0.2374628 -0.2089697 -0.181901 0.2374628 -0.206987 -0.1725978 0.2472447 0.2229081 -0.1725978 0.2472447 0.2248908 -0.181901 0.2374628 0.2248908 -0.181901 0.2374628 0.2243101 -0.1791761 0.2443796 0.2243101 -0.1791761 0.2443796 0.2314349 -0.1693014 0.2472447 0.239064 -0.1764217 0.2374628 0.2368295 -0.1743362 0.2443796 -0.2190458 0.1513814 0.2472447 -0.2290136 0.1532319 0.2374628 -0.2290136 0.1532319 0.2374628 -0.2260941 0.1526899 0.2443796 -0.2260941 0.1526899 0.2443796 -0.206987 0.1626362 0.2472447 -0.2089697 0.1719393 0.2374628 -0.2089697 0.1719393 0.2374628 -0.208389 0.1692145 0.2443796 -0.208389 0.1692145 0.2443796 -0.2155139 0.1593397 0.2472447 -0.2231429 0.1664601 0.2374628 -0.2209084 0.1643746 0.2443796 0.2229081 0.1626362 0.2472447 0.2248908 0.1719393 0.2374628 0.2248908 0.1719393 0.2374628 0.2243101 0.1692145 0.2443796 0.2243101 0.1692145 0.2443796 0.2349669 0.1513814 0.2472447 0.2449347 0.1532319 0.2374628 0.2449347 0.1532319 0.2374628 0.2420152 0.1526899 0.2443796 0.2420152 0.1526899 0.2443796 0.2314349 0.1593398 0.2472447 0.239064 0.1664601 0.2374628 0.2368295 0.1643746 0.2443796 0.239064 -0.1764217 0.1555612 0.239064 -0.1764217 0.1555612 0.239064 -0.1764217 0.1555612 0.2449347 -0.1631935 0.1555612 0.2449347 -0.1631935 0.1555612 0.2449347 -0.1631935 0.1555612 0.2248908 -0.181901 0.1555612 0.2248908 -0.181901 0.1555612 0.2248908 -0.181901 0.1555612 -0.2089697 0.1719393 0.1555612 -0.2089697 0.1719393 0.1555612 -0.2089697 0.1719393 0.1555612 -0.2231429 0.1664601 0.1555612 -0.2231429 0.1664601 0.1555612 -0.2231429 0.1664601 0.1555612 -0.2290136 0.1532319 0.1555612 -0.2290136 0.1532319 0.1555612 -0.2290136 0.1532319 0.1555612 0.239064 0.1664601 0.1555612 0.239064 0.1664601 0.1555612 0.239064 0.1664601 0.1555612 0.2449347 0.1532319 0.1555612 0.2449347 0.1532319 0.1555612 0.2449347 0.1532319 0.1555612 -0.2231429 -0.1764217 0.1555612 -0.2231429 -0.1764217 0.1555612 -0.2231429 -0.1764217 0.1555612 -0.2290136 -0.1631935 0.1555612 -0.2290136 -0.1631935 0.1555612 -0.2290136 -0.1631935 0.1555612 -0.2089697 -0.181901 0.1555612 -0.2089697 -0.181901 0.1555612 -0.2089697 -0.181901 0.1555612 0.2248908 0.1719393 0.1555612 0.2248908 0.1719393 0.1555612 0.2248908 0.1719393 0.1555612 0.2229081 0.1513814 0.2472447 -0.206987 0.1513814 0.2472447 -0.206987 -0.1613431 0.2472447 0.2229081 -0.1613431 0.2472447 -0.2181091 -0.1717235 0.2407527 -0.2181091 -0.1717235 0.2407527 -0.2181091 -0.1717235 0.2407527 0.2340302 -0.1717235 0.2407527 0.2340302 -0.1717235 0.2407527 0.2340302 -0.1717235 0.2407527 -0.2181091 0.1617619 0.2407527 -0.2181091 0.1617619 0.2407527 -0.2181091 0.1617619 0.2407527 0.2340302 0.1617619 0.2407527 0.2340302 0.1617619 0.2407527 0.2340302 0.1617619 0.2407527 0.2340302 -0.1717235 0.1555612 0.2340302 -0.1717235 0.1555612 0.2340302 -0.1717235 0.1555612 0.2340302 -0.1717235 0.1555612 -0.2181091 0.1617619 0.1555612 -0.2181091 0.1617619 0.1555612 -0.2181091 0.1617619 0.1555612 -0.2181091 0.1617619 0.1555612 -0.2181091 -0.1717236 0.1555612 -0.2181091 -0.1717236 0.1555612 -0.2181091 -0.1717236 0.1555612 -0.2181091 -0.1717236 0.1555612 0.2340302 0.1617619 0.1555612 0.2340302 0.1617619 0.1555612 0.2340302 0.1617619 0.1555612 0.2340302 0.1617619 0.1555612 -0.2110827 0.1818547 0.1555612 -0.2110827 0.1818547 0.1555612 0.2270038 0.1818547 0.1555612 0.2270038 0.1818547 0.1555612 -0.2396373 0.1552041 0.1555612 -0.2396373 0.1552041 0.1555612 -0.230802 0.1736085 0.1555612 -0.230802 0.1736085 0.1555612 0.2467231 -0.1835701 0.1555612 0.2467231 -0.1835701 0.1555612 -0.2110827 -0.1918163 0.1555612 -0.2110827 -0.1918163 0.1555612 0.2270038 -0.1918163 0.1555612 0.2270038 -0.1918163 0.1555612 0.2270038 -0.1918163 0.1555612 0.2270038 -0.1918163 0.1555612 -0.2396373 -0.1651657 0.1555612 -0.2396373 -0.1651657 0.1555612 -0.230802 -0.1835701 0.1555612 -0.230802 -0.1835701 0.1555612 0.2555584 -0.1651657 0.1555612 0.2555584 -0.1651657 0.1555612 0.2555584 0.1552041 0.1555612 0.2555584 0.1552041 0.1555612 0.2467231 0.1736085 0.1555612 0.2467231 0.1736085 0.1555612 0.2467231 0.1736085 0.1624963 0.2467231 0.1736085 0.1624963 0.2555584 0.1552041 0.1624963 0.2555584 0.1552041 0.1624963 -0.2110827 -0.1918163 0.1624963 -0.2110827 -0.1918163 0.1624963 -0.2396373 0.1552041 0.1624963 -0.2396373 0.1552041 0.1624963 -0.2110827 0.1818547 0.1624963 -0.2110827 0.1818547 0.1624963 0.2555584 -0.1651657 0.1624963 0.2555584 -0.1651657 0.1624963 0.2270038 -0.1918163 0.1624963 0.2270038 -0.1918163 0.1624963 0.2270038 -0.1918163 0.1624963 0.2270038 -0.1918163 0.1624963 0.2467231 -0.1835701 0.1624963 0.2467231 -0.1835701 0.1624963 -0.230802 0.1736085 0.1624963 -0.230802 0.1736085 0.1624963 -0.2396373 -0.1651657 0.1624963 -0.2396373 -0.1651657 0.1624963 -0.230802 -0.1835701 0.1624963 -0.230802 -0.1835701 0.1624963 0.2270038 0.1818547 0.1624963 0.2270038 0.1818547 0.1624963 -0.2089697 0.1719393 0.1555612 0.2248908 0.1719393 0.1555612 -0.2290136 0.1532319 0.1555612 -0.2231429 0.1664601 0.1555612 0.239064 -0.1764217 0.1555612 -0.2089697 -0.181901 0.1555612 0.2248908 -0.181901 0.1555612 0.2248908 -0.181901 0.1555612 -0.2290136 -0.1631935 0.1555612 -0.2231429 -0.1764217 0.1555612 0.2449347 -0.1631935 0.1555612 0.2449347 0.1532319 0.1555612 0.239064 0.1664601 0.1555612 0.239064 0.1664601 0.1624963 0.2449347 0.1532319 0.1624963 -0.2089697 -0.181901 0.1624963 -0.2290136 0.1532319 0.1624963 -0.2089697 0.1719393 0.1624963 0.2449347 -0.1631935 0.1624963 0.2248908 -0.181901 0.1624963 0.2248908 -0.181901 0.1624963 0.239064 -0.1764217 0.1624963 -0.2231429 0.1664601 0.1624963 -0.2290136 -0.1631935 0.1624963 -0.2231429 -0.1764217 0.1624963 0.2248908 0.1719393 0.1624963 0.1586152 -0.1926581 0.1555612 0.1586152 -0.1926581 0.1555612 0.1586152 -0.1926581 0.1555612 0.1586152 -0.1926581 0.1643879 0.1586152 -0.1926581 0.1643879 0.1586152 -0.1926581 0.1643879 -0.1426941 -0.181901 0.1643879 -0.1426941 -0.181901 0.1643879 -0.1426941 -0.181901 0.1555612 -0.1426941 -0.181901 0.1555612 0.1586152 -0.181901 0.1643879 0.1586152 -0.181901 0.1643879 0.1586152 -0.181901 0.1555612 0.1586152 -0.181901 0.1555612 -0.1426941 -0.1926581 0.1643879 -0.1426941 -0.1926581 0.1643879 -0.1426941 -0.1926581 0.1643879 -0.1426941 -0.1926581 0.1555612 -0.1426941 -0.1926581 0.1555612 -0.1426941 -0.1926581 0.1555612 -0.2196368 0.1514911 0.2499358 -0.231715 0.1537335 0.2379968 -0.231715 0.1537335 0.2379968 -0.231715 0.1537335 0.2379968 -0.2280901 0.1530604 0.2460401 -0.2280901 0.1530604 0.2460401 -0.2071044 0.1631878 0.2499358 -0.209507 0.1744606 0.2374628 -0.209507 0.1744606 0.2374628 -0.208786 0.1710775 0.2460401 -0.208786 0.1710775 0.2460401 -0.208786 0.1710775 0.2460401 -0.208786 0.1710775 0.2460401 -0.2159602 0.1597563 0.2499295 -0.2235646 0.1706921 0.2380123 -0.2235646 0.1706921 0.2380123 -0.2235646 0.1706921 0.2380123 -0.2223596 0.165729 0.2460401 -0.2223596 0.165729 0.2460401 -0.2317673 0.1537431 0.2236947 -0.2317673 0.1537431 0.2236947 -0.2317673 0.1537431 0.2236947 -0.2235945 0.1707367 0.2236947 -0.2235945 0.1707367 0.2236947 -0.2235945 0.1707367 0.2236947 -0.1947341 0.1631474 0.249947 -0.1947341 0.1631474 0.249947 -0.1947341 0.1745094 0.2374628 -0.1947341 0.1745094 0.2374628 -0.1947341 0.1710674 0.2463279 -0.1947341 0.1710674 0.2463279 -0.1947341 0.1710674 0.2463279 -0.1947341 0.1710674 0.2463279 -0.2195935 0.1387043 0.249947 -0.2195935 0.1387043 0.249947 -0.2317673 0.1387043 0.2374628 -0.2317673 0.1387043 0.2374628 -0.2317673 0.1387043 0.2374628 -0.2280793 0.1387043 0.2460401 -0.2280793 0.1387043 0.2460401 -0.2280793 0.1387043 0.2460401 -0.2318212 0.1387043 0.2236947 -0.2318212 0.1387043 0.2236947 -0.2318212 0.1387043 0.2236947 -0.1947341 0.1387043 0.25 -0.1947341 0.1387043 0.25 -0.1947341 0.1387043 0.25 -0.1947341 0.1626362 0.2472447 -0.1947341 0.1719393 0.2374628 -0.1947341 0.1692145 0.2443796 -0.1947341 0.1692145 0.2443796 -0.2190458 0.1387043 0.2472447 -0.2290136 0.1387043 0.2374628 -0.2260941 0.1387043 0.2443796 -0.2290136 0.1387043 0.2236947 -0.1947341 0.1387043 0.2472447 -0.1947341 0.1387043 0.2472447 -0.2095174 0.1745094 0.2134864 -0.2095174 0.1745094 0.2134864 -0.2095174 0.1745094 0.2134864 -0.1947341 0.1745598 0.2134864 -0.1947341 0.1745598 0.2134864 -0.1947341 0.1745598 0.2134864 -0.2318212 0.1387043 0.2134864 -0.2318212 0.1387043 0.2134864 -0.2290136 0.1532319 0.2134864 -0.2231429 0.1664601 0.2134864 -0.2089697 0.1719393 0.2134864 -0.1947341 0.1719393 0.2134864 -0.1947341 0.1719393 0.2134864 -0.2290136 0.1387043 0.2134864 -0.2290136 0.1387043 0.2134864 -0.2522144 0.1735769 0.2460401 -0.2522144 0.1735769 0.2460401 -0.2522144 0.1735769 0.2460401 -0.2360304 0.1900384 0.2460401 -0.2360304 0.1900384 0.2460401 -0.2360304 0.1900384 0.2460401 -0.2362262 0.1900384 0.2372929 -0.2362262 0.1900384 0.2372929 -0.2362262 0.1900384 0.2372929 -0.2362262 0.1900384 0.2372929 -0.2524584 0.1738324 0.2380307 -0.2524584 0.1738324 0.2380307 -0.2524584 0.1738324 0.2380307 -0.2523273 0.173696 0.223459 -0.2523273 0.173696 0.223459 -0.2523273 0.173696 0.223459 -0.236464 0.1900384 0.223728 -0.236464 0.1900384 0.223728 -0.236464 0.1900384 0.223728 -0.236464 0.1900384 0.223728 -0.2523367 0.1387043 0.2460401 -0.2523367 0.1387043 0.2460401 -0.2523367 0.1387043 0.2460401 -0.2523367 0.1387043 0.2380003 -0.2523367 0.1387043 0.2380003 -0.2523367 0.1387043 0.2380003 -0.2523367 0.1387043 0.2236947 -0.2523367 0.1387043 0.2236947 -0.2523367 0.1387043 0.2236947 -0.2523459 0.1737138 0.2134864 -0.2523459 0.1737138 0.2134864 -0.2523459 0.1737138 0.2134864 -0.2523367 0.1387043 0.2134864 -0.2523367 0.1387043 0.2134864 -0.2523367 0.1387043 0.2134864 -0.2363232 0.1900384 0.2134864 -0.2363232 0.1900384 0.2134864 -0.2363232 0.1900384 0.2134864 -0.2243336 0.1900384 0.2460401 -0.2243336 0.1900384 0.2460401 -0.2243336 0.1900384 0.2460401 -0.2243336 0.1900384 0.2373736 -0.2243336 0.1900384 0.2373736 -0.2243336 0.1900384 0.2134864 -0.2243336 0.1900384 0.2134864 -0.2243336 0.1900384 0.2134864 -0.2357206 0.1660815 0.2373628 -0.2357206 0.1660815 0.2373628 -0.2316721 0.1660815 0.2345585 -0.2357206 0.1660815 0.2239261 -0.2357206 0.1660815 0.2239261 -0.2316721 0.1660815 0.2267304 -0.24088 0.1544561 0.2373628 -0.24088 0.1544561 0.2373628 -0.2380173 0.1517843 0.2345585 -0.24088 0.1544561 0.2239261 -0.24088 0.1544561 0.2239261 -0.2380173 0.1517842 0.2267304 -0.253336 0.1496406 0.2373628 -0.253336 0.1496406 0.2373628 -0.253336 0.1458621 0.2345585 -0.253336 0.1496406 0.2239261 -0.253336 0.1496406 0.2239261 -0.253336 0.1458621 0.2267304 -0.2657921 0.1544561 0.2373628 -0.2657921 0.1544561 0.2373628 -0.2686548 0.1517843 0.2345585 -0.2686548 0.1517843 0.2345585 -0.2657921 0.1544561 0.2239261 -0.2657921 0.1544561 0.2239261 -0.2686548 0.1517842 0.2267304 -0.2686548 0.1517842 0.2267304 -0.2709515 0.1660815 0.2373628 -0.275 0.1660815 0.2345585 -0.2709515 0.1660815 0.2239261 -0.275 0.1660815 0.2267304 -0.2657921 0.177707 0.2373628 -0.2657921 0.177707 0.2373628 -0.2686548 0.1803789 0.2345585 -0.2657921 0.177707 0.2239261 -0.2657921 0.177707 0.2239261 -0.2686548 0.1803788 0.2267304 -0.253336 0.1825225 0.2373628 -0.253336 0.1825225 0.2373628 -0.253336 0.186301 0.2345585 -0.253336 0.1825225 0.2239261 -0.253336 0.1825225 0.2239261 -0.253336 0.186301 0.2267304 -0.2408801 0.177707 0.2373628 -0.2408801 0.177707 0.2373628 -0.2380173 0.1803789 0.2345585 -0.2408801 0.177707 0.2239261 -0.2408801 0.177707 0.2239261 -0.2380173 0.1803789 0.2267304 -0.2196368 -0.1614527 0.2499358 -0.2159602 -0.1697179 0.2499295 -0.2280901 -0.163022 0.2460401 -0.2280901 -0.163022 0.2460401 -0.2195935 -0.1486659 0.249947 -0.2195935 -0.1486659 0.249947 -0.2280793 -0.1486659 0.2460401 -0.2280793 -0.1486659 0.2460401 -0.2280793 -0.1486659 0.2460401 -0.1947341 -0.1486659 0.25 -0.1947341 -0.1486659 0.25 -0.1947341 -0.1486659 0.25 -0.2190458 -0.1486659 0.2472447 -0.2260941 -0.1486659 0.2443796 -0.1947341 -0.1486659 0.2472447 -0.1947341 -0.1486659 0.2472447 -0.1947341 -0.1725978 0.2472447 -0.1947341 -0.1791761 0.2443796 -0.1947341 -0.1791761 0.2443796 -0.1947341 -0.173109 0.249947 -0.1947341 -0.173109 0.249947 -0.1947341 -0.181029 0.2463279 -0.1947341 -0.181029 0.2463279 -0.1947341 -0.181029 0.2463279 -0.1947341 -0.181029 0.2463279 -0.2071044 -0.1731494 0.2499358 -0.208786 -0.1810391 0.2460401 -0.208786 -0.1810391 0.2460401 -0.208786 -0.1810391 0.2460401 -0.208786 -0.1810391 0.2460401 -0.2223596 -0.1756906 0.2460401 -0.2223596 -0.1756906 0.2460401 -0.209507 -0.1844222 0.2374628 -0.209507 -0.1844222 0.2374628 -0.2243336 -0.2 0.2460401 -0.2243336 -0.2 0.2460401 -0.2243336 -0.2 0.2460401 -0.2243336 -0.2 0.2373736 -0.2243336 -0.2 0.2373736 -0.2360304 -0.2 0.2460401 -0.2360304 -0.2 0.2460401 -0.2360304 -0.2 0.2460401 -0.2522144 -0.1835385 0.2460401 -0.2522144 -0.1835385 0.2460401 -0.2522144 -0.1835385 0.2460401 -0.2362262 -0.2 0.2372929 -0.2362262 -0.2 0.2372929 -0.2362262 -0.2 0.2372929 -0.2362262 -0.2 0.2372929 -0.2524584 -0.183794 0.2380307 -0.2524584 -0.183794 0.2380307 -0.2524584 -0.183794 0.2380307 -0.2235646 -0.1806537 0.2380123 -0.2235646 -0.1806537 0.2380123 -0.2235646 -0.1806537 0.2380123 -0.236464 -0.2 0.223728 -0.236464 -0.2 0.223728 -0.236464 -0.2 0.223728 -0.236464 -0.2 0.223728 -0.2523273 -0.1836576 0.223459 -0.2523273 -0.1836576 0.223459 -0.2523273 -0.1836576 0.223459 -0.2363232 -0.2 0.2134864 -0.2363232 -0.2 0.2134864 -0.2363232 -0.2 0.2134864 -0.2235945 -0.1806983 0.2236947 -0.2235945 -0.1806983 0.2236947 -0.2235945 -0.1806983 0.2236947 -0.2243336 -0.2 0.2134864 -0.2243336 -0.2 0.2134864 -0.2243336 -0.2 0.2134864 -0.2095174 -0.184471 0.2134864 -0.2095174 -0.184471 0.2134864 -0.2095174 -0.184471 0.2134864 -0.1947341 -0.1845214 0.2134864 -0.1947341 -0.1845214 0.2134864 -0.1947341 -0.1845214 0.2134864 -0.2089697 -0.181901 0.2134864 -0.2231429 -0.1764217 0.2134864 -0.1947341 -0.181901 0.2134864 -0.1947341 -0.181901 0.2134864 -0.1947341 -0.181901 0.2374628 -0.1947341 -0.184471 0.2374628 -0.1947341 -0.184471 0.2374628 -0.2290136 -0.1631935 0.2134864 -0.2290136 -0.1486659 0.2134864 -0.2290136 -0.1486659 0.2134864 -0.2318212 -0.1486659 0.2134864 -0.2318212 -0.1486659 0.2134864 -0.2523459 -0.1836754 0.2134864 -0.2523459 -0.1836754 0.2134864 -0.2523459 -0.1836754 0.2134864 -0.2523367 -0.1486659 0.2134864 -0.2523367 -0.1486659 0.2134864 -0.2523367 -0.1486659 0.2134864 -0.2523367 -0.1486659 0.2236947 -0.2523367 -0.1486659 0.2236947 -0.2523367 -0.1486659 0.2236947 -0.2318212 -0.1486659 0.2236947 -0.2318212 -0.1486659 0.2236947 -0.2318212 -0.1486659 0.2236947 -0.2317673 -0.1486659 0.2374628 -0.2317673 -0.1486659 0.2374628 -0.2317673 -0.1486659 0.2374628 -0.2317673 -0.1637047 0.2236947 -0.2317673 -0.1637047 0.2236947 -0.2317673 -0.1637047 0.2236947 -0.2290136 -0.1486659 0.2236947 -0.2290136 -0.1486659 0.2374628 -0.231715 -0.1636951 0.2379968 -0.231715 -0.1636951 0.2379968 -0.231715 -0.1636951 0.2379968 -0.2523367 -0.1486659 0.2380003 -0.2523367 -0.1486659 0.2380003 -0.2523367 -0.1486659 0.2380003 -0.2523367 -0.1486659 0.2460401 -0.2523367 -0.1486659 0.2460401 -0.2523367 -0.1486659 0.2460401 -0.2357206 -0.1760432 0.2373628 -0.2357206 -0.1760432 0.2373628 -0.2316721 -0.1760432 0.2345585 -0.24088 -0.1644177 0.2373628 -0.24088 -0.1644177 0.2373628 -0.2408801 -0.1876686 0.2373628 -0.2408801 -0.1876686 0.2373628 -0.2380173 -0.1903405 0.2345585 -0.253336 -0.1924841 0.2373628 -0.253336 -0.1924841 0.2373628 -0.253336 -0.1962626 0.2345585 -0.2657921 -0.1876686 0.2373628 -0.2657921 -0.1876686 0.2373628 -0.2686548 -0.1903405 0.2345585 -0.2709515 -0.1760432 0.2373628 -0.275 -0.1760432 0.2345585 -0.2657921 -0.1644177 0.2373628 -0.2657921 -0.1644177 0.2373628 -0.2686548 -0.1617458 0.2345585 -0.2686548 -0.1617458 0.2345585 -0.253336 -0.1596022 0.2373628 -0.253336 -0.1596022 0.2373628 -0.253336 -0.1558237 0.2345585 -0.2380173 -0.1617458 0.2345585 -0.253336 -0.1558237 0.2267304 -0.253336 -0.1596022 0.2239261 -0.253336 -0.1596022 0.2239261 -0.2380173 -0.1617458 0.2267304 -0.2686548 -0.1617458 0.2267304 -0.2686548 -0.1617458 0.2267304 -0.2657921 -0.1644177 0.2239261 -0.2657921 -0.1644177 0.2239261 -0.275 -0.1760432 0.2267304 -0.2709515 -0.1760432 0.2239261 -0.2686548 -0.1903405 0.2267304 -0.2657921 -0.1876686 0.2239261 -0.2657921 -0.1876686 0.2239261 -0.253336 -0.1962626 0.2267304 -0.253336 -0.1924841 0.2239261 -0.253336 -0.1924841 0.2239261 -0.2380173 -0.1903405 0.2267304 -0.2408801 -0.1876686 0.2239261 -0.2408801 -0.1876686 0.2239261 -0.2316721 -0.1760432 0.2267304 -0.2357206 -0.1760432 0.2239261 -0.2357206 -0.1760432 0.2239261 -0.24088 -0.1644177 0.2239261 -0.24088 -0.1644177 0.2239261 0.1558488 0.1856298 0.1571171 0.1558488 0.1856298 0.1571171 0.1558488 0.1856298 0.1571171 0.1694061 0.1856298 0.1571171 0.1694061 0.1856298 0.1571171 0.1694061 0.1856298 0.1571171 0.1558488 0.1856298 0.1540052 0.1558488 0.1856298 0.1540052 0.1558488 0.1856298 0.1540052 0.1694061 0.1856298 0.1540052 0.1694061 0.1856298 0.1540052 0.1694061 0.1856298 0.1540052 0.1694061 0.1903211 0.1540052 0.1694061 0.1903211 0.1540052 0.1694061 0.1903211 0.1540052 0.1558488 0.1903211 0.1540052 0.1558488 0.1903211 0.1540052 0.1558488 0.1903211 0.1540052 0.1558488 0.1903211 0.1571171 0.1558488 0.1903211 0.1571171 0.1558488 0.1903211 0.1571171 0.1694061 0.1903211 0.1571171 0.1694061 0.1903211 0.1571171 0.1694061 0.1903211 0.1571171 0.1536282 0.1818547 0.1580583 0.1536282 0.1818547 0.1580583 0.1548898 0.1818547 0.1592963 0.1548898 0.1818547 0.1592963 0.1703652 0.1818547 0.1592963 0.1703652 0.1818547 0.1592963 0.1716267 0.1818547 0.1580583 0.1716267 0.1818547 0.1580583 0.1548898 0.1818547 0.1518261 0.1548898 0.1818547 0.1518261 0.1536282 0.1818547 0.153064 0.1536282 0.1818547 0.153064 0.1716267 0.1818547 0.153064 0.1716267 0.1818547 0.153064 0.1703652 0.1818547 0.1518261 0.1703652 0.1818547 0.1518261 0.1703652 0.1856298 0.1518261 0.1703652 0.1856298 0.1518261 0.1703652 0.1856298 0.1518261 0.1716267 0.1856298 0.153064 0.1716267 0.1856298 0.153064 0.1716267 0.1856298 0.153064 0.1536282 0.1856298 0.153064 0.1536282 0.1856298 0.153064 0.1536282 0.1856298 0.153064 0.1548898 0.1856298 0.1518261 0.1548898 0.1856298 0.1518261 0.1548898 0.1856298 0.1518261 0.1548898 0.1856298 0.1592963 0.1548898 0.1856298 0.1592963 0.1548898 0.1856298 0.1592963 0.1536282 0.1856298 0.1580583 0.1536282 0.1856298 0.1580583 0.1536282 0.1856298 0.1580583 0.1716267 0.1856298 0.1580583 0.1716267 0.1856298 0.1580583 0.1716267 0.1856298 0.1580583 0.1703652 0.1856298 0.1592963 0.1703652 0.1856298 0.1592963 0.1703652 0.1856298 0.1592963 0.1536282 0.1856298 0.1580583 0.1536282 0.1856298 0.1580583 0.1536282 0.1856298 0.1580583 0.1536282 0.1818547 0.153064 0.1536282 0.1818547 0.153064 0.1536282 0.1818547 0.153064 0.1523667 0.1818547 0.1592963 0.1523667 0.1818547 0.1592963 0.1523667 0.1856298 0.1592963 0.1523667 0.1856298 0.1592963 0.1523667 0.1856298 0.1592963 0.1368913 0.1818547 0.1592963 0.1368913 0.1818547 0.1592963 0.1356298 0.1818547 0.1580583 0.1356298 0.1818547 0.1580583 0.1368913 0.1856298 0.1592963 0.1368913 0.1856298 0.1592963 0.1368913 0.1856298 0.1592963 0.1378503 0.1856298 0.1571171 0.1378503 0.1856298 0.1571171 0.1378503 0.1856298 0.1571171 0.1356298 0.1856298 0.1580583 0.1356298 0.1856298 0.1580583 0.1356298 0.1856298 0.1580583 0.1356298 0.1856298 0.153064 0.1356298 0.1856298 0.153064 0.1356298 0.1856298 0.153064 0.1368913 0.1856298 0.1518261 0.1368913 0.1856298 0.1518261 0.1368913 0.1856298 0.1518261 0.1378503 0.1856298 0.1540052 0.1378503 0.1856298 0.1540052 0.1378503 0.1856298 0.1540052 0.1356298 0.1818547 0.153064 0.1356298 0.1818547 0.153064 0.1368913 0.1818547 0.1518261 0.1368913 0.1818547 0.1518261 0.1523667 0.1818547 0.1518261 0.1523667 0.1818547 0.1518261 0.1523667 0.1856298 0.1518261 0.1523667 0.1856298 0.1518261 0.1523667 0.1856298 0.1518261 0.1536282 0.1856298 0.153064 0.1536282 0.1856298 0.153064 0.1536282 0.1856298 0.153064 0.1514076 0.1856298 0.1540052 0.1514076 0.1856298 0.1540052 0.1514076 0.1856298 0.1540052 0.1514076 0.1856298 0.1571171 0.1514076 0.1856298 0.1571171 0.1514076 0.1856298 0.1571171 0.1514076 0.1903211 0.1540052 0.1514076 0.1903211 0.1540052 0.1514076 0.1903211 0.1540052 0.1378503 0.1903211 0.1540052 0.1378503 0.1903211 0.1540052 0.1378503 0.1903211 0.1540052 0.1514076 0.1903211 0.1571171 0.1514076 0.1903211 0.1571171 0.1514076 0.1903211 0.1571171 0.1378503 0.1903211 0.1571171 0.1378503 0.1903211 0.1571171 0.1378503 0.1903211 0.1571171 0.1536282 0.1818547 0.1580583 0.1536282 0.1818547 0.1580583 0.1536282 0.1818547 0.1580583</float_array>
          <technique_common>
            <accessor count="1682" source="#verts-array-array" stride="3">
              <param type="float" name="X"/>
              <param type="float" name="Y"/>
              <param type="float" name="Z"/>
            </accessor>
          </technique_common>
        </source>
        <source id="normals-array">
          <float_array count="5046" id="normals-array-array">-0.2082273 -0.04495487 -0.9770468 -0.8972738 -0.3982144 -0.1905913 -0.9810578 0 -0.1937151 -0.671343 -0.2979448 -0.6786217 -0.7254694 0 -0.6882544 -0.04007381 -0.2187459 -0.9749586 2.501004e-08 -0.9833377 -0.1817883 -0.3543949 -0.9167083 -0.1845268 3.018441e-08 -0.7447549 -0.6673381 -0.265499 -0.6867629 -0.6766587 -0.154075 -0.1684499 -0.9735941 -0.6777901 -0.7084226 -0.1968195 -0.5050231 -0.5334375 -0.6785249 0.04007378 -0.2187465 -0.9749585 0.3543939 -0.9167087 -0.184527 0 -0.9833374 -0.1817898 0.2654969 -0.6867628 -0.6766596 1.109166e-08 -0.7447541 -0.667339 0.2082266 -0.04495442 -0.977047 0.9810578 0 -0.193715 0.8972738 -0.3982144 -0.190591 0.7254691 0 -0.6882547 0.6713433 -0.2979446 -0.6786215 0.1540744 -0.1684502 -0.9735942 0.6777905 -0.7084226 -0.1968186 0.505024 -0.5334377 -0.6785241 -0.04007385 0.2187459 -0.9749586 0 0.9833377 -0.1817883 -0.3543948 0.9167084 -0.1845267 1.109163e-08 0.7447549 -0.6673381 -0.265499 0.6867629 -0.6766588 -0.2082273 0.04495481 -0.9770468 -0.8972737 0.3982146 -0.1905915 -0.9810578 0 -0.1937151 -0.6713431 0.2979451 -0.6786215 -0.7254694 0 -0.6882544 -0.1540749 0.16845 -0.9735941 -0.6777902 0.7084225 -0.1968196 -0.5050233 0.5334374 -0.6785248 0.2082266 0.04495445 -0.977047 0.9810578 0 -0.193715 0.8972742 0.3982139 -0.1905905 0.7254691 0 -0.6882547 0.6713432 0.2979437 -0.678622 0.04007359 0.2187465 -0.9749585 0.3543947 0.9167082 -0.1845277 2.501004e-08 0.9833374 -0.1817898 0.265498 0.6867632 -0.6766588 3.018434e-08 0.7447541 -0.667339 0.1540745 0.16845 -0.9735942 0.67779 0.708423 -0.1968187 0.5050233 0.5334385 -0.678524 -0.6896471 -0.7241456 0 0 -1 0 -0.360587 -0.9327256 0 0.3605869 0.9327256 0 0 1 0 0.6896471 0.7241456 0 -0.9140283 -0.4056504 0 -1 0 0 0.9912564 0 -0.1319498 0.921295 0 -0.3888644 0.7023846 0 -0.7117976 0.7023846 0 -0.7117976 0.127627 0 -0.9918222 0.127627 0 -0.9918222 1 0 0 0.9140284 0.4056502 0 1 0 0 0.9140284 -0.4056502 0 0.3605869 -0.9327256 0 0 -1 0 0.6896471 -0.7241456 0 -0.6896471 0.7241456 0 -0.9140283 0.4056504 0 -1 0 0 0 1 0 -0.360587 0.9327256 0 0 0 -1 0 0 -1 0 0 -1 0 0 -1 1 0 0 1 0 0 1 0 0 1 0 0 0 0 -1 0 0 -1 0 0 -1 0 0 -1 0 1 0 0 1 0 0 1 0 0 1 0 0 -1 0 0 -1 0 0 -1 0 0 -1 0 0 1 0 0 1 0 0 1 0 0 1 0 -1 0 0 -1 0 0 -1 0 0 -1 0 0 0 -1 0 0 -1 0 0 -1 0 0 -1 0 0 0 1 0 0 1 0 0 1 0 0 1 0 0 1 0 0 1 0 0 1 0 0 1 0 0 1 0 0 1 0 0 1 0 0 1 0 0 1 0 0 1 0 0 1 0 0 1 0 0 1 0 0 1 0 0 1 0 0 1 0 0 1 0 0 1 0 0 1 0 0 1 0 0 1 0 0 1 0 0 1 0 0 1 1 0 0 1 0 0 1 0 0 1 0 0 1 0 0 1 0 0 1 0 0 1 0 0 0 -1 0 0 -1 0 0 -1 0 0 -1 0 0 0 1 0 0 1 0 0 1 0 0 1 -1 -1.181487e-06 0 -1 -1.181487e-06 0 -1 -1.181487e-06 0 -1 -1.181487e-06 0 0 0 -1 0 0 -1 0 0 -1 0 0 -1 0 0 1 0 0 1 0 0 1 0 0 1 0 0 1 0 0 1 0 0 1 0 0 1 0 0 1 0 0 1 0 0 1 0 0 1 0 0 1 0 0 1 0 0 1 0 0 1 0 0 1 0 0 1 0 0 1 0 0 1 0 0 1 0 0 1 0 0 1 0 0 1 0 0 1 0 0 1 -0.1967482 0.9804541 1.802827e-07 0.1967482 0.980454 0 -0.688669 0.7250759 9.276663e-07 -0.1967484 0.980454 1.982875e-07 -0.9750642 0.2219229 -1.075273e-06 -0.9750642 -0.2219232 -1.340195e-06 -0.9750642 0.2219229 -1.340195e-06 -0.6886694 0.7250755 6.70172e-07 -0.9750642 -0.2219232 -1.075273e-06 -0.6886696 -0.7250753 9.276672e-07 -0.1967484 -0.980454 1.802829e-07 -0.6886692 -0.7250756 6.701721e-07 -0.1967481 -0.9804541 1.982872e-07 0.3858052 -0.9225803 0 0 -1 0 0.6886694 -0.7250755 0 0.3858052 -0.9225803 0 0 -1 0 0.6886694 -0.7250755 0 0.9750642 -0.2219228 0 0.9750642 0.2219228 0 0.9750642 -0.2219228 0 0.9750642 0.2219228 0 0.6886694 0.7250755 0 0.6886694 0.7250755 0 0.1967482 0.980454 0 0 0 -1 0 0 -1 0 0 -1 0 0 -1 0 0 -1 0 0 -1 0 0 -1 0 0 -1 0 0 -1 0 0 -1 0 0 -1 0 0 -1 0 0 -1 0 0 -1 0 0 -1 0 0 -1 0 0 -1 0 0 -1 0 0 -1 0 0 -1 0 0 -1 0 0 -1 0 0 -1 0 0 -1 0 0 -1 0 0 -1 0 1 0 0 1 0 0 1 0 0 1 0 -0.9125364 0.4089955 0 -0.9125364 0.4089955 0 -0.9595079 0.2816817 0 -0.9595079 0.2816817 0 -1 3.443431e-08 0 -1 3.443431e-08 0 -0.959508 -0.2816814 0 -0.959508 -0.2816814 0 -0.9125367 -0.4089949 0 -0.9125367 -0.4089949 0 -1 0 0 -1 0 0 -1 0 0 -1 0 0 0 -1 0 0 -1 0 0 -1 0 0 -1 0 -1 0 0 -1 0 0 -1 0 0 -1 0 0 0.3074403 0.9515674 0 0.3074555 -0.9515625 0 0.3074555 -0.9515625 0 0.3074403 0.9515674 0 0.635382 -0.772198 0 0.6353819 -0.772198 0 0.9547132 -0.2975275 0 0.9547138 -0.2975258 3.122688e-06 1 5.051488e-06 1.834716e-05 1 5.051517e-06 1.834717e-05 0.9547143 0.297524 3.122687e-06 0.9547149 0.2975223 0 0.6353757 0.7722032 0 0.6353756 0.7722033 0 0.9991655 -0.04084541 0 0.9991655 -0.04084541 0 0.9991655 -0.04084541 0 0.9991655 -0.04084541 0 0.9991655 0.0408439 0 0.9991655 0.0408439 0 0.9991655 0.0408439 0 0.9991655 0.0408439 0 -0.001912431 -0.001657148 0.9999968 -0.002027551 0.001607718 0.9999967 0.05194562 0.06887982 0.9962717 0.03748309 0.1568501 0.9869109 0.002594492 0.003768383 0.9999895 0.04901248 -0.1360298 0.9894916 0.07707501 -0.07690389 0.9940549 0 0 1 0 0 1 -0.001403565 -0.001112924 0.9999984 -0.001456544 0.001261508 0.9999981 0.07131176 0.07116025 0.9949125 0.05048642 0.1402145 0.9888332 0.002748361 0.00295922 0.9999918 0.03143714 -0.1342813 0.9904445 0.06922707 -0.0924781 0.9933053 0 0 1 0 0 1 -0.001912829 0.001657505 -0.9999968 -0.002027993 -0.00160805 -0.9999967 0.07707471 0.07690364 -0.994055 0.04901257 0.1360299 -0.9894916 0.002594497 -0.003768334 -0.9999895 0.03748294 -0.1568499 -0.9869109 0.05194517 -0.06887934 -0.9962717 0 0 -1 0 0 -1 -0.001403879 0.001113186 -0.9999984 -0.001456837 -0.001261753 -0.9999981 0.06922636 0.09247729 -0.9933054 0.03143707 0.1342812 -0.9904445 0.002748359 -0.002959146 -0.9999918 0.05048619 -0.140214 -0.9888332 0.07131185 -0.07116037 -0.9949125 0 0 -1 0 0 -1 0.9223861 -0.3862691 0 0.9223861 -0.3862691 0 0.9223861 -0.3862691 0 0.9223861 -0.3862691 0 0 0 -1 0 0 -1 0 0 -1 0 0 -1 0 0 1 0 0 1 0 0 1 0 0 1 0 -0.7210681 0.6928642 0 -0.7210681 0.6928642 0 -0.7210681 0.6928642 0 -0.7210681 0.6928642 0 -1 0 0 -1 0 0 -1 0 0 -1 0 0 -0.7210681 -0.6928642 0 -0.7210681 -0.6928642 0 -0.7210681 -0.6928642 0 -0.7210681 -0.6928642 0 1 0 0 1 0 0 1 0 0 1 0 0.9982496 0.05914212 0 0.9982496 0.05914212 0 0.9982496 0.05914212 0 0.9982496 0.05914212 0 0.9223861 0.3862693 0 0.9223861 0.3862693 0 0.9223861 0.3862693 0 0.9223861 0.3862693 0 0 0 -1 0 0 -1 0 0 -1 0 0 -1 0 0 1 0 0 1 0 0 1 0 0 1 -4.222353e-07 0.7210681 0.6928642 -1.722339e-07 0.7210682 0.6928641 -3.04798e-07 0.7210681 0.6928642 0 0.7210683 0.692864 0 1 0 0 1 0 0 1 0 0 1 0 -3.073333e-07 0.7210682 -0.6928641 0 0.7210681 -0.6928642 -4.222354e-07 0.7210682 -0.6928641 -1.617348e-07 0.7210681 -0.6928642 6.581667e-07 -1 0 6.581667e-07 -1 0 6.581667e-07 -1 0 6.581667e-07 -1 0 0.9982497 -0.05913944 0 0.9982497 -0.05913944 0 0.9982497 -0.05913944 0 0.9982497 -0.05913944 0 -1 0 0 -1 0 0 -1 0 0 -1 0 0 -0.3636848 -0.9315221 0 -0.3636848 -0.9315221 0 -0.2483269 -0.9686763 0 -0.2483269 -0.9686763 0 -5.421519e-07 -1 0 -4.51911e-07 -1 -1.498561e-07 0.2483264 -0.9686764 -6.506763e-07 0.2483262 -0.9686765 -5.217263e-07 0.3636841 -0.9315224 -3.348898e-07 0.3636837 -0.9315225 0 -3.018549e-07 -1 0 -3.018549e-07 -1 0 -3.018549e-07 -1 0 -3.018549e-07 -1 0 1 0 0 1 0 0 1 0 0 1 0 0 -3.018554e-07 -1 0 -3.018554e-07 -1 0 -3.018554e-07 -1 0 -3.018554e-07 -1 0 -0.9375863 0.3477526 0 0.9375807 0.3477678 0 0.9375807 0.3477678 0 -0.9375863 0.3477526 0 0.7406196 0.6719246 0 0.7406195 0.6719246 2.894669e-07 0.2629728 0.9648032 1.110828e-06 0.2629712 0.9648037 4.070181e-06 -4.212559e-06 1 1.760662e-05 -4.061693e-06 1 1.732981e-05 -0.2629694 0.9648042 2.760916e-06 -0.262968 0.9648046 0 -0.7406249 0.6719187 0 -0.740625 0.6719186 0 0.03558722 0.9993666 0 0.03558722 0.9993666 0 0.03558722 0.9993666 0 0.03558722 0.9993666 0 -0.03558655 0.9993666 -2.192165e-07 -0.03558672 0.9993666 0 -0.03558648 0.9993666 -3.037003e-07 -0.03558631 0.9993666 -5.229168e-07 0.001671155 -0.002203051 0.9999962 -0.001610405 -0.002331263 0.999996 -0.06671607 0.0594263 0.9960007 -0.1439788 0.03973069 0.9887829 -0.003594165 0.002454133 0.9999905 0.1255651 0.05053946 0.9907972 0.07537977 0.08672965 0.993376 -5.944031e-09 2.002096e-07 1 5.911817e-14 1.958496e-07 1 0.0009909273 -0.00143443 0.9999985 -0.00112618 -0.001482222 0.9999983 -0.05999002 0.06897029 0.9958134 -0.1349334 0.0544893 0.9893553 -0.002924851 0.002603575 0.9999923 0.127607 0.03477709 0.9912149 0.07805635 0.06736534 0.9946704 -6.974064e-09 1.958496e-07 1 9.054768e-10 2.003193e-07 1 -0.001671353 -0.002203531 -0.9999962 0.001610641 -0.002331866 -0.999996 -0.07537953 0.08672928 -0.993376 -0.1255652 0.05053891 -0.9907973 0.003594093 0.00245372 -0.9999905 0.1439786 0.03972999 -0.9887829 0.06671579 0.05942571 -0.9960008 0 0 -1 0 0 -1 -0.0009910826 -0.001434852 -0.9999985 0.001126343 -0.001482637 -0.9999983 -0.07805563 0.0673645 -0.9946705 -0.1276069 0.03477634 -0.991215 0.002924827 0.002603165 -0.9999923 0.1349331 0.05448855 -0.9893554 0.05999015 0.06897017 -0.9958134 0 0 -1 0 0 -1 0.3426987 0.9394454 0 0.3426987 0.9394454 0 0.3426987 0.9394454 0 0.3426987 0.9394454 0 1.380237e-08 -3.593457e-07 -1 -1.936526e-13 -3.298455e-07 -1 1.913283e-08 -3.707385e-07 -1 4.86181e-09 -3.402371e-07 -1 1.088305e-13 1.853693e-07 1 -6.373875e-09 1.700572e-07 1 -2.339821e-09 1.797481e-07 1 -8.511225e-09 1.649227e-07 1 0.6967438 1.183024e-07 0.7173201 0.6967438 1.652536e-07 0.7173201 0.6967438 1.375631e-07 0.7173201 0.6967438 1.93653e-07 0.7173201 1 0 0 1 0 0 1 0 0 1 0 0 0.6967438 -1.778893e-07 -0.7173201 0.6967437 0 -0.7173202 0.6967438 -2.366048e-07 -0.7173201 0.6967437 -8.363846e-08 -0.7173201 -1 0 0 -1 0 0 -1 0 0 -1 0 0 -0.05153876 0.998671 0 -0.05153876 0.998671 0 -0.05153876 0.998671 0 -0.05153876 0.998671 0 -0.3426987 0.9394454 0 -0.3426987 0.9394454 0 -0.3426987 0.9394454 0 -0.3426987 0.9394454 0 -1.380237e-08 -3.593457e-07 -1 1.936526e-13 -3.298455e-07 -1 -1.913282e-08 -3.707385e-07 -1 -4.861808e-09 -3.402371e-07 -1 -1.088305e-13 1.853693e-07 1 6.373873e-09 1.700572e-07 1 2.33982e-09 1.797481e-07 1 8.51122e-09 1.649228e-07 1 -0.6967433 -8.184367e-07 0.7173205 -0.6967436 -1.87801e-07 0.7173203 -0.6967434 -5.597328e-07 0.7173204 -0.6967438 1.93653e-07 0.7173201 -1 0 0 -1 0 0 -1 0 0 -1 0 0 -0.6967435 -8.821692e-07 -0.7173203 -0.6967432 0 -0.7173206 -0.6967436 -1.173344e-06 -0.7173203 -0.6967434 -4.147705e-07 -0.7173205 1 0 0 1 0 0 1 0 0 1 0 0 0.05153873 0.998671 0 0.05153873 0.998671 0 0.05153873 0.998671 0 0.05153873 0.998671 0 -1 2.858731e-06 -3.554843e-06 -1 4.326093e-06 -2.911701e-06 -1 0 0 -1 0 -4.734864e-06 -1 1.147076e-05 -3.860224e-06 -1 5.252228e-06 -1.996255e-06 -1 0 0 -1 0 0 -1 0 0 -1 0 0 -1 0 0 0.7004196 0 -0.7137313 0.7004196 0 -0.7137313 0.7004196 0 -0.7137313 0.7004196 0 -0.7137313 1 0 0 1 0 0 1 0 0 1 0 0 1 0 0 1 0 0 0 0 1 0 0 1 0 0 1 0 0 1 0 0 1 0 0 1 0 0 1 0 0 1 0 0 1 0 0 1 0 0 1 0 0 1 0 0 -1 0 0 -1 0 0 -1 0 0 -1 0 1 0 0 1 0 4.234962e-07 1 -1.278643e-07 2.848181e-08 1 -1.275121e-07 2.028921e-07 1 -2.067481e-07 4.557948e-07 1 -1.443796e-07 0 1 0 0 1 0 5.362652e-07 1 -3.191573e-06 0 1 0 0 1 0 1.204411e-06 1 -1.801406e-06 0 1 0 -1.316227e-07 1 1.968645e-07 0 1 0 0 1 -1.104789e-06 2.325695e-14 1 -1.104789e-06 4.803434e-14 1 -1.104789e-06 7.129143e-14 1 -1.104789e-06 0 0 1 0 0 1 0 0 1 0 0 1 0 0 1 0 0 1 0 0 1 0 0 1 1 0 0 1 0 0 1 0 0 1 0 0 0.7004196 0 0.7137313 0.7004196 0 0.7137313 0.7004196 0 0.7137313 0.7004196 0 0.7137313 1 0 0 1 0 0 1 0 0 1 0 0 1 0 0 1 0 0 -6.452946e-08 0 1 -6.452946e-08 0 1 -6.452946e-08 0 1 -6.452946e-08 0 1 0 1 1.801415e-06 -5.493104e-14 1 1.801415e-06 -6.131331e-14 1 1.801415e-06 -1.162444e-13 1 1.801415e-06 -0.4929577 0 -0.8700533 -0.4929577 0 -0.8700533 -0.4929577 0 -0.8700533 -0.4929577 0 -0.8700533 -1 0 0 -1 0 0 -1 0 0 -1 0 0 -0.4929576 0 0.8700534 -0.4929576 0 0.8700534 -0.4929576 0 0.8700534 -0.4929576 0 0.8700534 0.4929577 0 0.8700533 0.4929577 0 0.8700533 0.4929577 0 0.8700533 0.4929577 0 0.8700533 0 1 0 0 1 0 0 1 0 0 1 0 0 1 0 0 1 0 1 0 0 1 0 0 1 0 0 1 0 0 0.4929577 0 -0.8700533 0.4929577 0 -0.8700533 0.4929577 0 -0.8700533 0.4929577 0 -0.8700533 -0.2326849 0.05065738 -0.971232 -0.1729854 0.1896618 -0.9664908 -0.4042775 0.08529082 -0.910651 -0.2144036 0.0005857202 -0.976745 -0.4182066 -0.0003145152 -0.9083519 -0.002130782 0.002167073 -0.9999954 -0.0005284375 0.2129841 -0.9770555 -0.006777512 0.4250763 -0.9051321 -0.04910775 0.2407504 -0.9693439 -0.09115556 0.4252011 -0.9004969 -0.2825767 0.2915838 -0.9138541 0 -1 0 0 -1 0 0 -1 0 0 -1 0 0 -1 0 0 -1 0 0 -1 0 0 -1 0 0 -1 0 0 -1 0 0 -1 0 0 -1 0 0 -1 0 0 -1 0 0 -1 0 0 -1 0 1 0 0 1 0 0 1 0 0 1 0 0 1 0 0 1 0 0 0.7603596 0.6234819 -0.1819987 0.7435265 0.6638476 -0.08046575 0.7358142 0.6757049 -0.0447253 0.7243562 0.6894259 0 0.7239074 0.6898969 -0.0005835741 0.7235161 0.6903066 -0.001091711 -0.006743231 0.9321789 -0.3619352 -0.004394422 0.9308919 -0.3652682 -0.003246653 0.9830745 -0.1831774 -0.003370741 0.9999922 -0.002078312 -0.003407726 0.999992 -0.002101117 -0.004438125 0.9825259 -0.1860728 -0.7074975 0.7063771 -0.02187928 -0.7123993 0.7003908 -0.04404548 -0.7060868 0.7079489 -0.01580532 -0.7110139 0.702172 -0.03759997 0 0 -1 0 0 -1 0 0 -1 0 0 -1 0 0 -1 0 0 -1 0 0 -1 0 0 -1 -0.8336267 -0.5522465 -0.009498413 -0.8367296 -0.5476162 -4.370903e-05 -0.8319157 -0.5547103 -0.01458499 -0.8351305 -0.5500295 -0.004954694 1 0 0 1 0 0 1 0 0 1 0 0 1 0 0 1 0 0 -0.001078377 -0.01040466 0.9999453 -0.04610356 0.0007046234 0.9989364 0.03354014 -0.01520748 0.9993217 -0.02610477 0.03558996 0.9990255 0.005936425 -0.003422117 0.9999765 -0.01428788 0.007186509 0.9998721 -0.7146798 0.6994209 0.006567034 -0.7175646 0.6964872 -0.002582565 -0.7136391 0.7004448 0.009813003 -0.7165215 0.6975646 0.0007523375 0 0 1 0 0 1 0 0 1 0 0 1 0 0 1 0 0 1 0 0 1 0 0 1 0 0 1 0 0 1 0 0 1 0 0 1 0 1 0 0 1 0 0 1 0 0 1 0 0 1 0 0 1 0 0 1 0 -0.9999988 -0.0001685228 -0.001527847 -0.9999982 -0.0002641466 -0.001863367 -0.9999999 0.0001730492 -0.0003293527 -1 0.000266915 0 -0.9999859 0.003589538 -0.003920824 -0.9999868 0.003472609 -0.003793103 -0.9999869 0.003461911 -0.003781418 -0.9999877 0.003347755 -0.003656726 -0.9012377 0.4333118 -0.003378463 -0.9011899 0.4334124 -0.00323196 -0.9012577 0.4332697 -0.003439749 -0.9013057 0.4331688 -0.003586628 -0.9995269 0.003504143 -0.03055571 -0.9996565 0.002485842 -0.02609159 -0.999994 -0.003464402 0 -0.9999874 -0.00246964 -0.004362749 0.569415 8.900951e-07 -0.8220502 0 0 -1 0.9071919 6.534593e-07 -0.4207172 0.3952769 -0.4289864 -0.8122357 0 0 -1 0.3952793 0.4289895 -0.8122329 -3.859803e-13 8.106223e-07 -1 0.628846 0.656384 -0.4167886 -2.988849e-07 0.595964 -0.8030111 -2.46655e-12 5.180163e-06 -1 -1.570887e-08 0.9109534 -0.4125092 -0.3952763 0.428987 -0.8122357 -3.859798e-13 8.106213e-07 -1 -0.6288451 0.6563835 -0.4167908 -0.366731 9.371837e-08 -0.930327 -0.907192 1.091641e-07 -0.4207169 -0.2245147 -0.5807497 -0.7825107 -0.2550884 -0.1132096 -0.9602674 -0.3339769 -0.8638948 -0.3770216 -0.8365814 -0.3712793 -0.4028439 -2.549429e-07 -0.5959651 -0.8030104 0 0 -1 -2.004687e-07 -0.9109532 -0.4125097 0.6288453 -0.6563834 -0.4167906 -3.612105e-07 -0.9109531 0.4125098 -5.828354e-07 -0.5959625 0.8030123 -2.107498e-14 -9.291205e-07 1 0.6288456 -0.6563835 0.41679 -0.3339773 -0.863895 0.3770207 -0.8365813 -0.3712796 0.4028438 -0.224515 -0.5807507 0.7825099 -0.2550888 -0.1132107 0.9602672 -0.9071919 7.395237e-08 0.420717 -0.3667311 -8.034098e-07 0.930327 -0.6288454 0.6563833 0.4167906 -0.395277 0.4289866 0.8122356 -1.208691e-06 5.364232e-07 1 -1.998954e-07 0.9109536 0.4125088 -6.41379e-07 0.5959655 0.80301 -2.716598e-07 -6.380529e-07 1 0.6288454 0.6563832 0.4167907 0.3952771 0.4289862 0.8122357 -5.006568e-07 -1.295041e-06 1 0.9071919 -5.11016e-07 0.420717 0.5694147 -7.252274e-07 0.8220504 -1.736375e-13 -9.457118e-07 1 0.395277 -0.4289872 0.8122352 5.00655e-07 -1.29504e-06 1 -0.2326849 -0.05065738 -0.971232 -0.1729854 -0.1896618 -0.9664908 -0.4042775 -0.08529082 -0.910651 -0.2144036 -0.0005857202 -0.976745 -0.4182066 0.0003145152 -0.9083519 -0.002130782 -0.002167073 -0.9999954 -0.0005284375 -0.2129841 -0.9770555 -0.006777512 -0.4250763 -0.9051321 -0.04910775 -0.2407504 -0.9693439 -0.09115556 -0.4252011 -0.9004969 -0.2825767 -0.2915838 -0.9138541 0 1 0 0 1 0 0 1 0 0 1 0 0 1 0 0 1 0 0 1 0 0 1 0 0 1 0 0 1 0 0 1 0 0 1 0 0 1 0 0 1 0 0 1 0 0 1 0 1 0 0 1 0 0 1 0 0 1 0 0 1 0 0 1 0 0 0 0 -1 0 0 -1 0 0 -1 0 0 -1 0 0 -1 0 0 -1 0 0 -1 0 0 -1 0.7603596 -0.6234819 -0.1819987 0.7436804 -0.6636435 -0.08072642 0.7358142 -0.6757049 -0.0447253 0.7241598 -0.6896321 -0.0002923497 0.7235166 -0.690307 0 0.7239069 -0.6898974 -0.0005083962 -0.006743231 -0.9321789 -0.3619352 -0.004394422 -0.9308919 -0.3652682 -0.003265943 -0.9830705 -0.1831987 -0.003407727 -0.9999921 -0.002036297 -0.003370744 -0.9999922 -0.002059084 -0.004419276 -0.9825221 -0.1860935 1 0 0 1 0 0 1 0 0 1 0 0 1 0 0 1 0 0 -0.7074975 -0.7063771 -0.02187928 -0.7123993 -0.7003908 -0.04404548 -0.7060868 -0.7079489 -0.01580532 -0.7110139 -0.702172 -0.03759997 -0.004257674 0.0199133 0.9997926 -0.01747223 0.01048909 0.9997923 0.03354014 0.01520748 0.9993217 -0.00611383 -0.01256321 0.9999024 0.02224912 -0.01642606 0.9996175 -0.02612132 -0.0007744751 0.9996585 -0.8336267 0.5522465 -0.009498413 -0.8367296 0.5476162 -4.370903e-05 -0.8319157 0.5547103 -0.01458499 -0.8351305 0.5500295 -0.004954694 0 -1 0 0 -1 0 0 -1 0 0 -1 0 0 -1 0 0 -1 0 0 -1 0 -0.008997442 0.00772525 -0.9999297 -0.007289624 -0.0003914595 -0.9999734 -0.008309448 0.001042427 -0.9999649 -0.002945384 -0.004028574 -0.9999875 0 0 -1 -0.00464605 -0.003941595 -0.9999814 -0.7146798 -0.6994209 0.006567034 -0.7175646 -0.6964872 -0.002582565 -0.7136391 -0.7004448 0.009813003 -0.7165215 -0.6975646 0.0007523375 0 0 1 0 0 1 0 0 1 0 0 1 0 0 1 0 0 1 0 0 1 0 0 1 0 0 1 0 0 1 0 0 1 0 0 1 -0.9999988 0.0001685228 -0.001527847 -0.9999982 0.0002641466 -0.001863367 -0.9999999 -0.0001730492 -0.0003293527 -1 -0.000266915 0 -0.9999859 -0.003589538 -0.003920824 -0.9999868 -0.003472609 -0.003793103 -0.9999869 -0.003461911 -0.003781418 -0.9999877 -0.003347755 -0.003656726 -0.9012377 -0.4333118 -0.003378463 -0.9011899 -0.4334124 -0.00323196 -0.9012577 -0.4332697 -0.003439749 -0.9013057 -0.4331688 -0.003586628 -0.9995269 -0.003504143 -0.03055571 -0.9996565 -0.002485842 -0.02609159 -0.999994 0.003464402 0 -0.9999874 0.00246964 -0.004362749 0.5694147 -1.098254e-07 -0.8220504 0 0 -1 0.9071919 -1.651067e-07 -0.420717 0.3952755 0.4289834 -0.812238 0 -8.106221e-07 -1 0.3952768 -0.4289864 -0.8122358 0 0 -1 0.6288454 -0.6563833 -0.4167906 -1.163541e-07 -0.5959629 -0.803012 0 0 -1 -3.314347e-07 -0.9109536 -0.4125089 -0.3952767 -0.4289866 -0.8122357 0 0 -1 -0.6288452 -0.6563836 -0.4167905 -0.366731 -2.82746e-09 -0.930327 -0.907192 2.920725e-08 -0.4207169 -0.2245154 0.5807492 -0.7825108 -0.2550885 0.1132092 -0.9602674 -0.3339769 0.8638949 -0.3770212 -0.8365814 0.3712793 -0.4028439 -9.693019e-07 0.5959648 -0.8030106 0 -5.180169e-06 -1 -6.235523e-07 0.9109528 -0.4125106 0.628845 0.6563826 -0.4167923 -4.15338e-07 0.9109536 0.4125089 -2.71896e-07 0.5959629 0.803012 -7.605706e-15 2.587446e-07 1 0.6288454 0.6563833 0.4167906 -0.3339768 0.8638949 0.3770214 -0.8365815 0.3712793 0.4028439 -0.2245145 0.5807496 0.7825108 -0.2550886 0.1132097 0.9602674 -0.907192 1.759638e-07 0.4207169 -0.3667311 4.222569e-07 0.930327 -0.6288451 -0.6563836 0.4167906 -0.3952769 -0.4289866 0.8122356 5.00655e-07 1.29504e-06 1 -3.040388e-07 -0.9109529 0.4125104 -1.53635e-07 -0.5959651 0.8030103 -2.185905e-14 6.703759e-07 1 0.6288452 -0.6563834 0.4167908 0.3952768 -0.4289864 0.8122357 -5.006553e-07 1.29504e-06 1 0.907192 7.608989e-08 0.4207169 0.5694147 3.286084e-07 0.8220504 1.432326e-07 4.728559e-07 1 0.3952768 0.4289864 0.8122358 0 0 1 0 1 0 0 1 0 0 1 0 0 1 0 -1 -1.972735e-06 3.920562e-06 -1 -3.368444e-06 -9.051189e-07 -1 0 4.734864e-06 -1 -1.563658e-06 -2.816797e-12 -1 -3.624418e-06 -7.067647e-07 -1 -1.180538e-06 -9.458144e-07 -6.452946e-08 0 1 -6.452946e-08 0 1 -6.452946e-08 0 1 -6.452946e-08 0 1 1.963881e-06 1 0 1.035853e-06 1 8.512552e-07 9.28028e-07 1 9.501599e-07 -1.162444e-13 1 1.801415e-06 -0.007577799 0.001826154 -0.9999696 -0.02389504 0.006739556 -0.9996918 0.001504123 -0.0007233831 -0.9999986 -0.004310084 0.0009445309 -0.9999903 0 0 -1 0.0005964949 -0.0006012617 -0.9999996 0.7254691 0 0.6882547 0.6713432 -0.2979437 0.678622 0.9810578 0 0.193715 0.8972742 -0.3982139 0.1905905 0.2082266 -0.04495445 0.977047 -0.5050231 -0.5334374 0.678525 -0.6777904 -0.7084223 0.1968197 -0.1540752 -0.16845 0.9735941 -0.6713431 -0.2979452 0.6786214 -0.7254695 0 0.6882543 -0.8972738 -0.3982144 0.1905914 -0.9810579 0 0.1937149 -0.2082273 -0.04495483 0.9770468 1.109162e-08 -0.7447551 0.6673379 -0.2654991 -0.6867625 0.6766591 0 -0.9833377 0.1817882 -0.3543952 -0.9167082 0.1845271 -0.04007385 -0.2187459 0.9749586 0.04007359 -0.2187465 0.9749585 0.3543947 -0.9167082 0.1845277 2.501004e-08 -0.9833374 0.1817898 0.265498 -0.6867632 0.6766588 3.018434e-08 -0.7447541 0.667339 0.1540745 -0.16845 0.9735942 0.67779 -0.708423 0.1968187 0.5050233 -0.5334385 0.678524 -0.2082273 0.04495471 0.9770468 -0.8972738 0.3982144 0.1905912 -0.9810578 0 0.193715 -0.6713432 0.2979457 0.6786211 -0.7254695 0 0.6882543 -0.04007392 0.2187459 0.9749586 2.501003e-08 0.9833377 0.1817882 -0.3543946 0.9167083 0.1845272 3.018443e-08 0.7447551 0.6673379 -0.2654991 0.6867624 0.6766592 -0.1540752 0.1684503 0.973594 -0.6777901 0.7084224 0.1968205 -0.5050231 0.5334366 0.6785257 0.04007378 0.2187465 0.9749585 0.3543934 0.9167088 0.1845272 0 0.9833374 0.1817898 0.2654969 0.6867628 0.6766596 1.109166e-08 0.7447541 0.667339 0.2082266 0.04495442 0.977047 0.9810578 0 0.193715 0.897274 0.3982141 0.190591 0.7254691 0 0.6882547 0.6713433 0.2979445 0.6786216 0.1540744 0.1684502 0.9735942 0.6777902 0.7084228 0.196819 0.5050238 0.5334375 0.6785245 0.6896471 -0.7241456 0 0 0 -1 0 0 -1 1 0 0 0.9140284 -0.4056502 0 0 0 -1 0.3605869 -0.9327256 0 0 -1 0 0 0 -1 0 0 -1 0 1 0 -0.3605868 0.9327257 0 0 0 -1 0 0 -1 -0.6896472 0.7241455 0 0 0 -1 -0.9140285 0.4056499 0 -1 0 0 0 0 -1 0 0 -1 0.689647 0.7241457 0 0 0 -1 1 0 0 0.9140285 0.4056499 0 -0.6896474 -0.7241454 0 0 0 -1 0 0 -1 -0.9140284 -0.4056502 0 -1 0 0 0 0 -1 0 -1 0 -0.3605875 -0.9327254 0 0 0 -1 0 0 -1 0.3605862 0.9327259 0 0 1 0 0 0 1 0 0 1 0 0 1 0 0 1 0 0 -1 1 0 0 0 1 -8.00621e-07 -1 6.408512e-08 -4.750802e-08 0 0 -1 -1.329669e-07 1 -9.492256e-08 0 -1 0 0 0 -1 1 0 0 0 -1 0 -1 0 -2.983715e-07 0 0 -1 -1 7.622143e-08 0 0 0 -1 0 0 -1 -1.508521e-07 1 0 0 -1 0 0 0 -1 0 0 -1 1 0 0 0 0 -1 0 0 -1 1 0 0 -1.78852e-08 1 -7.056984e-07 0 -1 0 -1 1.213631e-08 -2.508635e-07 0 0 -1 0 0 -1 0 0 -1 -0.1967482 0.980454 0 0 0 -1 0.1967482 0.980454 0 0 0 -1 -0.9750642 0.2219228 0 0 0 -1 -0.6886694 0.7250755 0 0.6886694 -0.7250755 0 0 0 -1 -0.1967482 -0.980454 0 0 0 -1 0.3858052 -0.9225803 0 0 -1 0 0 0 -1 0 0 -1 -0.9750642 -0.2219228 0 0 0 -1 -0.6886694 -0.7250755 0 0 0 -1 0.9750642 -0.2219228 0 0 0 -1 0 0 -1 0.9750642 0.2219228 0 0 0 -1 0.6886694 0.7250755 0 0 0 1 0.6886694 0.7250755 0 0 0 1 0.9750642 0.2219228 0 -0.1967482 -0.980454 0 0 0 1 0 0 1 -0.9750642 0.2219228 0 0 0 1 -0.1967482 0.980454 0 0.9750642 -0.2219228 0 0 0 1 0.3858052 -0.9225803 0 0 -1 0 0 0 1 0 0 1 0.6886694 -0.7250755 0 0 0 1 0 0 1 -0.6886694 0.7250755 0 -0.9750642 -0.2219228 0 0 0 1 -0.6886694 -0.7250755 0 0 0 1 0 0 1 0.1967482 0.980454 0 0 0 -1 0 0 -1 0 0 -1 0 0 -1 0 0 -1 0 0 -1 0 0 -1 0 0 -1 0 0 -1 0 0 -1 0 0 -1 0 0 -1 0 0 -1 0 0 1 0 0 1 0 0 1 0 0 1 0 0 1 0 0 1 0 0 1 0 0 1 0 0 1 0 0 1 0 0 1 0 0 1 0 0 1 0 -1 0 0 0 -1 1 0 0 0 -1 0 0 0 1 1 0 0 -1 -1.181487e-06 0 0 0 1 -1 -1.181487e-06 0 0 0 -1 0 0 1 1 0 0 0 0 -1 1 0 0 0 -1 0 -1 -1.181487e-06 0 0 0 1 0 -1 0 -1 -1.181487e-06 0 0 0 -1 -0.2326851 0.05065772 0.9712319 0.005936435 -0.003422132 -0.9999765 -0.9999877 0.003347346 0.003656278 -0.9013054 0.4331693 0.003585866 0 0 1 -0.4042778 0.08529101 0.9106508 -0.04910762 0.2407503 0.969344 0.7436807 0.6636431 0.08072651 -0.003266435 0.9830705 0.1831986 0 0 1 0.76036 0.6234816 0.1819985 -0.09115568 0.4252009 0.900497 -0.004395179 0.9308919 0.3652683 -0.1729852 0.1896626 0.9664907 -0.8367294 -0.5476165 4.434717e-05 0.0335401 -0.01520749 -0.9993217 -0.9012376 0.4333121 0.003378054 0 0 1 -0.2825766 0.2915841 0.913854 0.0005966063 -0.0006013741 0.9999996 -0.9999869 0.003461894 0.003781398 -0.9012576 0.4332701 0.003439236 -0.8351304 -0.5500297 0.004955117 0.001504403 -0.0007235182 0.9999986 -0.9011899 0.4334125 0.0032318 1 0 0 -0.0005286401 0.2129842 0.9770555 1 0 0 -0.004420074 0.9825221 0.1860933 1 0 0 1 0 0 -0.006777898 0.4250763 0.9051321 -0.006744012 0.9321788 0.3619352 0 -1 0 -0.214404 0.0005856986 0.9767449 0 -1 0 -0.02610477 0.03558992 -0.9990255 -0.9999868 0.003472629 0.003793123 0 -1 0 -0.4182074 -0.0003147009 0.9083515 0 0 1 0 -1 0 0 0 1 -0.9999859 0.003589961 0.003921284 0 -1 0 1 0 0 -0.002130781 0.002167073 0.9999954 1 0 0 1 0 0 1 0 0 1 0 0 0 -1 0 0 -1 0 0 -1 0 0 -1 0 0 -1 0 1 0 0 0 0 -1 0.7239072 0.6898972 0.0005085547 -0.003406922 0.9999921 0.002036791 0 0 -1 1 0 0 -0.003370503 0.9999922 0.00205923 0 -1 0 0 0 -1 0 0 -1 0 0 -1 0 0 -1 0 0 -1 1 0 0 0 -1 0 0 0 -1 0 0 1 -0.9995269 0.00350437 0.0305575 -0.7123995 0.7003905 0.04404674 0 0 1 -0.7074975 0.7063771 0.02187955 0 1 0 -0.8336267 -0.5522466 0.009498637 -0.001078378 -0.01040467 -0.9999453 -0.7060867 0.707949 0.01580532 0 1 0 -0.04610354 0.0007046152 -0.9989364 -0.9996564 0.00248601 0.02609312 -0.711014 0.7021718 0.03760094 -0.9999988 -0.0001685608 0.001529414 -0.02389547 0.006739566 0.9996917 -0.717565 0.6964868 0.002583108 -0.8319157 -0.5547103 0.01458499 -0.007577812 0.001826061 0.9999696 -0.7146798 0.6994209 -0.006567707 0 1 0 0 -1 0 0 0 1 -0.9999874 -0.002469763 0.004363004 0 -1 0 -0.01428788 0.007186502 -0.9998721 -0.999994 -0.003464583 0 0 -1 0 -1 0.0002673236 0 -0.004310113 0.000944467 0.9999903 0 0 -1 -0.9999982 -0.0002642829 0.001865279 -0.7165217 0.6975644 -0.0007522413 0 -1 0 0 0 -1 -0.9999999 0.0001733615 0.0003296906 0 0 -1 -0.713639 0.700445 -0.009814103 0 1 0 0 0 1 0.7358146 0.6757045 0.04472524 0 1 0 0.7241602 0.6896318 0.000292441 0 0 0 0 0 -1 0.7235167 0.6903069 0 0 1 0 0.5694157 6.338261e-07 0.8220497 -1.208689e-06 5.364219e-07 1 0.9071921 1.163338e-07 0.4207165 0.569416 4.351581e-07 -0.8220495 0 0 -1 0.9071921 9.208096e-08 -0.4207166 0.3952785 -0.4289891 0.8122335 -2.141607e-07 4.524805e-07 1 0.6288454 -0.6563837 0.4167901 0.3952781 -0.4289875 -0.8122345 0 0 -1 0.6288451 -0.6563846 -0.4167891 4.067707e-07 -0.5959654 0.8030101 0 0 1 6.003289e-07 -0.9109535 0.4125091 5.249315e-07 -0.5959667 -0.8030092 0 0 -1 6.35254e-07 -0.910954 -0.4125081 -0.2245155 -0.5807513 0.7825092 -0.2550881 -0.1132098 0.9602675 -0.3339774 -0.8638946 0.3770216 -0.836581 -0.3712798 0.4028444 -0.2245144 -0.5807495 -0.7825109 -0.2550883 -0.1132097 -0.9602674 -0.3339771 -0.8638954 -0.3770201 -0.8365813 -0.3712795 -0.4028439 -0.3667318 9.38081e-08 0.9303267 -0.9071922 -1.470333e-09 0.4207165 -0.3667318 -6.967219e-08 -0.9303267 -0.9071922 3.897388e-08 -0.4207165 -0.3952771 0.4289884 0.8122346 4.119479e-07 2.026551e-07 1 -0.6288453 0.6563845 0.416789 -0.3952764 0.4289866 -0.8122358 0 0 -1 -0.6288452 0.656383 -0.4167915 4.338477e-07 0.5959653 0.8030102 5.006564e-07 1.295041e-06 1 3.173743e-07 0.9109534 0.4125092 -3.074646e-07 0.5959635 -0.8030115 0 0 -1 -5.101573e-08 0.910953 -0.4125102 0.395276 0.4289872 0.8122357 2.366493e-08 4.842631e-07 1 0.6288449 0.6563839 0.4167905 0.3952767 0.4289866 -0.8122357 0 0 -1 0.6288451 0.6563836 -0.4167906 -0.2326851 -0.05065766 0.9712319 -0.1729853 -0.1896619 0.9664908 -0.4042777 -0.08529105 0.9106509 0 0 1 -0.214404 -0.0005856987 0.9767449 0 1 0 0 0 1 -0.4182074 0.0003147009 0.9083515 0 1 0 -0.002130781 -0.002167073 0.9999954 1 0 0 0 1 0 0 1 0 0 1 0 1 0 0 0 1 0 1 0 0 1 0 0 1 0 0 -0.0005284371 -0.2129841 0.9770555 1 0 0 -0.006777509 -0.4250763 0.9051321 -0.006743225 -0.9321789 0.3619352 1 0 0 1 0 0 -0.04910769 -0.2407503 0.969344 -0.09115567 -0.4252009 0.900497 -0.004394417 -0.9308919 0.3652682 0.7603598 -0.6234818 0.1819986 0 0 1 -0.2825766 -0.2915838 0.9138541 0 0 1 -0.00324665 -0.9830745 0.1831774 0.7435266 -0.6638475 0.08046572 0 -1 0 0.7358143 -0.6757047 0.04472529 0 0 1 0 -1 0 0.7243564 -0.6894257 0 0 -1 0 -0.7074975 -0.7063771 0.02187955 0 0 1 -0.7123995 -0.7003905 0.04404674 -0.9995269 -0.00350437 0.0305575 0 0 1 0 -1 0 -0.7060867 -0.707949 0.01580532 -0.001078378 0.01040466 -0.9999453 -0.8336266 0.5522468 0.009498475 -0.711014 -0.7021718 0.03760094 -0.9996564 -0.00248601 0.02609312 -0.04610354 -0.0007046152 -0.9989364 -0.9012377 -0.4333118 0.003378413 0.03354011 0.01520748 -0.9993217 -0.8367294 0.5476165 4.389343e-05 0 -1 0 -0.7146797 -0.6994211 -0.006567486 -0.007577809 -0.00182606 0.9999696 -0.8319156 0.5547105 0.01458499 -0.717565 -0.6964868 0.002583937 -0.02389547 -0.006739566 0.9996917 -0.9999988 0.0001685608 0.001529414 0 -1 0 -0.7136387 -0.7004452 -0.009814099 0 0 -1 -0.90119 -0.4334123 0.003232159 0.001504404 0.0007235181 0.9999986 -0.8351303 0.5500298 0.004954815 0 -1 0 0.7239075 -0.6898967 0.0005835739 0 0 -1 -0.003370738 -0.9999922 0.002078312 0.7235163 -0.6903064 0.00109171 0 0 -1 -0.003407724 -0.999992 0.002101116 0 0 -1 1 0 0 0 0 -1 0 0 -1 0 0 -1 1 0 0 1 0 0 -0.004438121 -0.9825259 0.1860728 1 0 0 0 0 -1 0 0 -1 0 1 0 0 0 0 0 1 0 -0.7165217 -0.6975644 -0.0007516341 -0.9999982 0.0002642828 0.001865279 0 0 -1 -0.9999999 -0.0001733615 0.0003296905 0 0 -1 0 1 0 -0.004310113 -0.000944467 0.9999903 -1 -0.0002673236 0 0 1 0 -0.9999859 -0.003589961 0.003921284 0 0 1 0 1 0 -0.9999868 -0.00347263 0.003793125 -0.02610477 -0.03558994 -0.9990255 0 1 0 -0.9012577 -0.4332698 0.003439595 -0.9999869 -0.003461895 0.003781399 0.0005966064 0.0006013741 0.9999996 0 1 0 0 1 0 -0.9013055 -0.4331691 0.003586226 -0.9999877 -0.003347348 0.00365628 0.005936422 0.003422115 -0.9999765 -0.999994 0.003464583 0 -0.01428787 -0.007186502 -0.9998721 0 1 0 -0.9999874 0.002469763 0.004363004 0 0 1 0 1 0 0.5694157 -3.367231e-07 0.8220497 0 0 1 0.9071922 -1.032881e-07 0.4207164 0.3952775 0.4289856 0.8122359 2.378249e-07 -3.735284e-07 1 0.3952764 -0.4289865 0.8122359 0 0 1 0.6288454 -0.6563833 0.4167906 3.146246e-08 -0.5959629 0.803012 0 0 1 -1.044317e-07 -0.9109536 0.4125089 -0.3952765 -0.4289868 0.8122357 -4.003761e-08 -2.816081e-07 1 -0.6288451 -0.6563837 0.4167906 -0.3667322 -6.283877e-07 0.9303265 -0.9071922 -2.205145e-07 0.4207165 -0.2245142 0.5807499 0.7825107 -0.2550881 0.1132091 0.9602676 -0.3339762 0.8638951 0.3770214 -0.8365813 0.3712793 0.4028442 -6.873702e-08 0.595965 0.8030104 5.006559e-07 -1.295042e-06 1 -1.13544e-07 0.9109529 0.4125104 0.6288452 0.6563833 0.4167908 -1.705229e-07 0.9109536 -0.4125089 -2.249519e-07 0.5959629 -0.803012 6.872677e-14 9.291205e-07 -1 0.6288455 0.6563837 -0.4167899 -0.3339767 0.863895 -0.3770213 -0.8365812 0.3712798 -0.402844 -0.2245144 0.5807495 -0.7825109 -0.2550884 0.1132107 -0.9602673 -0.9071921 2.414126e-07 -0.4207167 -0.3667317 6.532865e-07 -0.9303267 -0.6288448 -0.6563839 -0.4167906 -0.3952761 -0.4289871 -0.8122357 0 0 -1 -1.13544e-07 -0.9109529 -0.4125104 6.353157e-10 -0.5959651 -0.8030104 0 0 -1 0.6288453 -0.6563833 -0.4167908 0.3952767 -0.4289866 -0.8122357 0 0 -1 0.9071921 3.635264e-08 -0.4207167 0.5694159 -1.380557e-07 -0.8220496 8.730983e-08 4.728563e-07 -1 0.3952782 0.428987 -0.8122348 5.006548e-07 1.295039e-06 -1 2.271639e-15 4.154094e-08 1 -1 1.693213e-07 -1.504087e-14 1.089276e-07 1 -8.325181e-08 1 -1.693213e-07 0 2.271639e-15 4.154094e-08 1 6.481679e-08 1 -1.384835e-07 -2.27164e-15 -4.154094e-08 -1 -1 1.693213e-07 0 6.481666e-08 1 -1.384835e-07 1 -1.693213e-07 1.504087e-14 -2.27164e-15 -4.154094e-08 -1 1.08928e-07 1 -8.325171e-08 1 -1.693213e-07 4.033924e-14 -2.27164e-15 -4.154094e-08 -1 5.468436e-08 1 -2.382408e-07 -2.27164e-15 -4.154094e-08 -1 -1 1.693213e-07 -2.529836e-14 5.468436e-08 1 -2.382408e-07 2.271639e-15 4.154094e-08 1 -1 1.693213e-07 -4.033924e-14 5.468436e-08 1 -2.382408e-07 1 -1.693213e-07 2.529837e-14 2.271639e-15 4.154094e-08 1 5.468436e-08 1 -2.382408e-07 -5.426538e-08 -1 1.045787e-07 -0.9220677 -1.208477e-07 0.3870287 -5.426567e-08 -1 1.045787e-07 -0.3783295 -1.592122e-07 0.925671 -5.426577e-08 -1 1.045787e-07 0.3783318 1.448594e-07 0.9256701 -5.426576e-08 -1 1.045787e-07 0.9220685 3.680543e-07 0.3870266 -5.426577e-08 -1 1.045782e-07 -0.3783296 -1.256005e-07 -0.9256709 -5.426573e-08 -1 1.045786e-07 -0.9220676 -1.997947e-08 -0.3870288 -5.426579e-08 -1 1.045787e-07 0.9220685 3.536445e-07 -0.3870267 -5.426575e-08 -1 1.045787e-07 0.3783318 6.364196e-08 -0.9256701 0.7004207 2.47642e-07 -0.7137303 -5.50268e-15 -1.032454e-07 -1 8.301526e-08 1 -1.335667e-07 1 4.208295e-07 -3.874583e-14 0.7004207 2.57913e-07 -0.7137302 1.127467e-07 1 -7.542618e-08 -1 0 0 -0.7004179 -2.760071e-07 -0.713733 6.013023e-08 1 -1.41867e-07 -0.700418 -3.684462e-07 -0.7137329 -4.946102e-15 -1.032454e-07 -1 7.16128e-08 1 -1.989644e-07 0 0 1 -0.7004178 -1.087418e-07 0.7137331 8.301499e-08 1 -1.335668e-07 -0.7004179 -3.684484e-08 0.713733 -1 0 0 1.127461e-07 1 -7.542623e-08 0.7004206 2.844867e-07 0.7137303 1 4.208295e-07 -3.123494e-14 6.013063e-08 1 -1.418673e-07 0 0 1 0.7004206 2.947577e-07 0.7137304 7.161302e-08 1 -1.989645e-07 0.7004177 -4.163436e-06 0.7137332 1 -5.891615e-06 4.372892e-13 2.893341e-08 1 -1.585215e-08 1.366074e-07 -1 1.21246e-07 0.7004175 -3.684485e-08 -0.7137334 1 2.298961e-13 4.45339e-06 2.976641e-07 -1 1.53847e-07 0.3783336 -7.960698e-08 0.9256693 0 0 1 0.7004194 -3.043905e-06 0.7137315 -2.341423e-08 1 1.030492e-08 5.426578e-08 -1 1.045786e-07 -0.3783317 3.002924e-08 0.9256701 5.426578e-08 -1 1.045787e-07 -0.9220685 -1.997937e-08 0.3870267 0 0 1 -0.7004201 2.947575e-07 0.7137308 2.16595e-08 1 -1.471995e-07 -1 0 0 -7.226615e-16 4.154094e-08 1 2.639949e-08 1 -1.290777e-07 -0.7004203 2.023185e-07 0.7137307 -1 0 0 1.259973e-07 1 -9.657487e-08 -1 0 0 -0.7004202 -3.684471e-08 -0.7137307 7.338119e-08 1 -1.207186e-07 -0.7004203 3.505233e-08 -0.7137306 5.879382e-15 -1.032454e-07 -1 1.019142e-08 1 -1.745882e-07 3.407459e-15 -4.154094e-08 -1 -1 0 0 -1.639104e-08 1 -9.399983e-08 5.42659e-08 -1 1.045787e-07 -0.9220685 8.088943e-08 -0.3870268 5.42658e-08 -1 1.045787e-07 -0.3783318 6.364196e-08 -0.9256701 5.426578e-08 -1 1.045781e-07 0.3783296 -1.03409e-07 -0.9256709 0.7004178 -2.210679e-07 -0.7137331 7.419153e-15 -1.032454e-07 -1 2.015059e-08 1 -1.572501e-07 1 -2.427681e-06 2.61834e-06 0.7004177 -1.697128e-07 -0.7137332 1.259967e-07 1 -9.657488e-08 2.512527e-15 -4.154095e-08 -1 1 0 0 2.63991e-08 1 -1.290777e-07 1 0 0 -3.40746e-15 4.154095e-08 1 -2.126249e-08 1 1.696191e-09 2.27164e-15 -4.154095e-08 -1 1 0 0 -7.854741e-09 1 -3.422038e-08 3.166572e-15 -4.154094e-08 -1 -1 0 0 -5.468436e-08 1 -2.382408e-07 1 0 0 -2.684798e-15 4.154094e-08 1 0 1 0 -1 0 0 0 4.154094e-08 1 -4.682961e-08 1 -2.040204e-07 1.02183e-06 -1 3.004313e-07 0.7004221 -1.266917e-06 0.7137289 1 -3.463933e-06 1.835051e-06</float_array>
          <technique_common>
            <accessor count="1682" source="#normals-array-array" stride="3">
              <param type="float" name="X"/>
              <param type="float" name="Y"/>
              <param type="float" name="Z"/>
            </accessor>
          </technique_common>
        </source>
        <source id="texcoords-array">
          <float_array count="3364" id="texcoords-array-array">0.395573 0.7519349 0.4048366 0.7557889 0.405345 0.7532415 0.4003568 0.7533897 0.400458 0.7528512 0.387946 0.7595324 0.3892105 0.7692929 0.391763 0.7688109 0.3888409 0.7644128 0.389382 0.7643215 0.3930782 0.7570581 0.3994016 0.7634059 0.3963459 0.7603384 0.1129538 0.7594248 0.1091138 0.7687053 0.1116817 0.7691846 0.1115096 0.7642147 0.1120551 0.7643045 0.1053408 0.7518256 0.0955665 0.7531253 0.09609798 0.7556652 0.1004544 0.7527386 0.1005652 0.753275 0.1078264 0.7569425 0.1014962 0.7632583 0.1045558 0.7602099 0.3880386 0.529743 0.3893104 0.5199832 0.39188 0.5204609 0.3889372 0.5248631 0.3894835 0.5249523 0.3956527 0.5373442 0.4048973 0.5335044 0.4054275 0.5360451 0.400429 0.5358948 0.4005393 0.5364314 0.3931668 0.532226 0.3994987 0.5259095 0.3964383 0.5289581 0.105421 0.5372395 0.09564938 0.5359325 0.09615906 0.5333856 0.1005362 0.5363228 0.100638 0.5357845 0.113047 0.5296436 0.1092311 0.5203665 0.1117822 0.5198832 0.1116116 0.5248551 0.1121519 0.5247632 0.1079156 0.5321171 0.1015937 0.5257699 0.1046485 0.5288373 0.4617358 0.8259869 0.3891741 0.8625199 0.4547053 0.8329402 0.0463035 0.4562446 0.1118158 0.4266564 0.03927375 0.4631964 0.4687167 0.818984 0.4988916 0.7534644 0.09535886 0.682755 0.09538987 0.6062907 0.1002759 0.6063007 0.1002455 0.6827486 0.1051611 0.6063105 0.1051309 0.6827422 0.002110395 0.5357006 0.03229368 0.4701977 0.002037593 0.7532796 0.0329311 0.8183852 0.04651125 0.831898 0.1116453 0.8624117 0.03985956 0.8253084 0.4611506 0.4638527 0.4680797 0.4707776 0.4989174 0.5359006 0.389344 0.4267563 0.4544981 0.4572615 0.1131391 0.5373582 0.3879399 0.5374571 0.1130525 0.7517121 0.3878539 0.7518163 0.07189827 0.394061 0.07189827 0.3413239 0.07630165 0.3413239 0.07630165 0.3940609 0.08070502 0.3413239 0.08070502 0.394061 0.07630165 0.3413239 0.07630165 0.3940609 0.07630165 0.3369205 0.07318802 0.3382101 0.07189827 0.3413239 0.07630165 0.3413239 0.07630165 0.3984642 0.07318802 0.3971746 0.07189827 0.394061 0.07630165 0.3940609 0.3953124 0.1001223 0.1060831 0.1000175 0.3953454 0.009026229 0.106116 0.008921504 0.1060831 0.1000175 0.1060005 0.3285872 0.01490447 0.3285544 0.01498699 0.09998465 0.3952297 0.3286919 0.1060005 0.3285872 0.1059675 0.4196833 0.3951968 0.419788 0.3953124 0.1001223 0.1060831 0.1000175 0.3952297 0.3286919 0.1060005 0.3285872 0.4896252 0.09694088 0.4933773 0.1060083 0.4895401 0.3319415 0.4932988 0.3228767 0.4864085 0.1001551 0.486326 0.3287249 0.3985619 0.00581181 0.3894971 0.002053201 0.1119689 0.001953363 0.102902 0.005705237 0.3953454 0.009026229 0.106116 0.008921504 0.1118158 0.4266564 0.1027509 0.4228976 0.3984109 0.4230044 0.389344 0.4267563 0.1059675 0.4196833 0.3951968 0.419788 0.01168786 0.3317686 0.007935838 0.3227011 0.008014056 0.1058329 0.01177267 0.09676802 0.01490447 0.3285544 0.01498699 0.09998465 0.3953124 0.1001223 0.3952297 0.3286919 0.4864085 0.1001551 0.486326 0.3287249 9.583614 0.8934327 5.578188 0.8934327 9.583614 0.8692032 5.578188 0.8692032 9.583614 0.902994 9.583614 0.8934327 5.578188 0.902994 5.578188 0.8934327 9.583614 0.8934327 5.578188 0.8934327 9.583614 0.8692032 5.578188 0.8692032 9.583614 0.8934327 9.583614 0.8692032 5.578188 0.8692032 5.578188 0.8934327 9.583614 0.8934327 9.583614 0.8692032 5.578188 0.8692032 5.578188 0.8934327 1.765065 0.9246908 -2.240361 0.9246908 1.934798 0.9246908 1.765065 0.94892 -2.240361 0.94892 1.934798 0.94892 2.104528 0.94892 5.238729 0.94892 2.104528 0.9246908 5.238729 0.9246908 5.40846 0.9246908 5.578188 0.9246908 5.40846 0.94892 5.578188 0.94892 -6.053486 0.94892 9.583614 0.94892 -5.883755 0.94892 -6.053486 0.9246908 9.583614 0.9246908 -5.883755 0.9246908 -5.714023 0.9246908 -2.579823 0.9246908 -5.714023 0.94892 -2.579823 0.94892 -2.410091 0.94892 -2.410091 0.9246908 1.765065 0.9246908 -2.240361 0.9246908 1.934798 0.9246908 1.765065 0.8934327 2.104528 0.9246908 5.238729 0.9246908 2.104528 0.8934327 1.934798 0.8934327 5.238729 0.8934327 5.40846 0.8934327 5.578188 0.8934327 5.40846 0.9246908 5.578188 0.9246908 -6.053486 0.9246908 9.583614 0.9246908 -5.883755 0.9246908 -6.053486 0.8934327 9.583614 0.8934327 -5.883755 0.8934327 -5.714023 0.8934327 -2.579823 0.8934327 -5.714023 0.9246908 -2.579823 0.9246908 -2.410091 0.9246908 -2.410091 0.8934327 -2.240361 0.8934327 1.765065 0.8934327 2.104528 0.8934327 1.934798 0.8934327 5.238729 0.8934327 2.104528 0.8692032 1.934798 0.8692032 5.238729 0.8692032 5.40846 0.8692032 5.578188 0.8692032 5.40846 0.8934327 5.578188 0.8934327 -6.053486 0.8934327 9.583614 0.8934327 -5.883755 0.8934327 -6.053486 0.8692032 9.583614 0.8692032 -5.883755 0.8692032 -5.714023 0.8692032 -2.579823 0.8692032 -5.714023 0.8934327 -2.579823 0.8934327 -2.410091 0.8934327 -2.240361 0.8934327 -2.410091 0.8692032 -2.240361 0.8692032 1.765065 0.8692032 0.9451056 0.04441327 0.9256695 0.0491966 0.951272 0.05253881 0.9293436 0.05959046 0.951272 0.05253881 0.9293436 0.05959046 0.9513193 0.07072067 0.936836 0.07369494 0.9516769 0.0928461 0.9407822 0.09291553 0.950789 0.1144583 0.9368635 0.1118011 0.9497194 0.1318482 0.9297083 0.1254565 0.9438719 0.1394046 0.926293 0.1348976 0.9241251 0.1737873 0.9469863 0.1750618 0.9438719 0.1394046 0.926293 0.1348976 0.9497194 0.1318482 0.9297083 0.1254565 0.9451056 0.04441327 0.9256695 0.0491966 0.9241251 0.006795228 0.9490506 0.00588727 0.952799 0.1442866 0.954805 0.0393371 0.9849505 0.04035699 0.9808683 0.1437166 0.9589112 0.05101895 0.9777964 0.05322909 0.9591561 0.0706889 0.973362 0.07172364 0.959492 0.09296149 0.9704652 0.09321314 0.9583796 0.1147636 0.9720187 0.11429 0.956888 0.1336482 0.9746211 0.1315423 0.952799 0.1442866 0.9808683 0.1437166 0.9739434 0.1771052 0.9539952 0.1748378 0.954805 0.0393371 0.9849505 0.04035699 0.9783029 0.004194319 0.9566422 0.0062536 0.9980469 0.05073535 0.993167 0.1345415 0.9850948 0.05612475 0.9811248 0.07318354 0.9782906 0.09352469 0.9793849 0.1134791 0.9815267 0.1292891 0.9867486 0.002517819 0.981711 0.1788254 0.9849505 0.04035699 0.9808683 0.1437166 0.9777964 0.05322909 0.973362 0.07172364 0.9704652 0.09321314 0.9720187 0.11429 0.9746211 0.1315423 0.9783029 0.004194319 0.9739434 0.1771052 0.9438719 0.1394046 0.9451056 0.04441327 0.951272 0.05253881 0.9513193 0.07072067 0.9516769 0.0928461 0.950789 0.1144583 0.9497194 0.1318482 0.9490506 0.00588727 0.9469863 0.1750618 0.952799 0.1442866 0.954805 0.0393371 0.9589112 0.05101895 0.9591561 0.0706889 0.959492 0.09296149 0.9583796 0.1147636 0.956888 0.1336482 0.9566422 0.0062536 0.9539952 0.1748378 0.02100622 0.05653518 0.0396319 0.07673949 0.075804 0.05653518 0.05717825 0.07673949 0.09259583 0.01784229 0.09467772 0.05549145 0.075804 0.01877075 0.075804 0.05653518 0.004214322 0.01784229 0.002132487 0.05549145 0.02100622 0.01877075 0.02100622 0.05653518 0.01104441 0.07259971 0.03354622 0.08655339 0.02100622 0.05653518 0.0396319 0.07673949 0.0396319 0.08828717 0.05717825 0.08828717 0.0396319 0.07673949 0.05717825 0.07673949 0.08576564 0.07259971 0.06326393 0.08655339 0.075804 0.05653518 0.05717825 0.07673949 0.075804 0.001953125 0.02100622 0.001953125 0.075804 0.01877075 0.02100622 0.01877075 0.075804 0.01877075 0.02100622 0.01877075 0.02100622 0.05653518 0.075804 0.05653518 0.02100622 0.05653518 0.0396319 0.07673949 0.075804 0.05653518 0.05717825 0.07673949 0.09259583 0.01784229 0.09467772 0.05549145 0.075804 0.01877075 0.075804 0.05653518 0.004214322 0.01784229 0.002132487 0.05549145 0.02100622 0.01877075 0.02100622 0.05653518 0.01104441 0.07259971 0.03354622 0.08655339 0.02100622 0.05653518 0.0396319 0.07673949 0.0396319 0.08828717 0.05717825 0.08828717 0.0396319 0.07673949 0.05717825 0.07673949 0.08576564 0.07259971 0.06326393 0.08655339 0.075804 0.05653518 0.05717825 0.07673949 0.075804 0.001953125 0.02100622 0.001953125 0.075804 0.01877075 0.02100622 0.01877075 0.075804 0.01877075 0.02100622 0.01877075 0.02100622 0.05653518 0.075804 0.05653518 0.9451056 0.04441327 0.9256695 0.0491966 0.951272 0.05253881 0.9293436 0.05959046 0.951272 0.05253881 0.9293436 0.05959046 0.9513193 0.07072067 0.936836 0.07369494 0.9516769 0.0928461 0.9407822 0.09291553 0.950789 0.1144583 0.9368635 0.1118011 0.9497194 0.1318482 0.9297083 0.1254565 0.9438719 0.1394046 0.926293 0.1348976 0.9241251 0.1737873 0.9469863 0.1750618 0.9438719 0.1394046 0.926293 0.1348976 0.9497194 0.1318482 0.9297083 0.1254565 0.9451056 0.04441327 0.9256695 0.0491966 0.9241251 0.006795228 0.9490506 0.00588727 0.952799 0.1442866 0.954805 0.0393371 0.9849505 0.04035699 0.9808683 0.1437166 0.9589112 0.05101895 0.9777964 0.05322909 0.9591561 0.0706889 0.973362 0.07172364 0.959492 0.09296149 0.9704652 0.09321314 0.9583796 0.1147636 0.9720187 0.11429 0.956888 0.1336482 0.9746211 0.1315423 0.952799 0.1442866 0.9808683 0.1437166 0.9739434 0.1771052 0.9539952 0.1748378 0.954805 0.0393371 0.9849505 0.04035699 0.9783029 0.004194319 0.9566422 0.0062536 0.9980469 0.05073535 0.993167 0.1345415 0.9850948 0.05612475 0.9811248 0.07318354 0.9782906 0.09352469 0.9793849 0.1134791 0.9815267 0.1292891 0.9867486 0.002517819 0.981711 0.1788254 0.9849505 0.04035699 0.9808683 0.1437166 0.9777964 0.05322909 0.973362 0.07172364 0.9704652 0.09321314 0.9720187 0.11429 0.9746211 0.1315423 0.9783029 0.004194319 0.9739434 0.1771052 0.9438719 0.1394046 0.9451056 0.04441327 0.951272 0.05253881 0.9513193 0.07072067 0.9516769 0.0928461 0.950789 0.1144583 0.9497194 0.1318482 0.9490506 0.00588727 0.9469863 0.1750618 0.952799 0.1442866 0.954805 0.0393371 0.9589112 0.05101895 0.9591561 0.0706889 0.959492 0.09296149 0.9583796 0.1147636 0.956888 0.1336482 0.9566422 0.0062536 0.9539952 0.1748378 0.02100622 0.05653518 0.0396319 0.07673949 0.075804 0.05653518 0.05717825 0.07673949 0.09259583 0.01784229 0.09467772 0.05549145 0.075804 0.01877075 0.075804 0.05653518 0.004214322 0.01784229 0.002132487 0.05549145 0.02100622 0.01877075 0.02100622 0.05653518 0.01104441 0.07259971 0.03354622 0.08655339 0.02100622 0.05653518 0.0396319 0.07673949 0.0396319 0.08828717 0.05717825 0.08828717 0.0396319 0.07673949 0.05717825 0.07673949 0.08576564 0.07259971 0.06326393 0.08655339 0.075804 0.05653518 0.05717825 0.07673949 0.075804 0.001953125 0.02100622 0.001953125 0.075804 0.01877075 0.02100622 0.01877075 0.075804 0.01877075 0.02100622 0.01877075 0.02100622 0.05653518 0.075804 0.05653518 0.02100622 0.05653518 0.0396319 0.07673949 0.075804 0.05653518 0.05717825 0.07673949 0.09259583 0.01784229 0.09467772 0.05549145 0.075804 0.01877075 0.075804 0.05653518 0.004214322 0.01784229 0.002132487 0.05549145 0.02100622 0.01877075 0.02100622 0.05653518 0.01104441 0.07259971 0.03354622 0.08655339 0.02100622 0.05653518 0.0396319 0.07673949 0.0396319 0.08828717 0.05717825 0.08828717 0.0396319 0.07673949 0.05717825 0.07673949 0.08576564 0.07259971 0.06326393 0.08655339 0.075804 0.05653518 0.05717825 0.07673949 0.075804 0.001953125 0.02100622 0.001953125 0.075804 0.01877075 0.02100622 0.01877075 0.075804 0.01877075 0.02100622 0.01877075 0.02100622 0.05653518 0.075804 0.05653518 0.01805377 0.7972519 0.001953141 0.7972519 0.001953162 0.7813643 0.01805377 0.7929206 0.008073779 0.7972519 0.008073779 0.7929206 0.008073779 0.7813644 0.5034252 0.02302271 0.503536 0.04509538 0.4825864 0.02311945 0.4827002 0.04520899 0.4081968 0.054079 0.4143209 0.06015813 0.4290353 0.04533446 0.4229112 0.0392552 0.001953141 0.7599671 0.001953141 0.7758548 0.01805377 0.7642987 0.01805377 0.7599671 0.008073779 0.7642987 0.008073779 0.7758548 0.4825515 0.001959562 0.4288288 0.002173841 0.4825864 0.02311945 0.4289545 0.02318764 0.4543571 0.02312684 0.4599114 0.02313411 0.437934 0.0231455 0.4434506 0.02313423 0.4598937 0.007112026 0.4434052 0.007179976 0.4378707 0.007209182 0.4543408 0.007139921 0.4826688 0.06632733 0.4291158 0.06632733 0.4827002 0.04520899 0.4290353 0.04533446 0.4825864 0.02311945 0.422881 0.02932364 0.4289545 0.02318764 0.4827002 0.04520899 0.4290353 0.04533446 0.4229112 0.0392552 0.4544829 0.03880924 0.4434859 0.03912044 0.4380025 0.03916925 0.4543571 0.02312684 0.4599114 0.02313411 0.437934 0.0231455 0.4434506 0.02313423 0.4379477 0.02926499 0.460609 0.03893095 0.02960991 0.7758548 0.02960991 0.7813644 0.0196299 0.7758548 0.0196299 0.7813644 0.4544829 0.03880924 0.4580472 0.03586894 0.4566497 0.03625834 0.460609 0.03893095 0.03394145 0.7758548 0.03394145 0.7813644 0.02960991 0.7758548 0.02960991 0.7813644 0.4020313 0.02938688 0.4020613 0.03931844 0.422881 0.02932364 0.4229112 0.0392552 0.4140859 0.008481562 0.4080106 0.0146262 0.422881 0.02932364 0.4289545 0.02318764 0.01805377 0.7599671 0.001953141 0.7599671 0.001953141 0.7758548 0.01805377 0.7642987 0.008073779 0.7642987 0.008073779 0.7758548 0.0196299 0.7758548 0.0196299 0.7813644 0.008073779 0.7758548 0.008073779 0.7813644 0.001953141 0.7758548 0.001953162 0.7813643 0.008073779 0.7758548 0.008073779 0.7813644 0.9661608 0.3746161 0.9483116 0.3746161 0.9661608 0.3518971 0.9483116 0.3518971 0.9661608 0.3518971 0.9483116 0.3518971 0.9661608 0.3291779 0.9483116 0.3291779 0.9661608 0.3291779 0.9483116 0.3291779 0.9661608 0.3064589 0.9483116 0.3064589 0.9661608 0.4427736 0.9483116 0.4427736 0.9661608 0.4200546 0.9483116 0.4200546 0.9089609 0.3291779 0.9286363 0.3405375 0.9483116 0.3291779 0.9483116 0.3064589 0.9286363 0.2950993 0.9089609 0.3064589 0.9661608 0.4200546 0.9483116 0.4200546 0.9661608 0.3973352 0.9483116 0.3973352 0.9661608 0.3746161 0.9483116 0.3746161 0.9661608 0.3973352 0.9483116 0.3973352 0.7298361 0.8083577 0.7266058 0.8165781 0.7386196 0.810066 0.729603 0.7954871 0.73855 0.7954041 0.7059784 0.7962604 0.7074845 0.8200209 0.7068213 0.8286115 0.7185612 0.8200512 0.7204052 0.8287574 0.7332192 0.8230283 0.7304964 0.7992346 0.73855 0.7954041 0.706845 0.7994108 0.7299613 0.7966173 0.7366527 0.7938044 0.7068307 0.7967395 0.7392752 0.7638318 0.7419469 0.7638185 0.7614693 0.7637216 0.7615157 0.7736103 0.7419974 0.7737167 0.7420153 0.78707 0.7393254 0.7737307 0.739395 0.7870837 0.7615828 0.7874966 0.7616255 0.7952806 0.7059784 0.7962604 0.7033953 0.7964307 0.7049507 0.8200223 0.7042851 0.8273486 0.7074845 0.8200209 0.7068213 0.8286115 0.8558335 0.7963101 0.8532254 0.7871999 0.830956 0.7953343 0.8311104 0.7869428 0.8311914 0.7635844 0.8525188 0.7635031 0.8692483 0.7941038 0.8558335 0.7963101 0.8532254 0.7871999 0.8525188 0.7635031 0.8663654 0.7630515 0.8671033 0.7853989 0.8198352 0.7951989 0.7970971 0.7950525 0.8197581 0.7867172 0.7972457 0.7873148 0.7386196 0.810066 0.73855 0.7954041 0.7204052 0.8287574 0.7332192 0.8230283 0.7355029 0.847819 0.7465512 0.8476701 0.7617183 0.8308303 0.7616255 0.7952806 0.002483467 0.4986992 0.01608251 0.4988207 0.002111236 0.5064272 0.01573181 0.5069782 0.8714483 0.7924473 0.8692483 0.7941038 0.8663654 0.7630515 0.8690183 0.7629688 0.8695512 0.7855471 0.8671033 0.7853989 0.007412332 0.4886581 0.01926865 0.4831505 0.01608251 0.4988207 0.03767686 0.4993828 0.02802007 0.498583 0.03955433 0.4883261 0.8196175 0.7735384 0.7971522 0.7732537 0.8197446 0.7635962 0.797149 0.7635862 0.7459701 0.7114577 0.7345607 0.7115144 0.7205405 0.7274179 0.7064723 0.7274369 0.7200323 0.7300411 0.7335474 0.7355603 0.7064857 0.7301086 0.7392012 0.7490199 0.7392752 0.7638318 0.7419469 0.7638185 0.7613002 0.728026 0.7614693 0.7637216 0.830956 0.7953343 0.8311104 0.7869428 0.8198352 0.7951989 0.8197581 0.7867172 0.8196175 0.7735384 0.8197446 0.7635962 0.8311914 0.7635844 0.7971522 0.7732537 0.797149 0.7635862 0.7614693 0.7637216 0.7615157 0.7736103 0.03785938 0.5072742 0.03767686 0.4993828 0.02793288 0.5079945 0.02802007 0.498583 0.01608251 0.4988207 0.01573181 0.5069782 0.02793288 0.5079945 0.02802007 0.498583 0.7970971 0.7950525 0.7972457 0.7873148 0.7615828 0.7874966 0.7616255 0.7952806 0.8366073 0.7334898 0.9095814 0.6914709 0.8365944 0.7385839 0.8214958 0.7337825 0.9221432 0.7017411 0.8517311 0.7331705 0.8934367 0.6930913 0.851723 0.7382689 0.8668625 0.7328466 0.8831664 0.7056531 0.8668551 0.7379522 0.882024 0.7325116 0.8847868 0.7217979 0.8820267 0.7376579 0.8973486 0.7320681 0.8975167 0.7374458 0.7902471 0.7319796 0.9134933 0.7304478 0.7877279 0.7374098 0.9158378 0.7364085 0.8064238 0.7338709 0.9237636 0.7178859 0.8061176 0.7389154 0.82145 0.7388641 0.8057429 0.7468072 0.8059109 0.7521849 0.9231138 0.7650495 0.8212329 0.7465951 0.7874218 0.7478446 0.9155318 0.746843 0.7897663 0.7538053 0.9130126 0.7522734 0.897142 0.7453376 0.8968357 0.7503821 0.8818097 0.745389 0.8817639 0.7504706 0.8840597 0.7604833 0.8666652 0.7456691 0.8666524 0.7507633 0.8821684 0.77666 0.8515367 0.7459843 0.8515285 0.7510825 0.8922696 0.7894361 0.8364044 0.7463008 0.836397 0.7514064 0.9084464 0.7913275 0.8212355 0.7517415 0.9212224 0.7812263 0.7298361 0.8083577 0.7266058 0.8165781 0.7386196 0.810066 0.729603 0.7954871 0.73855 0.7954041 0.7059784 0.7962604 0.7074845 0.8200209 0.7068213 0.8286115 0.7185612 0.8200512 0.7204052 0.8287574 0.7332192 0.8230283 0.7304964 0.7992346 0.73855 0.7954041 0.706845 0.7994108 0.7299613 0.7966173 0.7366527 0.7938044 0.7068307 0.7967395 0.7392752 0.7638318 0.7419469 0.7638185 0.7614693 0.7637216 0.7615157 0.7736103 0.7419974 0.7737167 0.7420153 0.78707 0.7393254 0.7737307 0.739395 0.7870837 0.7615828 0.7874966 0.7616255 0.7952806 0.7059784 0.7962604 0.7033953 0.7964307 0.7049507 0.8200223 0.7042851 0.8273486 0.7074845 0.8200209 0.7068213 0.8286115 0.7386196 0.810066 0.73855 0.7954041 0.7204052 0.8287574 0.7332192 0.8230283 0.7355029 0.847819 0.7465512 0.8476701 0.7617183 0.8308303 0.7616255 0.7952806 0.8558335 0.7963101 0.8532254 0.7871999 0.830956 0.7953343 0.8311104 0.7869428 0.8311914 0.7635844 0.8525188 0.7635031 0.8692483 0.7941038 0.8558335 0.7963101 0.8532254 0.7871999 0.8525188 0.7635031 0.8663654 0.7630515 0.8671033 0.7853989 0.8714483 0.7924473 0.8692483 0.7941038 0.8663654 0.7630515 0.8690183 0.7629688 0.8695512 0.7855471 0.8671033 0.7853989 0.8198352 0.7951989 0.7970971 0.7950525 0.8197581 0.7867172 0.7972457 0.7873148 0.007412332 0.4886581 0.01926865 0.4831505 0.01608251 0.4988207 0.03767686 0.4993828 0.02802007 0.498583 0.03955433 0.4883261 0.002483467 0.4986992 0.01608251 0.4988207 0.002111236 0.5064272 0.01573181 0.5069782 0.830956 0.7953343 0.8311104 0.7869428 0.8198352 0.7951989 0.8197581 0.7867172 0.8196175 0.7735384 0.8197446 0.7635962 0.8311914 0.7635844 0.006273892 0.5172033 0.01833012 0.5233032 0.01573181 0.5069782 0.03955433 0.518793 0.03785938 0.5072742 0.02793288 0.5079945 0.8196175 0.7735384 0.7971522 0.7732537 0.8197446 0.7635962 0.797149 0.7635862 0.7459701 0.7114577 0.7345607 0.7115144 0.7205405 0.7274179 0.7064723 0.7274369 0.7200323 0.7300411 0.7335474 0.7355603 0.7064857 0.7301086 0.7392012 0.7490199 0.7392752 0.7638318 0.7419469 0.7638185 0.7613002 0.728026 0.7614693 0.7637216 0.7971522 0.7732537 0.797149 0.7635862 0.7614693 0.7637216 0.7615157 0.7736103 0.03785938 0.5072742 0.03767686 0.4993828 0.02793288 0.5079945 0.02802007 0.498583 0.01608251 0.4988207 0.01573181 0.5069782 0.02793288 0.5079945 0.02802007 0.498583 0.7970971 0.7950525 0.7972457 0.7873148 0.7615828 0.7874966 0.7616255 0.7952806 0.8366073 0.7334898 0.9095814 0.6914709 0.8365944 0.7385839 0.8214958 0.7337825 0.9221432 0.7017411 0.8517311 0.7331705 0.8934367 0.6930913 0.851723 0.7382689 0.8668625 0.7328466 0.8831664 0.7056531 0.8668551 0.7379522 0.882024 0.7325116 0.8847868 0.7217979 0.8820267 0.7376579 0.8973486 0.7320681 0.8975167 0.7374458 0.7902471 0.7319796 0.9134933 0.7304478 0.7877279 0.7374098 0.9158378 0.7364085 0.8064238 0.7338709 0.9237636 0.7178859 0.8061176 0.7389154 0.82145 0.7388641 0.8057429 0.7468072 0.8059109 0.7521849 0.9231138 0.7650495 0.8212329 0.7465951 0.7874218 0.7478446 0.9155318 0.746843 0.7897663 0.7538053 0.9130126 0.7522734 0.897142 0.7453376 0.8968357 0.7503821 0.8818097 0.745389 0.8817639 0.7504706 0.8840597 0.7604833 0.8666652 0.7456691 0.8666524 0.7507633 0.8821684 0.77666 0.8515367 0.7459843 0.8515285 0.7510825 0.8922696 0.7894361 0.8364044 0.7463008 0.836397 0.7514064 0.9084464 0.7913275 0.8212355 0.7517415 0.9212224 0.7812263 0.02960991 0.7758548 0.02960991 0.7813644 0.0196299 0.7758548 0.0196299 0.7813644 0.01805377 0.7972519 0.001953141 0.7972519 0.01805377 0.7929206 0.001953162 0.7813643 0.008073779 0.7929206 0.008073779 0.7813644 0.0196299 0.7758548 0.0196299 0.7813644 0.008073779 0.7758548 0.008073779 0.7813644 0.001953141 0.7758548 0.001953162 0.7813643 0.008073779 0.7758548 0.008073779 0.7813644 0.006273892 0.5172033 0.01833012 0.5233032 0.01573181 0.5069782 0.03955433 0.518793 0.03785938 0.5072742 0.02793288 0.5079945 0.5636787 0.4213185 0.5637717 0.4207768 0.5588386 0.4209343 0.5593255 0.4183826 0.5685171 0.4222242 0.8567005 0.4138671 0.8597275 0.4108563 0.8534638 0.4171 0.8606524 0.4207227 0.8607661 0.4212548 0.8650678 0.4183522 0.8656061 0.4208683 0.8559278 0.4221623 0.849272 0.4098086 0.8498157 0.4098949 0.8496388 0.404976 0.8521938 0.405444 0.848385 0.4146416 0.5760669 0.4147002 0.5722842 0.405542 0.5748088 0.4050353 0.5746421 0.4099677 0.5751777 0.4098676 0.5709938 0.4171492 0.564766 0.4108611 0.5677692 0.4139001 0.8559912 0.63468 0.8651673 0.6384917 0.8656701 0.6359687 0.8607296 0.6361185 0.8608298 0.6355851 0.8484424 0.6422083 0.8497009 0.6518735 0.8522282 0.6513948 0.8493318 0.6470408 0.8498673 0.6469504 0.8535236 0.6397551 0.8597888 0.6460376 0.8567614 0.6430017 0.5761169 0.64228 0.5723125 0.6514513 0.5748633 0.6519459 0.5746863 0.6470177 0.5752299 0.6471129 0.5685717 0.6347622 0.5588914 0.6360571 0.5594142 0.6386008 0.5637324 0.6356704 0.5638391 0.6362103 0.5710449 0.6398258 0.5648153 0.6460782 0.5678201 0.6430622 0.5295677 0.3759077 0.5108209 0.2934453 0.5658185 0.3484517 0.5058149 0.4207869 0.522988 0.382587 0.5071042 0.284467 0.5365005 0.3690071 0.5747976 0.3521685 0.5747976 0.3521685 0.8495494 0.001953304 0.8497149 0.7047417 0.8882608 0.6886265 0.8585283 0.005670071 0.9135217 0.06067306 0.8953301 0.6816784 0.9172387 0.06965095 0.9022976 0.674629 0.9187033 0.6361136 0.510782 0.06075776 0.5657449 0.005733907 0.5303653 0.6806562 0.5070688 0.06973583 0.5058481 0.6362308 0.5238369 0.6741165 0.8945426 0.3755676 0.8586053 0.3483884 0.9135726 0.2933617 0.901461 0.3824732 0.9186136 0.4207045 0.9172856 0.2843828 0.8496274 0.3521094 0.8878461 0.3690141 0.8496274 0.3521094 0.5747226 0.002013147 0.5369292 0.6871602 0.5748773 0.7048138 0.5762107 0.6346426 0.8483465 0.6345669 0.8482915 0.4222804 0.5761634 0.4223393 0.8554038 0.2902099 0.8554038 0.2902099 0.8554038 0.2902099 0.5689947 0.2902719 0.5689947 0.2902719 0.5689947 0.2902719 0.8553522 0.06384921 0.8553522 0.06384921 0.8553522 0.06384921 0.5689464 0.06391203 0.5689464 0.06391203 0.5689464 0.06391203 0.5140102 0.2902576 0.5140102 0.2902576 0.5690066 0.3452623 0.5690066 0.3452623 0.8553402 0.008859575 0.8553402 0.008859575 0.9103329 0.06386089 0.9103329 0.06386089 0.8554156 0.3452003 0.9103825 0.2901754 0.9103825 0.2901754 0.8554156 0.3452003 0.5689344 0.00892204 0.5139716 0.06394416 0.5139716 0.06394416 0.5689344 0.00892204 1.765065 0.9246908 1.765065 0.9246908 -2.240361 0.9246908 -2.240361 0.9246908 2.104528 0.9246908 2.104528 0.9246908 1.934798 0.9246908 1.934798 0.9246908 -5.883755 0.9246908 -5.883755 0.9246908 5.578188 0.9246908 5.578188 0.9246908 -6.053486 0.9246908 9.583614 0.9246908 -6.053486 0.9246908 9.583614 0.9246908 5.238729 0.9246908 5.238729 0.9246908 5.40846 0.9246908 5.40846 0.9246908 -5.714023 0.9246908 -5.714023 0.9246908 -2.579823 0.9246908 -2.579823 0.9246908 -2.410091 0.9246908 -2.410091 0.9246908 -2.410091 0.8934327 -2.410091 0.8934327 -2.579823 0.8934327 -2.579823 0.8934327 5.578188 0.8934327 5.578188 0.8934327 2.104528 0.8934327 2.104528 0.8934327 1.765065 0.8934327 1.765065 0.8934327 -5.714023 0.8934327 -5.714023 0.8934327 -6.053486 0.8934327 9.583614 0.8934327 -6.053486 0.8934327 9.583614 0.8934327 -5.883755 0.8934327 -5.883755 0.8934327 1.934798 0.8934327 1.934798 0.8934327 5.238729 0.8934327 5.238729 0.8934327 5.40846 0.8934327 5.40846 0.8934327 -2.240361 0.8934327 -2.240361 0.8934327 1.765065 0.94892 -2.240361 0.94892 2.104528 0.94892 1.934798 0.94892 -5.883755 0.94892 5.578188 0.94892 -6.053486 0.94892 9.583614 0.94892 5.238729 0.94892 5.40846 0.94892 -5.714023 0.94892 -2.579823 0.94892 -2.410091 0.94892 -2.410091 0.8692032 -2.579823 0.8692032 5.578188 0.8692032 2.104528 0.8692032 1.765065 0.8692032 -5.714023 0.8692032 -6.053486 0.8692032 9.583614 0.8692032 -5.883755 0.8692032 1.934798 0.8692032 5.238729 0.8692032 5.40846 0.8692032 -2.240361 0.8692032 9.583614 0.902994 9.583614 0.8934327 9.583614 0.8934327 9.583614 0.8934327 9.583614 0.8934327 5.578188 0.8934327 5.578188 0.8692032 5.578188 0.8692032 9.583614 0.8692032 5.578188 0.8692032 9.583614 0.8692032 5.578188 0.8692032 9.583614 0.8692032 9.583614 0.8692032 5.578188 0.8934327 5.578188 0.8934327 5.578188 0.8934327 5.578188 0.902994 9.583614 0.8934327 5.578188 0.8934327 0.7298361 0.8083577 0.02802007 0.498583 0.02802007 0.498583 0.02802007 0.498583 0.7386196 0.810066 0.7386196 0.810066 0.7185612 0.8200512 0.8532254 0.7871999 0.8532254 0.7871999 0.7204052 0.8287574 0.8558335 0.7963101 0.7204052 0.8287574 0.8558335 0.7963101 0.7266058 0.8165781 0.01608251 0.4988207 0.01608251 0.4988207 0.01608251 0.4988207 0.7332192 0.8230283 0.7332192 0.8230283 0.02793288 0.5079945 0.02793288 0.5079945 0.02793288 0.5079945 0.01573181 0.5069782 0.01573181 0.5069782 0.01573181 0.5069782 0.7074845 0.8200209 0.7074845 0.8200209 0.8671033 0.7853989 0.8671033 0.7853989 0.7068213 0.8286115 0.8692483 0.7941038 0.7068213 0.8286115 0.8692483 0.7941038 0.7304964 0.7992346 0.729603 0.7954871 0.7420153 0.78707 0.03767686 0.4993828 0.03767686 0.4993828 0.73855 0.7954041 0.73855 0.7954041 0.73855 0.7954041 0.7419974 0.7737167 0.03785938 0.5072742 0.03785938 0.5072742 0.706845 0.7994108 0.7059784 0.7962604 0.7059784 0.7962604 0.7049507 0.8200223 0.8695512 0.7855471 0.7042851 0.8273486 0.8714483 0.7924473 0.7299613 0.7966173 0.739395 0.7870837 0.7366527 0.7938044 0.7393254 0.7737307 0.7068307 0.7967395 0.7033953 0.7964307 0.7205405 0.7274179 0.8525188 0.7635031 0.8525188 0.7635031 0.7064723 0.7274369 0.8663654 0.7630515 0.8663654 0.7630515 0.7419469 0.7638185 0.7419469 0.7638185 0.7392012 0.7490199 0.7335474 0.7355603 0.7200323 0.7300411 0.7064857 0.7301086 0.8690183 0.7629688 0.7392752 0.7638318 0.7392752 0.7638318 0.7617183 0.8308303 0.7970971 0.7950525 0.7970971 0.7950525 0.7465512 0.8476701 0.8198352 0.7951989 0.8198352 0.7951989 0.002483467 0.4986992 0.007412332 0.4886581 0.8197581 0.7867172 0.8197581 0.7867172 0.01926865 0.4831505 0.7972457 0.7873148 0.7972457 0.7873148 0.7971522 0.7732537 0.01833012 0.5233032 0.7971522 0.7732537 0.002111236 0.5064272 0.006273892 0.5172033 0.8196175 0.7735384 0.8196175 0.7735384 0.7616255 0.7952806 0.7616255 0.7952806 0.7616255 0.7952806 0.7615828 0.7874966 0.03955433 0.4883261 0.7615828 0.7874966 0.7615157 0.7736103 0.7615157 0.7736103 0.03955433 0.518793 0.7613002 0.728026 0.797149 0.7635862 0.797149 0.7635862 0.7614693 0.7637216 0.7614693 0.7637216 0.7614693 0.7637216 0.7459701 0.7114577 0.8197446 0.7635962 0.8197446 0.7635962 0.7355029 0.847819 0.830956 0.7953343 0.830956 0.7953343 0.8311104 0.7869428 0.8311104 0.7869428 0.7345607 0.7115144 0.8311914 0.7635844 0.8311914 0.7635844 0.8366073 0.7334898 0.9095814 0.6914709 0.8365944 0.7385839 0.836397 0.7514064 0.9084464 0.7913275 0.8364044 0.7463008 0.8214958 0.7337825 0.9221432 0.7017411 0.82145 0.7388641 0.8212355 0.7517415 0.9212224 0.7812263 0.8212329 0.7465951 0.8064238 0.7338709 0.9237636 0.7178859 0.8061176 0.7389154 0.8059109 0.7521849 0.9231138 0.7650495 0.8057429 0.7468072 0.7902471 0.7319796 0.9134933 0.7304478 0.7877279 0.7374098 0.9158378 0.7364085 0.7897663 0.7538053 0.9130126 0.7522734 0.7874218 0.7478446 0.9155318 0.746843 0.8973486 0.7320681 0.8975167 0.7374458 0.8968357 0.7503821 0.897142 0.7453376 0.882024 0.7325116 0.8847868 0.7217979 0.8820267 0.7376579 0.8817639 0.7504706 0.8840597 0.7604833 0.8818097 0.745389 0.8668625 0.7328466 0.8831664 0.7056531 0.8668551 0.7379522 0.8666524 0.7507633 0.8821684 0.77666 0.8666652 0.7456691 0.8517311 0.7331705 0.8934367 0.6930913 0.851723 0.7382689 0.8515285 0.7510825 0.8922696 0.7894361 0.8515367 0.7459843 0.7298361 0.8083577 0.7266058 0.8165781 0.7386196 0.810066 0.7386196 0.810066 0.729603 0.7954871 0.7304964 0.7992346 0.73855 0.7954041 0.73855 0.7954041 0.73855 0.7954041 0.7059784 0.7962604 0.7059784 0.7962604 0.706845 0.7994108 0.7299613 0.7966173 0.7366527 0.7938044 0.7033953 0.7964307 0.7068307 0.7967395 0.7049507 0.8200223 0.7042851 0.8273486 0.8714483 0.7924473 0.7074845 0.8200209 0.7074845 0.8200209 0.7068213 0.8286115 0.8692483 0.7941038 0.7068213 0.8286115 0.8692483 0.7941038 0.7185612 0.8200512 0.7204052 0.8287574 0.8558335 0.7963101 0.8558335 0.7963101 0.7204052 0.8287574 0.7332192 0.8230283 0.7332192 0.8230283 0.8532254 0.7871999 0.8532254 0.7871999 0.830956 0.7953343 0.830956 0.7953343 0.7355029 0.847819 0.8311104 0.7869428 0.8311104 0.7869428 0.8198352 0.7951989 0.8198352 0.7951989 0.7465512 0.8476701 0.7970971 0.7950525 0.7970971 0.7950525 0.7617183 0.8308303 0.8197581 0.7867172 0.8197581 0.7867172 0.007412332 0.4886581 0.002483467 0.4986992 0.7972457 0.7873148 0.7972457 0.7873148 0.01926865 0.4831505 0.01608251 0.4988207 0.01608251 0.4988207 0.01608251 0.4988207 0.8196175 0.7735384 0.8196175 0.7735384 0.006273892 0.5172033 0.002111236 0.5064272 0.7971522 0.7732537 0.01833012 0.5233032 0.7971522 0.7732537 0.8197446 0.7635962 0.8197446 0.7635962 0.7459701 0.7114577 0.01573181 0.5069782 0.01573181 0.5069782 0.01573181 0.5069782 0.8311914 0.7635844 0.8311914 0.7635844 0.7345607 0.7115144 0.8525188 0.7635031 0.8525188 0.7635031 0.7205405 0.7274179 0.8663654 0.7630515 0.7064723 0.7274369 0.8663654 0.7630515 0.7200323 0.7300411 0.7335474 0.7355603 0.7064857 0.7301086 0.8690183 0.7629688 0.8695512 0.7855471 0.8671033 0.7853989 0.8671033 0.7853989 0.7392012 0.7490199 0.7392752 0.7638318 0.7392752 0.7638318 0.7419469 0.7638185 0.7419469 0.7638185 0.797149 0.7635862 0.797149 0.7635862 0.7613002 0.728026 0.7614693 0.7637216 0.7614693 0.7637216 0.7614693 0.7637216 0.03955433 0.518793 0.7615157 0.7736103 0.7615157 0.7736103 0.03785938 0.5072742 0.03785938 0.5072742 0.7419974 0.7737167 0.03767686 0.4993828 0.03767686 0.4993828 0.7420153 0.78707 0.02793288 0.5079945 0.02793288 0.5079945 0.02793288 0.5079945 0.7393254 0.7737307 0.739395 0.7870837 0.02802007 0.498583 0.02802007 0.498583 0.02802007 0.498583 0.7615828 0.7874966 0.03955433 0.4883261 0.7615828 0.7874966 0.7616255 0.7952806 0.7616255 0.7952806 0.7616255 0.7952806 0.8366073 0.7334898 0.9095814 0.6914709 0.8365944 0.7385839 0.8214958 0.7337825 0.9221432 0.7017411 0.8517311 0.7331705 0.8934367 0.6930913 0.851723 0.7382689 0.8668625 0.7328466 0.8831664 0.7056531 0.8668551 0.7379522 0.882024 0.7325116 0.8847868 0.7217979 0.8820267 0.7376579 0.8973486 0.7320681 0.8975167 0.7374458 0.7902471 0.7319796 0.9134933 0.7304478 0.7877279 0.7374098 0.9158378 0.7364085 0.8064238 0.7338709 0.9237636 0.7178859 0.8061176 0.7389154 0.82145 0.7388641 0.8057429 0.7468072 0.8059109 0.7521849 0.9231138 0.7650495 0.8212329 0.7465951 0.7874218 0.7478446 0.9155318 0.746843 0.7897663 0.7538053 0.9130126 0.7522734 0.897142 0.7453376 0.8968357 0.7503821 0.8818097 0.745389 0.8817639 0.7504706 0.8840597 0.7604833 0.8666652 0.7456691 0.8666524 0.7507633 0.8821684 0.77666 0.8515367 0.7459843 0.8515285 0.7510825 0.8922696 0.7894361 0.8364044 0.7463008 0.836397 0.7514064 0.9084464 0.7913275 0.8212355 0.7517415 0.9212224 0.7812263 0.03404648 0.455127 0.02184771 0.4673259 0.05213131 0.340654 0.02184771 0.4100258 0.03404648 0.4222246 0.05213133 0.3735564 0.001953149 0.455127 0.01415195 0.4673259 0.0598271 0.340654 0.01415195 0.4100258 0.001953127 0.4222246 0.0598271 0.3735564 0.01415195 0.4222246 0.01415195 0.4222246 0.01415195 0.4222246 0.01415195 0.455127 0.01415195 0.455127 0.01415195 0.455127 0.02184771 0.455127 0.02184771 0.455127 0.02184771 0.455127 0.02184771 0.4222246 0.02184771 0.4222246 0.02184771 0.4222246 0.01483114 0.3935276 0.01483114 0.3935276 0.01176954 0.3904659 0.01176954 0.3904659 0.01176954 0.3529083 0.01176954 0.3529083 0.01483114 0.3498465 0.01483114 0.3498465 0.03024376 0.3904659 0.03024376 0.3904659 0.02718216 0.3935276 0.02718216 0.3935276 0.02718216 0.3498465 0.02718216 0.3498465 0.03024376 0.3529083 0.03024376 0.3529083 0.03718505 0.3459669 0.04006017 0.3529083 0.06521633 0.3758841 0.02718216 0.3400302 0.03412344 0.3429053 0.06215475 0.3789458 0.02718216 0.4033439 0.03412344 0.4004688 0.06215472 0.3352647 0.03718499 0.3974072 0.04006017 0.3904659 0.0652163 0.3383262 0.001953125 0.3904659 0.004828305 0.3974072 0.04674211 0.3383262 0.00788985 0.4004688 0.01483114 0.4033439 0.04980369 0.3352647 0.007889908 0.3429053 0.0148312 0.3400302 0.04980369 0.3789458 0.001953125 0.3529083 0.004828305 0.3459669 0.04674211 0.3758841 0.00788985 0.4004688 0.0148312 0.3400302 0.04980369 0.3352647 0.02718216 0.3935276 0.02718216 0.3935276 0.02718216 0.3498465 0.01176954 0.3904659 0.01176954 0.3904659 0.001953125 0.3904659 0.004828305 0.3974072 0.04674211 0.3383262 0.01176954 0.3529083 0.01176954 0.3529083 0.01483114 0.3498465 0.01483114 0.3498465 0.001953125 0.3529083 0.004828305 0.3459669 0.04674211 0.3758841 0.02184771 0.4100258 0.03404648 0.4222246 0.05213133 0.3735564 0.007889908 0.3429053 0.0148312 0.3400302 0.04980369 0.3789458 0.02718216 0.3400302 0.03412344 0.3429053 0.06215475 0.3789458 0.03718505 0.3459669 0.04006017 0.3529083 0.06521633 0.3758841 0.001953127 0.4222246 0.01415195 0.4100258 0.0598271 0.3735564 0.02718216 0.3498465 0.02718216 0.3498465 0.03024376 0.3529083 0.03024376 0.3529083 0.03024376 0.3904659 0.03024376 0.3904659 0.03718499 0.3974072 0.04006017 0.3904659 0.0652163 0.3383262 0.02718216 0.3400302 0.03412344 0.4004688 0.06215472 0.3352647 0.001953149 0.455127 0.01415195 0.4673259 0.0598271 0.340654 0.02184771 0.4673259 0.03404648 0.455127 0.05213131 0.340654 0.01415195 0.455127 0.01415195 0.455127 0.01415195 0.455127 0.01415195 0.4222246 0.01415195 0.4222246 0.01415195 0.4222246 0.02184771 0.455127 0.02184771 0.455127 0.02184771 0.455127 0.02184771 0.4222246 0.02184771 0.4222246 0.02184771 0.4222246 0.01483114 0.3935276 0.01483114 0.3935276 0.01483114 0.3498465</float_array>
          <technique_common>
            <accessor count="1682" source="#texcoords-array-array" stride="2">
              <param type="float" name="S"/>
              <param type="float" name="T"/>
            </accessor>
          </technique_common>
        </source>
        <vertices id="verts-array-vertices">
          <input semantic="POSITION" source="#verts-array"/>
        </vertices>
        <triangles count="1354" material="material0">
          <input offset="0" semantic="VERTEX" source="#verts-array-vertices"/>
          <input offset="1" semantic="NORMAL" source="#normals-array"/>
          <input offset="2" semantic="TEXCOORD" source="#texcoords-array"/>
          <p>71 71 71 53 53 53 6 6 6 15 15 15 71 71 71 6 6 6 23 23 23 13 13 13 80 80 80 18 18 18 23 23 23 80 80 80 24 24 24 72 72 72 70 70 70 14 14 14 24 24 24 70 70 70 37 37 37 73 73 73 77 77 77 28 28 28 37 37 37 77 77 77 20 20 20 69 69 69 72 72 72 24 24 24 20 20 20 72 72 72 45 45 45 55 55 55 57 57 57 50 50 50 45 45 45 57 57 57 27 27 27 76 76 76 56 56 56 46 46 46 27 27 27 56 56 56 25 25 25 23 23 23 18 18 18 22 22 22 25 25 25 18 18 18 24 24 24 25 25 25 22 22 22 20 20 20 24 24 24 22 22 22 16 16 16 13 13 13 23 23 23 25 25 25 16 16 16 23 23 23 14 14 14 16 16 16 25 25 25 24 24 24 14 14 14 25 25 25 38 38 38 36 36 36 31 31 31 34 34 34 38 38 38 31 31 31 37 37 37 38 38 38 34 34 34 32 32 32 37 37 37 34 34 34 30 30 30 26 26 26 36 36 36 38 38 38 30 30 30 36 36 36 28 28 28 30 30 30 38 38 38 37 37 37 28 28 28 38 38 38 80 80 80 78 78 78 39 39 39 65 65 65 18 18 18 80 80 80 40 40 40 66 66 66 68 68 68 40 40 40 68 68 68 60 60 60 64 64 64 65 65 65 80 80 80 80 80 80 39 39 39 64 64 64 2 2 2 59 59 59 75 75 75 33 33 33 2 2 2 75 75 75 81 81 81 0 0 0 31 31 31 79 79 79 81 81 81 31 31 31 68 68 68 19 19 19 60 60 60 60 60 60 61 61 61 40 40 40 42 42 42 40 40 40 61 61 61 62 62 62 42 42 42 61 61 61 39 39 39 42 42 42 62 62 62 64 64 64 39 39 39 62 62 62 29 29 29 27 27 27 46 46 46 48 48 48 29 29 29 46 46 46 1 1 1 3 3 3 12 12 12 11 11 11 1 1 1 12 12 12 12 12 12 10 10 10 5 5 5 9 9 9 12 12 12 5 5 5 11 11 11 12 12 12 9 9 9 7 7 7 11 11 11 9 9 9 35 35 35 31 31 31 0 0 0 4 4 4 35 35 35 0 0 0 52 52 52 58 58 58 1 1 1 11 11 11 52 52 52 1 1 1 65 65 65 63 63 63 21 21 21 18 18 18 65 65 65 21 21 21 21 21 21 63 63 63 19 19 19 63 63 63 60 60 60 19 19 19 12 12 12 3 3 3 10 10 10 3 3 3 0 0 0 10 10 10 26 26 26 29 29 29 48 48 48 44 44 44 26 26 26 48 48 48 32 32 32 74 74 74 73 73 73 37 37 37 32 32 32 73 73 73 7 7 7 54 54 54 52 52 52 11 11 11 7 7 7 52 52 52 17 17 17 15 15 15 6 6 6 8 8 8 17 17 17 6 6 6 26 26 26 79 79 79 31 31 31 36 36 36 26 26 26 31 31 31 2 2 2 33 33 33 4 4 4 33 33 33 35 35 35 4 4 4 78 78 78 80 80 80 79 79 79 80 80 80 81 81 81 79 79 79 81 81 81 5 5 5 0 0 0 5 5 5 10 10 10 0 0 0 57 57 57 67 67 67 41 41 41 50 50 50 57 57 57 41 41 41 80 80 80 13 13 13 81 81 81 13 13 13 5 5 5 81 81 81 49 49 49 39 39 39 44 44 44 39 39 39 78 78 78 44 44 44 26 26 26 44 44 44 79 79 79 44 44 44 78 78 78 79 79 79 43 43 43 39 39 39 49 49 49 51 51 51 43 43 43 49 49 49 45 45 45 50 50 50 47 47 47 50 50 50 51 51 51 47 47 47 47 47 47 51 51 51 44 44 44 51 51 51 49 49 49 44 44 44 50 50 50 41 41 41 51 51 51 41 41 41 43 43 43 51 51 51 13 13 13 17 17 17 8 8 8 5 5 5 13 13 13 8 8 8 82 82 82 85 85 85 84 84 84 83 83 83 82 82 82 84 84 84 88 88 88 89 89 89 86 86 86 89 89 89 87 87 87 86 86 86 93 93 93 90 90 90 91 91 91 92 92 92 93 93 93 91 91 91 94 94 94 97 97 97 96 96 96 95 95 95 94 94 94 96 96 96 100 100 100 101 101 101 98 98 98 101 101 101 99 99 99 98 98 98 103 103 103 102 102 102 104 104 104 102 102 102 105 105 105 104 104 104 109 109 109 106 106 106 108 108 108 106 106 106 107 107 107 108 108 108 113 113 113 112 112 112 110 110 110 111 111 111 113 113 113 110 110 110 119 119 119 117 117 117 115 115 115 118 118 118 119 119 119 115 115 115 119 119 119 116 116 116 117 117 117 118 118 118 115 115 115 114 114 114 124 124 124 121 121 121 122 122 122 125 125 125 122 122 122 123 123 123 125 125 125 124 124 124 122 122 122 124 124 124 120 120 120 121 121 121 130 130 130 126 126 126 129 129 129 130 130 130 127 127 127 126 126 126 131 131 131 130 130 130 129 129 129 131 131 131 129 129 129 128 128 128 137 137 137 135 135 135 134 134 134 137 137 137 134 134 134 133 133 133 136 136 136 133 133 133 132 132 132 136 136 136 137 137 137 133 133 133 139 139 139 141 141 141 138 138 138 141 141 141 140 140 140 138 138 138 143 143 143 145 145 145 142 142 142 145 145 145 144 144 144 142 142 142 148 148 148 149 149 149 146 146 146 149 149 149 147 147 147 146 146 146 152 152 152 153 153 153 150 150 150 153 153 153 151 151 151 150 150 150 155 155 155 156 156 156 154 154 154 156 156 156 157 157 157 154 154 154 161 161 161 160 160 160 158 158 158 160 160 160 159 159 159 158 158 158 185 185 185 184 184 184 182 182 182 183 183 183 185 185 185 182 182 182 162 162 162 165 165 165 163 163 163 165 165 165 166 166 166 163 163 163 187 187 187 186 186 186 183 183 183 186 186 186 185 185 185 183 183 183 184 184 184 178 178 178 181 181 181 182 182 182 184 184 184 181 181 181 166 166 166 186 186 186 187 187 187 163 163 163 166 166 166 187 187 187 174 174 174 169 169 169 171 171 171 172 172 172 174 174 174 171 171 171 169 169 169 168 168 168 170 170 170 171 171 171 169 169 169 170 170 170 170 170 170 168 168 168 164 164 164 168 168 168 167 167 167 164 164 164 167 167 167 165 165 165 162 162 162 164 164 164 167 167 167 162 162 162 175 175 175 174 174 174 172 172 172 173 173 173 175 175 175 172 172 172 180 180 180 177 177 177 173 173 173 177 177 177 175 175 175 173 173 173 181 181 181 178 178 178 179 179 179 178 178 178 176 176 176 179 179 179 189 189 189 213 213 213 188 188 188 213 213 213 191 191 191 188 188 188 210 210 210 208 208 208 211 211 211 208 208 208 212 212 212 211 211 211 211 211 211 212 212 212 189 189 189 212 212 212 213 213 213 189 189 189 209 209 209 203 203 203 206 206 206 207 207 207 209 209 209 206 206 206 207 207 207 208 208 208 210 210 210 209 209 209 207 207 207 210 210 210 193 193 193 196 196 196 199 199 199 196 196 196 197 197 197 199 199 199 198 198 198 205 205 205 202 202 202 200 200 200 198 198 198 202 202 202 203 203 203 201 201 201 204 204 204 206 206 206 203 203 203 204 204 204 199 199 199 197 197 197 200 200 200 197 197 197 198 198 198 200 200 200 190 190 190 188 188 188 191 191 191 195 195 195 190 190 190 191 191 191 194 194 194 196 196 196 193 193 193 192 192 192 194 194 194 193 193 193 192 192 192 190 190 190 195 195 195 194 194 194 192 192 192 195 195 195 219 219 219 218 218 218 215 215 215 216 216 216 219 219 219 215 215 215 231 231 231 232 232 232 234 234 234 233 233 233 231 231 231 234 234 234 230 230 230 231 231 231 233 233 233 227 227 227 230 230 230 233 233 233 225 225 225 228 228 228 227 227 227 228 228 228 230 230 230 227 227 227 222 222 222 229 229 229 226 226 226 224 224 224 222 222 222 226 226 226 215 215 215 218 218 218 217 217 217 218 218 218 220 220 220 217 217 217 221 221 221 222 222 222 224 224 224 223 223 223 221 221 221 224 224 224 220 220 220 221 221 221 223 223 223 217 217 217 220 220 220 223 223 223 235 235 235 237 237 237 236 236 236 237 237 237 238 238 238 236 236 236 234 234 234 232 232 232 235 235 235 232 232 232 237 237 237 235 235 235 214 214 214 239 239 239 216 216 216 239 239 239 219 219 219 216 216 216 236 236 236 238 238 238 214 214 214 238 238 238 239 239 239 214 214 214 243 243 243 242 242 242 240 240 240 241 241 241 243 243 243 240 240 240 248 248 248 246 246 246 247 247 247 249 249 249 248 248 248 247 247 247 246 246 246 244 244 244 245 245 245 247 247 247 246 246 246 245 245 245 252 252 252 250 250 250 251 251 251 253 253 253 252 252 252 251 251 251 250 250 250 248 248 248 249 249 249 251 251 251 250 250 250 249 249 249 255 255 255 256 256 256 254 254 254 256 256 256 257 257 257 254 254 254 259 259 259 258 258 258 261 261 261 258 258 258 260 260 260 261 261 261 265 265 265 264 264 264 262 262 262 264 264 264 263 263 263 262 262 262 271 271 271 268 268 268 267 267 267 270 270 270 271 271 271 267 267 267 274 274 274 275 275 275 273 273 273 272 272 272 274 274 274 273 273 273 272 272 272 273 273 273 271 271 271 270 270 270 272 272 272 271 271 271 278 278 278 279 279 279 277 277 277 276 276 276 278 278 278 277 277 277 276 276 276 277 277 277 275 275 275 274 274 274 276 276 276 275 275 275 278 278 278 266 266 266 279 279 279 266 266 266 269 269 269 279 279 279 282 282 282 281 281 281 280 280 280 283 283 283 282 282 282 280 280 280 285 285 285 286 286 286 284 284 284 286 286 286 287 287 287 284 284 284 297 297 297 288 288 288 295 295 295 304 304 304 297 297 297 295 295 295 300 300 300 301 301 301 291 291 291 301 301 301 292 292 292 291 291 291 303 303 303 294 294 294 293 293 293 302 302 302 303 303 303 293 293 293 301 301 301 302 302 302 292 292 292 302 302 302 293 293 293 292 292 292 298 298 298 289 289 289 294 294 294 303 303 303 298 298 298 294 294 294 298 298 298 305 305 305 289 289 289 305 305 305 296 296 296 289 289 289 300 300 300 291 291 291 290 290 290 299 299 299 300 300 300 290 290 290 297 297 297 299 299 299 288 288 288 299 299 299 290 290 290 288 288 288 315 315 315 321 321 321 306 306 306 321 321 321 312 312 312 306 306 306 320 320 320 311 311 311 312 312 312 321 321 321 320 320 320 312 312 312 319 319 319 318 318 318 310 310 310 318 318 318 309 309 309 310 310 310 320 320 320 319 319 319 311 311 311 319 319 319 310 310 310 311 311 311 318 318 318 317 317 317 309 309 309 317 317 317 308 308 308 309 309 309 316 316 316 307 307 307 308 308 308 317 317 317 316 316 316 308 308 308 323 323 323 315 315 315 314 314 314 315 315 315 306 306 306 314 314 314 322 322 322 313 313 313 307 307 307 316 316 316 322 322 322 307 307 307 325 325 325 327 327 327 326 326 326 324 324 324 325 325 325 326 326 326 330 330 330 331 331 331 328 328 328 331 331 331 329 329 329 328 328 328 334 334 334 332 332 332 333 333 333 335 335 335 334 334 334 333 333 333 339 339 339 338 338 338 337 337 337 338 338 338 336 336 336 337 337 337 343 343 343 342 342 342 341 341 341 342 342 342 340 340 340 341 341 341 346 346 346 347 347 347 344 344 344 347 347 347 345 345 345 344 344 344 350 350 350 348 348 348 349 349 349 351 351 351 350 350 350 349 349 349 353 353 353 354 354 354 352 352 352 354 354 354 355 355 355 352 352 352 357 357 357 356 356 356 358 358 358 359 359 359 357 357 357 358 358 358 361 361 361 363 363 363 360 360 360 363 363 363 362 362 362 360 360 360 366 366 366 367 367 367 365 365 365 364 364 364 366 366 366 365 365 365 368 368 368 370 370 370 369 369 369 370 370 370 371 371 371 369 369 369 372 372 372 374 374 374 373 373 373 374 374 374 375 375 375 373 373 373 377 377 377 379 379 379 376 376 376 379 379 379 378 378 378 376 376 376 382 382 382 383 383 383 381 381 381 380 380 380 382 382 382 381 381 381 387 387 387 386 386 386 384 384 384 386 386 386 385 385 385 384 384 384 391 391 391 390 390 390 388 388 388 389 389 389 391 391 391 388 388 388 396 396 396 394 394 394 395 395 395 397 397 397 396 396 396 395 395 395 394 394 394 392 392 392 393 393 393 395 395 395 394 394 394 393 393 393 401 401 401 400 400 400 399 399 399 400 400 400 398 398 398 399 399 399 399 399 399 398 398 398 397 397 397 398 398 398 396 396 396 397 397 397 403 403 403 404 404 404 402 402 402 404 404 404 405 405 405 402 402 402 406 406 406 408 408 408 409 409 409 407 407 407 406 406 406 409 409 409 413 413 413 412 412 412 410 410 410 412 412 412 411 411 411 410 410 410 420 420 420 422 422 422 421 421 421 422 422 422 423 423 423 421 421 421 418 418 418 420 420 420 419 419 419 420 420 420 421 421 421 419 419 419 426 426 426 414 414 414 427 427 427 414 414 414 417 417 417 427 427 427 424 424 424 425 425 425 423 423 423 422 422 422 424 424 424 423 423 423 426 426 426 427 427 427 425 425 425 424 424 424 426 426 426 425 425 425 419 419 419 416 416 416 415 415 415 418 418 418 419 419 419 415 415 415 431 431 431 430 430 430 428 428 428 430 430 430 429 429 429 428 428 428 433 433 433 434 434 434 432 432 432 434 434 434 435 435 435 432 432 432 446 446 446 453 453 453 437 437 437 453 453 453 444 444 444 437 437 437 448 448 448 449 449 449 439 439 439 449 449 449 440 440 440 439 439 439 451 451 451 442 442 442 441 441 441 450 450 450 451 451 451 441 441 441 449 449 449 450 450 450 440 440 440 450 450 450 441 441 441 440 440 440 446 446 446 437 437 437 442 442 442 451 451 451 446 446 446 442 442 442 447 447 447 448 448 448 438 438 438 448 448 448 439 439 439 438 438 438 452 452 452 445 445 445 443 443 443 445 445 445 436 436 436 443 443 443 447 447 447 438 438 438 436 436 436 445 445 445 447 447 447 436 436 436 463 463 463 469 469 469 454 454 454 469 469 469 460 460 460 454 454 454 468 468 468 459 459 459 460 460 460 469 469 469 468 468 468 460 460 460 467 467 467 466 466 466 458 458 458 466 466 466 457 457 457 458 458 458 468 468 468 467 467 467 459 459 459 467 467 467 458 458 458 459 459 459 463 463 463 454 454 454 462 462 462 471 471 471 463 463 463 462 462 462 465 465 465 456 456 456 457 457 457 466 466 466 465 465 465 457 457 457 464 464 464 455 455 455 456 456 456 465 465 465 464 464 464 456 456 456 470 470 470 461 461 461 455 455 455 464 464 464 470 470 470 455 455 455 472 472 472 473 473 473 474 474 474 473 473 473 475 475 475 474 474 474 478 478 478 479 479 479 476 476 476 479 479 479 477 477 477 476 476 476 483 483 483 482 482 482 481 481 481 482 482 482 480 480 480 481 481 481 486 486 486 484 484 484 485 485 485 487 487 487 486 486 486 485 485 485 491 491 491 490 490 490 489 489 489 490 490 490 488 488 488 489 489 489 494 494 494 495 495 495 492 492 492 495 495 495 493 493 493 492 492 492 498 498 498 496 496 496 497 497 497 499 499 499 498 498 498 497 497 497 501 501 501 502 502 502 500 500 500 502 502 502 503 503 503 500 500 500 505 505 505 504 504 504 506 506 506 507 507 507 505 505 505 506 506 506 509 509 509 511 511 511 508 508 508 511 511 511 510 510 510 508 508 508 514 514 514 515 515 515 513 513 513 512 512 512 514 514 514 513 513 513 516 516 516 518 518 518 517 517 517 518 518 518 519 519 519 517 517 517 520 520 520 522 522 522 521 521 521 522 522 522 523 523 523 521 521 521 525 525 525 527 527 527 524 524 524 527 527 527 526 526 526 524 524 524 530 530 530 531 531 531 529 529 529 528 528 528 530 530 530 529 529 529 535 535 535 534 534 534 532 532 532 534 534 534 533 533 533 532 532 532 540 540 540 536 536 536 541 541 541 536 536 536 539 539 539 541 541 541 538 538 538 537 537 537 541 541 541 542 542 542 538 538 538 541 541 541 537 537 537 540 540 540 541 541 541 543 543 543 545 545 545 546 546 546 544 544 544 543 543 543 546 546 546 548 548 548 549 549 549 547 547 547 549 549 549 550 550 550 547 547 547 551 551 551 552 552 552 555 555 555 553 553 553 551 551 551 555 555 555 552 552 552 556 556 556 555 555 555 553 553 553 554 554 554 551 551 551 567 567 567 558 558 558 560 560 560 563 563 563 567 567 567 560 560 560 568 568 568 565 565 565 557 557 557 557 557 557 558 558 558 567 567 567 562 562 562 559 559 559 557 557 557 568 568 568 566 566 566 561 561 561 566 566 566 564 564 564 561 561 561 565 565 565 562 562 562 557 557 557 557 557 557 567 567 567 566 566 566 566 566 566 568 568 568 557 557 557 572 572 572 570 570 570 571 571 571 570 570 570 569 569 569 571 571 571 581 581 581 586 586 586 575 575 575 581 581 581 578 578 578 576 576 576 573 573 573 583 583 583 587 587 587 575 575 575 574 574 574 578 578 578 579 579 579 580 580 580 581 581 581 576 576 576 573 573 573 587 587 587 587 587 587 579 579 579 581 581 581 581 581 581 575 575 575 578 578 578 576 576 576 587 587 587 581 581 581 578 578 578 577 577 577 576 576 576 585 585 585 580 580 580 579 579 579 582 582 582 585 585 585 579 579 579 586 586 586 584 584 584 575 575 575 591 591 591 589 589 589 590 590 590 589 589 589 588 588 588 590 590 590 593 593 593 594 594 594 592 592 592 595 595 595 593 593 593 592 592 592 598 598 598 599 599 599 597 597 597 596 596 596 598 598 598 597 597 597 600 600 600 601 601 601 603 603 603 602 602 602 600 600 600 603 603 603 606 606 606 607 607 607 605 605 605 607 607 607 604 604 604 605 605 605 610 610 610 613 613 613 612 612 612 611 611 611 608 608 608 609 609 609 612 612 612 611 611 611 609 609 609 610 610 610 612 612 612 609 609 609 617 617 617 615 615 615 614 614 614 616 616 616 617 617 617 614 614 614 621 621 621 620 620 620 619 619 619 620 620 620 618 618 618 619 619 619 624 624 624 625 625 625 622 622 622 625 625 625 623 623 623 622 622 622 629 629 629 627 627 627 626 626 626 628 628 628 629 629 629 626 626 626 633 633 633 631 631 631 630 630 630 632 632 632 633 633 633 630 630 630 637 637 637 635 635 635 634 634 634 636 636 636 637 637 637 634 634 634 640 640 640 642 642 642 638 638 638 640 640 640 641 641 641 642 642 642 638 638 638 639 639 639 640 640 640 642 642 642 643 643 643 638 638 638 646 646 646 647 647 647 644 644 644 647 647 647 645 645 645 644 644 644 648 648 648 649 649 649 650 650 650 649 649 649 651 651 651 650 650 650 662 662 662 661 661 661 660 660 660 653 653 653 662 662 662 660 660 660 655 655 655 656 656 656 654 654 654 652 652 652 655 655 655 654 654 654 659 659 659 658 658 658 660 660 660 661 661 661 659 659 659 660 660 660 653 653 653 660 660 660 658 658 658 653 653 653 658 658 658 655 655 655 654 654 654 662 662 662 653 653 653 652 652 652 654 654 654 653 653 653 658 658 658 657 657 657 655 655 655 655 655 655 652 652 652 653 653 653 663 663 663 666 666 666 664 664 664 666 666 666 667 667 667 664 664 664 665 665 665 668 668 668 663 663 663 668 668 668 666 666 666 663 663 663 677 677 677 678 678 678 664 664 664 674 674 674 677 677 677 664 664 664 670 670 670 671 671 671 673 673 673 676 676 676 675 675 675 673 673 673 675 675 675 669 669 669 673 673 673 667 667 667 676 676 676 674 674 674 669 669 669 670 670 670 673 673 673 674 674 674 676 676 676 673 673 673 671 671 671 672 672 672 673 673 673 664 664 664 667 667 667 674 674 674 681 681 681 680 680 680 679 679 679 683 683 683 681 681 681 679 679 679 682 682 682 681 681 681 683 683 683 684 684 684 682 682 682 683 683 683 688 688 688 689 689 689 686 686 686 689 689 689 690 690 690 686 686 686 688 688 688 686 686 686 687 687 687 686 686 686 685 685 685 687 687 687 693 693 693 694 694 694 696 696 696 694 694 694 695 695 695 696 696 696 693 693 693 696 696 696 692 692 692 696 696 696 691 691 691 692 692 692 700 700 700 699 699 699 697 697 697 698 698 698 700 700 700 697 697 697 708 708 708 706 706 706 705 705 705 701 701 701 702 702 702 708 708 708 708 708 708 707 707 707 706 706 706 704 704 704 701 701 701 708 708 708 705 705 705 704 704 704 708 708 708 705 705 705 703 703 703 704 704 704 710 710 710 712 712 712 709 709 709 712 712 712 711 711 711 709 709 709 713 713 713 714 714 714 718 718 718 718 718 718 715 715 715 717 717 717 717 717 717 713 713 713 718 718 718 715 715 715 716 716 716 717 717 717 719 719 719 720 720 720 724 724 724 724 724 724 722 722 722 723 723 723 723 723 723 719 719 719 724 724 724 723 723 723 721 721 721 719 719 719 728 728 728 727 727 727 725 725 725 726 726 726 728 728 728 725 725 725 729 729 729 740 740 740 738 738 738 738 738 738 737 737 737 736 736 736 731 731 731 730 730 730 729 729 729 734 734 734 731 731 731 729 729 729 734 734 734 733 733 733 731 731 731 736 736 736 734 734 734 729 729 729 729 729 729 739 739 739 740 740 740 733 733 733 735 735 735 731 731 731 729 729 729 738 738 738 736 736 736 735 735 735 732 732 732 731 731 731 745 745 745 746 746 746 747 747 747 745 745 745 747 747 747 742 742 742 742 742 742 741 741 741 743 743 743 743 743 743 744 744 744 745 745 745 742 742 742 743 743 743 745 745 745 750 750 750 749 749 749 748 748 748 751 751 751 750 750 750 748 748 748 755 755 755 753 753 753 754 754 754 753 753 753 752 752 752 754 754 754 758 758 758 757 757 757 756 756 756 759 759 759 758 758 758 756 756 756 763 763 763 762 762 762 761 761 761 760 760 760 763 763 763 761 761 761 776 776 776 770 770 770 768 768 768 776 776 776 773 773 773 770 770 770 781 781 781 778 778 778 776 776 776 768 768 768 785 785 785 781 781 781 787 787 787 767 767 767 766 766 766 766 766 766 764 764 764 771 771 771 767 767 767 764 764 764 766 766 766 775 775 775 778 778 778 779 779 779 774 774 774 772 772 772 777 777 777 778 778 778 781 781 781 783 783 783 777 777 777 775 775 775 779 779 779 770 770 770 765 765 765 768 768 768 768 768 768 781 781 781 776 776 776 769 769 769 772 772 772 774 774 774 771 771 771 769 769 769 774 774 774 801 801 801 802 802 802 804 804 804 804 804 804 771 771 771 774 774 774 801 801 801 804 804 804 774 774 774 805 805 805 808 808 808 807 807 807 804 804 804 805 805 805 807 807 807 807 807 807 766 766 766 771 771 771 793 793 793 796 796 796 783 783 783 797 797 797 799 799 799 798 798 798 796 796 796 797 797 797 798 798 798 798 798 798 777 777 777 779 779 779 796 796 796 798 798 798 779 779 779 799 799 799 802 802 802 801 801 801 798 798 798 799 799 799 801 801 801 801 801 801 774 774 774 777 777 777 788 788 788 792 792 792 786 786 786 789 789 789 794 794 794 792 792 792 788 788 788 789 789 789 792 792 792 810 810 810 789 789 789 788 788 788 791 791 791 810 810 810 788 788 788 795 795 795 797 797 797 796 796 796 793 793 793 795 795 795 796 796 796 796 796 796 779 779 779 783 783 783 779 779 779 778 778 778 783 783 783 780 780 780 784 784 784 786 786 786 782 782 782 780 780 780 786 786 786 784 784 784 767 767 767 787 787 787 786 786 786 784 784 784 787 787 787 788 788 788 786 786 786 787 787 787 772 772 772 775 775 775 777 777 777 764 764 764 769 769 769 771 771 771 798 798 798 801 801 801 777 777 777 802 802 802 805 805 805 804 804 804 807 807 807 808 808 808 791 791 791 791 791 791 787 787 787 766 766 766 792 792 792 782 782 782 786 786 786 791 791 791 788 788 788 787 787 787 797 797 797 790 790 790 809 809 809 809 809 809 806 806 806 803 803 803 807 807 807 791 791 791 766 766 766 790 790 790 811 811 811 809 809 809 797 797 797 795 795 795 790 790 790 804 804 804 807 807 807 771 771 771 809 809 809 803 803 803 797 797 797 803 803 803 800 800 800 797 797 797 808 808 808 810 810 810 791 791 791 815 815 815 818 818 818 813 813 813 821 821 821 822 822 822 820 820 820 819 819 819 821 821 821 820 820 820 815 815 815 812 812 812 814 814 814 822 822 822 814 814 814 813 813 813 818 818 818 820 820 820 813 813 813 815 815 815 817 817 817 818 818 818 813 813 813 812 812 812 815 815 815 814 814 814 812 812 812 813 813 813 816 816 816 815 815 815 814 814 814 818 818 818 819 819 819 820 820 820 822 822 822 813 813 813 820 820 820 838 838 838 837 837 837 824 824 824 837 837 837 834 834 834 824 824 824 827 827 827 824 824 824 834 834 834 826 826 826 823 823 823 824 824 824 828 828 828 825 825 825 823 823 823 826 826 826 828 828 828 823 823 823 827 827 827 826 826 826 824 824 824 836 836 836 827 827 827 834 834 834 829 829 829 835 835 835 833 833 833 835 835 835 836 836 836 833 833 833 836 836 836 834 834 834 833 833 833 830 830 830 829 829 829 833 833 833 831 831 831 830 830 830 833 833 833 832 832 832 831 831 831 833 833 833 840 840 840 841 841 841 839 839 839 842 842 842 844 844 844 843 843 843 841 841 841 842 842 842 843 843 843 841 841 841 843 843 843 839 839 839 850 850 850 852 852 852 848 848 848 850 850 850 851 851 851 852 852 852 852 852 852 846 846 846 845 845 845 848 848 848 847 847 847 850 850 850 852 852 852 845 845 845 848 848 848 847 847 847 849 849 849 850 850 850 858 858 858 857 857 857 856 856 856 854 854 854 858 858 858 856 856 856 854 854 854 856 856 856 855 855 855 853 853 853 854 854 854 855 855 855 863 863 863 862 862 862 861 861 861 864 864 864 861 861 861 860 860 860 864 864 864 863 863 863 861 861 861 859 859 859 864 864 864 860 860 860 869 869 869 868 868 868 870 870 870 868 868 868 867 867 867 870 870 870 870 870 870 866 866 866 865 865 865 870 870 870 865 865 865 869 869 869 874 874 874 872 872 872 871 871 871 873 873 873 874 874 874 871 871 871 875 875 875 877 877 877 879 879 879 880 880 880 876 876 876 878 878 878 876 876 876 879 879 879 878 878 878 876 876 876 875 875 875 879 879 879 883 883 883 884 884 884 881 881 881 884 884 884 882 882 882 881 881 881 889 889 889 887 887 887 886 886 886 891 891 891 890 890 890 889 889 889 889 889 889 888 888 888 887 887 887 886 886 886 891 891 891 889 889 889 887 887 887 885 885 885 886 886 886 893 893 893 895 895 895 897 897 897 895 895 895 896 896 896 897 897 897 893 893 893 897 897 897 894 894 894 892 892 892 893 893 893 894 894 894 900 900 900 901 901 901 898 898 898 901 901 901 899 899 899 898 898 898 909 909 909 912 912 912 907 907 907 909 909 909 911 911 911 912 912 912 905 905 905 908 908 908 906 906 906 902 902 902 903 903 903 904 904 904 912 912 912 904 904 904 907 907 907 909 909 909 910 910 910 911 911 911 912 912 912 902 902 902 904 904 904 911 911 911 913 913 913 912 912 912 904 904 904 905 905 905 906 906 906 904 904 904 906 906 906 907 907 907 915 915 915 916 916 916 914 914 914 916 916 916 917 917 917 914 914 914 918 918 918 919 919 919 920 920 920 919 919 919 921 921 921 920 920 920 923 923 923 924 924 924 922 922 922 924 924 924 925 925 925 922 922 922 929 929 929 926 926 926 927 927 927 928 928 928 929 929 929 927 927 927 933 933 933 953 953 953 932 932 932 930 930 930 933 933 933 932 932 932 934 934 934 931 931 931 936 936 936 947 947 947 951 951 951 934 934 934 947 947 947 944 944 944 949 949 949 944 944 944 945 945 945 949 949 949 963 963 963 961 961 961 962 962 962 961 961 961 959 959 959 962 962 962 955 955 955 976 976 976 954 954 954 976 976 976 957 957 957 954 954 954 932 932 932 973 973 973 937 937 937 973 973 973 970 970 970 937 937 937 940 940 940 967 967 967 943 943 943 967 967 967 964 964 964 943 943 943 956 956 956 963 963 963 969 969 969 969 969 969 975 975 975 956 956 956 975 975 975 977 977 977 956 956 956 969 969 969 972 972 972 975 975 975 953 953 953 957 957 957 932 932 932 957 957 957 973 973 973 932 932 932 945 945 945 962 962 962 949 949 949 962 962 962 959 959 959 949 949 949 976 976 976 974 974 974 957 957 957 974 974 974 973 973 973 957 957 957 971 971 971 970 970 970 973 973 973 974 974 974 971 971 971 973 973 973 937 937 937 970 970 970 940 940 940 970 970 970 967 967 967 940 940 940 968 968 968 967 967 967 970 970 970 971 971 971 968 968 968 970 970 970 968 968 968 965 965 965 967 967 967 965 965 965 964 964 964 967 967 967 943 943 943 964 964 964 945 945 945 964 964 964 962 962 962 945 945 945 965 965 965 963 963 963 964 964 964 963 963 963 962 962 962 964 964 964 935 935 935 930 930 930 937 937 937 930 930 930 932 932 932 937 937 937 944 944 944 941 941 941 945 945 945 941 941 941 943 943 943 945 945 945 941 941 941 938 938 938 943 943 943 938 938 938 940 940 940 943 943 943 960 960 960 955 955 955 958 958 958 955 955 955 954 954 954 958 958 958 936 936 936 942 942 942 947 947 947 947 947 947 934 934 934 936 936 936 952 952 952 954 954 954 953 953 953 954 954 954 957 957 957 953 953 953 933 933 933 950 950 950 953 953 953 950 950 950 952 952 952 953 953 953 950 950 950 946 946 946 952 952 952 946 946 946 948 948 948 952 952 952 956 956 956 961 961 961 963 963 963 963 963 963 966 966 966 969 969 969 936 936 936 939 939 939 942 942 942 942 942 942 944 944 944 947 947 947 938 938 938 935 935 935 940 940 940 935 935 935 937 937 937 940 940 940 958 958 958 954 954 954 952 952 952 948 948 948 958 958 958 952 952 952 981 981 981 979 979 979 980 980 980 979 979 979 978 978 978 980 980 980 987 987 987 985 985 985 983 983 983 982 982 982 984 984 984 986 986 986 987 987 987 983 983 983 986 986 986 983 983 983 982 982 982 986 986 986 991 991 991 989 989 989 988 988 988 990 990 990 991 991 991 988 988 988 995 995 995 994 994 994 993 993 993 994 994 994 992 992 992 993 993 993 996 996 996 998 998 998 1001 1001 1001 996 996 996 1001 1001 1001 999 999 999 1001 1001 1001 1000 1000 1000 999 999 999 999 999 999 997 997 997 996 996 996 1017 1017 1017 1084 1084 1084 1061 1061 1061 1022 1022 1022 1017 1017 1017 1061 1061 1061 1026 1026 1026 1054 1054 1054 1058 1058 1058 1005 1005 1005 1026 1026 1026 1058 1058 1058 1052 1052 1052 1074 1074 1074 1088 1088 1088 1042 1042 1042 1052 1052 1052 1088 1088 1088 1068 1068 1068 1070 1070 1070 1029 1029 1029 1039 1039 1039 1068 1068 1068 1029 1029 1029 1012 1012 1012 1081 1081 1081 1078 1078 1078 1008 1008 1008 1012 1012 1012 1078 1078 1078 1047 1047 1047 1004 1004 1004 1057 1057 1057 1076 1076 1076 1047 1047 1047 1057 1057 1057 1021 1021 1021 1060 1060 1060 1054 1054 1054 1026 1026 1026 1021 1021 1021 1054 1054 1054 1035 1035 1035 1065 1065 1065 1068 1068 1068 1039 1039 1039 1035 1035 1035 1068 1068 1068 1043 1043 1043 1089 1089 1089 1064 1064 1064 1034 1034 1034 1043 1043 1043 1064 1064 1064 1008 1008 1008 1078 1078 1078 1085 1085 1085 1018 1018 1018 1008 1008 1008 1085 1085 1085 1007 1007 1007 1009 1009 1009 1014 1014 1014 1010 1010 1010 1007 1007 1007 1014 1014 1014 1008 1008 1008 1007 1007 1007 1010 1010 1010 1012 1012 1012 1008 1008 1008 1010 1010 1010 1016 1016 1016 1019 1019 1019 1009 1009 1009 1007 1007 1007 1016 1016 1016 1009 1009 1009 1018 1018 1018 1016 1016 1016 1007 1007 1007 1008 1008 1008 1018 1018 1018 1007 1007 1007 1053 1053 1053 1051 1051 1051 1046 1046 1046 1050 1050 1050 1053 1053 1053 1046 1046 1046 1052 1052 1052 1053 1053 1053 1050 1050 1050 1048 1048 1048 1052 1052 1052 1050 1050 1050 1044 1044 1044 1041 1041 1041 1051 1051 1051 1053 1053 1053 1044 1044 1044 1051 1051 1051 1042 1042 1042 1044 1044 1044 1053 1053 1053 1052 1052 1052 1042 1042 1042 1053 1053 1053 1003 1003 1003 1006 1006 1006 1025 1025 1025 1027 1027 1027 1003 1003 1003 1025 1025 1025 1005 1005 1005 1003 1003 1003 1027 1027 1027 1026 1026 1026 1005 1005 1005 1027 1027 1027 1027 1027 1027 1025 1025 1025 1020 1020 1020 1023 1023 1023 1027 1027 1027 1020 1020 1020 1026 1026 1026 1027 1027 1027 1023 1023 1023 1021 1021 1021 1026 1026 1026 1023 1023 1023 1031 1031 1031 1028 1028 1028 1038 1038 1038 1040 1040 1040 1031 1031 1031 1038 1038 1038 1029 1029 1029 1031 1031 1031 1040 1040 1040 1039 1039 1039 1029 1029 1029 1040 1040 1040 1040 1040 1040 1038 1038 1038 1033 1033 1033 1037 1037 1037 1040 1040 1040 1033 1033 1033 1039 1039 1039 1040 1040 1040 1037 1037 1037 1035 1035 1035 1039 1039 1039 1037 1037 1037 1032 1032 1032 1030 1030 1030 1013 1013 1013 1011 1011 1011 1032 1032 1032 1013 1013 1013 1045 1045 1045 1043 1043 1043 1034 1034 1034 1036 1036 1036 1045 1045 1045 1034 1034 1034 1041 1041 1041 1045 1045 1045 1036 1036 1036 1033 1033 1033 1041 1041 1041 1036 1036 1036 1119 1119 1119 1106 1106 1106 1097 1097 1097 1104 1104 1104 1119 1119 1119 1097 1097 1097 1015 1015 1015 1017 1017 1017 1022 1022 1022 1024 1024 1024 1015 1015 1015 1022 1022 1022 1019 1019 1019 1015 1015 1015 1024 1024 1024 1020 1020 1020 1019 1019 1019 1024 1024 1024 1051 1051 1051 1041 1041 1041 1090 1090 1090 1046 1046 1046 1051 1051 1051 1090 1090 1090 1091 1091 1091 1028 1028 1028 1014 1014 1014 1092 1092 1092 1091 1091 1091 1014 1014 1014 1052 1052 1052 1048 1048 1048 1077 1077 1077 1074 1074 1074 1052 1052 1052 1077 1077 1077 1041 1041 1041 1033 1033 1033 1091 1091 1091 1090 1090 1090 1041 1041 1041 1091 1091 1091 1006 1006 1006 1002 1002 1002 1049 1049 1049 1046 1046 1046 1006 1006 1006 1049 1049 1049 1090 1090 1090 1091 1091 1091 1092 1092 1092 1093 1093 1093 1090 1090 1090 1092 1092 1092 1033 1033 1033 1038 1038 1038 1028 1028 1028 1091 1091 1091 1033 1033 1033 1028 1028 1028 1002 1002 1002 1004 1004 1004 1047 1047 1047 1049 1049 1049 1002 1002 1002 1047 1047 1047 1093 1093 1093 1092 1092 1092 1019 1019 1019 1020 1020 1020 1093 1093 1093 1019 1019 1019 1092 1092 1092 1014 1014 1014 1009 1009 1009 1019 1019 1019 1092 1092 1092 1009 1009 1009 1006 1006 1006 1093 1093 1093 1020 1020 1020 1025 1025 1025 1006 1006 1006 1020 1020 1020 1028 1028 1028 1032 1032 1032 1011 1011 1011 1014 1014 1014 1028 1028 1028 1011 1011 1011 1120 1120 1120 1075 1075 1075 1059 1059 1059 1107 1107 1107 1120 1120 1120 1059 1059 1059 1046 1046 1046 1090 1090 1090 1093 1093 1093 1006 1006 1006 1046 1046 1046 1093 1093 1093 1116 1116 1116 1113 1113 1113 1102 1102 1102 1095 1095 1095 1116 1116 1116 1102 1102 1102 1118 1118 1118 1103 1103 1103 1100 1100 1100 1110 1110 1110 1118 1118 1118 1100 1100 1100 1101 1101 1101 1105 1105 1105 1098 1098 1098 1094 1094 1094 1101 1101 1101 1098 1098 1098 1117 1117 1117 1096 1096 1096 1099 1099 1099 1109 1109 1109 1117 1117 1117 1099 1099 1099 1115 1115 1115 1080 1080 1080 1083 1083 1083 1111 1111 1111 1063 1063 1063 1087 1087 1087 1121 1121 1121 1111 1111 1111 1087 1087 1087 1114 1114 1114 1086 1086 1086 1079 1079 1079 1121 1121 1121 1087 1087 1087 1073 1073 1073 1108 1108 1108 1062 1062 1062 1086 1086 1086 1114 1114 1114 1108 1108 1108 1086 1086 1086 1030 1030 1030 1071 1071 1071 1082 1082 1082 1013 1013 1013 1030 1030 1030 1082 1082 1082 1120 1120 1120 1072 1072 1072 1075 1075 1075 1115 1115 1115 1083 1083 1083 1069 1069 1069 1112 1112 1112 1115 1115 1115 1069 1069 1069 1112 1112 1112 1069 1069 1069 1067 1067 1067 1111 1111 1111 1066 1066 1066 1063 1063 1063 1108 1108 1108 1056 1056 1056 1062 1062 1062 1107 1107 1107 1059 1059 1059 1055 1055 1055 1151 1151 1151 1145 1145 1145 1147 1147 1147 1149 1149 1149 1151 1151 1151 1147 1147 1147 1158 1158 1158 1142 1142 1142 1145 1145 1145 1151 1151 1151 1158 1158 1158 1145 1145 1145 1168 1168 1168 1138 1138 1138 1140 1140 1140 1170 1170 1170 1168 1168 1168 1140 1140 1140 1152 1152 1152 1132 1132 1132 1135 1135 1135 1161 1161 1161 1152 1152 1152 1135 1135 1135 1149 1149 1149 1147 1147 1147 1125 1125 1125 1173 1173 1173 1149 1149 1149 1125 1125 1125 1170 1170 1170 1140 1140 1140 1132 1132 1132 1152 1152 1152 1170 1170 1170 1132 1132 1132 1155 1155 1155 1127 1127 1127 1138 1138 1138 1168 1168 1168 1155 1155 1155 1138 1138 1138 1173 1173 1173 1125 1125 1125 1123 1123 1123 1157 1157 1157 1173 1173 1173 1123 1123 1123 1129 1129 1129 1167 1167 1167 1157 1157 1157 1123 1123 1123 1129 1129 1129 1157 1157 1157 1127 1127 1127 1155 1155 1155 1167 1167 1167 1129 1129 1129 1127 1127 1127 1167 1167 1167 1130 1130 1130 1164 1164 1164 1160 1160 1160 1134 1134 1134 1130 1130 1130 1160 1160 1160 1142 1142 1142 1158 1158 1158 1164 1164 1164 1130 1130 1130 1142 1142 1142 1164 1164 1164 1186 1186 1186 1146 1146 1146 1144 1144 1144 1185 1185 1185 1186 1186 1186 1144 1144 1144 1175 1175 1175 1124 1124 1124 1146 1146 1146 1186 1186 1186 1175 1175 1175 1146 1146 1146 1182 1182 1182 1139 1139 1139 1126 1126 1126 1176 1176 1176 1182 1182 1182 1126 1126 1126 1174 1174 1174 1122 1122 1122 1124 1124 1124 1175 1175 1175 1174 1174 1174 1124 1124 1124 1179 1179 1179 1133 1133 1133 1141 1141 1141 1183 1183 1183 1179 1179 1179 1141 1141 1141 1181 1181 1181 1137 1137 1137 1133 1133 1133 1179 1179 1179 1181 1181 1181 1133 1133 1133 1184 1184 1184 1143 1143 1143 1131 1131 1131 1178 1178 1178 1184 1184 1184 1131 1131 1131 1185 1185 1185 1144 1144 1144 1143 1143 1143 1184 1184 1184 1185 1185 1185 1143 1143 1143 1178 1178 1178 1131 1131 1131 1136 1136 1136 1180 1180 1180 1178 1178 1178 1136 1136 1136 1183 1183 1183 1141 1141 1141 1139 1139 1139 1182 1182 1182 1183 1183 1183 1139 1139 1139 1177 1177 1177 1128 1128 1128 1122 1122 1122 1174 1174 1174 1177 1177 1177 1122 1122 1122 1176 1176 1176 1126 1126 1126 1128 1128 1128 1177 1177 1177 1176 1176 1176 1128 1128 1128 1188 1188 1188 1150 1150 1150 1148 1148 1148 1187 1187 1187 1188 1188 1188 1148 1148 1148 1192 1192 1192 1159 1159 1159 1150 1150 1150 1188 1188 1188 1192 1192 1192 1150 1150 1150 1197 1197 1197 1169 1169 1169 1171 1171 1171 1198 1198 1198 1197 1197 1197 1171 1171 1171 1189 1189 1189 1153 1153 1153 1163 1163 1163 1194 1194 1194 1189 1189 1189 1163 1163 1163 1195 1195 1195 1165 1165 1165 1159 1159 1159 1192 1192 1192 1195 1195 1195 1159 1159 1159 1193 1193 1193 1162 1162 1162 1165 1165 1165 1195 1195 1195 1193 1193 1193 1165 1165 1165 1196 1196 1196 1166 1166 1166 1154 1154 1154 1190 1190 1190 1196 1196 1196 1154 1154 1154 1187 1187 1187 1148 1148 1148 1172 1172 1172 1199 1199 1199 1187 1187 1187 1172 1172 1172 1198 1198 1198 1171 1171 1171 1153 1153 1153 1189 1189 1189 1198 1198 1198 1153 1153 1153 1191 1191 1191 1156 1156 1156 1166 1166 1166 1196 1196 1196 1191 1191 1191 1166 1166 1166 1190 1190 1190 1154 1154 1154 1169 1169 1169 1197 1197 1197 1190 1190 1190 1169 1169 1169 1199 1199 1199 1172 1172 1172 1156 1156 1156 1191 1191 1191 1199 1199 1199 1156 1156 1156 1214 1214 1214 1217 1217 1217 1200 1200 1200 1203 1203 1203 1214 1214 1214 1200 1200 1200 1207 1207 1207 1216 1216 1216 1204 1204 1204 1210 1210 1210 1207 1207 1207 1204 1204 1204 1209 1209 1209 1212 1212 1212 1201 1201 1201 1219 1219 1219 1209 1209 1209 1201 1201 1201 1211 1211 1211 1205 1205 1205 1202 1202 1202 1213 1213 1213 1211 1211 1211 1202 1202 1202 1206 1206 1206 1208 1208 1208 1218 1218 1218 1215 1215 1215 1206 1206 1206 1218 1218 1218 1225 1225 1225 1220 1220 1220 1233 1233 1233 1238 1238 1238 1225 1225 1225 1233 1233 1233 1441 1441 1441 1448 1448 1448 1454 1454 1454 1425 1425 1425 1431 1431 1431 1441 1441 1441 1423 1423 1423 1420 1420 1420 1425 1425 1425 1441 1441 1441 1454 1454 1454 1423 1423 1423 1423 1423 1423 1425 1425 1425 1441 1441 1441 1238 1238 1238 1233 1233 1233 1226 1226 1226 1231 1231 1231 1238 1238 1238 1226 1226 1226 1455 1455 1455 1458 1458 1458 1419 1419 1419 1424 1424 1424 1455 1455 1455 1419 1419 1419 1241 1241 1241 1223 1223 1223 1236 1236 1236 1244 1244 1244 1241 1241 1241 1236 1236 1236 1457 1457 1457 1460 1460 1460 1468 1468 1468 1418 1418 1418 1457 1457 1457 1468 1468 1468 1248 1248 1248 1228 1228 1228 1232 1232 1232 1252 1252 1252 1248 1248 1248 1232 1232 1232 1251 1251 1251 1231 1231 1231 1226 1226 1226 1246 1246 1246 1251 1251 1251 1226 1226 1226 1257 1257 1257 1222 1222 1222 1240 1240 1240 1263 1263 1263 1257 1257 1257 1240 1240 1240 1242 1242 1242 1234 1234 1234 1298 1298 1298 1308 1308 1308 1242 1242 1242 1298 1298 1298 1254 1254 1254 1220 1220 1220 1225 1225 1225 1259 1259 1259 1254 1254 1254 1225 1225 1225 1233 1233 1233 1220 1220 1220 1254 1254 1254 1246 1246 1246 1226 1226 1226 1233 1233 1233 1254 1254 1254 1266 1266 1266 1246 1246 1246 1254 1254 1254 1246 1246 1246 1233 1233 1233 1269 1269 1269 1249 1249 1249 1245 1245 1245 1267 1267 1267 1269 1269 1269 1245 1245 1245 1430 1430 1430 1427 1427 1427 1422 1422 1422 1392 1392 1392 1502 1502 1502 1430 1430 1430 1389 1389 1389 1392 1392 1392 1430 1430 1430 1430 1430 1430 1422 1422 1422 1415 1415 1415 1417 1417 1417 1389 1389 1389 1430 1430 1430 1415 1415 1415 1417 1417 1417 1430 1430 1430 1271 1271 1271 1253 1253 1253 1258 1258 1258 1273 1273 1273 1271 1271 1271 1258 1258 1258 1273 1273 1273 1258 1258 1258 1255 1255 1255 1272 1272 1272 1273 1273 1273 1255 1255 1255 1272 1272 1272 1255 1255 1255 1261 1261 1261 1274 1274 1274 1272 1272 1272 1261 1261 1261 1275 1275 1275 1264 1264 1264 1253 1253 1253 1271 1271 1271 1275 1275 1275 1253 1253 1253 1267 1267 1267 1245 1245 1245 1265 1265 1265 1276 1276 1276 1267 1267 1267 1265 1265 1265 1290 1290 1290 1274 1274 1274 1261 1261 1261 1283 1283 1283 1290 1290 1290 1261 1261 1261 1324 1324 1324 1283 1283 1283 1261 1261 1261 1318 1318 1318 1324 1324 1324 1261 1261 1261 1227 1227 1227 1333 1333 1333 1331 1331 1331 1230 1230 1230 1227 1227 1227 1331 1331 1331 1304 1304 1304 1294 1294 1294 1296 1296 1296 1300 1300 1300 1304 1304 1304 1296 1296 1296 1314 1314 1314 1293 1293 1293 1303 1303 1303 1317 1317 1317 1314 1314 1314 1303 1303 1303 1326 1326 1326 1319 1319 1319 1305 1305 1305 1322 1322 1322 1326 1326 1326 1305 1305 1305 1323 1323 1323 1307 1307 1307 1310 1310 1310 1328 1328 1328 1323 1323 1323 1310 1310 1310 1221 1221 1221 1256 1256 1256 1316 1316 1316 1299 1299 1299 1235 1235 1235 1221 1221 1221 1316 1316 1316 1302 1302 1302 1299 1299 1299 1316 1316 1316 1299 1299 1299 1221 1221 1221 1315 1315 1315 1255 1255 1255 1258 1258 1258 1312 1312 1312 1315 1315 1315 1258 1258 1258 1330 1330 1330 1295 1295 1295 1292 1292 1292 1237 1237 1237 1229 1229 1229 1330 1330 1330 1313 1313 1313 1260 1260 1260 1224 1224 1224 1224 1224 1224 1237 1237 1237 1330 1330 1330 1330 1330 1330 1292 1292 1292 1313 1313 1313 1313 1313 1313 1224 1224 1224 1330 1330 1330 1343 1343 1343 1385 1385 1385 1382 1382 1382 1340 1340 1340 1343 1343 1343 1382 1382 1382 1362 1362 1362 1355 1355 1355 1352 1352 1352 1358 1358 1358 1362 1362 1362 1352 1352 1352 1367 1367 1367 1363 1363 1363 1359 1359 1359 1365 1365 1365 1367 1367 1367 1359 1359 1359 1373 1373 1373 1367 1367 1367 1365 1365 1365 1370 1370 1370 1373 1373 1373 1365 1365 1365 1379 1379 1379 1373 1373 1373 1370 1370 1370 1376 1376 1376 1379 1379 1379 1370 1370 1370 1385 1385 1385 1379 1379 1379 1376 1376 1376 1382 1382 1382 1385 1385 1385 1376 1376 1376 1355 1355 1355 1349 1349 1349 1346 1346 1346 1352 1352 1352 1355 1355 1355 1346 1346 1346 1342 1342 1342 1348 1348 1348 1354 1354 1354 1378 1378 1378 1384 1384 1384 1342 1342 1342 1366 1366 1366 1372 1372 1372 1378 1378 1378 1354 1354 1354 1361 1361 1361 1366 1366 1366 1378 1378 1378 1342 1342 1342 1354 1354 1354 1354 1354 1354 1366 1366 1366 1378 1378 1378 1349 1349 1349 1343 1343 1343 1340 1340 1340 1346 1346 1346 1349 1349 1349 1340 1340 1340 1344 1344 1344 1346 1346 1346 1340 1340 1340 1338 1338 1338 1344 1344 1344 1340 1340 1340 1341 1341 1341 1343 1343 1343 1349 1349 1349 1347 1347 1347 1341 1341 1341 1349 1349 1349 1350 1350 1350 1352 1352 1352 1346 1346 1346 1344 1344 1344 1350 1350 1350 1346 1346 1346 1347 1347 1347 1349 1349 1349 1355 1355 1355 1353 1353 1353 1347 1347 1347 1355 1355 1355 1356 1356 1356 1358 1358 1358 1352 1352 1352 1350 1350 1350 1356 1356 1356 1352 1352 1352 1353 1353 1353 1355 1355 1355 1362 1362 1362 1360 1360 1360 1353 1353 1353 1362 1362 1362 1364 1364 1364 1365 1365 1365 1359 1359 1359 1357 1357 1357 1364 1364 1364 1359 1359 1359 1361 1361 1361 1363 1363 1363 1367 1367 1367 1366 1366 1366 1361 1361 1361 1367 1367 1367 1368 1368 1368 1370 1370 1370 1365 1365 1365 1364 1364 1364 1368 1368 1368 1365 1365 1365 1366 1366 1366 1367 1367 1367 1373 1373 1373 1371 1371 1371 1366 1366 1366 1373 1373 1373 1374 1374 1374 1376 1376 1376 1370 1370 1370 1368 1368 1368 1374 1374 1374 1370 1370 1370 1371 1371 1371 1373 1373 1373 1379 1379 1379 1377 1377 1377 1371 1371 1371 1379 1379 1379 1380 1380 1380 1382 1382 1382 1376 1376 1376 1374 1374 1374 1380 1380 1380 1376 1376 1376 1377 1377 1377 1379 1379 1379 1385 1385 1385 1383 1383 1383 1377 1377 1377 1385 1385 1385 1338 1338 1338 1340 1340 1340 1382 1382 1382 1380 1380 1380 1338 1338 1338 1382 1382 1382 1383 1383 1383 1385 1385 1385 1343 1343 1343 1341 1341 1341 1383 1383 1383 1343 1343 1343 1345 1345 1345 1339 1339 1339 1381 1381 1381 1357 1357 1357 1351 1351 1351 1345 1345 1345 1369 1369 1369 1364 1364 1364 1357 1357 1357 1381 1381 1381 1375 1375 1375 1369 1369 1369 1357 1357 1357 1345 1345 1345 1381 1381 1381 1381 1381 1381 1369 1369 1369 1357 1357 1357 1390 1390 1390 1386 1386 1386 1387 1387 1387 1405 1405 1405 1395 1395 1395 1390 1390 1390 1387 1387 1387 1411 1411 1411 1405 1405 1405 1387 1387 1387 1405 1405 1405 1390 1390 1390 1388 1388 1388 1416 1416 1416 1387 1387 1387 1386 1386 1386 1388 1388 1388 1387 1387 1387 1390 1390 1390 1393 1393 1393 1388 1388 1388 1386 1386 1386 1390 1390 1390 1388 1388 1388 1398 1398 1398 1399 1399 1399 1394 1394 1394 1391 1391 1391 1398 1398 1398 1394 1394 1394 1401 1401 1401 1398 1398 1398 1391 1391 1391 1397 1397 1397 1401 1401 1401 1391 1391 1391 1402 1402 1402 1400 1400 1400 1396 1396 1396 1406 1406 1406 1402 1402 1402 1396 1396 1396 1403 1403 1403 1402 1402 1402 1406 1406 1406 1409 1409 1409 1403 1403 1403 1406 1406 1406 1407 1407 1407 1405 1405 1405 1411 1411 1411 1412 1412 1412 1407 1407 1407 1411 1411 1411 1416 1416 1416 1412 1412 1412 1411 1411 1411 1387 1387 1387 1416 1416 1416 1411 1411 1411 1281 1281 1281 1247 1247 1247 1250 1250 1250 1268 1268 1268 1289 1289 1289 1281 1281 1281 1250 1250 1250 1270 1270 1270 1268 1268 1268 1250 1250 1250 1268 1268 1268 1281 1281 1281 1419 1419 1419 1414 1414 1414 1421 1421 1421 1424 1424 1424 1419 1419 1419 1421 1421 1421 1468 1468 1468 1408 1408 1408 1413 1413 1413 1418 1418 1418 1468 1468 1468 1413 1413 1413 1278 1278 1278 1336 1336 1336 1333 1333 1333 1227 1227 1227 1278 1278 1278 1333 1333 1333 1435 1435 1435 1432 1432 1432 1426 1426 1426 1428 1428 1428 1435 1435 1435 1426 1426 1426 1239 1239 1239 1243 1243 1243 1309 1309 1309 1320 1320 1320 1262 1262 1262 1239 1239 1239 1309 1309 1309 1306 1306 1306 1320 1320 1320 1309 1309 1309 1320 1320 1320 1239 1239 1239 1453 1453 1453 1444 1444 1444 1434 1434 1434 1440 1440 1440 1453 1453 1453 1434 1434 1434 1499 1499 1499 1488 1488 1488 1497 1497 1497 1433 1433 1433 1437 1437 1437 1499 1499 1499 1497 1497 1497 1439 1439 1439 1433 1433 1433 1497 1497 1497 1433 1433 1433 1499 1499 1499 1475 1475 1475 1449 1449 1449 1442 1442 1442 1445 1445 1445 1475 1475 1475 1442 1442 1442 1282 1282 1282 1279 1279 1279 1228 1228 1228 1248 1248 1248 1282 1282 1282 1228 1228 1228 1481 1481 1481 1446 1446 1446 1443 1443 1443 1492 1492 1492 1485 1485 1485 1481 1481 1481 1443 1443 1443 1452 1452 1452 1492 1492 1492 1443 1443 1443 1492 1492 1492 1481 1481 1481 1321 1321 1321 1327 1327 1327 1335 1335 1335 1284 1284 1284 1325 1325 1325 1321 1321 1321 1285 1285 1285 1291 1291 1291 1284 1284 1284 1285 1285 1285 1284 1284 1284 1321 1321 1321 1321 1321 1321 1335 1335 1335 1277 1277 1277 1277 1277 1277 1280 1280 1280 1288 1288 1288 1277 1277 1277 1288 1288 1288 1287 1287 1287 1286 1286 1286 1285 1285 1285 1321 1321 1321 1277 1277 1277 1287 1287 1287 1286 1286 1286 1277 1277 1277 1286 1286 1286 1321 1321 1321 1404 1404 1404 1410 1410 1410 1469 1469 1469 1462 1462 1462 1466 1466 1466 1467 1467 1467 1467 1467 1467 1404 1404 1404 1469 1469 1469 1469 1469 1469 1462 1462 1462 1467 1467 1467 1478 1478 1478 1476 1476 1476 1447 1447 1447 1482 1482 1482 1478 1478 1478 1447 1447 1447 1480 1480 1480 1483 1483 1483 1486 1486 1486 1474 1474 1474 1480 1480 1480 1486 1486 1486 1494 1494 1494 1493 1493 1493 1486 1486 1486 1489 1489 1489 1494 1494 1494 1486 1486 1486 1487 1487 1487 1484 1484 1484 1491 1491 1491 1496 1496 1496 1487 1487 1487 1491 1491 1491 1472 1472 1472 1474 1474 1474 1486 1486 1486 1493 1493 1493 1472 1472 1472 1486 1486 1486 1399 1399 1399 1494 1494 1494 1489 1489 1489 1394 1394 1394 1399 1399 1399 1489 1489 1489 1490 1490 1490 1451 1451 1451 1438 1438 1438 1495 1495 1495 1490 1490 1490 1438 1438 1438 1500 1500 1500 1503 1503 1503 1394 1394 1394 1489 1489 1489 1500 1500 1500 1394 1394 1394 1501 1501 1501 1498 1498 1498 1436 1436 1436 1429 1429 1429 1501 1501 1501 1436 1436 1436 1332 1332 1332 1334 1334 1334 1337 1337 1337 1301 1301 1301 1297 1297 1297 1332 1332 1332 1329 1329 1329 1311 1311 1311 1301 1301 1301 1332 1332 1332 1337 1337 1337 1329 1329 1329 1329 1329 1329 1301 1301 1301 1332 1332 1332 1504 1504 1504 1509 1509 1509 1511 1511 1511 1506 1506 1506 1504 1504 1504 1511 1511 1511 1507 1507 1507 1504 1504 1504 1506 1506 1506 1527 1527 1527 1507 1507 1507 1506 1506 1506 1510 1510 1510 1505 1505 1505 1508 1508 1508 1516 1516 1516 1513 1513 1513 1510 1510 1510 1521 1521 1521 1518 1518 1518 1516 1516 1516 1508 1508 1508 1525 1525 1525 1521 1521 1521 1516 1516 1516 1510 1510 1510 1508 1508 1508 1508 1508 1508 1521 1521 1521 1516 1516 1516 1509 1509 1509 1512 1512 1512 1514 1514 1514 1511 1511 1511 1509 1509 1509 1514 1514 1514 1512 1512 1512 1515 1515 1515 1517 1517 1517 1514 1514 1514 1512 1512 1512 1517 1517 1517 1515 1515 1515 1518 1518 1518 1519 1519 1519 1517 1517 1517 1515 1515 1515 1519 1519 1519 1518 1518 1518 1521 1521 1521 1523 1523 1523 1519 1519 1519 1518 1518 1518 1523 1523 1523 1520 1520 1520 1524 1524 1524 1526 1526 1526 1522 1522 1522 1520 1520 1520 1526 1526 1526 1524 1524 1524 1507 1507 1507 1527 1527 1527 1526 1526 1526 1524 1524 1524 1527 1527 1527 1528 1528 1528 1526 1526 1526 1527 1527 1527 1531 1531 1531 1528 1528 1528 1527 1527 1527 1532 1532 1532 1522 1522 1522 1526 1526 1526 1528 1528 1528 1532 1532 1532 1526 1526 1526 1529 1529 1529 1534 1534 1534 1532 1532 1532 1528 1528 1528 1529 1529 1529 1532 1532 1532 1550 1550 1550 1529 1529 1529 1528 1528 1528 1531 1531 1531 1550 1550 1550 1528 1528 1528 1535 1535 1535 1537 1537 1537 1536 1536 1536 1533 1533 1533 1535 1535 1535 1536 1536 1536 1536 1536 1536 1519 1519 1519 1523 1523 1523 1533 1533 1533 1536 1536 1536 1523 1523 1523 1537 1537 1537 1539 1539 1539 1538 1538 1538 1536 1536 1536 1537 1537 1537 1538 1538 1538 1538 1538 1538 1517 1517 1517 1519 1519 1519 1536 1536 1536 1538 1538 1538 1519 1519 1519 1539 1539 1539 1542 1542 1542 1541 1541 1541 1538 1538 1538 1539 1539 1539 1541 1541 1541 1541 1541 1541 1514 1514 1514 1517 1517 1517 1538 1538 1538 1541 1541 1541 1517 1517 1517 1542 1542 1542 1545 1545 1545 1544 1544 1544 1541 1541 1541 1542 1542 1542 1544 1544 1544 1544 1544 1544 1511 1511 1511 1514 1514 1514 1541 1541 1541 1544 1544 1544 1514 1514 1514 1545 1545 1545 1548 1548 1548 1547 1547 1547 1544 1544 1544 1545 1545 1545 1547 1547 1547 1547 1547 1547 1506 1506 1506 1511 1511 1511 1544 1544 1544 1547 1547 1547 1511 1511 1511 1548 1548 1548 1550 1550 1550 1531 1531 1531 1547 1547 1547 1548 1548 1548 1531 1531 1531 1531 1531 1531 1527 1527 1527 1506 1506 1506 1547 1547 1547 1531 1531 1531 1506 1506 1506 1530 1530 1530 1551 1551 1551 1549 1549 1549 1537 1537 1537 1535 1535 1535 1530 1530 1530 1543 1543 1543 1540 1540 1540 1537 1537 1537 1549 1549 1549 1546 1546 1546 1543 1543 1543 1537 1537 1537 1530 1530 1530 1549 1549 1549 1549 1549 1549 1543 1543 1543 1537 1537 1537 1479 1479 1479 1473 1473 1473 1471 1471 1471 1450 1450 1450 1477 1477 1477 1479 1479 1479 1459 1459 1459 1456 1456 1456 1450 1450 1450 1465 1465 1465 1461 1461 1461 1459 1459 1459 1463 1463 1463 1465 1465 1465 1459 1459 1459 1450 1450 1450 1479 1479 1479 1471 1471 1471 1450 1450 1450 1471 1471 1471 1470 1470 1470 1463 1463 1463 1459 1459 1459 1450 1450 1450 1450 1450 1450 1470 1470 1470 1464 1464 1464 1464 1464 1464 1463 1463 1463 1450 1450 1450 1581 1581 1581 1613 1613 1613 1604 1604 1604 1579 1579 1579 1581 1581 1581 1604 1604 1604 1603 1603 1603 1560 1560 1560 1563 1563 1563 1594 1594 1594 1603 1603 1603 1563 1563 1563 1573 1573 1573 1555 1555 1555 1561 1561 1561 1564 1564 1564 1573 1573 1573 1561 1561 1561 1583 1583 1583 1589 1589 1589 1595 1595 1595 1611 1611 1611 1583 1583 1583 1595 1595 1595 1578 1578 1578 1576 1576 1576 1586 1586 1586 1582 1582 1582 1580 1580 1580 1578 1578 1578 1590 1590 1590 1588 1588 1588 1582 1582 1582 1586 1586 1586 1584 1584 1584 1590 1590 1590 1582 1582 1582 1578 1578 1578 1586 1586 1586 1586 1586 1586 1590 1590 1590 1582 1582 1582 1593 1593 1593 1591 1591 1591 1585 1585 1585 1602 1602 1602 1593 1593 1593 1585 1585 1585 1597 1597 1597 1563 1563 1563 1557 1557 1557 1612 1612 1612 1597 1597 1597 1557 1557 1557 1615 1615 1615 1557 1557 1557 1554 1554 1554 1606 1606 1606 1615 1615 1615 1554 1554 1554 1609 1609 1609 1554 1554 1554 1560 1560 1560 1600 1600 1600 1609 1609 1609 1560 1560 1560 1575 1575 1575 1566 1566 1566 1569 1569 1569 1572 1572 1572 1575 1575 1575 1569 1569 1569 1565 1565 1565 1562 1562 1562 1558 1558 1558 1567 1567 1567 1565 1565 1565 1558 1558 1558 1570 1570 1570 1552 1552 1552 1556 1556 1556 1574 1574 1574 1570 1570 1570 1556 1556 1556 1568 1568 1568 1559 1559 1559 1553 1553 1553 1571 1571 1571 1568 1568 1568 1553 1553 1553 1563 1563 1563 1597 1597 1597 1594 1594 1594 1560 1560 1560 1603 1603 1603 1600 1600 1600 1554 1554 1554 1609 1609 1609 1606 1606 1606 1557 1557 1557 1615 1615 1615 1612 1612 1612 1585 1585 1585 1587 1587 1587 1599 1599 1599 1601 1601 1601 1585 1585 1585 1599 1599 1599 1592 1592 1592 1596 1596 1596 1589 1589 1589 1591 1591 1591 1592 1592 1592 1589 1589 1589 1605 1605 1605 1607 1607 1607 1577 1577 1577 1579 1579 1579 1605 1605 1605 1577 1577 1577 1581 1581 1581 1583 1583 1583 1610 1610 1610 1614 1614 1614 1581 1581 1581 1610 1610 1610 1608 1608 1608 1598 1598 1598 1587 1587 1587 1577 1577 1577 1608 1608 1608 1587 1587 1587 1625 1625 1625 1623 1623 1623 1680 1680 1680 1616 1616 1616 1625 1625 1625 1680 1680 1680 1619 1619 1619 1679 1679 1679 1622 1622 1622 1651 1651 1651 1653 1653 1653 1619 1619 1619 1629 1629 1629 1649 1649 1649 1651 1651 1651 1622 1622 1622 1627 1627 1627 1629 1629 1629 1651 1651 1651 1619 1619 1619 1622 1622 1622 1622 1622 1622 1629 1629 1629 1651 1651 1651 1628 1628 1628 1623 1623 1623 1624 1624 1624 1631 1631 1631 1628 1628 1628 1624 1624 1624 1628 1628 1628 1632 1632 1632 1637 1637 1637 1630 1630 1630 1628 1628 1628 1637 1637 1637 1633 1633 1633 1636 1636 1636 1639 1639 1639 1633 1633 1633 1626 1626 1626 1666 1666 1666 1636 1636 1636 1633 1633 1633 1666 1666 1666 1642 1642 1642 1639 1639 1639 1636 1636 1636 1648 1648 1648 1642 1642 1642 1636 1636 1636 1630 1630 1630 1638 1638 1638 1640 1640 1640 1650 1650 1650 1630 1630 1630 1640 1640 1640 1643 1643 1643 1652 1652 1652 1650 1650 1650 1641 1641 1641 1643 1643 1643 1650 1650 1650 1642 1642 1642 1648 1648 1648 1645 1645 1645 1644 1644 1644 1656 1656 1656 1654 1654 1654 1652 1652 1652 1644 1644 1644 1654 1654 1654 1654 1654 1654 1655 1655 1655 1659 1659 1659 1620 1620 1620 1654 1654 1654 1659 1659 1659 1657 1657 1657 1663 1663 1663 1660 1660 1660 1657 1657 1657 1645 1645 1645 1648 1648 1648 1663 1663 1663 1657 1657 1657 1648 1648 1648 1670 1670 1670 1667 1667 1667 1661 1661 1661 1646 1646 1646 1670 1670 1670 1661 1661 1661 1668 1668 1668 1673 1673 1673 1664 1664 1664 1662 1662 1662 1668 1668 1668 1664 1664 1664 1618 1618 1618 1660 1660 1660 1663 1663 1663 1666 1666 1666 1618 1618 1618 1663 1663 1663 1678 1678 1678 1675 1675 1675 1669 1669 1669 1672 1672 1672 1678 1678 1678 1669 1669 1669 1674 1674 1674 1677 1677 1677 1635 1635 1635 1665 1665 1665 1674 1674 1674 1635 1635 1635 1676 1676 1676 1671 1671 1671 1647 1647 1647 1634 1634 1634 1676 1676 1676 1647 1647 1647 1618 1618 1618 1666 1666 1666 1626 1626 1626 1681 1681 1681 1621 1621 1621 1658 1658 1658 1617 1617 1617 1681 1681 1681 1658 1658 1658</p>
        </triangles>
      </mesh>
    </geometry>
  </library_geometries>
  <library_materials>
    <material id="416b94949e564ecf9e7fcb31f4000ff8" name="defaultmaterial">
      <instance_effect url="#8addd8c8755a40d48cb407bf60236e36"/>
    </material>
  </library_materials>
  <library_visual_scenes>
    <visual_scene id="scene">
      <node id="node0" name="node0">
        <instance_geometry url="#a5233e6719cb4e4f98b984d14e69eaaa">
          <bind_material>
            <technique_common>
              <instance_material symbol="material0" target="#416b94949e564ecf9e7fcb31f4000ff8"/>
            </technique_common>
          </bind_material>
        </instance_geometry>
      </node>
    </visual_scene>
  </library_visual_scenes>
  <scene>
    <instance_visual_scene url="#scene"/>
  </scene>
</COLLADA>
