# https://github.com/mikedh/trimesh
mtllib material.mtl
usemtl material_0
v -0.39826509 -0.40335758 -0.48897878
v -0.41638833 -0.40798386 -0.44985119
v -0.41638833 -0.40798386 -0.44985119
v -0.41108015 -0.40662884 -0.47751857
v -0.41108015 -0.40662884 -0.47751857
v -0.37633994 -0.43149452 -0.48897878
v -0.37994489 -0.45475240 -0.44985119
v -0.37994489 -0.45475240 -0.44985119
v -0.37888902 -0.44794032 -0.47751857
v -0.37888902 -0.44794032 -0.47751857
v -0.39184338 -0.42325337 -0.48897878
v -0.40571430 -0.44105420 -0.44985119
v -0.40165161 -0.43584046 -0.47751857
v 0.40528739 -0.43149452 -0.48897878
v 0.40889232 -0.45475240 -0.44985119
v 0.40889232 -0.45475240 -0.44985119
v 0.40783648 -0.44794026 -0.47751857
v 0.40783648 -0.44794026 -0.47751857
v 0.42721248 -0.40335758 -0.48897878
v 0.44533576 -0.40798386 -0.44985119
v 0.44533576 -0.40798386 -0.44985119
v 0.44002759 -0.40662887 -0.47751857
v 0.44002759 -0.40662887 -0.47751857
v 0.42079079 -0.42325343 -0.48897878
v 0.43466174 -0.44105420 -0.44985119
v 0.43059909 -0.43584049 -0.47751857
v -0.37633994 0.40659049 -0.48897878
v -0.37994489 0.42984837 -0.44985119
v -0.37994489 0.42984837 -0.44985119
v -0.37888902 0.42303630 -0.47751857
v -0.37888902 0.42303630 -0.47751857
v -0.39826509 0.37845356 -0.48897878
v -0.41638833 0.38307983 -0.44985119
v -0.41638833 0.38307983 -0.44985119
v -0.41108015 0.38172481 -0.47751857
v -0.41108015 0.38172481 -0.47751857
v -0.39184338 0.39834935 -0.48897878
v -0.40571430 0.41615018 -0.44985119
v -0.40165161 0.41093644 -0.47751857
v 0.42721248 0.37845356 -0.48897878
v 0.44533576 0.38307983 -0.44985119
v 0.44533576 0.38307983 -0.44985119
v 0.44002759 0.38172484 -0.47751857
v 0.44002759 0.38172484 -0.47751857
v 0.40528739 0.40659049 -0.48897878
v 0.40889232 0.42984837 -0.44985119
v 0.40889232 0.42984837 -0.44985119
v 0.40783648 0.42303624 -0.47751857
v 0.40783648 0.42303624 -0.47751857
v 0.42079079 0.39834941 -0.48897878
v 0.43466174 0.41615018 -0.44985119
v 0.43059909 0.41093647 -0.47751857
v -0.40571430 -0.44105420 0.12224469
v -0.37994489 -0.45475240 0.12224469
v -0.37994489 -0.45475240 0.12224469
v 0.40889232 0.42984837 0.12224469
v 0.40889232 0.42984837 0.12224469
v 0.43466174 0.41615018 0.12224469
v -0.41638833 -0.40798386 0.12224469
v -0.41638833 -0.40798386 0.12224469
v 0.44533576 -0.15172696 -0.44985119
v 0.44533576 0.12682291 -0.44985119
v 0.44002759 0.12682291 -0.47751857
v 0.44002759 -0.15172696 -0.47751857
v 0.42721248 0.12682291 -0.48897878
v 0.42721248 -0.15172696 -0.48897878
v 0.44533576 0.38307983 0.12224469
v 0.44533576 0.38307983 0.12224469
v 0.44533576 -0.40798386 0.12224469
v 0.44533576 -0.40798386 0.12224469
v 0.40889232 -0.45475240 0.12224469
v 0.40889232 -0.45475240 0.12224469
v 0.43466174 -0.44105420 0.12224469
v -0.40571430 0.41615018 0.12224469
v -0.41638833 0.38307983 0.12224469
v -0.41638833 0.38307983 0.12224469
v -0.37994489 0.42984837 0.12224469
v -0.37994489 0.42984837 0.12224469
v 0.40528739 0.37845356 -0.48897878
v -0.37633989 0.37845356 -0.48897878
v 0.40528739 -0.40335761 -0.48897878
v -0.37633994 -0.40335761 -0.48897878
v 0.42721248 0.12682291 -0.48897878
v 0.42721248 -0.15172696 -0.48897878
v 0.42721248 -0.15172696 -0.44985119
v 0.42721248 0.12682291 -0.44985119
v 0.44533576 -0.15172696 -0.44985119
v 0.44533576 0.12682291 -0.44985119
v 0.42721248 -0.15172696 -0.44985119
v 0.42721248 0.12682291 -0.44985119
v 0.44533576 -0.15172696 -0.44985119
v 0.44002759 -0.15172696 -0.47751857
v 0.42721248 -0.15172696 -0.48897878
v 0.42721248 -0.15172696 -0.44985119
v 0.44533576 0.12682291 -0.44985119
v 0.44002759 0.12682291 -0.47751857
v 0.42721248 0.12682291 -0.48897878
v 0.42721248 0.12682291 -0.44985119
v -0.39657482 -0.42932532 -0.43677617
v 0.42552228 -0.42932532 -0.43677617
v -0.39657482 -0.42932532 0.12224469
v 0.42552228 -0.42932532 0.12224469
v 0.42552228 -0.42932532 -0.43677617
v 0.42552228 0.40442130 -0.43677617
v 0.42552228 0.40442130 0.12224469
v 0.42552228 -0.42932532 0.12224469
v -0.39657482 0.40442130 -0.43677617
v 0.42552228 0.40442130 -0.43677617
v 0.42552228 0.40442130 0.12224469
v -0.39657482 0.40442130 0.12224469
v -0.39657482 -0.42932532 -0.43677617
v 0.42552228 -0.42932532 -0.43677617
v -0.39657482 0.40442130 -0.43677617
v 0.42552228 0.40442130 -0.43677617
v -0.40571430 -0.44105420 0.12224469
v -0.41638833 -0.40798386 0.12224469
v -0.40571430 0.41615018 0.12224469
v -0.41638833 0.38307983 0.12224469
v -0.39657482 -0.42932532 0.12224469
v -0.39657482 0.40442130 0.12224469
v -0.40571430 -0.44105420 0.12224469
v -0.37994489 -0.45475240 0.12224469
v 0.40889232 -0.45475240 0.12224469
v 0.43466174 -0.44105420 0.12224469
v -0.39657482 -0.42932532 0.12224469
v 0.42552228 -0.42932532 0.12224469
v 0.40889232 0.42984837 0.12224469
v 0.43466174 0.41615018 0.12224469
v -0.40571430 0.41615018 0.12224469
v -0.37994489 0.42984837 0.12224469
v 0.42552228 0.40442130 0.12224469
v -0.39657482 0.40442130 0.12224469
v 0.43466174 0.41615018 0.12224469
v 0.44533576 0.38307983 0.12224469
v 0.44533576 -0.40798386 0.12224469
v 0.43466174 -0.44105420 0.12224469
v 0.42552228 0.40442130 0.12224469
v 0.42552228 -0.42932532 0.12224469
v -0.39657482 -0.42932532 -0.43677617
v -0.39657482 0.40442130 -0.43677617
v -0.39657482 -0.42932532 0.12224469
v -0.39657482 0.40442130 0.12224469
v 0.28839135 -0.48164513 0.12224469
v 0.28839135 -0.48164513 0.08693767
v 0.28839135 -0.45475240 0.12224469
v 0.28839135 -0.45475240 0.08693767
v 0.28839135 -0.48164513 0.12224469
v 0.28839135 -0.48164513 0.08693767
v -0.25944385 -0.48164513 0.12224469
v -0.25944385 -0.48164513 0.08693767
v 0.28839135 -0.48164513 0.12224469
v -0.25944385 -0.48164513 0.12224469
v 0.28839135 -0.45475240 0.12224469
v -0.25944387 -0.45475240 0.12224469
v -0.25944385 -0.48164513 0.12224469
v -0.25944387 -0.45475240 0.12224469
v -0.25944387 -0.45475240 0.08693767
v -0.25944385 -0.48164513 0.08693767
v 0.28839135 -0.48164513 0.08693767
v 0.28839135 -0.45475240 0.08693767
v -0.25944387 -0.45475240 0.08693767
v -0.25944385 -0.48164513 0.08693767
v -0.38378678 0.45463674 0.12224471
v 0.41273425 0.45463674 0.12224471
v -0.41963995 0.43402123 0.12224471
v -0.37994489 0.42984837 0.12224471
v 0.40889232 0.42984837 0.12224471
v -0.40571430 0.41615018 0.12224471
v -0.41638833 0.38307983 0.12224471
v -0.41638833 -0.40798386 0.12224471
v -0.43570416 0.38801019 0.12224471
v -0.43570416 -0.41291421 0.12224471
v -0.41963995 -0.45892525 0.12224471
v -0.38378678 -0.47954077 0.12224471
v -0.40571430 -0.44105420 0.12224471
v -0.37994489 -0.45475240 0.12224471
v 0.40889232 -0.45475240 0.12224471
v 0.40889232 -0.45475240 0.12224471
v 0.43466174 -0.44105420 0.12224471
v 0.41273425 -0.47954077 0.12224471
v 0.41273425 -0.47954077 0.12224471
v 0.44858742 -0.45892525 0.12224471
v 0.46465160 -0.41291421 0.12224471
v 0.46465160 0.38801019 0.12224471
v 0.44533576 -0.40798386 0.12224471
v 0.44533576 0.38307983 0.12224471
v 0.43466174 0.41615018 0.12224471
v 0.44858742 0.43402123 0.12224471
v -0.38378678 0.45463674 0.12224471
v 0.41273425 0.45463674 0.12224471
v -0.41963995 0.43402123 0.12224471
v -0.38378679 0.45463674 0.09450445
v -0.43570416 0.38801019 0.12224471
v -0.43570416 -0.41291421 0.12224471
v -0.43570414 0.38801019 0.09450445
v -0.41963997 0.43402123 0.09450445
v -0.43570414 -0.41291421 0.09450445
v -0.41963997 -0.45892525 0.09450445
v -0.38378679 -0.47954077 0.09450445
v -0.41963995 -0.45892525 0.12224471
v -0.38378678 -0.47954077 0.12224471
v 0.41273425 -0.47954077 0.12224471
v 0.41273425 -0.47954077 0.12224471
v 0.44858742 -0.45892525 0.12224471
v 0.41273425 -0.47954077 0.09450445
v 0.41273425 -0.47954077 0.09450445
v 0.44858742 -0.45892525 0.09450445
v 0.46465160 -0.41291421 0.09450445
v 0.46465160 0.38801019 0.09450445
v 0.46465160 -0.41291421 0.12224471
v 0.46465160 0.38801019 0.12224471
v 0.44858742 0.43402123 0.12224471
v 0.44858742 0.43402123 0.09450445
v 0.41273425 0.45463674 0.09450445
v -0.38378679 0.45463674 0.09450445
v -0.43570414 0.38801019 0.09450445
v -0.41963997 0.43402123 0.09450445
v -0.43570414 -0.41291421 0.09450445
v -0.41638831 0.38307983 0.09450445
v -0.40571429 0.41615018 0.09450445
v -0.41638831 -0.40798386 0.09450445
v -0.40571429 -0.44105420 0.09450445
v -0.37994487 -0.45475240 0.09450445
v -0.41963997 -0.45892525 0.09450445
v -0.38378679 -0.47954077 0.09450445
v 0.41273425 -0.47954077 0.09450445
v 0.41273425 -0.47954077 0.09450445
v 0.44858742 -0.45892525 0.09450445
v 0.40889232 -0.45475240 0.09450445
v 0.40889232 -0.45475240 0.09450445
v 0.43466174 -0.44105420 0.09450445
v 0.44533576 -0.40798386 0.09450445
v 0.44533576 0.38307983 0.09450445
v 0.46465160 -0.41291421 0.09450445
v 0.46465160 0.38801019 0.09450445
v 0.44858742 0.43402123 0.09450445
v 0.41273425 0.45463674 0.09450445
v 0.43466174 0.41615018 0.09450445
v 0.40889232 0.42984837 0.09450445
v -0.37994487 0.42984837 0.09450445
v 0.44533576 -0.08809975 -0.29127458
v 0.44533576 -0.08809975 -0.20059533
v 0.46804144 -0.08809975 -0.29145131
v 0.46804144 -0.08809975 -0.20041864
v 0.46804144 -0.08809975 -0.29145131
v 0.46804144 -0.08809975 -0.20041864
v 0.48008447 -0.05115353 -0.27614331
v 0.48008447 -0.05115353 -0.21572664
v 0.48449254 -0.00068403 -0.26848903
v 0.48449254 -0.00068403 -0.22338092
v 0.48008447 0.04978551 -0.27614331
v 0.48008447 0.04978551 -0.21572664
v 0.46804144 0.08673179 -0.29145131
v 0.46804144 0.08673179 -0.20041864
v 0.44533576 0.08673179 -0.29127458
v 0.44533576 0.08673179 -0.20059533
v 0.44533576 0.17842330 -0.20059533
v 0.44533576 0.17842330 -0.29127458
v 0.44533576 0.08673179 -0.29127458
v 0.44533576 0.08673179 -0.20059533
v 0.46804144 0.08673179 -0.29145131
v 0.46804144 0.08673179 -0.20041864
v 0.44533576 -0.08809975 -0.29127458
v 0.44533576 -0.08809975 -0.20059533
v 0.44533576 -0.17979111 -0.20059533
v 0.44533576 -0.17979111 -0.29127458
v 0.45881194 0.11010032 -0.29127458
v 0.45881204 -0.11146872 -0.29127458
v 0.45881204 -0.11146872 -0.20059533
v 0.45881194 0.11010032 -0.20059533
v 0.47859622 -0.10267919 -0.29145131
v 0.47859622 -0.10267919 -0.20041864
v 0.49503965 -0.05641500 -0.27614331
v 0.49503965 -0.05641500 -0.21572664
v 0.50000000 -0.00068403 -0.26848903
v 0.49999954 -0.00068403 -0.22338092
v 0.49503965 0.05504697 -0.27614331
v 0.49503965 0.05504697 -0.21572664
v 0.47859622 0.10131123 -0.29145131
v 0.47859622 0.10131123 -0.20041864
v 0.45881194 0.11010032 -0.29127458
v 0.45881194 0.11010032 -0.20059533
v 0.46084323 0.17842330 -0.20059533
v 0.46084323 0.17842330 -0.29127458
v 0.45881204 -0.11146872 -0.29127458
v 0.45881204 -0.11146872 -0.20059533
v 0.46084323 -0.17979111 -0.20059533
v 0.46084323 -0.17979111 -0.29127458
v 0.44533576 -0.08809975 -0.20059533
v 0.44533576 0.08673179 -0.20059533
v 0.46804144 -0.08809975 -0.20041864
v 0.48008447 -0.05115353 -0.21572664
v 0.48449254 -0.00068403 -0.22338092
v 0.48008447 0.04978551 -0.21572664
v 0.46804144 0.08673179 -0.20041864
v 0.44533576 -0.17979111 -0.20059533
v 0.44533576 0.17842330 -0.20059533
v 0.45881204 -0.11146872 -0.20059533
v 0.45881194 0.11010032 -0.20059533
v 0.47859622 -0.10267919 -0.20041864
v 0.49503965 -0.05641500 -0.21572664
v 0.49999954 -0.00068403 -0.22338092
v 0.49503965 0.05504697 -0.21572664
v 0.47859622 0.10131123 -0.20041864
v 0.46084323 -0.17979111 -0.20059533
v 0.46084323 0.17842330 -0.20059533
v 0.44533576 0.08673179 -0.29127458
v 0.44533576 -0.08809975 -0.29127458
v 0.46804144 -0.08809975 -0.29145131
v 0.48008447 -0.05115353 -0.27614331
v 0.48449254 -0.00068403 -0.26848903
v 0.48008447 0.04978551 -0.27614331
v 0.46804144 0.08673179 -0.29145131
v 0.44533576 -0.17979111 -0.29127458
v 0.44533576 0.17842330 -0.29127458
v 0.45881194 0.11010032 -0.29127458
v 0.45881204 -0.11146872 -0.29127458
v 0.47859622 -0.10267919 -0.29145131
v 0.49503965 -0.05641500 -0.27614331
v 0.50000000 -0.00068403 -0.26848903
v 0.49503965 0.05504697 -0.27614331
v 0.47859622 0.10131123 -0.29145131
v 0.46084323 -0.17979111 -0.29127458
v 0.46084323 0.17842330 -0.29127458
v 0.46375131 -0.18349638 -0.18830613
v 0.45658582 -0.20702366 -0.22748211
v 0.46375131 -0.18349638 -0.30356379
v 0.45658582 -0.20702366 -0.26438782
v 0.44533576 -0.13635364 -0.30356379
v 0.44533576 -0.18349638 -0.30356379
v 0.46172003 -0.13635364 -0.30356379
v 0.46375131 -0.18349638 -0.30356379
v 0.44533576 -0.13635364 -0.18830613
v 0.44533576 -0.18349638 -0.18830613
v 0.46172003 -0.13635364 -0.18830613
v 0.46375131 -0.18349638 -0.18830613
v 0.44533576 -0.18349638 -0.18830613
v 0.44533576 -0.20702366 -0.22748211
v 0.46375131 -0.18349638 -0.18830613
v 0.45658582 -0.20702366 -0.22748211
v 0.44533576 -0.20702366 -0.22748211
v 0.44533576 -0.20702366 -0.26438782
v 0.45658582 -0.20702366 -0.22748211
v 0.45658582 -0.20702366 -0.26438782
v 0.44533576 -0.18349638 -0.30356379
v 0.44533576 -0.20702366 -0.26438782
v 0.46375131 -0.18349638 -0.30356379
v 0.45658582 -0.20702366 -0.26438782
v 0.44533576 -0.13635364 -0.30356379
v 0.44533576 -0.13635364 -0.18830613
v 0.46172003 -0.13635364 -0.30356379
v 0.46172003 -0.13635364 -0.18830613
v 0.46172003 -0.13635364 -0.30356379
v 0.46172003 -0.13635364 -0.18830613
v 0.46375131 -0.18349638 -0.18830613
v 0.46375131 -0.18349638 -0.30356379
v 0.46375122 0.18212860 -0.18830613
v 0.45658573 0.20565586 -0.22748211
v 0.46375122 0.18212860 -0.30356379
v 0.45658573 0.20565586 -0.26438782
v 0.44533576 0.13498584 -0.30356379
v 0.44533567 0.18212858 -0.30356379
v 0.46172003 0.13498585 -0.30356379
v 0.46375122 0.18212860 -0.30356379
v 0.44533576 0.13498584 -0.18830613
v 0.44533567 0.18212858 -0.18830613
v 0.46172003 0.13498585 -0.18830613
v 0.46375122 0.18212860 -0.18830613
v 0.44533567 0.18212858 -0.18830613
v 0.44533567 0.20565586 -0.22748211
v 0.46375122 0.18212860 -0.18830613
v 0.45658573 0.20565586 -0.22748211
v 0.44533567 0.20565586 -0.22748211
v 0.44533567 0.20565586 -0.26438782
v 0.45658573 0.20565586 -0.22748211
v 0.45658573 0.20565586 -0.26438782
v 0.44533567 0.18212858 -0.30356379
v 0.44533567 0.20565586 -0.26438782
v 0.46375122 0.18212860 -0.30356379
v 0.45658573 0.20565586 -0.26438782
v 0.44533576 0.13498584 -0.30356379
v 0.44533576 0.13498584 -0.18830613
v 0.46172003 0.13498585 -0.30356379
v 0.46172003 0.13498585 -0.18830613
v 0.46172003 0.13498585 -0.30356379
v 0.46172003 0.13498585 -0.18830613
v 0.46375122 0.18212860 -0.18830613
v 0.46375122 0.18212860 -0.30356379
v 0.08259074 0.42984837 -0.15504316
v 0.08259074 0.42984837 -0.06436390
v 0.08259074 0.45898696 -0.15521988
v 0.08259074 0.45898696 -0.06418721
v 0.08259074 0.45898696 -0.15521988
v 0.08259074 0.45898696 -0.06418721
v 0.05380115 0.47444200 -0.13991189
v 0.05380115 0.47444200 -0.07949521
v 0.01447380 0.48009896 -0.13225761
v 0.01447380 0.48009896 -0.08714950
v -0.02485356 0.47444206 -0.13991189
v -0.02485356 0.47444203 -0.07949521
v -0.05364319 0.45898702 -0.15521988
v -0.05364319 0.45898702 -0.06418722
v -0.05364319 0.42984837 -0.15504316
v -0.05364319 0.42984837 -0.06436390
v -0.12509197 0.42984840 -0.06436390
v -0.12509197 0.42984840 -0.15504316
v -0.05364319 0.42984837 -0.15504316
v -0.05364319 0.42984837 -0.06436390
v -0.05364319 0.45898702 -0.15521988
v -0.05364319 0.45898702 -0.06418722
v 0.08259074 0.42984837 -0.15504316
v 0.08259074 0.42984837 -0.06436390
v 0.15403938 0.42984835 -0.06436390
v 0.15403938 0.42984835 -0.15504316
v -0.07185266 0.44714267 -0.15504316
v 0.10080053 0.44714267 -0.15504316
v 0.10080053 0.44714267 -0.06436391
v -0.07185266 0.44714267 -0.06436391
v 0.09395148 0.47253208 -0.15521988
v 0.09395148 0.47253208 -0.06418722
v 0.05790106 0.49363429 -0.13991191
v 0.05790106 0.49363423 -0.07949522
v 0.01447380 0.50000000 -0.13225762
v 0.01447380 0.49999941 -0.08714950
v -0.02895346 0.49363429 -0.13991191
v -0.02895346 0.49363429 -0.07949522
v -0.06500393 0.47253214 -0.15521988
v -0.06500393 0.47253214 -0.06418722
v -0.07185266 0.44714267 -0.15504316
v -0.07185266 0.44714267 -0.06436391
v -0.12509197 0.44974945 -0.06436391
v -0.12509197 0.44974945 -0.15504316
v 0.10080053 0.44714267 -0.15504316
v 0.10080053 0.44714267 -0.06436391
v 0.15403938 0.44974939 -0.06436391
v 0.15403938 0.44974936 -0.15504316
v 0.08259074 0.42984837 -0.06436390
v -0.05364319 0.42984837 -0.06436390
v 0.08259074 0.45898696 -0.06418721
v 0.05380115 0.47444200 -0.07949521
v 0.01447380 0.48009896 -0.08714950
v -0.02485356 0.47444203 -0.07949521
v -0.05364319 0.45898702 -0.06418722
v 0.15403938 0.42984835 -0.06436390
v -0.12509197 0.42984840 -0.06436390
v 0.10080053 0.44714267 -0.06436391
v -0.07185266 0.44714267 -0.06436391
v 0.09395148 0.47253208 -0.06418722
v 0.05790106 0.49363423 -0.07949522
v 0.01447380 0.49999941 -0.08714950
v -0.02895346 0.49363429 -0.07949522
v -0.06500393 0.47253214 -0.06418722
v 0.15403938 0.44974939 -0.06436391
v -0.12509197 0.44974945 -0.06436391
v -0.05364319 0.42984837 -0.15504316
v 0.08259074 0.42984837 -0.15504316
v 0.08259074 0.45898696 -0.15521988
v 0.05380115 0.47444200 -0.13991189
v 0.01447380 0.48009896 -0.13225761
v -0.02485356 0.47444206 -0.13991189
v -0.05364319 0.45898702 -0.15521988
v 0.15403938 0.42984835 -0.15504316
v -0.12509197 0.42984840 -0.15504316
v -0.07185266 0.44714267 -0.15504316
v 0.10080053 0.44714267 -0.15504316
v 0.09395148 0.47253208 -0.15521988
v 0.05790106 0.49363429 -0.13991191
v 0.01447380 0.50000000 -0.13225762
v -0.02895346 0.49363429 -0.13991191
v -0.06500393 0.47253214 -0.15521988
v 0.15403938 0.44974936 -0.15504316
v -0.12509197 0.44974945 -0.15504316
v 0.15692662 0.45348130 -0.05207470
v 0.17525977 0.44428569 -0.09125067
v 0.15692662 0.45348130 -0.16733237
v 0.17525977 0.44428569 -0.12815640
v 0.12019161 0.42984837 -0.16733236
v 0.15692662 0.42984835 -0.16733236
v 0.12019161 0.45087458 -0.16733237
v 0.15692662 0.45348130 -0.16733237
v 0.12019161 0.42984837 -0.05207469
v 0.15692662 0.42984835 -0.05207469
v 0.12019161 0.45087458 -0.05207470
v 0.15692662 0.45348130 -0.05207470
v 0.15692662 0.42984835 -0.05207469
v 0.17525977 0.42984835 -0.09125066
v 0.15692662 0.45348130 -0.05207470
v 0.17525977 0.44428569 -0.09125067
v 0.17525977 0.42984835 -0.09125066
v 0.17525977 0.42984835 -0.12815640
v 0.17525977 0.44428569 -0.09125067
v 0.17525977 0.44428569 -0.12815640
v 0.15692662 0.42984835 -0.16733236
v 0.17525977 0.42984835 -0.12815640
v 0.15692662 0.45348130 -0.16733237
v 0.17525977 0.44428569 -0.12815640
v 0.12019161 0.42984837 -0.16733236
v 0.12019161 0.42984837 -0.05207469
v 0.12019161 0.45087458 -0.16733237
v 0.12019161 0.45087458 -0.05207470
v 0.12019161 0.45087458 -0.16733237
v 0.12019161 0.45087458 -0.05207470
v 0.15692662 0.45348130 -0.05207470
v 0.15692662 0.45348130 -0.16733237
v -0.12797924 0.45348130 -0.05207470
v -0.14631238 0.44428569 -0.09125067
v -0.12797924 0.45348130 -0.16733237
v -0.14631238 0.44428569 -0.12815640
v -0.09124420 0.42984837 -0.16733236
v -0.12797921 0.42984835 -0.16733236
v -0.09124420 0.45087458 -0.16733237
v -0.12797924 0.45348130 -0.16733237
v -0.09124420 0.42984837 -0.05207469
v -0.12797921 0.42984835 -0.05207469
v -0.09124420 0.45087458 -0.05207470
v -0.12797924 0.45348130 -0.05207470
v -0.12797921 0.42984835 -0.05207469
v -0.14631238 0.42984835 -0.09125066
v -0.12797924 0.45348130 -0.05207470
v -0.14631238 0.44428569 -0.09125067
v -0.14631238 0.42984835 -0.09125066
v -0.14631238 0.42984835 -0.12815640
v -0.14631238 0.44428569 -0.09125067
v -0.14631238 0.44428569 -0.12815640
v -0.12797921 0.42984835 -0.16733236
v -0.14631238 0.42984835 -0.12815640
v -0.12797924 0.45348130 -0.16733237
v -0.14631238 0.44428569 -0.12815640
v -0.09124420 0.42984837 -0.16733236
v -0.09124420 0.42984837 -0.05207469
v -0.09124420 0.45087458 -0.16733237
v -0.09124420 0.45087458 -0.05207470
v -0.09124420 0.45087458 -0.16733237
v -0.09124420 0.45087458 -0.05207470
v -0.12797924 0.45348130 -0.05207470
v -0.12797924 0.45348130 -0.16733237
v 0.30101595 0.48344133 -0.04239749
v 0.30101586 0.48344133 0.02688902
v 0.30101586 0.44280146 0.02688902
v 0.30101595 0.47236147 -0.04239749
v 0.30101595 0.48344130 0.00054987
v 0.30101586 0.47236150 0.00054987
v 0.30101586 0.44280149 0.00054987
v 0.21262397 0.42984837 0.02688902
v 0.21262397 0.42984837 -0.06873665
v 0.21262397 0.48344133 0.02688902
v 0.21262397 0.48344133 -0.06873665
v 0.33112255 0.42984837 -0.04239749
v 0.31892267 0.42984837 -0.06873665
v 0.31892267 0.48344130 -0.06873665
v 0.33112255 0.48344130 -0.04239749
v 0.25737901 0.48344133 0.02688902
v 0.25737901 0.44280149 0.02688902
v 0.25737901 0.47236150 -0.04239749
v 0.25737901 0.48344133 -0.04239749
v 0.25737901 0.47236150 0.00054987
v 0.25737901 0.44280149 0.00054987
v 0.21262397 0.42984837 0.02688902
v 0.31892267 0.42984837 0.02688902
v 0.21262397 0.48344133 0.02688902
v 0.31892267 0.48344130 0.02688902
v 0.26836088 0.48344133 0.02688902
v 0.25737901 0.48344133 0.02688902
v 0.30101586 0.48344133 0.02688902
v 0.29003395 0.48344133 0.02688902
v 0.25737901 0.44280149 0.02688902
v 0.29003395 0.44280146 0.02688902
v 0.30101586 0.44280146 0.02688902
v 0.26836092 0.44280146 0.02688902
v 0.21262397 0.42984837 -0.06873665
v 0.31892267 0.42984837 -0.06873665
v 0.21262397 0.48344133 -0.06873665
v 0.31892267 0.48344130 -0.06873665
v 0.21262397 0.48344133 0.02688902
v 0.33112255 0.48344130 0.00054987
v 0.31892267 0.48344130 0.02688902
v 0.21262397 0.48344133 -0.06873665
v 0.31892267 0.48344130 -0.06873665
v 0.33112255 0.48344130 -0.04239749
v 0.26836083 0.48344133 -0.04239749
v 0.29003395 0.48344133 -0.04239749
v 0.30101595 0.48344133 -0.04239749
v 0.26836088 0.48344133 0.02688902
v 0.25737901 0.48344133 0.02688902
v 0.30101586 0.48344133 0.02688902
v 0.29003395 0.48344133 0.02688902
v 0.30101595 0.48344130 0.00054987
v 0.25737901 0.48344133 -0.04239749
v 0.29003395 0.47236147 -0.04239749
v 0.30101595 0.47236147 -0.04239749
v 0.29003395 0.47236150 0.00054987
v 0.30101586 0.47236150 0.00054987
v 0.26836083 0.48344133 -0.04239749
v 0.25737901 0.47236150 -0.04239749
v 0.26836083 0.47236150 -0.04239749
v 0.25737901 0.48344133 -0.04239749
v 0.29003395 0.48344133 -0.04239749
v 0.30101595 0.48344133 -0.04239749
v 0.29003395 0.47236147 -0.04239749
v 0.30101595 0.47236147 -0.04239749
v 0.33112255 0.42984837 0.00054987
v 0.33112255 0.42984837 -0.04239749
v 0.33112255 0.48344130 0.00054987
v 0.33112255 0.48344130 -0.04239749
v 0.31892267 0.42984837 0.02688902
v 0.33112255 0.42984837 0.00054987
v 0.33112255 0.48344130 0.00054987
v 0.31892267 0.48344130 0.02688902
v 0.29003395 0.48344133 -0.04239749
v 0.29003395 0.48344133 0.02688902
v 0.29003395 0.44280146 0.02688902
v 0.29003395 0.47236147 -0.04239749
v 0.29003395 0.47236150 0.00054987
v 0.29003395 0.44280149 0.00054987
v 0.29003395 0.47236150 0.00054987
v 0.30101586 0.47236150 0.00054987
v 0.29003395 0.44280149 0.00054987
v 0.30101586 0.44280149 0.00054987
v 0.29003395 0.44280146 0.02688902
v 0.30101586 0.44280146 0.02688902
v 0.29003395 0.44280149 0.00054987
v 0.30101586 0.44280149 0.00054987
v 0.23500151 0.47645613 -0.05083929
v 0.23500151 0.49042653 -0.05083929
v 0.22300156 0.47645613 -0.03588155
v 0.22300156 0.49042653 -0.03588155
v 0.22300156 0.47645613 -0.03588155
v 0.22300156 0.49042653 -0.03588155
v 0.22300156 0.47645613 -0.00596607
v 0.22300156 0.49042653 -0.00596607
v 0.22300156 0.47645613 -0.00596607
v 0.22300156 0.49042653 -0.00596607
v 0.23500151 0.47645613 0.00899166
v 0.23500151 0.49042653 0.00899166
v 0.23500151 0.47645613 0.00899166
v 0.23500151 0.49042653 0.00899166
v 0.24700147 0.47645613 -0.00596608
v 0.24700147 0.49042653 -0.00596608
v 0.23500151 0.49042653 -0.05083929
v 0.22300156 0.49042653 -0.03588155
v 0.22300156 0.49042653 -0.00596607
v 0.23500151 0.49042653 0.00899166
v 0.24700147 0.49042653 -0.00596608
v 0.24700147 0.49042653 -0.03588155
v 0.24700147 0.47645613 -0.00596608
v 0.24700147 0.49042653 -0.00596608
v 0.24700147 0.47645613 -0.03588155
v 0.24700147 0.49042653 -0.03588155
v 0.23500151 0.47645613 -0.05083929
v 0.23500151 0.49042653 -0.05083929
v 0.24700147 0.47645613 -0.03588155
v 0.24700147 0.49042653 -0.03588155
v -0.39933958 0.37872766 -0.49974302
v -0.39265489 0.39939080 -0.49971783
v -0.41470933 0.38265108 -0.48416055
v -0.39926091 0.34676083 -0.49978812
v -0.41468970 0.34676083 -0.48416055
v -0.35406209 0.34676083 -0.50000000
v -0.35406209 0.40786844 -0.49978812
v -0.35406209 0.42766851 -0.48531150
v -0.37655352 0.40796941 -0.49974302
v -0.37961081 0.42769368 -0.48416055
v -0.40429011 0.41432246 -0.48416055
v -0.39926091 0.34676083 -0.49978812
v -0.41468970 0.34676083 -0.48416055
v -0.35406209 0.34676083 -0.50000000
v -0.39826509 0.34676083 -0.48897878
v -0.41108015 0.34676083 -0.47751857
v -0.35406209 0.34676083 -0.48897878
v -0.41638833 0.34676083 -0.35394551
v -0.42149317 0.34676083 -0.35394551
v -0.45879396 0.34676083 -0.35394551
v -0.45879396 0.34676083 -0.39477882
v -0.42149317 0.34676083 -0.39477882
v -0.42139502 0.34676083 -0.44985119
v -0.41638833 0.34676083 -0.39477882
v -0.41638833 0.34676083 -0.44985119
v -0.45879396 0.34676083 -0.45200113
v -0.45879396 0.34676083 -0.48416055
v -0.35406209 0.34676083 -0.50000000
v -0.35406209 0.34676083 -0.48897878
v -0.35406209 0.40659049 -0.48897878
v -0.35406209 0.42303630 -0.47751857
v -0.35406209 0.40786844 -0.49978812
v -0.35406209 0.42766851 -0.48531150
v -0.37961081 0.42769368 -0.48416055
v -0.38092186 0.43615160 -0.44985119
v -0.40787923 0.47509598 -0.48416055
v -0.40787923 0.47509598 -0.44949438
v -0.40787923 0.47509598 -0.35394551
v -0.38094072 0.43627357 -0.35394551
v -0.35406209 0.42766851 -0.48531150
v -0.37961081 0.42769368 -0.48416055
v -0.38092186 0.43615160 -0.44985119
v -0.38094072 0.43627357 -0.35394551
v -0.35406209 0.43639952 -0.35394551
v -0.35406209 0.43627357 -0.44985119
v -0.42914614 0.47509598 -0.48416055
v -0.45857168 0.43394217 -0.48416055
v -0.42950215 0.47509598 -0.44917180
v -0.45901523 0.43458105 -0.45212271
v -0.41470933 0.38265108 -0.48416055
v -0.41468970 0.34676083 -0.48416055
v -0.37961081 0.42769368 -0.48416055
v -0.40429011 0.41432246 -0.48416055
v -0.40787923 0.47509598 -0.48416055
v -0.42914614 0.47509598 -0.48416055
v -0.45857168 0.43394217 -0.48416055
v -0.45879396 0.34676083 -0.48416055
v -0.42950215 0.47509598 -0.44917180
v -0.40648102 0.42673035 -0.45204927
v -0.42993454 0.47509598 -0.39491210
v -0.40653541 0.42684176 -0.39477882
v -0.35406209 0.42303630 -0.47751857
v -0.35406209 0.42766851 -0.48531150
v -0.35406209 0.43639952 -0.35394551
v -0.35406209 0.42984837 -0.35394551
v -0.35406209 0.42984837 -0.44985119
v -0.35406209 0.43627357 -0.44985119
v -0.42950215 0.47509598 -0.44917180
v -0.45901523 0.43458105 -0.45212271
v -0.40648102 0.42673035 -0.45204927
v -0.42139502 0.34676083 -0.44985119
v -0.42129999 0.38433361 -0.45198736
v -0.45879396 0.34676083 -0.45200113
v -0.42993454 0.47509598 -0.39491210
v -0.45877698 0.43423996 -0.39383611
v -0.42967849 0.47509598 -0.35394551
v -0.45881078 0.43428453 -0.35394551
v -0.42967849 0.47509598 -0.35394551
v -0.40787923 0.47509598 -0.35394551
v -0.38094072 0.43627357 -0.35394551
v -0.35406209 0.43639952 -0.35394551
v -0.37994489 0.42984837 -0.35394551
v -0.40571430 0.41615018 -0.35394551
v -0.35406209 0.42984837 -0.35394551
v -0.41638833 0.38307983 -0.35394551
v -0.41638833 0.34676083 -0.35394551
v -0.42149317 0.34676083 -0.35394551
v -0.45881078 0.43428453 -0.35394551
v -0.45879396 0.34676083 -0.35394551
v -0.40787923 0.47509598 -0.48416055
v -0.40787923 0.47509598 -0.44949438
v -0.42914614 0.47509598 -0.48416055
v -0.42950215 0.47509598 -0.44917180
v -0.42993454 0.47509598 -0.39491210
v -0.42967849 0.47509598 -0.35394551
v -0.40787923 0.47509598 -0.35394551
v -0.45877698 0.43423996 -0.39383611
v -0.45881078 0.43428453 -0.35394551
v -0.45879396 0.34676083 -0.35394551
v -0.45879396 0.34676083 -0.39477882
v -0.42149317 0.34676083 -0.39477882
v -0.42139502 0.34676083 -0.44985119
v -0.42139502 0.38435778 -0.39477882
v -0.42129999 0.38433361 -0.45198736
v -0.40648102 0.42673035 -0.45204927
v -0.40653541 0.42684176 -0.39477882
v -0.42139502 0.38435778 -0.39477882
v -0.42129999 0.38433361 -0.45198736
v -0.45857168 0.43394217 -0.48416055
v -0.45901523 0.43458105 -0.45212271
v -0.45879396 0.34676083 -0.45200113
v -0.45879396 0.34676083 -0.48416055
v -0.42858289 0.41520389 -0.44945108
v -0.42858289 0.41520389 -0.44945108
v -0.42122202 0.41520389 -0.43823394
v -0.43796371 0.38614018 -0.44945108
v -0.43796371 0.38614018 -0.44945108
v -0.43796371 0.44426760 -0.44945108
v -0.43796371 0.44426760 -0.44945108
v -0.43275879 0.45094715 -0.43823384
v -0.46061101 0.45630616 -0.44945098
v -0.46061101 0.45630616 -0.44945098
v -0.46061101 0.46575251 -0.43823384
v -0.48325831 0.44426757 -0.44945108
v -0.48325831 0.44426757 -0.44945108
v -0.48846323 0.45094715 -0.43823394
v -0.49263913 0.41520389 -0.44945108
v -0.50000000 0.41520389 -0.43823394
v -0.48325831 0.38614018 -0.44945108
v -0.48325831 0.38614018 -0.44945108
v -0.48846323 0.37946061 -0.43823394
v -0.48846323 0.37946061 -0.43823394
v -0.46061101 0.37410159 -0.44945108
v -0.46061101 0.37410159 -0.44945108
v -0.46061101 0.36465528 -0.43823394
v -0.43275879 0.37946061 -0.43823394
v -0.46061101 0.36465525 -0.40692173
v -0.46061101 0.37410159 -0.39570464
v -0.46061101 0.37410159 -0.39570464
v -0.43275879 0.37946061 -0.40692178
v -0.48846323 0.37946061 -0.40692178
v -0.48846323 0.37946061 -0.40692178
v -0.48325831 0.38614015 -0.39570464
v -0.48325831 0.38614015 -0.39570464
v -0.50000000 0.41520389 -0.40692173
v -0.49263913 0.41520386 -0.39570459
v -0.48846323 0.45094715 -0.40692173
v -0.48325831 0.44426757 -0.39570459
v -0.48325831 0.44426757 -0.39570459
v -0.46061101 0.46575251 -0.40692173
v -0.46061101 0.45630616 -0.39570454
v -0.46061101 0.45630616 -0.39570454
v -0.43275879 0.45094715 -0.40692168
v -0.43796371 0.44426757 -0.39570454
v -0.43796371 0.44426757 -0.39570454
v -0.42122202 0.41520386 -0.40692173
v -0.42858289 0.41520386 -0.39570459
v -0.42858289 0.41520386 -0.39570459
v -0.43796371 0.38614015 -0.39570464
v -0.43796371 0.38614015 -0.39570464
v -0.39933958 -0.40363168 -0.49974302
v -0.39265489 -0.42429482 -0.49971783
v -0.41470933 -0.40755511 -0.48416055
v -0.39926091 -0.37166485 -0.49978812
v -0.41468970 -0.37166485 -0.48416055
v -0.35406209 -0.37166485 -0.50000000
v -0.35406209 -0.43277246 -0.49978812
v -0.35406209 -0.45257253 -0.48531150
v -0.37655352 -0.43287344 -0.49974302
v -0.37961081 -0.45259771 -0.48416055
v -0.40429011 -0.43922648 -0.48416055
v -0.39926091 -0.37166485 -0.49978812
v -0.41468970 -0.37166485 -0.48416055
v -0.35406209 -0.37166485 -0.50000000
v -0.39826509 -0.37166485 -0.48897878
v -0.41108015 -0.37166485 -0.47751857
v -0.35406209 -0.37166485 -0.48897878
v -0.41638833 -0.37166485 -0.35394551
v -0.42149317 -0.37166485 -0.35394551
v -0.45879396 -0.37166485 -0.35394551
v -0.45879396 -0.37166485 -0.39477882
v -0.42149317 -0.37166485 -0.39477882
v -0.42139502 -0.37166485 -0.44985119
v -0.41638833 -0.37166485 -0.39477882
v -0.41638833 -0.37166485 -0.44985119
v -0.45879396 -0.37166485 -0.45200113
v -0.45879396 -0.37166485 -0.48416055
v -0.35406209 -0.37166485 -0.50000000
v -0.35406209 -0.37166485 -0.48897878
v -0.35406209 -0.43149452 -0.48897878
v -0.35406209 -0.44794032 -0.47751857
v -0.35406209 -0.43277246 -0.49978812
v -0.35406209 -0.45257253 -0.48531150
v -0.41470933 -0.40755511 -0.48416055
v -0.41468970 -0.37166485 -0.48416055
v -0.37961081 -0.45259771 -0.48416055
v -0.40429011 -0.43922648 -0.48416055
v -0.40787923 -0.50000000 -0.48416055
v -0.42914614 -0.50000000 -0.48416055
v -0.45857168 -0.45884619 -0.48416055
v -0.45879396 -0.37166485 -0.48416055
v -0.37961081 -0.45259771 -0.48416055
v -0.38092186 -0.46105562 -0.44985119
v -0.40787923 -0.50000000 -0.48416055
v -0.40787923 -0.50000000 -0.44949438
v -0.40787923 -0.50000000 -0.35394551
v -0.38094072 -0.46117759 -0.35394551
v -0.35406209 -0.45257253 -0.48531150
v -0.37961081 -0.45259771 -0.48416055
v -0.38092186 -0.46105562 -0.44985119
v -0.38094072 -0.46117759 -0.35394551
v -0.35406209 -0.46130354 -0.35394551
v -0.35406209 -0.46117759 -0.44985119
v -0.35406209 -0.44794032 -0.47751857
v -0.35406209 -0.45257253 -0.48531150
v -0.35406209 -0.46130354 -0.35394551
v -0.35406209 -0.45475240 -0.35394551
v -0.35406209 -0.45475240 -0.44985119
v -0.35406209 -0.46117759 -0.44985119
v -0.42914614 -0.50000000 -0.48416055
v -0.45857168 -0.45884619 -0.48416055
v -0.42950215 -0.50000000 -0.44917180
v -0.45901523 -0.45948507 -0.45212271
v -0.42950215 -0.50000000 -0.44917180
v -0.45901523 -0.45948507 -0.45212271
v -0.40648102 -0.45163437 -0.45204927
v -0.42139502 -0.37166485 -0.44985119
v -0.42129999 -0.40923763 -0.45198736
v -0.45879396 -0.37166485 -0.45200113
v -0.42950215 -0.50000000 -0.44917180
v -0.40648102 -0.45163437 -0.45204927
v -0.42993454 -0.50000000 -0.39491210
v -0.40653541 -0.45174578 -0.39477882
v -0.40787923 -0.50000000 -0.48416055
v -0.40787923 -0.50000000 -0.44949438
v -0.42914614 -0.50000000 -0.48416055
v -0.42950215 -0.50000000 -0.44917180
v -0.42993454 -0.50000000 -0.39491210
v -0.42967849 -0.50000000 -0.35394551
v -0.40787923 -0.50000000 -0.35394551
v -0.42993454 -0.50000000 -0.39491210
v -0.45877698 -0.45914398 -0.39383611
v -0.40653541 -0.45174578 -0.39477882
v -0.45879396 -0.37166485 -0.39477882
v -0.42149317 -0.37166485 -0.39477882
v -0.42139502 -0.40926180 -0.39477882
v -0.42993454 -0.50000000 -0.39491210
v -0.45877698 -0.45914398 -0.39383611
v -0.42967849 -0.50000000 -0.35394551
v -0.45881078 -0.45918855 -0.35394551
v -0.42967849 -0.50000000 -0.35394551
v -0.40787923 -0.50000000 -0.35394551
v -0.38094072 -0.46117759 -0.35394551
v -0.35406209 -0.46130354 -0.35394551
v -0.37994489 -0.45475240 -0.35394551
v -0.40571430 -0.44105420 -0.35394551
v -0.35406209 -0.45475240 -0.35394551
v -0.41638833 -0.40798386 -0.35394551
v -0.41638833 -0.37166485 -0.35394551
v -0.42149317 -0.37166485 -0.35394551
v -0.45881078 -0.45918855 -0.35394551
v -0.45879396 -0.37166485 -0.35394551
v -0.45877698 -0.45914398 -0.39383611
v -0.45881078 -0.45918855 -0.35394551
v -0.45879396 -0.37166485 -0.35394551
v -0.45879396 -0.37166485 -0.39477882
v -0.42149317 -0.37166485 -0.39477882
v -0.42139502 -0.37166485 -0.44985119
v -0.42139502 -0.40926180 -0.39477882
v -0.42129999 -0.40923763 -0.45198736
v -0.40648102 -0.45163437 -0.45204927
v -0.40653541 -0.45174578 -0.39477882
v -0.42139502 -0.40926180 -0.39477882
v -0.42129999 -0.40923763 -0.45198736
v -0.45857168 -0.45884619 -0.48416055
v -0.45901523 -0.45948507 -0.45212271
v -0.45879396 -0.37166485 -0.45200113
v -0.45879396 -0.37166485 -0.48416055
v -0.42858289 -0.44010788 -0.44945098
v -0.42858289 -0.44010788 -0.44945098
v -0.42122202 -0.44010788 -0.43823384
v -0.43796371 -0.41104418 -0.44945098
v -0.43796371 -0.41104418 -0.44945098
v -0.43796371 -0.46917159 -0.44945098
v -0.43796371 -0.46917159 -0.44945098
v -0.43275879 -0.47585117 -0.43823384
v -0.46061101 -0.48121016 -0.44945098
v -0.46061101 -0.48121016 -0.44945098
v -0.46061101 -0.49065653 -0.43823384
v -0.48325831 -0.46917159 -0.44945098
v -0.48325831 -0.46917159 -0.44945098
v -0.48846323 -0.47585117 -0.43823384
v -0.49263913 -0.44010788 -0.44945098
v -0.50000000 -0.44010788 -0.43823384
v -0.48325831 -0.41104418 -0.44945098
v -0.48325831 -0.41104418 -0.44945098
v -0.48846323 -0.40436460 -0.43823384
v -0.48846323 -0.40436460 -0.43823384
v -0.46061101 -0.39900561 -0.44945108
v -0.46061101 -0.39900561 -0.44945108
v -0.46061101 -0.38955930 -0.43823394
v -0.43275879 -0.40436460 -0.43823394
v -0.46061101 -0.38955924 -0.40692173
v -0.46061101 -0.39900561 -0.39570459
v -0.46061101 -0.39900561 -0.39570459
v -0.43275879 -0.40436460 -0.40692173
v -0.48846323 -0.40436460 -0.40692173
v -0.48846323 -0.40436460 -0.40692173
v -0.48325831 -0.41104418 -0.39570459
v -0.48325831 -0.41104418 -0.39570459
v -0.50000000 -0.44010788 -0.40692173
v -0.49263913 -0.44010788 -0.39570459
v -0.48846323 -0.47585117 -0.40692168
v -0.48325831 -0.46917159 -0.39570454
v -0.48325831 -0.46917159 -0.39570454
v -0.46061101 -0.49065647 -0.40692168
v -0.46061101 -0.48121016 -0.39570454
v -0.46061101 -0.48121016 -0.39570454
v -0.43275879 -0.47585117 -0.40692168
v -0.43796371 -0.46917159 -0.39570454
v -0.43796371 -0.46917159 -0.39570454
v -0.42122202 -0.44010788 -0.40692173
v -0.42858289 -0.44010788 -0.39570459
v -0.42858289 -0.44010788 -0.39570459
v -0.43796371 -0.41104418 -0.39570459
v -0.43796371 -0.41104418 -0.39570459
v 0.25737901 0.47236150 -0.04239749
v 0.26836083 0.47236150 -0.04239749
v 0.25737901 0.47236150 0.00054987
v 0.26836092 0.47236150 0.00054987
v 0.26836083 0.48344133 -0.04239749
v 0.26836088 0.48344133 0.02688902
v 0.26836083 0.47236150 -0.04239749
v 0.26836092 0.44280146 0.02688902
v 0.26836092 0.47236150 0.00054987
v 0.26836092 0.44280149 0.00054987
v 0.25737901 0.47236150 0.00054987
v 0.26836092 0.47236150 0.00054987
v 0.25737901 0.44280149 0.00054987
v 0.26836092 0.44280149 0.00054987
v 0.25737901 0.44280149 0.02688902
v 0.26836092 0.44280146 0.02688902
v 0.25737901 0.44280149 0.00054987
v 0.26836092 0.44280149 0.00054987
v -0.42993454 0.47509598 -0.39491210
v -0.45877698 0.43423996 -0.39383611
v -0.40653541 0.42684176 -0.39477882
v -0.45879396 0.34676083 -0.39477882
v -0.42149317 0.34676083 -0.39477882
v -0.42139502 0.38435778 -0.39477882
v 0.44002759 -0.40662887 0.47751857
v 0.44002759 -0.40662887 0.47751857
v 0.44533576 -0.40798386 0.44985119
v 0.44533576 -0.40798386 0.44985119
v 0.42721248 -0.40335758 0.48897878
v -0.40165159 -0.43584046 0.47751857
v -0.40571429 -0.44105420 0.44985119
v -0.39184338 -0.42325337 0.48897878
v -0.41108014 -0.40662884 0.47751857
v -0.41108014 -0.40662884 0.47751857
v -0.41638831 -0.40798386 0.44985119
v -0.41638831 -0.40798386 0.44985119
v -0.39826507 -0.40335758 0.48897878
v -0.37888902 -0.44794032 0.47751857
v -0.37888902 -0.44794032 0.47751857
v -0.37994491 -0.45475240 0.44985119
v -0.37994491 -0.45475240 0.44985119
v -0.37633994 -0.43149452 0.48897878
v 0.40528739 -0.43149452 0.48897878
v 0.40889232 -0.45475240 0.44985119
v 0.40889232 -0.45475240 0.44985119
v 0.40783648 -0.44794026 0.47751857
v 0.40783648 -0.44794026 0.47751857
v 0.42079079 -0.42325343 0.48897878
v 0.43466174 -0.44105420 0.44985119
v 0.43059909 -0.43584049 0.47751857
v -0.39826507 0.37845356 0.48897878
v -0.41638831 0.38307983 0.44985119
v -0.41638831 0.38307983 0.44985119
v -0.41108014 0.38172484 0.47751857
v -0.41108014 0.38172484 0.47751857
v -0.37633994 0.40659049 0.48897878
v -0.37994491 0.42984837 0.44985119
v -0.37994491 0.42984837 0.44985119
v -0.37888902 0.42303630 0.47751857
v -0.37888902 0.42303630 0.47751857
v -0.39184338 0.39834935 0.48897878
v -0.40571429 0.41615021 0.44985119
v -0.40165159 0.41093641 0.47751857
v 0.40528739 0.40659049 0.48897878
v 0.40889232 0.42984837 0.44985119
v 0.40889232 0.42984837 0.44985119
v 0.40783648 0.42303624 0.47751857
v 0.40783648 0.42303624 0.47751857
v 0.42721248 0.37845356 0.48897878
v 0.44533576 0.38307983 0.44985119
v 0.44533576 0.38307983 0.44985119
v 0.44002759 0.38172484 0.47751857
v 0.44002759 0.38172484 0.47751857
v 0.42079079 0.39834941 0.48897878
v 0.43466174 0.41615021 0.44985119
v 0.43059909 0.41093647 0.47751857
v 0.43466174 -0.44105420 0.12224469
v 0.43466174 -0.44105420 0.12224469
v 0.43466174 -0.44105420 0.12224469
v 0.44533576 -0.40798386 0.12224469
v 0.44533576 -0.40798386 0.12224469
v 0.44533576 -0.40798386 0.12224469
v 0.40889232 -0.45475240 0.12224469
v 0.40889232 -0.45475240 0.12224469
v 0.40889232 -0.45475240 0.12224469
v -0.37994491 0.42984837 0.12224469
v -0.37994491 0.42984837 0.12224469
v -0.37994491 0.42984837 0.12224469
v -0.40571429 0.41615021 0.12224469
v -0.40571429 0.41615021 0.12224469
v -0.40571429 0.41615021 0.12224469
v -0.41638831 0.38307983 0.12224469
v -0.41638831 0.38307983 0.12224469
v -0.41638831 0.38307983 0.12224469
v 0.43466174 0.41615021 0.12224469
v 0.43466174 0.41615021 0.12224469
v 0.43466174 0.41615021 0.12224469
v 0.44533576 0.38307983 0.12224469
v 0.44533576 0.38307983 0.12224469
v 0.44533576 0.38307983 0.12224469
v -0.40571429 -0.44105420 0.12224469
v -0.40571429 -0.44105420 0.12224469
v -0.40571429 -0.44105420 0.12224469
v -0.41638831 -0.40798386 0.12224469
v -0.41638831 -0.40798386 0.12224469
v -0.41638831 -0.40798386 0.12224469
v -0.37994491 -0.45475240 0.12224469
v -0.37994491 -0.45475240 0.12224469
v -0.37994491 -0.45475240 0.12224469
v 0.40889232 0.42984837 0.12224469
v 0.40889232 0.42984837 0.12224469
v 0.40889232 0.42984837 0.12224469
v 0.40528739 0.37845356 0.48897878
v -0.37633994 0.37845356 0.48897878
v -0.37633994 -0.40335764 0.48897878
v 0.40528739 -0.40335764 0.48897878
v -0.39656193 -0.42930880 0.46301093
v -0.39656193 -0.42930880 0.46301093
v -0.39656193 -0.42930880 0.46301093
v 0.42550943 -0.42930880 0.46301093
v 0.42550943 -0.42930880 0.46301093
v 0.42550943 -0.42930880 0.46301093
v -0.39656193 0.40440475 0.46301093
v -0.39656193 0.40440475 0.46301093
v -0.39656193 0.40440475 0.46301093
v 0.42550943 0.40440475 0.46301093
v 0.42550943 0.40440475 0.46301093
v 0.42550943 0.40440475 0.46301093
v 0.42550943 -0.42930880 0.12224469
v 0.42550943 -0.42930880 0.12224469
v 0.42550943 -0.42930880 0.12224469
v 0.42550943 -0.42930880 0.12224469
v -0.39656193 0.40440475 0.12224469
v -0.39656193 0.40440475 0.12224469
v -0.39656193 0.40440475 0.12224469
v -0.39656193 0.40440475 0.12224469
v -0.39656193 -0.42930898 0.12224469
v -0.39656193 -0.42930898 0.12224469
v -0.39656193 -0.42930898 0.12224469
v -0.39656193 -0.42930898 0.12224469
v 0.42550947 0.40440475 0.12224469
v 0.42550947 0.40440475 0.12224469
v 0.42550947 0.40440475 0.12224469
v 0.42550947 0.40440475 0.12224469
v -0.38378679 0.45463674 0.12224469
v -0.38378679 0.45463674 0.12224469
v 0.41273425 0.45463674 0.12224469
v 0.41273425 0.45463674 0.12224469
v -0.43570414 0.38801019 0.12224469
v -0.43570414 0.38801019 0.12224469
v -0.41963997 0.43402123 0.12224469
v -0.41963997 0.43402123 0.12224469
v 0.44858742 -0.45892525 0.12224469
v 0.44858742 -0.45892525 0.12224469
v -0.38378679 -0.47954077 0.12224469
v -0.38378679 -0.47954077 0.12224469
v 0.41273425 -0.47954077 0.12224469
v 0.41273425 -0.47954077 0.12224469
v 0.41273425 -0.47954077 0.12224469
v 0.41273425 -0.47954077 0.12224469
v -0.43570414 -0.41291421 0.12224469
v -0.43570414 -0.41291421 0.12224469
v -0.41963997 -0.45892525 0.12224469
v -0.41963997 -0.45892525 0.12224469
v 0.46465160 -0.41291421 0.12224469
v 0.46465160 -0.41291421 0.12224469
v 0.46465160 0.38801019 0.12224469
v 0.46465160 0.38801019 0.12224469
v 0.44858742 0.43402123 0.12224469
v 0.44858742 0.43402123 0.12224469
v 0.44858742 0.43402123 0.14998504
v 0.44858742 0.43402123 0.14998504
v 0.46465160 0.38801019 0.14998504
v 0.46465160 0.38801019 0.14998504
v -0.38378679 -0.47954077 0.14998504
v -0.38378679 -0.47954077 0.14998504
v -0.43570414 0.38801019 0.14998504
v -0.43570414 0.38801019 0.14998504
v -0.38378679 0.45463674 0.14998504
v -0.38378679 0.45463674 0.14998504
v 0.46465160 -0.41291421 0.14998504
v 0.46465160 -0.41291421 0.14998504
v 0.41273425 -0.47954077 0.14998504
v 0.41273425 -0.47954077 0.14998504
v 0.41273425 -0.47954077 0.14998504
v 0.41273425 -0.47954077 0.14998504
v 0.44858742 -0.45892525 0.14998504
v 0.44858742 -0.45892525 0.14998504
v -0.41963997 0.43402123 0.14998504
v -0.41963997 0.43402123 0.14998504
v -0.43570414 -0.41291421 0.14998504
v -0.43570414 -0.41291421 0.14998504
v -0.41963997 -0.45892525 0.14998504
v -0.41963997 -0.45892525 0.14998504
v 0.41273425 0.45463674 0.14998504
v 0.41273425 0.45463674 0.14998504
v -0.37994491 0.42984837 0.12224469
v 0.40889232 0.42984837 0.12224469
v -0.41638831 0.38307983 0.12224469
v -0.40571429 0.41615021 0.12224469
v 0.43466174 -0.44105420 0.12224469
v -0.37994491 -0.45475240 0.12224469
v 0.40889232 -0.45475240 0.12224469
v 0.40889232 -0.45475240 0.12224469
v -0.41638831 -0.40798386 0.12224469
v -0.40571429 -0.44105420 0.12224469
v 0.44533576 -0.40798386 0.12224469
v 0.44533576 0.38307983 0.12224469
v 0.43466174 0.41615021 0.12224469
v 0.43466174 0.41615021 0.14998504
v 0.44533576 0.38307983 0.14998504
v -0.37994491 -0.45475240 0.14998504
v -0.41638831 0.38307983 0.14998504
v -0.37994491 0.42984837 0.14998504
v 0.44533576 -0.40798386 0.14998504
v 0.40889232 -0.45475240 0.14998504
v 0.40889232 -0.45475240 0.14998504
v 0.43466174 -0.44105420 0.14998504
v -0.40571429 0.41615021 0.14998504
v -0.41638831 -0.40798386 0.14998504
v -0.40571429 -0.44105420 0.14998504
v 0.40889232 0.42984837 0.14998504
v 0.28839135 -0.48164513 0.12224471
v 0.28839135 -0.48164513 0.12224471
v 0.28839135 -0.48164513 0.12224471
v 0.28839135 -0.48164513 0.15755172
v 0.28839135 -0.48164513 0.15755172
v 0.28839135 -0.48164513 0.15755172
v -0.25944387 -0.45475240 0.15755172
v -0.25944387 -0.45475240 0.15755172
v -0.25944387 -0.45475240 0.12224471
v -0.25944387 -0.45475240 0.12224471
v 0.28839135 -0.45475240 0.15755172
v 0.28839135 -0.45475240 0.15755172
v 0.28839135 -0.45475240 0.12224471
v 0.28839135 -0.45475240 0.12224471
v -0.25944385 -0.48164513 0.15755172
v -0.25944385 -0.48164513 0.15755172
v -0.25944385 -0.48164513 0.15755172
v -0.25944385 -0.48164513 0.12224471
v -0.25944385 -0.48164513 0.12224471
v -0.25944385 -0.48164513 0.12224471
v -0.39933959 0.37872769 0.49974302
v -0.42129999 0.38433364 0.45198736
v -0.42129999 0.38433364 0.45198736
v -0.42129999 0.38433364 0.45198736
v -0.41470933 0.38265108 0.48416055
v -0.41470933 0.38265108 0.48416055
v -0.37655350 0.40796938 0.49974302
v -0.38092187 0.43615157 0.44985119
v -0.38092187 0.43615157 0.44985119
v -0.37961082 0.42769365 0.48416055
v -0.37961082 0.42769365 0.48416055
v -0.37961082 0.42769365 0.48416055
v -0.37961082 0.42769365 0.48416055
v -0.39265488 0.39939083 0.49971783
v -0.40648101 0.42673035 0.45204927
v -0.40648101 0.42673035 0.45204927
v -0.40648101 0.42673035 0.45204927
v -0.40429010 0.41432246 0.48416055
v -0.40429010 0.41432246 0.48416055
v -0.42139501 0.38435778 0.39477879
v -0.42139501 0.38435778 0.39477879
v -0.42139501 0.38435778 0.39477879
v -0.40653541 0.42684173 0.39477879
v -0.40653541 0.42684173 0.39477879
v -0.40653541 0.42684173 0.39477879
v -0.35406208 0.40786844 0.49978812
v -0.35406208 0.40786844 0.49978812
v -0.35406208 0.43627357 0.44985119
v -0.35406208 0.43627357 0.44985119
v -0.35406208 0.42766851 0.48531150
v -0.35406208 0.42766851 0.48531150
v -0.35406208 0.42766851 0.48531150
v -0.35406208 0.42766851 0.48531150
v -0.39926093 0.34676083 0.49978812
v -0.39926093 0.34676083 0.49978812
v -0.42139501 0.34676083 0.44985119
v -0.42139501 0.34676083 0.44985119
v -0.42139501 0.34676083 0.44985119
v -0.41468969 0.34676083 0.48416055
v -0.41468969 0.34676083 0.48416055
v -0.41468969 0.34676083 0.48416055
v -0.42149318 0.34676083 0.39477879
v -0.42149318 0.34676083 0.39477879
v -0.42149318 0.34676083 0.39477879
v -0.35406208 0.34676083 0.50000000
v -0.35406208 0.34676083 0.50000000
v -0.35406208 0.34676083 0.50000000
v -0.35406208 0.40659049 0.48897878
v -0.35406208 0.42984837 0.44985119
v -0.35406208 0.42303630 0.47751857
v -0.35406208 0.42303630 0.47751857
v -0.39826507 0.34676083 0.48897878
v -0.41638831 0.34676083 0.44985119
v -0.41108014 0.34676083 0.47751857
v -0.41638831 0.34676083 0.39477879
v -0.35406208 0.34676083 0.48897878
v -0.35406208 0.34676083 0.48897878
v -0.38094073 0.43627357 0.35394549
v -0.38094073 0.43627357 0.35394549
v -0.38094073 0.43627357 0.35394549
v -0.35406208 0.43639949 0.35394549
v -0.35406208 0.43639949 0.35394549
v -0.35406208 0.43639949 0.35394549
v -0.42149318 0.34676083 0.35394549
v -0.42149318 0.34676083 0.35394549
v -0.41638831 0.38307983 0.35394549
v -0.40571429 0.41615021 0.35394549
v -0.37994491 0.42984837 0.35394549
v -0.35406208 0.42984837 0.35394549
v -0.35406208 0.42984837 0.35394549
v -0.41638831 0.34676083 0.35394549
v -0.41638831 0.34676083 0.35394549
v -0.45857167 0.43394217 0.48416055
v -0.45857167 0.43394217 0.48416055
v -0.45857167 0.43394217 0.48416055
v -0.42914616 0.47509598 0.48416055
v -0.42914616 0.47509598 0.48416055
v -0.42914616 0.47509598 0.48416055
v -0.42950216 0.47509598 0.44917180
v -0.42950216 0.47509598 0.44917180
v -0.42950216 0.47509598 0.44917180
v -0.42950216 0.47509598 0.44917180
v -0.45901525 0.43458105 0.45212271
v -0.45901525 0.43458105 0.45212271
v -0.45901525 0.43458105 0.45212271
v -0.45877696 0.43423996 0.39383608
v -0.45877696 0.43423996 0.39383608
v -0.45877696 0.43423996 0.39383608
v -0.42993455 0.47509598 0.39491210
v -0.42993455 0.47509598 0.39491210
v -0.42993455 0.47509598 0.39491210
v -0.42993455 0.47509598 0.39491210
v -0.45879397 0.34676083 0.48416055
v -0.45879397 0.34676083 0.48416055
v -0.45879397 0.34676083 0.48416055
v -0.45879397 0.34676083 0.45200113
v -0.45879397 0.34676083 0.45200113
v -0.45879397 0.34676083 0.45200113
v -0.45879397 0.34676083 0.39477879
v -0.45879397 0.34676083 0.39477879
v -0.45879397 0.34676083 0.39477879
v -0.45881079 0.43428450 0.35394549
v -0.45881079 0.43428450 0.35394549
v -0.45881079 0.43428450 0.35394549
v -0.45879397 0.34676083 0.35394549
v -0.45879397 0.34676083 0.35394549
v -0.45879397 0.34676083 0.35394549
v -0.42967847 0.47509598 0.35394549
v -0.42967847 0.47509598 0.35394549
v -0.42967847 0.47509598 0.35394549
v -0.40787923 0.47509598 0.48416055
v -0.40787923 0.47509598 0.48416055
v -0.40787923 0.47509598 0.48416055
v -0.40787923 0.47509598 0.44949438
v -0.40787923 0.47509598 0.44949438
v -0.40787923 0.47509598 0.35394549
v -0.40787923 0.47509598 0.35394549
v -0.40787923 0.47509598 0.35394549
v -0.42858288 0.41520386 0.44945108
v -0.42858288 0.41520386 0.44945108
v -0.42122203 0.41520386 0.43823394
v -0.42858288 0.41520386 0.39570459
v -0.42858288 0.41520386 0.39570459
v -0.42122203 0.41520386 0.40692173
v -0.43796368 0.38614015 0.44945108
v -0.43796368 0.38614015 0.44945108
v -0.43275881 0.37946064 0.43823394
v -0.43796368 0.38614015 0.39570459
v -0.43796368 0.38614015 0.39570459
v -0.43275881 0.37946058 0.40692173
v -0.46061099 0.37410159 0.44945108
v -0.46061099 0.37410159 0.44945108
v -0.46061099 0.36465528 0.43823394
v -0.46061099 0.37410159 0.39570459
v -0.46061099 0.37410159 0.39570459
v -0.46061099 0.36465528 0.40692178
v -0.48325830 0.38614015 0.44945108
v -0.48325830 0.38614015 0.44945108
v -0.48846322 0.37946064 0.43823394
v -0.48846322 0.37946064 0.43823394
v -0.48325830 0.38614015 0.39570459
v -0.48325830 0.38614015 0.39570459
v -0.48846322 0.37946058 0.40692173
v -0.48846322 0.37946058 0.40692173
v -0.49263915 0.41520386 0.44945108
v -0.50000000 0.41520386 0.43823394
v -0.49263915 0.41520386 0.39570459
v -0.50000000 0.41520386 0.40692173
v -0.48325830 0.44426757 0.44945108
v -0.48325830 0.44426757 0.44945108
v -0.48846322 0.45094715 0.43823389
v -0.48325830 0.44426751 0.39570459
v -0.48325830 0.44426751 0.39570459
v -0.48846322 0.45094709 0.40692173
v -0.46061099 0.45630613 0.44945103
v -0.46061099 0.45630613 0.44945103
v -0.46061099 0.46575245 0.43823389
v -0.46061099 0.45630613 0.39570459
v -0.46061099 0.45630613 0.39570459
v -0.46061099 0.46575245 0.40692168
v -0.43796373 0.44426757 0.44945103
v -0.43796373 0.44426757 0.44945103
v -0.43275881 0.45094715 0.43823389
v -0.43796373 0.44426757 0.39570459
v -0.43796373 0.44426757 0.39570459
v -0.43275881 0.45094715 0.40692173
v -0.39933959 -0.40363168 0.49974302
v -0.39265488 -0.42429482 0.49971783
v -0.41470933 -0.40755511 0.48416055
v -0.41470933 -0.40755511 0.48416055
v -0.39926093 -0.37166485 0.49978812
v -0.39926093 -0.37166485 0.49978812
v -0.41468969 -0.37166485 0.48416055
v -0.41468969 -0.37166485 0.48416055
v -0.41468969 -0.37166485 0.48416055
v -0.35406208 -0.37166485 0.50000000
v -0.35406208 -0.37166485 0.50000000
v -0.35406208 -0.37166485 0.50000000
v -0.39826507 -0.37166485 0.48897878
v -0.41108014 -0.37166485 0.47751857
v -0.35406208 -0.37166485 0.48897878
v -0.35406208 -0.37166485 0.48897878
v -0.35406208 -0.43149452 0.48897878
v -0.35406208 -0.44794032 0.47751857
v -0.35406208 -0.44794032 0.47751857
v -0.35406208 -0.43277246 0.49978812
v -0.35406208 -0.43277246 0.49978812
v -0.35406208 -0.45257253 0.48531150
v -0.35406208 -0.45257253 0.48531150
v -0.35406208 -0.45257253 0.48531150
v -0.35406208 -0.45257253 0.48531150
v -0.37655350 -0.43287344 0.49974302
v -0.37961082 -0.45259771 0.48416055
v -0.37961082 -0.45259771 0.48416055
v -0.37961082 -0.45259771 0.48416055
v -0.37961082 -0.45259771 0.48416055
v -0.40429010 -0.43922648 0.48416055
v -0.40429010 -0.43922648 0.48416055
v -0.38092187 -0.46105562 0.44985119
v -0.38092187 -0.46105562 0.44985119
v -0.40787923 -0.50000000 0.48416055
v -0.40787923 -0.50000000 0.48416055
v -0.40787923 -0.50000000 0.48416055
v -0.40787923 -0.50000000 0.44949438
v -0.40787923 -0.50000000 0.44949438
v -0.42914616 -0.50000000 0.48416055
v -0.42914616 -0.50000000 0.48416055
v -0.42914616 -0.50000000 0.48416055
v -0.45857167 -0.45884619 0.48416055
v -0.45857167 -0.45884619 0.48416055
v -0.45857167 -0.45884619 0.48416055
v -0.42950216 -0.50000000 0.44917180
v -0.42950216 -0.50000000 0.44917180
v -0.42950216 -0.50000000 0.44917180
v -0.42950216 -0.50000000 0.44917180
v -0.45901525 -0.45948507 0.45212271
v -0.45901525 -0.45948507 0.45212271
v -0.45901525 -0.45948507 0.45212271
v -0.40648101 -0.45163437 0.45204927
v -0.40648101 -0.45163437 0.45204927
v -0.40648101 -0.45163437 0.45204927
v -0.42993455 -0.50000000 0.39491210
v -0.42993455 -0.50000000 0.39491210
v -0.42993455 -0.50000000 0.39491210
v -0.42993455 -0.50000000 0.39491210
v -0.45877696 -0.45914398 0.39383608
v -0.45877696 -0.45914398 0.39383608
v -0.45877696 -0.45914398 0.39383608
v -0.42967847 -0.50000000 0.35394549
v -0.42967847 -0.50000000 0.35394549
v -0.42967847 -0.50000000 0.35394549
v -0.40653541 -0.45174578 0.39477879
v -0.40653541 -0.45174578 0.39477879
v -0.40653541 -0.45174578 0.39477879
v -0.40787923 -0.50000000 0.35394549
v -0.40787923 -0.50000000 0.35394549
v -0.40787923 -0.50000000 0.35394549
v -0.38094073 -0.46117759 0.35394549
v -0.38094073 -0.46117759 0.35394549
v -0.38094073 -0.46117759 0.35394549
v -0.35406208 -0.46130354 0.35394549
v -0.35406208 -0.46130354 0.35394549
v -0.35406208 -0.46130354 0.35394549
v -0.37994491 -0.45475240 0.35394549
v -0.40571429 -0.44105420 0.35394549
v -0.35406208 -0.45475240 0.35394549
v -0.35406208 -0.45475240 0.35394549
v -0.35406208 -0.45475240 0.44985119
v -0.35406208 -0.46117759 0.44985119
v -0.35406208 -0.46117759 0.44985119
v -0.41638831 -0.40798386 0.35394549
v -0.41638831 -0.37166485 0.35394549
v -0.41638831 -0.37166485 0.35394549
v -0.42149318 -0.37166485 0.35394549
v -0.42149318 -0.37166485 0.35394549
v -0.45881079 -0.45918855 0.35394549
v -0.45881079 -0.45918855 0.35394549
v -0.45881079 -0.45918855 0.35394549
v -0.45879397 -0.37166485 0.35394549
v -0.45879397 -0.37166485 0.35394549
v -0.45879397 -0.37166485 0.35394549
v -0.45879397 -0.37166485 0.39477879
v -0.45879397 -0.37166485 0.39477879
v -0.45879397 -0.37166485 0.39477879
v -0.42149318 -0.37166485 0.39477879
v -0.42149318 -0.37166485 0.39477879
v -0.42149318 -0.37166485 0.39477879
v -0.42139501 -0.37166485 0.44985119
v -0.42139501 -0.37166485 0.44985119
v -0.42139501 -0.37166485 0.44985119
v -0.42139501 -0.40926180 0.39477879
v -0.42139501 -0.40926180 0.39477879
v -0.42139501 -0.40926180 0.39477879
v -0.41638831 -0.37166485 0.39477879
v -0.41638831 -0.37166485 0.44985119
v -0.42129999 -0.40923763 0.45198736
v -0.42129999 -0.40923763 0.45198736
v -0.42129999 -0.40923763 0.45198736
v -0.45879397 -0.37166485 0.45200113
v -0.45879397 -0.37166485 0.45200113
v -0.45879397 -0.37166485 0.45200113
v -0.45879397 -0.37166485 0.48416055
v -0.45879397 -0.37166485 0.48416055
v -0.45879397 -0.37166485 0.48416055
v -0.42858288 -0.44010788 0.44945103
v -0.42858288 -0.44010788 0.44945103
v -0.42122203 -0.44010788 0.43823389
v -0.43796368 -0.41104418 0.44945103
v -0.43796368 -0.41104418 0.44945103
v -0.43796373 -0.46917159 0.44945103
v -0.43796373 -0.46917159 0.44945103
v -0.43275881 -0.47585117 0.43823389
v -0.46061099 -0.48121016 0.44945103
v -0.46061099 -0.48121016 0.44945103
v -0.46061099 -0.49065653 0.43823389
v -0.48325830 -0.46917159 0.44945103
v -0.48325830 -0.46917159 0.44945103
v -0.48846322 -0.47585117 0.43823389
v -0.49263915 -0.44010788 0.44945103
v -0.50000000 -0.44010788 0.43823389
v -0.48325830 -0.41104418 0.44945108
v -0.48325830 -0.41104418 0.44945108
v -0.48846322 -0.40436460 0.43823394
v -0.48846322 -0.40436460 0.43823394
v -0.46061099 -0.39900561 0.44945108
v -0.46061099 -0.39900561 0.44945108
v -0.46061099 -0.38955930 0.43823394
v -0.43275881 -0.40436460 0.43823394
v -0.46061099 -0.38955924 0.40692173
v -0.46061099 -0.39900561 0.39570459
v -0.46061099 -0.39900561 0.39570459
v -0.43275881 -0.40436460 0.40692173
v -0.48846322 -0.40436460 0.40692173
v -0.48846322 -0.40436460 0.40692173
v -0.48325830 -0.41104418 0.39570459
v -0.48325830 -0.41104418 0.39570459
v -0.50000000 -0.44010788 0.40692168
v -0.49263915 -0.44010788 0.39570454
v -0.48846322 -0.47585117 0.40692168
v -0.48325830 -0.46917159 0.39570454
v -0.48325830 -0.46917159 0.39570454
v -0.46061099 -0.49065647 0.40692168
v -0.46061099 -0.48121016 0.39570454
v -0.46061099 -0.48121016 0.39570454
v -0.43275881 -0.47585117 0.40692168
v -0.43796373 -0.46917159 0.39570454
v -0.43796373 -0.46917159 0.39570454
v -0.42122203 -0.44010788 0.40692168
v -0.42858288 -0.44010788 0.39570454
v -0.42858288 -0.44010788 0.39570454
v -0.43796368 -0.41104418 0.39570459
v -0.43796368 -0.41104418 0.39570459
v 0.28336153 0.46407448 0.12846840
v 0.28336153 0.46407448 0.12846840
v 0.28336153 0.46407448 0.12846840
v 0.30801114 0.46407448 0.12846840
v 0.30801114 0.46407448 0.12846840
v 0.30801114 0.46407448 0.12846840
v 0.28336153 0.46407448 0.11602097
v 0.28336153 0.46407448 0.11602097
v 0.28336153 0.46407448 0.11602097
v 0.30801114 0.46407448 0.11602097
v 0.30801114 0.46407448 0.11602097
v 0.30801114 0.46407448 0.11602097
v 0.30801114 0.47580270 0.11602097
v 0.30801114 0.47580270 0.11602097
v 0.30801114 0.47580270 0.11602097
v 0.28336154 0.47580270 0.11602097
v 0.28336154 0.47580270 0.11602097
v 0.28336154 0.47580270 0.11602097
v 0.28336154 0.47580271 0.12846840
v 0.28336154 0.47580271 0.12846840
v 0.28336154 0.47580271 0.12846840
v 0.30801114 0.47580270 0.12846840
v 0.30801114 0.47580270 0.12846840
v 0.30801114 0.47580270 0.12846840
v 0.27932407 0.45463675 0.13223321
v 0.27932407 0.45463675 0.13223321
v 0.28161774 0.45463675 0.13718514
v 0.28161774 0.45463675 0.13718514
v 0.30975494 0.45463674 0.13718514
v 0.30975494 0.45463674 0.13718514
v 0.31204859 0.45463674 0.13223321
v 0.31204859 0.45463674 0.13223321
v 0.28161774 0.45463674 0.10730423
v 0.28161774 0.45463674 0.10730423
v 0.27932407 0.45463674 0.11225616
v 0.27932407 0.45463674 0.11225616
v 0.31204859 0.45463674 0.11225616
v 0.31204859 0.45463674 0.11225616
v 0.30975494 0.45463674 0.10730423
v 0.30975494 0.45463674 0.10730423
v 0.30975493 0.46407448 0.10730423
v 0.30975493 0.46407448 0.10730423
v 0.30975493 0.46407448 0.10730423
v 0.31204858 0.46407448 0.11225616
v 0.31204858 0.46407448 0.11225616
v 0.31204858 0.46407448 0.11225616
v 0.27932407 0.46407448 0.11225616
v 0.27932407 0.46407448 0.11225616
v 0.27932407 0.46407448 0.11225616
v 0.28161774 0.46407448 0.10730423
v 0.28161774 0.46407448 0.10730423
v 0.28161774 0.46407448 0.10730423
v 0.28161774 0.46407448 0.13718514
v 0.28161774 0.46407448 0.13718514
v 0.28161774 0.46407448 0.13718514
v 0.27932407 0.46407448 0.13223321
v 0.27932407 0.46407448 0.13223321
v 0.27932407 0.46407448 0.13223321
v 0.31204858 0.46407448 0.13223321
v 0.31204858 0.46407448 0.13223321
v 0.31204858 0.46407448 0.13223321
v 0.30975493 0.46407448 0.13718514
v 0.30975493 0.46407448 0.13718514
v 0.30975493 0.46407448 0.13718514
v 0.27932407 0.46407448 0.13223321
v 0.27932407 0.46407448 0.13223321
v 0.27932407 0.46407448 0.13223321
v 0.27932407 0.45463674 0.11225616
v 0.27932407 0.45463674 0.11225616
v 0.27932407 0.45463674 0.11225616
v 0.27703040 0.45463675 0.13718514
v 0.27703040 0.45463675 0.13718514
v 0.27703040 0.46407448 0.13718514
v 0.27703040 0.46407448 0.13718514
v 0.27703040 0.46407448 0.13718514
v 0.24889320 0.45463674 0.13718514
v 0.24889320 0.45463674 0.13718514
v 0.24659955 0.45463674 0.13223321
v 0.24659955 0.45463674 0.13223321
v 0.24889320 0.46407448 0.13718514
v 0.24889320 0.46407448 0.13718514
v 0.24889320 0.46407448 0.13718514
v 0.25063700 0.46407448 0.12846840
v 0.25063700 0.46407448 0.12846840
v 0.25063700 0.46407448 0.12846840
v 0.24659955 0.46407448 0.13223321
v 0.24659955 0.46407448 0.13223321
v 0.24659955 0.46407448 0.13223321
v 0.24659955 0.46407448 0.11225616
v 0.24659955 0.46407448 0.11225616
v 0.24659955 0.46407448 0.11225616
v 0.24889320 0.46407448 0.10730423
v 0.24889320 0.46407448 0.10730423
v 0.24889320 0.46407448 0.10730423
v 0.25063700 0.46407448 0.11602097
v 0.25063700 0.46407448 0.11602097
v 0.25063700 0.46407448 0.11602097
v 0.24659955 0.45463674 0.11225616
v 0.24659955 0.45463674 0.11225616
v 0.24889320 0.45463674 0.10730423
v 0.24889320 0.45463674 0.10730423
v 0.27703040 0.45463674 0.10730423
v 0.27703040 0.45463674 0.10730423
v 0.27703040 0.46407448 0.10730423
v 0.27703040 0.46407448 0.10730423
v 0.27703040 0.46407448 0.10730423
v 0.27932407 0.46407448 0.11225616
v 0.27932407 0.46407448 0.11225616
v 0.27932407 0.46407448 0.11225616
v 0.27528660 0.46407448 0.11602097
v 0.27528660 0.46407448 0.11602097
v 0.27528660 0.46407448 0.11602097
v 0.27528660 0.46407448 0.12846840
v 0.27528660 0.46407448 0.12846840
v 0.27528660 0.46407448 0.12846840
v 0.27528660 0.47580270 0.11602097
v 0.27528660 0.47580270 0.11602097
v 0.27528660 0.47580270 0.11602097
v 0.25063700 0.47580270 0.11602097
v 0.25063700 0.47580270 0.11602097
v 0.25063700 0.47580270 0.11602097
v 0.27528660 0.47580270 0.12846840
v 0.27528660 0.47580270 0.12846840
v 0.27528660 0.47580270 0.12846840
v 0.25063700 0.47580270 0.12846840
v 0.25063700 0.47580270 0.12846840
v 0.25063700 0.47580270 0.12846840
v 0.27932403 0.45463675 0.13223321
v 0.27932403 0.45463675 0.13223321
v 0.27932403 0.45463675 0.13223321
vt 0.39557296 0.75193489
vt 0.40483660 0.75578892
vt 0.40534496 0.75324148
vt 0.40035677 0.75338972
vt 0.40045798 0.75285125
vt 0.38794604 0.75953239
vt 0.38921046 0.76929289
vt 0.39176300 0.76881093
vt 0.38884094 0.76441282
vt 0.38938197 0.76432151
vt 0.39307818 0.75705814
vt 0.39940158 0.76340592
vt 0.39634594 0.76033843
vt 0.11295383 0.75942481
vt 0.10911382 0.76870531
vt 0.11168172 0.76918465
vt 0.11150958 0.76421469
vt 0.11205510 0.76430452
vt 0.10534076 0.75182557
vt 0.09556650 0.75312525
vt 0.09609798 0.75566524
vt 0.10045440 0.75273860
vt 0.10056519 0.75327504
vt 0.10782636 0.75694251
vt 0.10149617 0.76325828
vt 0.10455576 0.76020986
vt 0.38803858 0.52974302
vt 0.38931036 0.51998317
vt 0.39187998 0.52046090
vt 0.38893718 0.52486306
vt 0.38948354 0.52495229
vt 0.39565265 0.53734422
vt 0.40489730 0.53350443
vt 0.40542752 0.53604507
vt 0.40042898 0.53589475
vt 0.40053928 0.53643143
vt 0.39316681 0.53222603
vt 0.39949867 0.52590954
vt 0.39643830 0.52895814
vt 0.10542100 0.53723949
vt 0.09564938 0.53593248
vt 0.09615906 0.53338557
vt 0.10053618 0.53632277
vt 0.10063805 0.53578448
vt 0.11304699 0.52964360
vt 0.10923114 0.52036649
vt 0.11178224 0.51988316
vt 0.11161157 0.52485508
vt 0.11215193 0.52476323
vt 0.10791557 0.53211707
vt 0.10159371 0.52576989
vt 0.10464852 0.52883726
vt 0.46173584 0.82598692
vt 0.38917407 0.86251992
vt 0.45470530 0.83294016
vt 0.04630350 0.45624459
vt 0.11181580 0.42665637
vt 0.03927375 0.46319640
vt 0.46871671 0.81898403
vt 0.49889159 0.75346440
vt 0.09535886 0.68275499
vt 0.09538987 0.60629070
vt 0.10027592 0.60630065
vt 0.10024554 0.68274862
vt 0.10516106 0.60631055
vt 0.10513091 0.68274218
vt 0.00211039 0.53570062
vt 0.03229368 0.47019768
vt 0.00203759 0.75327963
vt 0.03293110 0.81838518
vt 0.04651125 0.83189803
vt 0.11164534 0.86241168
vt 0.03985956 0.82530838
vt 0.46115056 0.46385270
vt 0.46807969 0.47077757
vt 0.49891740 0.53590059
vt 0.38934404 0.42675626
vt 0.45449814 0.45726150
vt 0.11313906 0.53735822
vt 0.38793987 0.53745711
vt 0.11305247 0.75171208
vt 0.38785386 0.75181627
vt 0.07189827 0.39406097
vt 0.07189827 0.34132385
vt 0.07630165 0.34132385
vt 0.07630165 0.39406091
vt 0.08070502 0.34132385
vt 0.08070502 0.39406097
vt 0.07630165 0.34132385
vt 0.07630165 0.39406091
vt 0.07630165 0.33692050
vt 0.07318802 0.33821011
vt 0.07189827 0.34132385
vt 0.07630165 0.34132385
vt 0.07630165 0.39846420
vt 0.07318802 0.39717460
vt 0.07189827 0.39406097
vt 0.07630165 0.39406091
vt 0.39531240 0.10012227
vt 0.10608315 0.10001755
vt 0.39534542 0.00902623
vt 0.10611603 0.00892150
vt 0.10608315 0.10001755
vt 0.10600051 0.32858717
vt 0.01490447 0.32855439
vt 0.01498699 0.09998465
vt 0.39522973 0.32869190
vt 0.10600051 0.32858717
vt 0.10596752 0.41968334
vt 0.39519677 0.41978800
vt 0.39531240 0.10012227
vt 0.10608315 0.10001755
vt 0.39522973 0.32869190
vt 0.10600051 0.32858717
vt 0.48962522 0.09694088
vt 0.49337727 0.10600829
vt 0.48954013 0.33194155
vt 0.49329883 0.32287669
vt 0.48640847 0.10015512
vt 0.48632598 0.32872492
vt 0.39856192 0.00581181
vt 0.38949713 0.00205320
vt 0.11196890 0.00195336
vt 0.10290200 0.00570524
vt 0.39534542 0.00902623
vt 0.10611603 0.00892150
vt 0.11181580 0.42665637
vt 0.10275087 0.42289758
vt 0.39841089 0.42300445
vt 0.38934404 0.42675626
vt 0.10596752 0.41968334
vt 0.39519677 0.41978800
vt 0.01168786 0.33176863
vt 0.00793584 0.32270110
vt 0.00801406 0.10583287
vt 0.01177267 0.09676802
vt 0.01490447 0.32855439
vt 0.01498699 0.09998465
vt 0.39531240 0.10012227
vt 0.39522973 0.32869190
vt 0.48640847 0.10015512
vt 0.48632598 0.32872492
vt 9.58361435 0.89343274
vt 5.57818842 0.89343274
vt 9.58361435 0.86920315
vt 5.57818842 0.86920315
vt 9.58361435 0.90299404
vt 9.58361435 0.89343274
vt 5.57818842 0.90299404
vt 5.57818842 0.89343274
vt 9.58361435 0.89343274
vt 5.57818842 0.89343274
vt 9.58361435 0.86920315
vt 5.57818842 0.86920315
vt 9.58361435 0.89343274
vt 9.58361435 0.86920315
vt 5.57818842 0.86920315
vt 5.57818842 0.89343274
vt 9.58361435 0.89343274
vt 9.58361435 0.86920315
vt 5.57818842 0.86920315
vt 5.57818842 0.89343274
vt 1.76506495 0.92469084
vt -2.24036074 0.92469084
vt 1.93479824 0.92469084
vt 1.76506495 0.94892001
vt -2.24036074 0.94892001
vt 1.93479824 0.94892001
vt 2.10452819 0.94892001
vt 5.23872948 0.94892001
vt 2.10452819 0.92469084
vt 5.23872948 0.92469084
vt 5.40846014 0.92469084
vt 5.57818842 0.92469084
vt 5.40846014 0.94892001
vt 5.57818842 0.94892001
vt -6.05348635 0.94892001
vt 9.58361435 0.94892001
vt -5.88375473 0.94892001
vt -6.05348635 0.92469084
vt 9.58361435 0.92469084
vt -5.88375473 0.92469084
vt -5.71402311 0.92469084
vt -2.57982254 0.92469084
vt -5.71402311 0.94892001
vt -2.57982254 0.94892001
vt -2.41009092 0.94892001
vt -2.41009092 0.92469084
vt 1.76506495 0.92469084
vt -2.24036074 0.92469084
vt 1.93479824 0.92469084
vt 1.76506495 0.89343274
vt 2.10452819 0.92469084
vt 5.23872948 0.92469084
vt 2.10452819 0.89343274
vt 1.93479824 0.89343274
vt 5.23872948 0.89343274
vt 5.40846014 0.89343274
vt 5.57818842 0.89343274
vt 5.40846014 0.92469084
vt 5.57818842 0.92469084
vt -6.05348635 0.92469084
vt 9.58361435 0.92469084
vt -5.88375473 0.92469084
vt -6.05348635 0.89343274
vt 9.58361435 0.89343274
vt -5.88375473 0.89343274
vt -5.71402311 0.89343274
vt -2.57982254 0.89343274
vt -5.71402311 0.92469084
vt -2.57982254 0.92469084
vt -2.41009092 0.92469084
vt -2.41009092 0.89343274
vt -2.24036074 0.89343274
vt 1.76506495 0.89343274
vt 2.10452819 0.89343274
vt 1.93479824 0.89343274
vt 5.23872948 0.89343274
vt 2.10452819 0.86920315
vt 1.93479824 0.86920315
vt 5.23872948 0.86920315
vt 5.40846014 0.86920315
vt 5.57818842 0.86920315
vt 5.40846014 0.89343274
vt 5.57818842 0.89343274
vt -6.05348635 0.89343274
vt 9.58361435 0.89343274
vt -5.88375473 0.89343274
vt -6.05348635 0.86920315
vt 9.58361435 0.86920315
vt -5.88375473 0.86920315
vt -5.71402311 0.86920315
vt -2.57982254 0.86920315
vt -5.71402311 0.89343274
vt -2.57982254 0.89343274
vt -2.41009092 0.89343274
vt -2.24036074 0.89343274
vt -2.41009092 0.86920315
vt -2.24036074 0.86920315
vt 1.76506495 0.86920315
vt 0.94510561 0.04441327
vt 0.92566949 0.04919660
vt 0.95127195 0.05253881
vt 0.92934364 0.05959046
vt 0.95127195 0.05253881
vt 0.92934364 0.05959046
vt 0.95131928 0.07072067
vt 0.93683600 0.07369494
vt 0.95167691 0.09284610
vt 0.94078225 0.09291553
vt 0.95078897 0.11445832
vt 0.93686348 0.11180109
vt 0.94971943 0.13184816
vt 0.92970830 0.12545645
vt 0.94387192 0.13940459
vt 0.92629296 0.13489765
vt 0.92412508 0.17378730
vt 0.94698632 0.17506182
vt 0.94387192 0.13940459
vt 0.92629296 0.13489765
vt 0.94971943 0.13184816
vt 0.92970830 0.12545645
vt 0.94510561 0.04441327
vt 0.92566949 0.04919660
vt 0.92412508 0.00679523
vt 0.94905061 0.00588727
vt 0.95279902 0.14428663
vt 0.95480502 0.03933710
vt 0.98495048 0.04035699
vt 0.98086828 0.14371663
vt 0.95891124 0.05101895
vt 0.97779644 0.05322909
vt 0.95915610 0.07068890
vt 0.97336197 0.07172364
vt 0.95949203 0.09296149
vt 0.97046518 0.09321314
vt 0.95837957 0.11476356
vt 0.97201872 0.11429000
vt 0.95688796 0.13364816
vt 0.97462106 0.13154227
vt 0.95279902 0.14428663
vt 0.98086828 0.14371663
vt 0.97394335 0.17710519
vt 0.95399523 0.17483783
vt 0.95480502 0.03933710
vt 0.98495048 0.04035699
vt 0.97830290 0.00419432
vt 0.95664215 0.00625360
vt 0.99804688 0.05073535
vt 0.99316698 0.13454145
vt 0.98509479 0.05612475
vt 0.98112476 0.07318354
vt 0.97829062 0.09352469
vt 0.97938490 0.11347914
vt 0.98152667 0.12928909
vt 0.98674858 0.00251782
vt 0.98171097 0.17882538
vt 0.98495048 0.04035699
vt 0.98086828 0.14371663
vt 0.97779644 0.05322909
vt 0.97336197 0.07172364
vt 0.97046518 0.09321314
vt 0.97201872 0.11429000
vt 0.97462106 0.13154227
vt 0.97830290 0.00419432
vt 0.97394335 0.17710519
vt 0.94387192 0.13940459
vt 0.94510561 0.04441327
vt 0.95127195 0.05253881
vt 0.95131928 0.07072067
vt 0.95167691 0.09284610
vt 0.95078897 0.11445832
vt 0.94971943 0.13184816
vt 0.94905061 0.00588727
vt 0.94698632 0.17506182
vt 0.95279902 0.14428663
vt 0.95480502 0.03933710
vt 0.95891124 0.05101895
vt 0.95915610 0.07068890
vt 0.95949203 0.09296149
vt 0.95837957 0.11476356
vt 0.95688796 0.13364816
vt 0.95664215 0.00625360
vt 0.95399523 0.17483783
vt 0.02100622 0.05653518
vt 0.03963190 0.07673949
vt 0.07580400 0.05653518
vt 0.05717825 0.07673949
vt 0.09259583 0.01784229
vt 0.09467772 0.05549145
vt 0.07580400 0.01877075
vt 0.07580400 0.05653518
vt 0.00421432 0.01784229
vt 0.00213249 0.05549145
vt 0.02100622 0.01877075
vt 0.02100622 0.05653518
vt 0.01104441 0.07259971
vt 0.03354622 0.08655339
vt 0.02100622 0.05653518
vt 0.03963190 0.07673949
vt 0.03963190 0.08828717
vt 0.05717825 0.08828717
vt 0.03963190 0.07673949
vt 0.05717825 0.07673949
vt 0.08576564 0.07259971
vt 0.06326393 0.08655339
vt 0.07580400 0.05653518
vt 0.05717825 0.07673949
vt 0.07580400 0.00195312
vt 0.02100622 0.00195312
vt 0.07580400 0.01877075
vt 0.02100622 0.01877075
vt 0.07580400 0.01877075
vt 0.02100622 0.01877075
vt 0.02100622 0.05653518
vt 0.07580400 0.05653518
vt 0.02100622 0.05653518
vt 0.03963190 0.07673949
vt 0.07580400 0.05653518
vt 0.05717825 0.07673949
vt 0.09259583 0.01784229
vt 0.09467772 0.05549145
vt 0.07580400 0.01877075
vt 0.07580400 0.05653518
vt 0.00421432 0.01784229
vt 0.00213249 0.05549145
vt 0.02100622 0.01877075
vt 0.02100622 0.05653518
vt 0.01104441 0.07259971
vt 0.03354622 0.08655339
vt 0.02100622 0.05653518
vt 0.03963190 0.07673949
vt 0.03963190 0.08828717
vt 0.05717825 0.08828717
vt 0.03963190 0.07673949
vt 0.05717825 0.07673949
vt 0.08576564 0.07259971
vt 0.06326393 0.08655339
vt 0.07580400 0.05653518
vt 0.05717825 0.07673949
vt 0.07580400 0.00195312
vt 0.02100622 0.00195312
vt 0.07580400 0.01877075
vt 0.02100622 0.01877075
vt 0.07580400 0.01877075
vt 0.02100622 0.01877075
vt 0.02100622 0.05653518
vt 0.07580400 0.05653518
vt 0.94510561 0.04441327
vt 0.92566949 0.04919660
vt 0.95127195 0.05253881
vt 0.92934364 0.05959046
vt 0.95127195 0.05253881
vt 0.92934364 0.05959046
vt 0.95131928 0.07072067
vt 0.93683600 0.07369494
vt 0.95167691 0.09284610
vt 0.94078225 0.09291553
vt 0.95078897 0.11445832
vt 0.93686348 0.11180109
vt 0.94971943 0.13184816
vt 0.92970830 0.12545645
vt 0.94387192 0.13940459
vt 0.92629296 0.13489765
vt 0.92412508 0.17378730
vt 0.94698632 0.17506182
vt 0.94387192 0.13940459
vt 0.92629296 0.13489765
vt 0.94971943 0.13184816
vt 0.92970830 0.12545645
vt 0.94510561 0.04441327
vt 0.92566949 0.04919660
vt 0.92412508 0.00679523
vt 0.94905061 0.00588727
vt 0.95279902 0.14428663
vt 0.95480502 0.03933710
vt 0.98495048 0.04035699
vt 0.98086828 0.14371663
vt 0.95891124 0.05101895
vt 0.97779644 0.05322909
vt 0.95915610 0.07068890
vt 0.97336197 0.07172364
vt 0.95949203 0.09296149
vt 0.97046518 0.09321314
vt 0.95837957 0.11476356
vt 0.97201872 0.11429000
vt 0.95688796 0.13364816
vt 0.97462106 0.13154227
vt 0.95279902 0.14428663
vt 0.98086828 0.14371663
vt 0.97394335 0.17710519
vt 0.95399523 0.17483783
vt 0.95480502 0.03933710
vt 0.98495048 0.04035699
vt 0.97830290 0.00419432
vt 0.95664215 0.00625360
vt 0.99804688 0.05073535
vt 0.99316698 0.13454145
vt 0.98509479 0.05612475
vt 0.98112476 0.07318354
vt 0.97829062 0.09352469
vt 0.97938490 0.11347914
vt 0.98152667 0.12928909
vt 0.98674858 0.00251782
vt 0.98171097 0.17882538
vt 0.98495048 0.04035699
vt 0.98086828 0.14371663
vt 0.97779644 0.05322909
vt 0.97336197 0.07172364
vt 0.97046518 0.09321314
vt 0.97201872 0.11429000
vt 0.97462106 0.13154227
vt 0.97830290 0.00419432
vt 0.97394335 0.17710519
vt 0.94387192 0.13940459
vt 0.94510561 0.04441327
vt 0.95127195 0.05253881
vt 0.95131928 0.07072067
vt 0.95167691 0.09284610
vt 0.95078897 0.11445832
vt 0.94971943 0.13184816
vt 0.94905061 0.00588727
vt 0.94698632 0.17506182
vt 0.95279902 0.14428663
vt 0.95480502 0.03933710
vt 0.95891124 0.05101895
vt 0.95915610 0.07068890
vt 0.95949203 0.09296149
vt 0.95837957 0.11476356
vt 0.95688796 0.13364816
vt 0.95664215 0.00625360
vt 0.95399523 0.17483783
vt 0.02100622 0.05653518
vt 0.03963190 0.07673949
vt 0.07580400 0.05653518
vt 0.05717825 0.07673949
vt 0.09259583 0.01784229
vt 0.09467772 0.05549145
vt 0.07580400 0.01877075
vt 0.07580400 0.05653518
vt 0.00421432 0.01784229
vt 0.00213249 0.05549145
vt 0.02100622 0.01877075
vt 0.02100622 0.05653518
vt 0.01104441 0.07259971
vt 0.03354622 0.08655339
vt 0.02100622 0.05653518
vt 0.03963190 0.07673949
vt 0.03963190 0.08828717
vt 0.05717825 0.08828717
vt 0.03963190 0.07673949
vt 0.05717825 0.07673949
vt 0.08576564 0.07259971
vt 0.06326393 0.08655339
vt 0.07580400 0.05653518
vt 0.05717825 0.07673949
vt 0.07580400 0.00195312
vt 0.02100622 0.00195312
vt 0.07580400 0.01877075
vt 0.02100622 0.01877075
vt 0.07580400 0.01877075
vt 0.02100622 0.01877075
vt 0.02100622 0.05653518
vt 0.07580400 0.05653518
vt 0.02100622 0.05653518
vt 0.03963190 0.07673949
vt 0.07580400 0.05653518
vt 0.05717825 0.07673949
vt 0.09259583 0.01784229
vt 0.09467772 0.05549145
vt 0.07580400 0.01877075
vt 0.07580400 0.05653518
vt 0.00421432 0.01784229
vt 0.00213249 0.05549145
vt 0.02100622 0.01877075
vt 0.02100622 0.05653518
vt 0.01104441 0.07259971
vt 0.03354622 0.08655339
vt 0.02100622 0.05653518
vt 0.03963190 0.07673949
vt 0.03963190 0.08828717
vt 0.05717825 0.08828717
vt 0.03963190 0.07673949
vt 0.05717825 0.07673949
vt 0.08576564 0.07259971
vt 0.06326393 0.08655339
vt 0.07580400 0.05653518
vt 0.05717825 0.07673949
vt 0.07580400 0.00195312
vt 0.02100622 0.00195312
vt 0.07580400 0.01877075
vt 0.02100622 0.01877075
vt 0.07580400 0.01877075
vt 0.02100622 0.01877075
vt 0.02100622 0.05653518
vt 0.07580400 0.05653518
vt 0.01805377 0.79725194
vt 0.00195314 0.79725194
vt 0.00195316 0.78136432
vt 0.01805377 0.79292059
vt 0.00807378 0.79725194
vt 0.00807378 0.79292059
vt 0.00807378 0.78136438
vt 0.50342524 0.02302271
vt 0.50353605 0.04509538
vt 0.48258644 0.02311945
vt 0.48270020 0.04520899
vt 0.40819678 0.05407900
vt 0.41432095 0.06015813
vt 0.42903534 0.04533446
vt 0.42291123 0.03925520
vt 0.00195314 0.75996709
vt 0.00195314 0.77585477
vt 0.01805377 0.76429868
vt 0.01805377 0.75996709
vt 0.00807378 0.76429868
vt 0.00807378 0.77585477
vt 0.48255154 0.00195956
vt 0.42882878 0.00217384
vt 0.48258644 0.02311945
vt 0.42895445 0.02318764
vt 0.45435715 0.02312684
vt 0.45991144 0.02313411
vt 0.43793404 0.02314550
vt 0.44345063 0.02313423
vt 0.45989370 0.00711203
vt 0.44340518 0.00717998
vt 0.43787074 0.00720918
vt 0.45434085 0.00713992
vt 0.48266885 0.06632733
vt 0.42911583 0.06632733
vt 0.48270020 0.04520899
vt 0.42903534 0.04533446
vt 0.48258644 0.02311945
vt 0.42288104 0.02932364
vt 0.42895445 0.02318764
vt 0.48270020 0.04520899
vt 0.42903534 0.04533446
vt 0.42291123 0.03925520
vt 0.45448288 0.03880924
vt 0.44348586 0.03912044
vt 0.43800250 0.03916925
vt 0.45435715 0.02312684
vt 0.45991144 0.02313411
vt 0.43793404 0.02314550
vt 0.44345063 0.02313423
vt 0.43794766 0.02926499
vt 0.46060896 0.03893095
vt 0.02960991 0.77585477
vt 0.02960991 0.78136438
vt 0.01962990 0.77585477
vt 0.01962990 0.78136438
vt 0.45448288 0.03880924
vt 0.45804724 0.03586894
vt 0.45664972 0.03625834
vt 0.46060896 0.03893095
vt 0.03394145 0.77585477
vt 0.03394145 0.78136438
vt 0.02960991 0.77585477
vt 0.02960991 0.78136438
vt 0.40203127 0.02938688
vt 0.40206131 0.03931844
vt 0.42288104 0.02932364
vt 0.42291123 0.03925520
vt 0.41408592 0.00848156
vt 0.40801063 0.01462620
vt 0.42288104 0.02932364
vt 0.42895445 0.02318764
vt 0.01805377 0.75996709
vt 0.00195314 0.75996709
vt 0.00195314 0.77585477
vt 0.01805377 0.76429868
vt 0.00807378 0.76429868
vt 0.00807378 0.77585477
vt 0.01962990 0.77585477
vt 0.01962990 0.78136438
vt 0.00807378 0.77585477
vt 0.00807378 0.78136438
vt 0.00195314 0.77585477
vt 0.00195316 0.78136432
vt 0.00807378 0.77585477
vt 0.00807378 0.78136438
vt 0.96616077 0.37461615
vt 0.94831157 0.37461615
vt 0.96616077 0.35189712
vt 0.94831157 0.35189712
vt 0.96616077 0.35189712
vt 0.94831157 0.35189712
vt 0.96616077 0.32917792
vt 0.94831157 0.32917792
vt 0.96616077 0.32917792
vt 0.94831157 0.32917792
vt 0.96616077 0.30645889
vt 0.94831157 0.30645889
vt 0.96616077 0.44277358
vt 0.94831157 0.44277358
vt 0.96616077 0.42005455
vt 0.94831157 0.42005455
vt 0.90896094 0.32917792
vt 0.92863631 0.34053755
vt 0.94831157 0.32917792
vt 0.94831157 0.30645889
vt 0.92863631 0.29509926
vt 0.90896094 0.30645889
vt 0.96616077 0.42005455
vt 0.94831157 0.42005455
vt 0.96616077 0.39733517
vt 0.94831157 0.39733517
vt 0.96616077 0.37461615
vt 0.94831157 0.37461615
vt 0.96616077 0.39733517
vt 0.94831157 0.39733517
vt 0.72983611 0.80835772
vt 0.72660577 0.81657815
vt 0.73861963 0.81006604
vt 0.72960299 0.79548711
vt 0.73855001 0.79540414
vt 0.70597839 0.79626042
vt 0.70748454 0.82002091
vt 0.70682126 0.82861149
vt 0.71856123 0.82005119
vt 0.72040516 0.82875741
vt 0.73321921 0.82302827
vt 0.73049641 0.79923457
vt 0.73855001 0.79540414
vt 0.70684499 0.79941082
vt 0.72996128 0.79661733
vt 0.73665267 0.79380441
vt 0.70683074 0.79673952
vt 0.73927522 0.76383179
vt 0.74194694 0.76381850
vt 0.76146930 0.76372164
vt 0.76151574 0.77361029
vt 0.74199742 0.77371675
vt 0.74201530 0.78707004
vt 0.73932540 0.77373070
vt 0.73939502 0.78708375
vt 0.76158279 0.78749657
vt 0.76162553 0.79528064
vt 0.70597839 0.79626042
vt 0.70339531 0.79643071
vt 0.70495075 0.82002228
vt 0.70428514 0.82734859
vt 0.70748454 0.82002091
vt 0.70682126 0.82861149
vt 0.85583353 0.79631013
vt 0.85322541 0.78719985
vt 0.83095598 0.79533428
vt 0.83111036 0.78694284
vt 0.83119136 0.76358443
vt 0.85251880 0.76350313
vt 0.86924833 0.79410380
vt 0.85583353 0.79631013
vt 0.85322541 0.78719985
vt 0.85251880 0.76350313
vt 0.86636543 0.76305151
vt 0.86710328 0.78539890
vt 0.81983525 0.79519892
vt 0.79709709 0.79505247
vt 0.81975812 0.78671718
vt 0.79724568 0.78731477
vt 0.73861963 0.81006604
vt 0.73855001 0.79540414
vt 0.72040516 0.82875741
vt 0.73321921 0.82302827
vt 0.73550290 0.84781897
vt 0.74655116 0.84767014
vt 0.76171827 0.83083028
vt 0.76162553 0.79528064
vt 0.00248347 0.49869925
vt 0.01608251 0.49882072
vt 0.00211124 0.50642717
vt 0.01573181 0.50697815
vt 0.87144828 0.79244727
vt 0.86924833 0.79410380
vt 0.86636543 0.76305151
vt 0.86901826 0.76296884
vt 0.86955124 0.78554714
vt 0.86710328 0.78539890
vt 0.00741233 0.48865807
vt 0.01926865 0.48315048
vt 0.01608251 0.49882072
vt 0.03767686 0.49938279
vt 0.02802007 0.49858302
vt 0.03955433 0.48832613
vt 0.81961745 0.77353841
vt 0.79715222 0.77325368
vt 0.81974459 0.76359618
vt 0.79714900 0.76358622
vt 0.74597007 0.71145773
vt 0.73456067 0.71151441
vt 0.72054046 0.72741795
vt 0.70647234 0.72743690
vt 0.72003233 0.73004109
vt 0.73354739 0.73556030
vt 0.70648569 0.73010856
vt 0.73920119 0.74901986
vt 0.73927522 0.76383179
vt 0.74194694 0.76381850
vt 0.76130021 0.72802603
vt 0.76146930 0.76372164
vt 0.83095598 0.79533428
vt 0.83111036 0.78694284
vt 0.81983525 0.79519892
vt 0.81975812 0.78671718
vt 0.81961745 0.77353841
vt 0.81974459 0.76359618
vt 0.83119136 0.76358443
vt 0.79715222 0.77325368
vt 0.79714900 0.76358622
vt 0.76146930 0.76372164
vt 0.76151574 0.77361029
vt 0.03785938 0.50727415
vt 0.03767686 0.49938279
vt 0.02793288 0.50799453
vt 0.02802007 0.49858302
vt 0.01608251 0.49882072
vt 0.01573181 0.50697815
vt 0.02793288 0.50799453
vt 0.02802007 0.49858302
vt 0.79709709 0.79505247
vt 0.79724568 0.78731477
vt 0.76158279 0.78749657
vt 0.76162553 0.79528064
vt 0.83660728 0.73348981
vt 0.90958136 0.69147086
vt 0.83659440 0.73858392
vt 0.82149583 0.73378247
vt 0.92214322 0.70174110
vt 0.85173112 0.73317051
vt 0.89343667 0.69309127
vt 0.85172296 0.73826891
vt 0.86686254 0.73284656
vt 0.88316637 0.70565313
vt 0.86685514 0.73795223
vt 0.88202405 0.73251158
vt 0.88478678 0.72179794
vt 0.88202667 0.73765790
vt 0.89734858 0.73206812
vt 0.89751673 0.73744583
vt 0.79024714 0.73197961
vt 0.91349334 0.73044783
vt 0.78772789 0.73740983
vt 0.91583776 0.73640853
vt 0.80642384 0.73387092
vt 0.92376357 0.71788585
vt 0.80611759 0.73891538
vt 0.82145000 0.73886406
vt 0.80574286 0.74680722
vt 0.80591094 0.75218487
vt 0.92311376 0.76504952
vt 0.82123291 0.74659514
vt 0.78742182 0.74784464
vt 0.91553175 0.74684304
vt 0.78976625 0.75380534
vt 0.91301256 0.75227344
vt 0.89714199 0.74533761
vt 0.89683568 0.75038213
vt 0.88180965 0.74538898
vt 0.88176388 0.75047058
vt 0.88405967 0.76048332
vt 0.86666524 0.74566907
vt 0.86665237 0.75076330
vt 0.88216835 0.77666003
vt 0.85153669 0.74598426
vt 0.85152847 0.75108248
vt 0.89226961 0.78943610
vt 0.83640438 0.74630076
vt 0.83639699 0.75140643
vt 0.90844637 0.79132754
vt 0.82123554 0.75174147
vt 0.92122245 0.78122628
vt 0.72983611 0.80835772
vt 0.72660577 0.81657815
vt 0.73861963 0.81006604
vt 0.72960299 0.79548711
vt 0.73855001 0.79540414
vt 0.70597839 0.79626042
vt 0.70748454 0.82002091
vt 0.70682126 0.82861149
vt 0.71856123 0.82005119
vt 0.72040516 0.82875741
vt 0.73321921 0.82302827
vt 0.73049641 0.79923457
vt 0.73855001 0.79540414
vt 0.70684499 0.79941082
vt 0.72996128 0.79661733
vt 0.73665267 0.79380441
vt 0.70683074 0.79673952
vt 0.73927522 0.76383179
vt 0.74194694 0.76381850
vt 0.76146930 0.76372164
vt 0.76151574 0.77361029
vt 0.74199742 0.77371675
vt 0.74201530 0.78707004
vt 0.73932540 0.77373070
vt 0.73939502 0.78708375
vt 0.76158279 0.78749657
vt 0.76162553 0.79528064
vt 0.70597839 0.79626042
vt 0.70339531 0.79643071
vt 0.70495075 0.82002228
vt 0.70428514 0.82734859
vt 0.70748454 0.82002091
vt 0.70682126 0.82861149
vt 0.73861963 0.81006604
vt 0.73855001 0.79540414
vt 0.72040516 0.82875741
vt 0.73321921 0.82302827
vt 0.73550290 0.84781897
vt 0.74655116 0.84767014
vt 0.76171827 0.83083028
vt 0.76162553 0.79528064
vt 0.85583353 0.79631013
vt 0.85322541 0.78719985
vt 0.83095598 0.79533428
vt 0.83111036 0.78694284
vt 0.83119136 0.76358443
vt 0.85251880 0.76350313
vt 0.86924833 0.79410380
vt 0.85583353 0.79631013
vt 0.85322541 0.78719985
vt 0.85251880 0.76350313
vt 0.86636543 0.76305151
vt 0.86710328 0.78539890
vt 0.87144828 0.79244727
vt 0.86924833 0.79410380
vt 0.86636543 0.76305151
vt 0.86901826 0.76296884
vt 0.86955124 0.78554714
vt 0.86710328 0.78539890
vt 0.81983525 0.79519892
vt 0.79709709 0.79505247
vt 0.81975812 0.78671718
vt 0.79724568 0.78731477
vt 0.00741233 0.48865807
vt 0.01926865 0.48315048
vt 0.01608251 0.49882072
vt 0.03767686 0.49938279
vt 0.02802007 0.49858302
vt 0.03955433 0.48832613
vt 0.00248347 0.49869925
vt 0.01608251 0.49882072
vt 0.00211124 0.50642717
vt 0.01573181 0.50697815
vt 0.83095598 0.79533428
vt 0.83111036 0.78694284
vt 0.81983525 0.79519892
vt 0.81975812 0.78671718
vt 0.81961745 0.77353841
vt 0.81974459 0.76359618
vt 0.83119136 0.76358443
vt 0.00627389 0.51720327
vt 0.01833012 0.52330315
vt 0.01573181 0.50697815
vt 0.03955433 0.51879305
vt 0.03785938 0.50727415
vt 0.02793288 0.50799453
vt 0.81961745 0.77353841
vt 0.79715222 0.77325368
vt 0.81974459 0.76359618
vt 0.79714900 0.76358622
vt 0.74597007 0.71145773
vt 0.73456067 0.71151441
vt 0.72054046 0.72741795
vt 0.70647234 0.72743690
vt 0.72003233 0.73004109
vt 0.73354739 0.73556030
vt 0.70648569 0.73010856
vt 0.73920119 0.74901986
vt 0.73927522 0.76383179
vt 0.74194694 0.76381850
vt 0.76130021 0.72802603
vt 0.76146930 0.76372164
vt 0.79715222 0.77325368
vt 0.79714900 0.76358622
vt 0.76146930 0.76372164
vt 0.76151574 0.77361029
vt 0.03785938 0.50727415
vt 0.03767686 0.49938279
vt 0.02793288 0.50799453
vt 0.02802007 0.49858302
vt 0.01608251 0.49882072
vt 0.01573181 0.50697815
vt 0.02793288 0.50799453
vt 0.02802007 0.49858302
vt 0.79709709 0.79505247
vt 0.79724568 0.78731477
vt 0.76158279 0.78749657
vt 0.76162553 0.79528064
vt 0.83660728 0.73348981
vt 0.90958136 0.69147086
vt 0.83659440 0.73858392
vt 0.82149583 0.73378247
vt 0.92214322 0.70174110
vt 0.85173112 0.73317051
vt 0.89343667 0.69309127
vt 0.85172296 0.73826891
vt 0.86686254 0.73284656
vt 0.88316637 0.70565313
vt 0.86685514 0.73795223
vt 0.88202405 0.73251158
vt 0.88478678 0.72179794
vt 0.88202667 0.73765790
vt 0.89734858 0.73206812
vt 0.89751673 0.73744583
vt 0.79024714 0.73197961
vt 0.91349334 0.73044783
vt 0.78772789 0.73740983
vt 0.91583776 0.73640853
vt 0.80642384 0.73387092
vt 0.92376357 0.71788585
vt 0.80611759 0.73891538
vt 0.82145000 0.73886406
vt 0.80574286 0.74680722
vt 0.80591094 0.75218487
vt 0.92311376 0.76504952
vt 0.82123291 0.74659514
vt 0.78742182 0.74784464
vt 0.91553175 0.74684304
vt 0.78976625 0.75380534
vt 0.91301256 0.75227344
vt 0.89714199 0.74533761
vt 0.89683568 0.75038213
vt 0.88180965 0.74538898
vt 0.88176388 0.75047058
vt 0.88405967 0.76048332
vt 0.86666524 0.74566907
vt 0.86665237 0.75076330
vt 0.88216835 0.77666003
vt 0.85153669 0.74598426
vt 0.85152847 0.75108248
vt 0.89226961 0.78943610
vt 0.83640438 0.74630076
vt 0.83639699 0.75140643
vt 0.90844637 0.79132754
vt 0.82123554 0.75174147
vt 0.92122245 0.78122628
vt 0.02960991 0.77585477
vt 0.02960991 0.78136438
vt 0.01962990 0.77585477
vt 0.01962990 0.78136438
vt 0.01805377 0.79725194
vt 0.00195314 0.79725194
vt 0.01805377 0.79292059
vt 0.00195316 0.78136432
vt 0.00807378 0.79292059
vt 0.00807378 0.78136438
vt 0.01962990 0.77585477
vt 0.01962990 0.78136438
vt 0.00807378 0.77585477
vt 0.00807378 0.78136438
vt 0.00195314 0.77585477
vt 0.00195316 0.78136432
vt 0.00807378 0.77585477
vt 0.00807378 0.78136438
vt 0.00627389 0.51720327
vt 0.01833012 0.52330315
vt 0.01573181 0.50697815
vt 0.03955433 0.51879305
vt 0.03785938 0.50727415
vt 0.02793288 0.50799453
vt 0.56367874 0.42131853
vt 0.56377167 0.42077684
vt 0.55883861 0.42093432
vt 0.55932546 0.41838264
vt 0.56851709 0.42222416
vt 0.85670048 0.41386712
vt 0.85972750 0.41085631
vt 0.85346377 0.41709995
vt 0.86065245 0.42072272
vt 0.86076605 0.42125475
vt 0.86506778 0.41835225
vt 0.86560613 0.42086834
vt 0.85592782 0.42216229
vt 0.84927195 0.40980864
vt 0.84981573 0.40989494
vt 0.84963882 0.40497601
vt 0.85219377 0.40544397
vt 0.84838504 0.41464162
vt 0.57606691 0.41470015
vt 0.57228422 0.40554202
vt 0.57480878 0.40503526
vt 0.57464206 0.40996772
vt 0.57517773 0.40986764
vt 0.57099378 0.41714925
vt 0.56476605 0.41086113
vt 0.56776917 0.41390008
vt 0.85599124 0.63467997
vt 0.86516732 0.63849169
vt 0.86567008 0.63596869
vt 0.86072958 0.63611847
vt 0.86082983 0.63558513
vt 0.84844238 0.64220834
vt 0.84970087 0.65187353
vt 0.85222816 0.65139478
vt 0.84933180 0.64704078
vt 0.84986734 0.64695042
vt 0.85352355 0.63975513
vt 0.85978884 0.64603758
vt 0.85676140 0.64300168
vt 0.57611686 0.64228004
vt 0.57231247 0.65145135
vt 0.57486331 0.65194589
vt 0.57468635 0.64701766
vt 0.57522988 0.64711291
vt 0.56857175 0.63476223
vt 0.55889136 0.63605708
vt 0.55941421 0.63860077
vt 0.56373245 0.63567036
vt 0.56383908 0.63621032
vt 0.57104486 0.63982576
vt 0.56481528 0.64607823
vt 0.56782007 0.64306217
vt 0.52956772 0.37590766
vt 0.51082093 0.29344535
vt 0.56581849 0.34845173
vt 0.50581485 0.42078686
vt 0.52298796 0.38258696
vt 0.50710416 0.28446698
vt 0.53650051 0.36900711
vt 0.57479763 0.35216850
vt 0.57479763 0.35216850
vt 0.84954941 0.00195330
vt 0.84971493 0.70474166
vt 0.88826078 0.68862653
vt 0.85852826 0.00567007
vt 0.91352171 0.06067306
vt 0.89533007 0.68167841
vt 0.91723871 0.06965095
vt 0.90229762 0.67462897
vt 0.91870332 0.63611364
vt 0.51078200 0.06075776
vt 0.56574494 0.00573391
vt 0.53036529 0.68065619
vt 0.50706875 0.06973583
vt 0.50584805 0.63623083
vt 0.52383691 0.67411649
vt 0.89454257 0.37556762
vt 0.85860527 0.34838837
vt 0.91357261 0.29336172
vt 0.90146101 0.38247323
vt 0.91861361 0.42070448
vt 0.91728556 0.28438276
vt 0.84962738 0.35210943
vt 0.88784611 0.36901414
vt 0.84962738 0.35210943
vt 0.57472259 0.00201315
vt 0.53692919 0.68716019
vt 0.57487732 0.70481384
vt 0.57621068 0.63464260
vt 0.84834647 0.63456690
vt 0.84829152 0.42228037
vt 0.57616335 0.42233932
vt 0.85540378 0.29020995
vt 0.85540378 0.29020995
vt 0.85540378 0.29020995
vt 0.56899470 0.29027194
vt 0.56899470 0.29027194
vt 0.56899470 0.29027194
vt 0.85535216 0.06384921
vt 0.85535216 0.06384921
vt 0.85535216 0.06384921
vt 0.56894642 0.06391203
vt 0.56894642 0.06391203
vt 0.56894642 0.06391203
vt 0.51401019 0.29025757
vt 0.51401019 0.29025757
vt 0.56900662 0.34526229
vt 0.56900662 0.34526229
vt 0.85534024 0.00885957
vt 0.85534024 0.00885957
vt 0.91033286 0.06386089
vt 0.91033286 0.06386089
vt 0.85541564 0.34520030
vt 0.91038251 0.29017538
vt 0.91038251 0.29017538
vt 0.85541564 0.34520030
vt 0.56893444 0.00892204
vt 0.51397163 0.06394416
vt 0.51397163 0.06394416
vt 0.56893444 0.00892204
vt 1.76506495 0.92469084
vt 1.76506495 0.92469084
vt -2.24036074 0.92469084
vt -2.24036074 0.92469084
vt 2.10452819 0.92469084
vt 2.10452819 0.92469084
vt 1.93479824 0.92469084
vt 1.93479824 0.92469084
vt -5.88375473 0.92469084
vt -5.88375473 0.92469084
vt 5.57818842 0.92469084
vt 5.57818842 0.92469084
vt -6.05348635 0.92469084
vt 9.58361435 0.92469084
vt -6.05348635 0.92469084
vt 9.58361435 0.92469084
vt 5.23872948 0.92469084
vt 5.23872948 0.92469084
vt 5.40846014 0.92469084
vt 5.40846014 0.92469084
vt -5.71402311 0.92469084
vt -5.71402311 0.92469084
vt -2.57982254 0.92469084
vt -2.57982254 0.92469084
vt -2.41009092 0.92469084
vt -2.41009092 0.92469084
vt -2.41009092 0.89343274
vt -2.41009092 0.89343274
vt -2.57982254 0.89343274
vt -2.57982254 0.89343274
vt 5.57818842 0.89343274
vt 5.57818842 0.89343274
vt 2.10452819 0.89343274
vt 2.10452819 0.89343274
vt 1.76506495 0.89343274
vt 1.76506495 0.89343274
vt -5.71402311 0.89343274
vt -5.71402311 0.89343274
vt -6.05348635 0.89343274
vt 9.58361435 0.89343274
vt -6.05348635 0.89343274
vt 9.58361435 0.89343274
vt -5.88375473 0.89343274
vt -5.88375473 0.89343274
vt 1.93479824 0.89343274
vt 1.93479824 0.89343274
vt 5.23872948 0.89343274
vt 5.23872948 0.89343274
vt 5.40846014 0.89343274
vt 5.40846014 0.89343274
vt -2.24036074 0.89343274
vt -2.24036074 0.89343274
vt 1.76506495 0.94892001
vt -2.24036074 0.94892001
vt 2.10452819 0.94892001
vt 1.93479824 0.94892001
vt -5.88375473 0.94892001
vt 5.57818842 0.94892001
vt -6.05348635 0.94892001
vt 9.58361435 0.94892001
vt 5.23872948 0.94892001
vt 5.40846014 0.94892001
vt -5.71402311 0.94892001
vt -2.57982254 0.94892001
vt -2.41009092 0.94892001
vt -2.41009092 0.86920315
vt -2.57982254 0.86920315
vt 5.57818842 0.86920315
vt 2.10452819 0.86920315
vt 1.76506495 0.86920315
vt -5.71402311 0.86920315
vt -6.05348635 0.86920315
vt 9.58361435 0.86920315
vt -5.88375473 0.86920315
vt 1.93479824 0.86920315
vt 5.23872948 0.86920315
vt 5.40846014 0.86920315
vt -2.24036074 0.86920315
vt 9.58361435 0.90299404
vt 9.58361435 0.89343274
vt 9.58361435 0.89343274
vt 9.58361435 0.89343274
vt 9.58361435 0.89343274
vt 5.57818842 0.89343274
vt 5.57818842 0.86920315
vt 5.57818842 0.86920315
vt 9.58361435 0.86920315
vt 5.57818842 0.86920315
vt 9.58361435 0.86920315
vt 5.57818842 0.86920315
vt 9.58361435 0.86920315
vt 9.58361435 0.86920315
vt 5.57818842 0.89343274
vt 5.57818842 0.89343274
vt 5.57818842 0.89343274
vt 5.57818842 0.90299404
vt 9.58361435 0.89343274
vt 5.57818842 0.89343274
vt 0.72983611 0.80835772
vt 0.02802007 0.49858302
vt 0.02802007 0.49858302
vt 0.02802007 0.49858302
vt 0.73861963 0.81006604
vt 0.73861963 0.81006604
vt 0.71856123 0.82005119
vt 0.85322541 0.78719985
vt 0.85322541 0.78719985
vt 0.72040516 0.82875741
vt 0.85583353 0.79631013
vt 0.72040516 0.82875741
vt 0.85583353 0.79631013
vt 0.72660577 0.81657815
vt 0.01608251 0.49882072
vt 0.01608251 0.49882072
vt 0.01608251 0.49882072
vt 0.73321921 0.82302827
vt 0.73321921 0.82302827
vt 0.02793288 0.50799453
vt 0.02793288 0.50799453
vt 0.02793288 0.50799453
vt 0.01573181 0.50697815
vt 0.01573181 0.50697815
vt 0.01573181 0.50697815
vt 0.70748454 0.82002091
vt 0.70748454 0.82002091
vt 0.86710328 0.78539890
vt 0.86710328 0.78539890
vt 0.70682126 0.82861149
vt 0.86924833 0.79410380
vt 0.70682126 0.82861149
vt 0.86924833 0.79410380
vt 0.73049641 0.79923457
vt 0.72960299 0.79548711
vt 0.74201530 0.78707004
vt 0.03767686 0.49938279
vt 0.03767686 0.49938279
vt 0.73855001 0.79540414
vt 0.73855001 0.79540414
vt 0.73855001 0.79540414
vt 0.74199742 0.77371675
vt 0.03785938 0.50727415
vt 0.03785938 0.50727415
vt 0.70684499 0.79941082
vt 0.70597839 0.79626042
vt 0.70597839 0.79626042
vt 0.70495075 0.82002228
vt 0.86955124 0.78554714
vt 0.70428514 0.82734859
vt 0.87144828 0.79244727
vt 0.72996128 0.79661733
vt 0.73939502 0.78708375
vt 0.73665267 0.79380441
vt 0.73932540 0.77373070
vt 0.70683074 0.79673952
vt 0.70339531 0.79643071
vt 0.72054046 0.72741795
vt 0.85251880 0.76350313
vt 0.85251880 0.76350313
vt 0.70647234 0.72743690
vt 0.86636543 0.76305151
vt 0.86636543 0.76305151
vt 0.74194694 0.76381850
vt 0.74194694 0.76381850
vt 0.73920119 0.74901986
vt 0.73354739 0.73556030
vt 0.72003233 0.73004109
vt 0.70648569 0.73010856
vt 0.86901826 0.76296884
vt 0.73927522 0.76383179
vt 0.73927522 0.76383179
vt 0.76171827 0.83083028
vt 0.79709709 0.79505247
vt 0.79709709 0.79505247
vt 0.74655116 0.84767014
vt 0.81983525 0.79519892
vt 0.81983525 0.79519892
vt 0.00248347 0.49869925
vt 0.00741233 0.48865807
vt 0.81975812 0.78671718
vt 0.81975812 0.78671718
vt 0.01926865 0.48315048
vt 0.79724568 0.78731477
vt 0.79724568 0.78731477
vt 0.79715222 0.77325368
vt 0.01833012 0.52330315
vt 0.79715222 0.77325368
vt 0.00211124 0.50642717
vt 0.00627389 0.51720327
vt 0.81961745 0.77353841
vt 0.81961745 0.77353841
vt 0.76162553 0.79528064
vt 0.76162553 0.79528064
vt 0.76162553 0.79528064
vt 0.76158279 0.78749657
vt 0.03955433 0.48832613
vt 0.76158279 0.78749657
vt 0.76151574 0.77361029
vt 0.76151574 0.77361029
vt 0.03955433 0.51879305
vt 0.76130021 0.72802603
vt 0.79714900 0.76358622
vt 0.79714900 0.76358622
vt 0.76146930 0.76372164
vt 0.76146930 0.76372164
vt 0.76146930 0.76372164
vt 0.74597007 0.71145773
vt 0.81974459 0.76359618
vt 0.81974459 0.76359618
vt 0.73550290 0.84781897
vt 0.83095598 0.79533428
vt 0.83095598 0.79533428
vt 0.83111036 0.78694284
vt 0.83111036 0.78694284
vt 0.73456067 0.71151441
vt 0.83119136 0.76358443
vt 0.83119136 0.76358443
vt 0.83660728 0.73348981
vt 0.90958136 0.69147086
vt 0.83659440 0.73858392
vt 0.83639699 0.75140643
vt 0.90844637 0.79132754
vt 0.83640438 0.74630076
vt 0.82149583 0.73378247
vt 0.92214322 0.70174110
vt 0.82145000 0.73886406
vt 0.82123554 0.75174147
vt 0.92122245 0.78122628
vt 0.82123291 0.74659514
vt 0.80642384 0.73387092
vt 0.92376357 0.71788585
vt 0.80611759 0.73891538
vt 0.80591094 0.75218487
vt 0.92311376 0.76504952
vt 0.80574286 0.74680722
vt 0.79024714 0.73197961
vt 0.91349334 0.73044783
vt 0.78772789 0.73740983
vt 0.91583776 0.73640853
vt 0.78976625 0.75380534
vt 0.91301256 0.75227344
vt 0.78742182 0.74784464
vt 0.91553175 0.74684304
vt 0.89734858 0.73206812
vt 0.89751673 0.73744583
vt 0.89683568 0.75038213
vt 0.89714199 0.74533761
vt 0.88202405 0.73251158
vt 0.88478678 0.72179794
vt 0.88202667 0.73765790
vt 0.88176388 0.75047058
vt 0.88405967 0.76048332
vt 0.88180965 0.74538898
vt 0.86686254 0.73284656
vt 0.88316637 0.70565313
vt 0.86685514 0.73795223
vt 0.86665237 0.75076330
vt 0.88216835 0.77666003
vt 0.86666524 0.74566907
vt 0.85173112 0.73317051
vt 0.89343667 0.69309127
vt 0.85172296 0.73826891
vt 0.85152847 0.75108248
vt 0.89226961 0.78943610
vt 0.85153669 0.74598426
vt 0.72983611 0.80835772
vt 0.72660577 0.81657815
vt 0.73861963 0.81006604
vt 0.73861963 0.81006604
vt 0.72960299 0.79548711
vt 0.73049641 0.79923457
vt 0.73855001 0.79540414
vt 0.73855001 0.79540414
vt 0.73855001 0.79540414
vt 0.70597839 0.79626042
vt 0.70597839 0.79626042
vt 0.70684499 0.79941082
vt 0.72996128 0.79661733
vt 0.73665267 0.79380441
vt 0.70339531 0.79643071
vt 0.70683074 0.79673952
vt 0.70495075 0.82002228
vt 0.70428514 0.82734859
vt 0.87144828 0.79244727
vt 0.70748454 0.82002091
vt 0.70748454 0.82002091
vt 0.70682126 0.82861149
vt 0.86924833 0.79410380
vt 0.70682126 0.82861149
vt 0.86924833 0.79410380
vt 0.71856123 0.82005119
vt 0.72040516 0.82875741
vt 0.85583353 0.79631013
vt 0.85583353 0.79631013
vt 0.72040516 0.82875741
vt 0.73321921 0.82302827
vt 0.73321921 0.82302827
vt 0.85322541 0.78719985
vt 0.85322541 0.78719985
vt 0.83095598 0.79533428
vt 0.83095598 0.79533428
vt 0.73550290 0.84781897
vt 0.83111036 0.78694284
vt 0.83111036 0.78694284
vt 0.81983525 0.79519892
vt 0.81983525 0.79519892
vt 0.74655116 0.84767014
vt 0.79709709 0.79505247
vt 0.79709709 0.79505247
vt 0.76171827 0.83083028
vt 0.81975812 0.78671718
vt 0.81975812 0.78671718
vt 0.00741233 0.48865807
vt 0.00248347 0.49869925
vt 0.79724568 0.78731477
vt 0.79724568 0.78731477
vt 0.01926865 0.48315048
vt 0.01608251 0.49882072
vt 0.01608251 0.49882072
vt 0.01608251 0.49882072
vt 0.81961745 0.77353841
vt 0.81961745 0.77353841
vt 0.00627389 0.51720327
vt 0.00211124 0.50642717
vt 0.79715222 0.77325368
vt 0.01833012 0.52330315
vt 0.79715222 0.77325368
vt 0.81974459 0.76359618
vt 0.81974459 0.76359618
vt 0.74597007 0.71145773
vt 0.01573181 0.50697815
vt 0.01573181 0.50697815
vt 0.01573181 0.50697815
vt 0.83119136 0.76358443
vt 0.83119136 0.76358443
vt 0.73456067 0.71151441
vt 0.85251880 0.76350313
vt 0.85251880 0.76350313
vt 0.72054046 0.72741795
vt 0.86636543 0.76305151
vt 0.70647234 0.72743690
vt 0.86636543 0.76305151
vt 0.72003233 0.73004109
vt 0.73354739 0.73556030
vt 0.70648569 0.73010856
vt 0.86901826 0.76296884
vt 0.86955124 0.78554714
vt 0.86710328 0.78539890
vt 0.86710328 0.78539890
vt 0.73920119 0.74901986
vt 0.73927522 0.76383179
vt 0.73927522 0.76383179
vt 0.74194694 0.76381850
vt 0.74194694 0.76381850
vt 0.79714900 0.76358622
vt 0.79714900 0.76358622
vt 0.76130021 0.72802603
vt 0.76146930 0.76372164
vt 0.76146930 0.76372164
vt 0.76146930 0.76372164
vt 0.03955433 0.51879305
vt 0.76151574 0.77361029
vt 0.76151574 0.77361029
vt 0.03785938 0.50727415
vt 0.03785938 0.50727415
vt 0.74199742 0.77371675
vt 0.03767686 0.49938279
vt 0.03767686 0.49938279
vt 0.74201530 0.78707004
vt 0.02793288 0.50799453
vt 0.02793288 0.50799453
vt 0.02793288 0.50799453
vt 0.73932540 0.77373070
vt 0.73939502 0.78708375
vt 0.02802007 0.49858302
vt 0.02802007 0.49858302
vt 0.02802007 0.49858302
vt 0.76158279 0.78749657
vt 0.03955433 0.48832613
vt 0.76158279 0.78749657
vt 0.76162553 0.79528064
vt 0.76162553 0.79528064
vt 0.76162553 0.79528064
vt 0.83660728 0.73348981
vt 0.90958136 0.69147086
vt 0.83659440 0.73858392
vt 0.82149583 0.73378247
vt 0.92214322 0.70174110
vt 0.85173112 0.73317051
vt 0.89343667 0.69309127
vt 0.85172296 0.73826891
vt 0.86686254 0.73284656
vt 0.88316637 0.70565313
vt 0.86685514 0.73795223
vt 0.88202405 0.73251158
vt 0.88478678 0.72179794
vt 0.88202667 0.73765790
vt 0.89734858 0.73206812
vt 0.89751673 0.73744583
vt 0.79024714 0.73197961
vt 0.91349334 0.73044783
vt 0.78772789 0.73740983
vt 0.91583776 0.73640853
vt 0.80642384 0.73387092
vt 0.92376357 0.71788585
vt 0.80611759 0.73891538
vt 0.82145000 0.73886406
vt 0.80574286 0.74680722
vt 0.80591094 0.75218487
vt 0.92311376 0.76504952
vt 0.82123291 0.74659514
vt 0.78742182 0.74784464
vt 0.91553175 0.74684304
vt 0.78976625 0.75380534
vt 0.91301256 0.75227344
vt 0.89714199 0.74533761
vt 0.89683568 0.75038213
vt 0.88180965 0.74538898
vt 0.88176388 0.75047058
vt 0.88405967 0.76048332
vt 0.86666524 0.74566907
vt 0.86665237 0.75076330
vt 0.88216835 0.77666003
vt 0.85153669 0.74598426
vt 0.85152847 0.75108248
vt 0.89226961 0.78943610
vt 0.83640438 0.74630076
vt 0.83639699 0.75140643
vt 0.90844637 0.79132754
vt 0.82123554 0.75174147
vt 0.92122245 0.78122628
vt 0.03404648 0.45512700
vt 0.02184771 0.46732587
vt 0.05213131 0.34065396
vt 0.02184771 0.41002584
vt 0.03404648 0.42222464
vt 0.05213133 0.37355644
vt 0.00195315 0.45512700
vt 0.01415195 0.46732587
vt 0.05982710 0.34065396
vt 0.01415195 0.41002584
vt 0.00195313 0.42222464
vt 0.05982710 0.37355644
vt 0.01415195 0.42222464
vt 0.01415195 0.42222464
vt 0.01415195 0.42222464
vt 0.01415195 0.45512700
vt 0.01415195 0.45512700
vt 0.01415195 0.45512700
vt 0.02184771 0.45512700
vt 0.02184771 0.45512700
vt 0.02184771 0.45512700
vt 0.02184771 0.42222464
vt 0.02184771 0.42222464
vt 0.02184771 0.42222464
vt 0.01483114 0.39352757
vt 0.01483114 0.39352757
vt 0.01176954 0.39046586
vt 0.01176954 0.39046586
vt 0.01176954 0.35290825
vt 0.01176954 0.35290825
vt 0.01483114 0.34984648
vt 0.01483114 0.34984648
vt 0.03024376 0.39046586
vt 0.03024376 0.39046586
vt 0.02718216 0.39352757
vt 0.02718216 0.39352757
vt 0.02718216 0.34984648
vt 0.02718216 0.34984648
vt 0.03024376 0.35290825
vt 0.03024376 0.35290825
vt 0.03718505 0.34596694
vt 0.04006017 0.35290825
vt 0.06521633 0.37588412
vt 0.02718216 0.34003019
vt 0.03412344 0.34290534
vt 0.06215475 0.37894583
vt 0.02718216 0.40334392
vt 0.03412344 0.40046883
vt 0.06215472 0.33526468
vt 0.03718499 0.39740717
vt 0.04006017 0.39046586
vt 0.06521630 0.33832622
vt 0.00195312 0.39046586
vt 0.00482831 0.39740717
vt 0.04674211 0.33832622
vt 0.00788985 0.40046883
vt 0.01483114 0.40334392
vt 0.04980369 0.33526468
vt 0.00788991 0.34290534
vt 0.01483120 0.34003019
vt 0.04980369 0.37894583
vt 0.00195312 0.35290825
vt 0.00482831 0.34596694
vt 0.04674211 0.37588412
vt 0.00788985 0.40046883
vt 0.01483120 0.34003019
vt 0.04980369 0.33526468
vt 0.02718216 0.39352757
vt 0.02718216 0.39352757
vt 0.02718216 0.34984648
vt 0.01176954 0.39046586
vt 0.01176954 0.39046586
vt 0.00195312 0.39046586
vt 0.00482831 0.39740717
vt 0.04674211 0.33832622
vt 0.01176954 0.35290825
vt 0.01176954 0.35290825
vt 0.01483114 0.34984648
vt 0.01483114 0.34984648
vt 0.00195312 0.35290825
vt 0.00482831 0.34596694
vt 0.04674211 0.37588412
vt 0.02184771 0.41002584
vt 0.03404648 0.42222464
vt 0.05213133 0.37355644
vt 0.00788991 0.34290534
vt 0.01483120 0.34003019
vt 0.04980369 0.37894583
vt 0.02718216 0.34003019
vt 0.03412344 0.34290534
vt 0.06215475 0.37894583
vt 0.03718505 0.34596694
vt 0.04006017 0.35290825
vt 0.06521633 0.37588412
vt 0.00195313 0.42222464
vt 0.01415195 0.41002584
vt 0.05982710 0.37355644
vt 0.02718216 0.34984648
vt 0.02718216 0.34984648
vt 0.03024376 0.35290825
vt 0.03024376 0.35290825
vt 0.03024376 0.39046586
vt 0.03024376 0.39046586
vt 0.03718499 0.39740717
vt 0.04006017 0.39046586
vt 0.06521630 0.33832622
vt 0.02718216 0.34003019
vt 0.03412344 0.40046883
vt 0.06215472 0.33526468
vt 0.00195315 0.45512700
vt 0.01415195 0.46732587
vt 0.05982710 0.34065396
vt 0.02184771 0.46732587
vt 0.03404648 0.45512700
vt 0.05213131 0.34065396
vt 0.01415195 0.45512700
vt 0.01415195 0.45512700
vt 0.01415195 0.45512700
vt 0.01415195 0.42222464
vt 0.01415195 0.42222464
vt 0.01415195 0.42222464
vt 0.02184771 0.45512700
vt 0.02184771 0.45512700
vt 0.02184771 0.45512700
vt 0.02184771 0.42222464
vt 0.02184771 0.42222464
vt 0.02184771 0.42222464
vt 0.01483114 0.39352757
vt 0.01483114 0.39352757
vt 0.01483114 0.34984648
f 72/72 54/54 7/7
f 16/16 72/72 7/7
f 24/24 14/14 81/81
f 19/19 24/24 81/81
f 25/25 73/73 71/71
f 15/15 25/25 71/71
f 38/38 74/74 78/78
f 29/29 38/38 78/78
f 21/21 70/70 73/73
f 25/25 21/21 73/73
f 46/46 56/56 58/58
f 51/51 46/46 58/58
f 28/28 77/77 57/57
f 47/47 28/28 57/57
f 26/26 24/24 19/19
f 23/23 26/26 19/19
f 25/25 26/26 23/23
f 21/21 25/25 23/23
f 17/17 14/14 24/24
f 26/26 17/17 24/24
f 15/15 17/17 26/26
f 25/25 15/15 26/26
f 39/39 37/37 32/32
f 35/35 39/39 32/32
f 38/38 39/39 35/35
f 33/33 38/38 35/35
f 31/31 27/27 37/37
f 39/39 31/31 37/37
f 29/29 31/31 39/39
f 38/38 29/29 39/39
f 81/81 79/79 40/40
f 66/66 19/19 81/81
f 41/41 67/67 69/69
f 41/41 69/69 61/61
f 65/65 66/66 81/81
f 81/81 40/40 65/65
f 3/3 60/60 76/76
f 34/34 3/3 76/76
f 82/82 1/1 32/32
f 80/80 82/82 32/32
f 69/69 20/20 61/61
f 61/61 62/62 41/41
f 43/43 41/41 62/62
f 63/63 43/43 62/62
f 40/40 43/43 63/63
f 65/65 40/40 63/63
f 30/30 28/28 47/47
f 49/49 30/30 47/47
f 2/2 4/4 13/13
f 12/12 2/2 13/13
f 13/13 11/11 6/6
f 10/10 13/13 6/6
f 12/12 13/13 10/10
f 8/8 12/12 10/10
f 36/36 32/32 1/1
f 5/5 36/36 1/1
f 53/53 59/59 2/2
f 12/12 53/53 2/2
f 66/66 64/64 22/22
f 19/19 66/66 22/22
f 22/22 64/64 20/20
f 64/64 61/61 20/20
f 13/13 4/4 11/11
f 4/4 1/1 11/11
f 27/27 30/30 49/49
f 45/45 27/27 49/49
f 33/33 75/75 74/74
f 38/38 33/33 74/74
f 8/8 55/55 53/53
f 12/12 8/8 53/53
f 18/18 16/16 7/7
f 9/9 18/18 7/7
f 27/27 80/80 32/32
f 37/37 27/27 32/32
f 3/3 34/34 5/5
f 34/34 36/36 5/5
f 79/79 81/81 80/80
f 81/81 82/82 80/80
f 82/82 6/6 1/1
f 6/6 11/11 1/1
f 58/58 68/68 42/42
f 51/51 58/58 42/42
f 81/81 14/14 82/82
f 14/14 6/6 82/82
f 50/50 40/40 45/45
f 40/40 79/79 45/45
f 27/27 45/45 80/80
f 45/45 79/79 80/80
f 44/44 40/40 50/50
f 52/52 44/44 50/50
f 46/46 51/51 48/48
f 51/51 52/52 48/48
f 48/48 52/52 45/45
f 52/52 50/50 45/45
f 51/51 42/42 52/52
f 42/42 44/44 52/52
f 14/14 18/18 9/9
f 6/6 14/14 9/9
f 83/83 86/86 85/85
f 84/84 83/83 85/85
f 89/89 90/90 87/87
f 90/90 88/88 87/87
f 94/94 91/91 92/92
f 93/93 94/94 92/92
f 95/95 98/98 97/97
f 96/96 95/95 97/97
f 101/101 102/102 99/99
f 102/102 100/100 99/99
f 104/104 103/103 105/105
f 103/103 106/106 105/105
f 110/110 107/107 109/109
f 107/107 108/108 109/109
f 114/114 113/113 111/111
f 112/112 114/114 111/111
f 120/120 118/118 116/116
f 119/119 120/120 116/116
f 120/120 117/117 118/118
f 119/119 116/116 115/115
f 125/125 122/122 123/123
f 126/126 123/123 124/124
f 126/126 125/125 123/123
f 125/125 121/121 122/122
f 131/131 127/127 130/130
f 131/131 128/128 127/127
f 132/132 131/131 130/130
f 132/132 130/130 129/129
f 138/138 136/136 135/135
f 138/138 135/135 134/134
f 137/137 134/134 133/133
f 137/137 138/138 134/134
f 140/140 142/142 139/139
f 142/142 141/141 139/139
f 144/144 146/146 143/143
f 146/146 145/145 143/143
f 149/149 150/150 147/147
f 150/150 148/148 147/147
f 153/153 154/154 151/151
f 154/154 152/152 151/151
f 156/156 157/157 155/155
f 157/157 158/158 155/155
f 162/162 161/161 159/159
f 161/161 160/160 159/159
f 186/186 185/185 183/183
f 184/184 186/186 183/183
f 163/163 166/166 164/164
f 166/166 167/167 164/164
f 188/188 187/187 184/184
f 187/187 186/186 184/184
f 185/185 179/179 182/182
f 183/183 185/185 182/182
f 167/167 187/187 188/188
f 164/164 167/167 188/188
f 175/175 170/170 172/172
f 173/173 175/175 172/172
f 170/170 169/169 171/171
f 172/172 170/170 171/171
f 171/171 169/169 165/165
f 169/169 168/168 165/165
f 168/168 166/166 163/163
f 165/165 168/168 163/163
f 176/176 175/175 173/173
f 174/174 176/176 173/173
f 181/181 178/178 174/174
f 178/178 176/176 174/174
f 182/182 179/179 180/180
f 179/179 177/177 180/180
f 190/190 214/214 189/189
f 214/214 192/192 189/189
f 211/211 209/209 212/212
f 209/209 213/213 212/212
f 212/212 213/213 190/190
f 213/213 214/214 190/190
f 210/210 204/204 207/207
f 208/208 210/210 207/207
f 208/208 209/209 211/211
f 210/210 208/208 211/211
f 194/194 197/197 200/200
f 197/197 198/198 200/200
f 199/199 206/206 203/203
f 201/201 199/199 203/203
f 204/204 202/202 205/205
f 207/207 204/204 205/205
f 200/200 198/198 201/201
f 198/198 199/199 201/201
f 191/191 189/189 192/192
f 196/196 191/191 192/192
f 195/195 197/197 194/194
f 193/193 195/195 194/194
f 193/193 191/191 196/196
f 195/195 193/193 196/196
f 220/220 219/219 216/216
f 217/217 220/220 216/216
f 232/232 233/233 235/235
f 234/234 232/232 235/235
f 231/231 232/232 234/234
f 228/228 231/231 234/234
f 226/226 229/229 228/228
f 229/229 231/231 228/228
f 223/223 230/230 227/227
f 225/225 223/223 227/227
f 216/216 219/219 218/218
f 219/219 221/221 218/218
f 222/222 223/223 225/225
f 224/224 222/222 225/225
f 221/221 222/222 224/224
f 218/218 221/221 224/224
f 236/236 238/238 237/237
f 238/238 239/239 237/237
f 235/235 233/233 236/236
f 233/233 238/238 236/236
f 215/215 240/240 217/217
f 240/240 220/220 217/217
f 237/237 239/239 215/215
f 239/239 240/240 215/215
f 244/244 243/243 241/241
f 242/242 244/244 241/241
f 249/249 247/247 248/248
f 250/250 249/249 248/248
f 247/247 245/245 246/246
f 248/248 247/247 246/246
f 253/253 251/251 252/252
f 254/254 253/253 252/252
f 251/251 249/249 250/250
f 252/252 251/251 250/250
f 256/256 257/257 255/255
f 257/257 258/258 255/255
f 260/260 259/259 262/262
f 259/259 261/261 262/262
f 266/266 265/265 263/263
f 265/265 264/264 263/263
f 272/272 269/269 268/268
f 271/271 272/272 268/268
f 275/275 276/276 274/274
f 273/273 275/275 274/274
f 273/273 274/274 272/272
f 271/271 273/273 272/272
f 279/279 280/280 278/278
f 277/277 279/279 278/278
f 277/277 278/278 276/276
f 275/275 277/277 276/276
f 279/279 267/267 280/280
f 267/267 270/270 280/280
f 283/283 282/282 281/281
f 284/284 283/283 281/281
f 286/286 287/287 285/285
f 287/287 288/288 285/285
f 298/298 289/289 296/296
f 305/305 298/298 296/296
f 301/301 302/302 292/292
f 302/302 293/293 292/292
f 304/304 295/295 294/294
f 303/303 304/304 294/294
f 302/302 303/303 293/293
f 303/303 294/294 293/293
f 299/299 290/290 295/295
f 304/304 299/299 295/295
f 299/299 306/306 290/290
f 306/306 297/297 290/290
f 301/301 292/292 291/291
f 300/300 301/301 291/291
f 298/298 300/300 289/289
f 300/300 291/291 289/289
f 316/316 322/322 307/307
f 322/322 313/313 307/307
f 321/321 312/312 313/313
f 322/322 321/321 313/313
f 320/320 319/319 311/311
f 319/319 310/310 311/311
f 321/321 320/320 312/312
f 320/320 311/311 312/312
f 319/319 318/318 310/310
f 318/318 309/309 310/310
f 317/317 308/308 309/309
f 318/318 317/317 309/309
f 324/324 316/316 315/315
f 316/316 307/307 315/315
f 323/323 314/314 308/308
f 317/317 323/323 308/308
f 326/326 328/328 327/327
f 325/325 326/326 327/327
f 331/331 332/332 329/329
f 332/332 330/330 329/329
f 335/335 333/333 334/334
f 336/336 335/335 334/334
f 340/340 339/339 338/338
f 339/339 337/337 338/338
f 344/344 343/343 342/342
f 343/343 341/341 342/342
f 347/347 348/348 345/345
f 348/348 346/346 345/345
f 351/351 349/349 350/350
f 352/352 351/351 350/350
f 354/354 355/355 353/353
f 355/355 356/356 353/353
f 358/358 357/357 359/359
f 360/360 358/358 359/359
f 362/362 364/364 361/361
f 364/364 363/363 361/361
f 367/367 368/368 366/366
f 365/365 367/367 366/366
f 369/369 371/371 370/370
f 371/371 372/372 370/370
f 373/373 375/375 374/374
f 375/375 376/376 374/374
f 378/378 380/380 377/377
f 380/380 379/379 377/377
f 383/383 384/384 382/382
f 381/381 383/383 382/382
f 388/388 387/387 385/385
f 387/387 386/386 385/385
f 392/392 391/391 389/389
f 390/390 392/392 389/389
f 397/397 395/395 396/396
f 398/398 397/397 396/396
f 395/395 393/393 394/394
f 396/396 395/395 394/394
f 402/402 401/401 400/400
f 401/401 399/399 400/400
f 400/400 399/399 398/398
f 399/399 397/397 398/398
f 404/404 405/405 403/403
f 405/405 406/406 403/403
f 407/407 409/409 410/410
f 408/408 407/407 410/410
f 414/414 413/413 411/411
f 413/413 412/412 411/411
f 421/421 423/423 422/422
f 423/423 424/424 422/422
f 419/419 421/421 420/420
f 421/421 422/422 420/420
f 427/427 415/415 428/428
f 415/415 418/418 428/428
f 425/425 426/426 424/424
f 423/423 425/425 424/424
f 427/427 428/428 426/426
f 425/425 427/427 426/426
f 420/420 417/417 416/416
f 419/419 420/420 416/416
f 432/432 431/431 429/429
f 431/431 430/430 429/429
f 434/434 435/435 433/433
f 435/435 436/436 433/433
f 447/447 454/454 438/438
f 454/454 445/445 438/438
f 449/449 450/450 440/440
f 450/450 441/441 440/440
f 452/452 443/443 442/442
f 451/451 452/452 442/442
f 450/450 451/451 441/441
f 451/451 442/442 441/441
f 447/447 438/438 443/443
f 452/452 447/447 443/443
f 448/448 449/449 439/439
f 449/449 440/440 439/439
f 453/453 446/446 444/444
f 446/446 437/437 444/444
f 448/448 439/439 437/437
f 446/446 448/448 437/437
f 464/464 470/470 455/455
f 470/470 461/461 455/455
f 469/469 460/460 461/461
f 470/470 469/469 461/461
f 468/468 467/467 459/459
f 467/467 458/458 459/459
f 469/469 468/468 460/460
f 468/468 459/459 460/460
f 464/464 455/455 463/463
f 472/472 464/464 463/463
f 466/466 457/457 458/458
f 467/467 466/466 458/458
f 465/465 456/456 457/457
f 466/466 465/465 457/457
f 471/471 462/462 456/456
f 465/465 471/471 456/456
f 473/473 474/474 475/475
f 474/474 476/476 475/475
f 479/479 480/480 477/477
f 480/480 478/478 477/477
f 484/484 483/483 482/482
f 483/483 481/481 482/482
f 487/487 485/485 486/486
f 488/488 487/487 486/486
f 492/492 491/491 490/490
f 491/491 489/489 490/490
f 495/495 496/496 493/493
f 496/496 494/494 493/493
f 499/499 497/497 498/498
f 500/500 499/499 498/498
f 502/502 503/503 501/501
f 503/503 504/504 501/501
f 506/506 505/505 507/507
f 508/508 506/506 507/507
f 510/510 512/512 509/509
f 512/512 511/511 509/509
f 515/515 516/516 514/514
f 513/513 515/515 514/514
f 517/517 519/519 518/518
f 519/519 520/520 518/518
f 521/521 523/523 522/522
f 523/523 524/524 522/522
f 526/526 528/528 525/525
f 528/528 527/527 525/525
f 531/531 532/532 530/530
f 529/529 531/531 530/530
f 536/536 535/535 533/533
f 535/535 534/534 533/533
f 541/541 537/537 542/542
f 537/537 540/540 542/542
f 539/539 538/538 542/542
f 543/543 539/539 542/542
f 538/538 541/541 542/542
f 544/544 546/546 547/547
f 545/545 544/544 547/547
f 549/549 550/550 548/548
f 550/550 551/551 548/548
f 552/552 553/553 556/556
f 554/554 552/552 556/556
f 553/553 557/557 556/556
f 554/554 555/555 552/552
f 568/568 559/559 561/561
f 564/564 568/568 561/561
f 569/569 566/566 558/558
f 558/558 559/559 568/568
f 563/563 560/560 558/558
f 569/569 567/567 562/562
f 567/567 565/565 562/562
f 566/566 563/563 558/558
f 558/558 568/568 567/567
f 567/567 569/569 558/558
f 573/573 571/571 572/572
f 571/571 570/570 572/572
f 582/582 587/587 576/576
f 582/582 579/579 577/577
f 574/574 584/584 588/588
f 576/576 575/575 579/579
f 580/580 581/581 582/582
f 577/577 574/574 588/588
f 588/588 580/580 582/582
f 582/582 576/576 579/579
f 577/577 588/588 582/582
f 579/579 578/578 577/577
f 586/586 581/581 580/580
f 583/583 586/586 580/580
f 587/587 585/585 576/576
f 592/592 590/590 591/591
f 590/590 589/589 591/591
f 594/594 595/595 593/593
f 596/596 594/594 593/593
f 599/599 600/600 598/598
f 597/597 599/599 598/598
f 601/601 602/602 604/604
f 603/603 601/601 604/604
f 607/607 608/608 606/606
f 608/608 605/605 606/606
f 611/611 614/614 613/613
f 612/612 609/609 610/610
f 613/613 612/612 610/610
f 611/611 613/613 610/610
f 618/618 616/616 615/615
f 617/617 618/618 615/615
f 622/622 621/621 620/620
f 621/621 619/619 620/620
f 625/625 626/626 623/623
f 626/626 624/624 623/623
f 630/630 628/628 627/627
f 629/629 630/630 627/627
f 634/634 632/632 631/631
f 633/633 634/634 631/631
f 638/638 636/636 635/635
f 637/637 638/638 635/635
f 641/641 643/643 639/639
f 641/641 642/642 643/643
f 639/639 640/640 641/641
f 643/643 644/644 639/639
f 647/647 648/648 645/645
f 648/648 646/646 645/645
f 649/649 650/650 651/651
f 650/650 652/652 651/651
f 663/663 662/662 661/661
f 654/654 663/663 661/661
f 656/656 657/657 655/655
f 653/653 656/656 655/655
f 660/660 659/659 661/661
f 662/662 660/660 661/661
f 654/654 661/661 659/659
f 654/654 659/659 656/656
f 655/655 663/663 654/654
f 653/653 655/655 654/654
f 659/659 658/658 656/656
f 656/656 653/653 654/654
f 664/664 667/667 665/665
f 667/667 668/668 665/665
f 666/666 669/669 664/664
f 669/669 667/667 664/664
f 678/678 679/679 665/665
f 675/675 678/678 665/665
f 671/671 672/672 674/674
f 677/677 676/676 674/674
f 676/676 670/670 674/674
f 668/668 677/677 675/675
f 670/670 671/671 674/674
f 675/675 677/677 674/674
f 672/672 673/673 674/674
f 665/665 668/668 675/675
f 682/682 681/681 680/680
f 684/684 682/682 680/680
f 683/683 682/682 684/684
f 685/685 683/683 684/684
f 689/689 690/690 687/687
f 690/690 691/691 687/687
f 689/689 687/687 688/688
f 687/687 686/686 688/688
f 694/694 695/695 697/697
f 695/695 696/696 697/697
f 694/694 697/697 693/693
f 697/697 692/692 693/693
f 701/701 700/700 698/698
f 699/699 701/701 698/698
f 709/709 707/707 706/706
f 702/702 703/703 709/709
f 709/709 708/708 707/707
f 705/705 702/702 709/709
f 706/706 705/705 709/709
f 706/706 704/704 705/705
f 711/711 713/713 710/710
f 713/713 712/712 710/710
f 714/714 715/715 719/719
f 719/719 716/716 718/718
f 718/718 714/714 719/719
f 716/716 717/717 718/718
f 720/720 721/721 725/725
f 725/725 723/723 724/724
f 724/724 720/720 725/725
f 724/724 722/722 720/720
f 729/729 728/728 726/726
f 727/727 729/729 726/726
f 730/730 741/741 739/739
f 739/739 738/738 737/737
f 732/732 731/731 730/730
f 735/735 732/732 730/730
f 735/735 734/734 732/732
f 737/737 735/735 730/730
f 730/730 740/740 741/741
f 734/734 736/736 732/732
f 730/730 739/739 737/737
f 736/736 733/733 732/732
f 746/746 747/747 748/748
f 746/746 748/748 743/743
f 743/743 742/742 744/744
f 744/744 745/745 746/746
f 743/743 744/744 746/746
f 751/751 750/750 749/749
f 752/752 751/751 749/749
f 756/756 754/754 755/755
f 754/754 753/753 755/755
f 759/759 758/758 757/757
f 760/760 759/759 757/757
f 764/764 763/763 762/762
f 761/761 764/764 762/762
f 777/777 771/771 769/769
f 777/777 774/774 771/771
f 782/782 779/779 777/777
f 769/769 786/786 782/782
f 788/788 768/768 767/767
f 767/767 765/765 772/772
f 768/768 765/765 767/767
f 776/776 779/779 780/780
f 775/775 773/773 778/778
f 779/779 782/782 784/784
f 778/778 776/776 780/780
f 771/771 766/766 769/769
f 769/769 782/782 777/777
f 770/770 773/773 775/775
f 772/772 770/770 775/775
f 802/802 803/803 805/805
f 805/805 772/772 775/775
f 802/802 805/805 775/775
f 806/806 809/809 808/808
f 805/805 806/806 808/808
f 808/808 767/767 772/772
f 794/794 797/797 784/784
f 798/798 800/800 799/799
f 797/797 798/798 799/799
f 799/799 778/778 780/780
f 797/797 799/799 780/780
f 800/800 803/803 802/802
f 799/799 800/800 802/802
f 802/802 775/775 778/778
f 789/789 793/793 787/787
f 790/790 795/795 793/793
f 789/789 790/790 793/793
f 811/811 790/790 789/789
f 792/792 811/811 789/789
f 796/796 798/798 797/797
f 794/794 796/796 797/797
f 797/797 780/780 784/784
f 780/780 779/779 784/784
f 781/781 785/785 787/787
f 783/783 781/781 787/787
f 785/785 768/768 788/788
f 787/787 785/785 788/788
f 789/789 787/787 788/788
f 773/773 776/776 778/778
f 765/765 770/770 772/772
f 799/799 802/802 778/778
f 803/803 806/806 805/805
f 808/808 809/809 792/792
f 792/792 788/788 767/767
f 793/793 783/783 787/787
f 792/792 789/789 788/788
f 798/798 791/791 810/810
f 810/810 807/807 804/804
f 808/808 792/792 767/767
f 791/791 812/812 810/810
f 798/798 796/796 791/791
f 805/805 808/808 772/772
f 810/810 804/804 798/798
f 804/804 801/801 798/798
f 809/809 811/811 792/792
f 816/816 819/819 814/814
f 822/822 823/823 821/821
f 820/820 822/822 821/821
f 816/816 813/813 815/815
f 823/823 815/815 814/814
f 819/819 821/821 814/814
f 816/816 818/818 819/819
f 814/814 813/813 816/816
f 815/815 813/813 814/814
f 817/817 816/816 815/815
f 819/819 820/820 821/821
f 823/823 814/814 821/821
f 839/839 838/838 825/825
f 838/838 835/835 825/825
f 828/828 825/825 835/835
f 827/827 824/824 825/825
f 829/829 826/826 824/824
f 827/827 829/829 824/824
f 828/828 827/827 825/825
f 837/837 828/828 835/835
f 830/830 836/836 834/834
f 836/836 837/837 834/834
f 837/837 835/835 834/834
f 831/831 830/830 834/834
f 832/832 831/831 834/834
f 833/833 832/832 834/834
f 841/841 842/842 840/840
f 843/843 845/845 844/844
f 842/842 843/843 844/844
f 842/842 844/844 840/840
f 851/851 853/853 849/849
f 851/851 852/852 853/853
f 853/853 847/847 846/846
f 849/849 848/848 851/851
f 853/853 846/846 849/849
f 848/848 850/850 851/851
f 859/859 858/858 857/857
f 855/855 859/859 857/857
f 855/855 857/857 856/856
f 854/854 855/855 856/856
f 864/864 863/863 862/862
f 865/865 862/862 861/861
f 865/865 864/864 862/862
f 860/860 865/865 861/861
f 870/870 869/869 871/871
f 869/869 868/868 871/871
f 871/871 867/867 866/866
f 871/871 866/866 870/870
f 875/875 873/873 872/872
f 874/874 875/875 872/872
f 876/876 878/878 880/880
f 881/881 877/877 879/879
f 877/877 880/880 879/879
f 877/877 876/876 880/880
f 884/884 885/885 882/882
f 885/885 883/883 882/882
f 890/890 888/888 887/887
f 892/892 891/891 890/890
f 890/890 889/889 888/888
f 887/887 892/892 890/890
f 888/888 886/886 887/887
f 894/894 896/896 898/898
f 896/896 897/897 898/898
f 894/894 898/898 895/895
f 893/893 894/894 895/895
f 901/901 902/902 899/899
f 902/902 900/900 899/899
f 910/910 913/913 908/908
f 910/910 912/912 913/913
f 906/906 909/909 907/907
f 903/903 904/904 905/905
f 913/913 905/905 908/908
f 910/910 911/911 912/912
f 913/913 903/903 905/905
f 912/912 914/914 913/913
f 905/905 906/906 907/907
f 905/905 907/907 908/908
f 916/916 917/917 915/915
f 917/917 918/918 915/915
f 919/919 920/920 921/921
f 920/920 922/922 921/921
f 924/924 925/925 923/923
f 925/925 926/926 923/923
f 930/930 927/927 928/928
f 929/929 930/930 928/928
f 934/934 954/954 933/933
f 931/931 934/934 933/933
f 935/935 932/932 937/937
f 948/948 952/952 935/935
f 948/948 945/945 950/950
f 945/945 946/946 950/950
f 964/964 962/962 963/963
f 962/962 960/960 963/963
f 956/956 977/977 955/955
f 977/977 958/958 955/955
f 933/933 974/974 938/938
f 974/974 971/971 938/938
f 941/941 968/968 944/944
f 968/968 965/965 944/944
f 957/957 964/964 970/970
f 970/970 976/976 957/957
f 976/976 978/978 957/957
f 970/970 973/973 976/976
f 954/954 958/958 933/933
f 958/958 974/974 933/933
f 946/946 963/963 950/950
f 963/963 960/960 950/950
f 977/977 975/975 958/958
f 975/975 974/974 958/958
f 972/972 971/971 974/974
f 975/975 972/972 974/974
f 938/938 971/971 941/941
f 971/971 968/968 941/941
f 969/969 968/968 971/971
f 972/972 969/969 971/971
f 969/969 966/966 968/968
f 966/966 965/965 968/968
f 944/944 965/965 946/946
f 965/965 963/963 946/946
f 966/966 964/964 965/965
f 964/964 963/963 965/965
f 936/936 931/931 938/938
f 931/931 933/933 938/938
f 945/945 942/942 946/946
f 942/942 944/944 946/946
f 942/942 939/939 944/944
f 939/939 941/941 944/944
f 961/961 956/956 959/959
f 956/956 955/955 959/959
f 937/937 943/943 948/948
f 948/948 935/935 937/937
f 953/953 955/955 954/954
f 955/955 958/958 954/954
f 934/934 951/951 954/954
f 951/951 953/953 954/954
f 951/951 947/947 953/953
f 947/947 949/949 953/953
f 957/957 962/962 964/964
f 964/964 967/967 970/970
f 937/937 940/940 943/943
f 943/943 945/945 948/948
f 939/939 936/936 941/941
f 936/936 938/938 941/941
f 959/959 955/955 953/953
f 949/949 959/959 953/953
f 982/982 980/980 981/981
f 980/980 979/979 981/981
f 988/988 986/986 984/984
f 983/983 985/985 987/987
f 988/988 984/984 987/987
f 984/984 983/983 987/987
f 992/992 990/990 989/989
f 991/991 992/992 989/989
f 996/996 995/995 994/994
f 995/995 993/993 994/994
f 997/997 999/999 1002/1002
f 997/997 1002/1002 1000/1000
f 1002/1002 1001/1001 1000/1000
f 1000/1000 998/998 997/997
f 1018/1018 1085/1085 1062/1062
f 1023/1023 1018/1018 1062/1062
f 1027/1027 1055/1055 1059/1059
f 1006/1006 1027/1027 1059/1059
f 1053/1053 1075/1075 1089/1089
f 1043/1043 1053/1053 1089/1089
f 1069/1069 1071/1071 1030/1030
f 1040/1040 1069/1069 1030/1030
f 1013/1013 1082/1082 1079/1079
f 1009/1009 1013/1013 1079/1079
f 1048/1048 1005/1005 1058/1058
f 1077/1077 1048/1048 1058/1058
f 1022/1022 1061/1061 1055/1055
f 1027/1027 1022/1022 1055/1055
f 1036/1036 1066/1066 1069/1069
f 1040/1040 1036/1036 1069/1069
f 1044/1044 1090/1090 1065/1065
f 1035/1035 1044/1044 1065/1065
f 1009/1009 1079/1079 1086/1086
f 1019/1019 1009/1009 1086/1086
f 1008/1008 1010/1010 1015/1015
f 1011/1011 1008/1008 1015/1015
f 1009/1009 1008/1008 1011/1011
f 1013/1013 1009/1009 1011/1011
f 1017/1017 1020/1020 1010/1010
f 1008/1008 1017/1017 1010/1010
f 1019/1019 1017/1017 1008/1008
f 1009/1009 1019/1019 1008/1008
f 1054/1054 1052/1052 1047/1047
f 1051/1051 1054/1054 1047/1047
f 1053/1053 1054/1054 1051/1051
f 1049/1049 1053/1053 1051/1051
f 1045/1045 1042/1042 1052/1052
f 1054/1054 1045/1045 1052/1052
f 1043/1043 1045/1045 1054/1054
f 1053/1053 1043/1043 1054/1054
f 1004/1004 1007/1007 1026/1026
f 1028/1028 1004/1004 1026/1026
f 1006/1006 1004/1004 1028/1028
f 1027/1027 1006/1006 1028/1028
f 1028/1028 1026/1026 1021/1021
f 1024/1024 1028/1028 1021/1021
f 1027/1027 1028/1028 1024/1024
f 1022/1022 1027/1027 1024/1024
f 1032/1032 1029/1029 1039/1039
f 1041/1041 1032/1032 1039/1039
f 1030/1030 1032/1032 1041/1041
f 1040/1040 1030/1030 1041/1041
f 1041/1041 1039/1039 1034/1034
f 1038/1038 1041/1041 1034/1034
f 1040/1040 1041/1041 1038/1038
f 1036/1036 1040/1040 1038/1038
f 1033/1033 1031/1031 1014/1014
f 1012/1012 1033/1033 1014/1014
f 1046/1046 1044/1044 1035/1035
f 1037/1037 1046/1046 1035/1035
f 1042/1042 1046/1046 1037/1037
f 1034/1034 1042/1042 1037/1037
f 1120/1120 1107/1107 1098/1098
f 1105/1105 1120/1120 1098/1098
f 1016/1016 1018/1018 1023/1023
f 1025/1025 1016/1016 1023/1023
f 1020/1020 1016/1016 1025/1025
f 1021/1021 1020/1020 1025/1025
f 1052/1052 1042/1042 1091/1091
f 1047/1047 1052/1052 1091/1091
f 1092/1092 1029/1029 1015/1015
f 1093/1093 1092/1092 1015/1015
f 1053/1053 1049/1049 1078/1078
f 1075/1075 1053/1053 1078/1078
f 1042/1042 1034/1034 1092/1092
f 1091/1091 1042/1042 1092/1092
f 1007/1007 1003/1003 1050/1050
f 1047/1047 1007/1007 1050/1050
f 1091/1091 1092/1092 1093/1093
f 1094/1094 1091/1091 1093/1093
f 1034/1034 1039/1039 1029/1029
f 1092/1092 1034/1034 1029/1029
f 1003/1003 1005/1005 1048/1048
f 1050/1050 1003/1003 1048/1048
f 1094/1094 1093/1093 1020/1020
f 1021/1021 1094/1094 1020/1020
f 1093/1093 1015/1015 1010/1010
f 1020/1020 1093/1093 1010/1010
f 1007/1007 1094/1094 1021/1021
f 1026/1026 1007/1007 1021/1021
f 1029/1029 1033/1033 1012/1012
f 1015/1015 1029/1029 1012/1012
f 1121/1121 1076/1076 1060/1060
f 1108/1108 1121/1121 1060/1060
f 1047/1047 1091/1091 1094/1094
f 1007/1007 1047/1047 1094/1094
f 1117/1117 1114/1114 1103/1103
f 1096/1096 1117/1117 1103/1103
f 1119/1119 1104/1104 1101/1101
f 1111/1111 1119/1119 1101/1101
f 1102/1102 1106/1106 1099/1099
f 1095/1095 1102/1102 1099/1099
f 1118/1118 1097/1097 1100/1100
f 1110/1110 1118/1118 1100/1100
f 1116/1116 1081/1081 1084/1084
f 1112/1112 1064/1064 1088/1088
f 1122/1122 1112/1112 1088/1088
f 1115/1115 1087/1087 1080/1080
f 1122/1122 1088/1088 1074/1074
f 1109/1109 1063/1063 1087/1087
f 1115/1115 1109/1109 1087/1087
f 1031/1031 1072/1072 1083/1083
f 1014/1014 1031/1031 1083/1083
f 1121/1121 1073/1073 1076/1076
f 1116/1116 1084/1084 1070/1070
f 1113/1113 1116/1116 1070/1070
f 1113/1113 1070/1070 1068/1068
f 1112/1112 1067/1067 1064/1064
f 1109/1109 1057/1057 1063/1063
f 1108/1108 1060/1060 1056/1056
f 1152/1152 1146/1146 1148/1148
f 1150/1150 1152/1152 1148/1148
f 1159/1159 1143/1143 1146/1146
f 1152/1152 1159/1159 1146/1146
f 1169/1169 1139/1139 1141/1141
f 1171/1171 1169/1169 1141/1141
f 1153/1153 1133/1133 1136/1136
f 1162/1162 1153/1153 1136/1136
f 1150/1150 1148/1148 1126/1126
f 1174/1174 1150/1150 1126/1126
f 1171/1171 1141/1141 1133/1133
f 1153/1153 1171/1171 1133/1133
f 1156/1156 1128/1128 1139/1139
f 1169/1169 1156/1156 1139/1139
f 1174/1174 1126/1126 1124/1124
f 1158/1158 1174/1174 1124/1124
f 1130/1130 1168/1168 1158/1158
f 1124/1124 1130/1130 1158/1158
f 1128/1128 1156/1156 1168/1168
f 1130/1130 1128/1128 1168/1168
f 1131/1131 1165/1165 1161/1161
f 1135/1135 1131/1131 1161/1161
f 1143/1143 1159/1159 1165/1165
f 1131/1131 1143/1143 1165/1165
f 1187/1187 1147/1147 1145/1145
f 1186/1186 1187/1187 1145/1145
f 1176/1176 1125/1125 1147/1147
f 1187/1187 1176/1176 1147/1147
f 1183/1183 1140/1140 1127/1127
f 1177/1177 1183/1183 1127/1127
f 1175/1175 1123/1123 1125/1125
f 1176/1176 1175/1175 1125/1125
f 1180/1180 1134/1134 1142/1142
f 1184/1184 1180/1180 1142/1142
f 1182/1182 1138/1138 1134/1134
f 1180/1180 1182/1182 1134/1134
f 1185/1185 1144/1144 1132/1132
f 1179/1179 1185/1185 1132/1132
f 1186/1186 1145/1145 1144/1144
f 1185/1185 1186/1186 1144/1144
f 1179/1179 1132/1132 1137/1137
f 1181/1181 1179/1179 1137/1137
f 1184/1184 1142/1142 1140/1140
f 1183/1183 1184/1184 1140/1140
f 1178/1178 1129/1129 1123/1123
f 1175/1175 1178/1178 1123/1123
f 1177/1177 1127/1127 1129/1129
f 1178/1178 1177/1177 1129/1129
f 1189/1189 1151/1151 1149/1149
f 1188/1188 1189/1189 1149/1149
f 1193/1193 1160/1160 1151/1151
f 1189/1189 1193/1193 1151/1151
f 1198/1198 1170/1170 1172/1172
f 1199/1199 1198/1198 1172/1172
f 1190/1190 1154/1154 1164/1164
f 1195/1195 1190/1190 1164/1164
f 1196/1196 1166/1166 1160/1160
f 1193/1193 1196/1196 1160/1160
f 1194/1194 1163/1163 1166/1166
f 1196/1196 1194/1194 1166/1166
f 1197/1197 1167/1167 1155/1155
f 1191/1191 1197/1197 1155/1155
f 1188/1188 1149/1149 1173/1173
f 1200/1200 1188/1188 1173/1173
f 1199/1199 1172/1172 1154/1154
f 1190/1190 1199/1199 1154/1154
f 1192/1192 1157/1157 1167/1167
f 1197/1197 1192/1192 1167/1167
f 1191/1191 1155/1155 1170/1170
f 1198/1198 1191/1191 1170/1170
f 1200/1200 1173/1173 1157/1157
f 1192/1192 1200/1200 1157/1157
f 1215/1215 1218/1218 1201/1201
f 1204/1204 1215/1215 1201/1201
f 1208/1208 1217/1217 1205/1205
f 1211/1211 1208/1208 1205/1205
f 1210/1210 1213/1213 1202/1202
f 1220/1220 1210/1210 1202/1202
f 1212/1212 1206/1206 1203/1203
f 1214/1214 1212/1212 1203/1203
f 1207/1207 1209/1209 1219/1219
f 1216/1216 1207/1207 1219/1219
f 1226/1226 1221/1221 1234/1234
f 1239/1239 1226/1226 1234/1234
f 1442/1442 1449/1449 1455/1455
f 1426/1426 1432/1432 1442/1442
f 1424/1424 1421/1421 1426/1426
f 1442/1442 1455/1455 1424/1424
f 1424/1424 1426/1426 1442/1442
f 1239/1239 1234/1234 1227/1227
f 1232/1232 1239/1239 1227/1227
f 1456/1456 1459/1459 1420/1420
f 1425/1425 1456/1456 1420/1420
f 1242/1242 1224/1224 1237/1237
f 1245/1245 1242/1242 1237/1237
f 1458/1458 1461/1461 1469/1469
f 1419/1419 1458/1458 1469/1469
f 1249/1249 1229/1229 1233/1233
f 1253/1253 1249/1249 1233/1233
f 1252/1252 1232/1232 1227/1227
f 1247/1247 1252/1252 1227/1227
f 1258/1258 1223/1223 1241/1241
f 1264/1264 1258/1258 1241/1241
f 1243/1243 1235/1235 1299/1299
f 1309/1309 1243/1243 1299/1299
f 1255/1255 1221/1221 1226/1226
f 1260/1260 1255/1255 1226/1226
f 1234/1234 1221/1221 1255/1255
f 1247/1247 1227/1227 1234/1234
f 1255/1255 1267/1267 1247/1247
f 1255/1255 1247/1247 1234/1234
f 1270/1270 1250/1250 1246/1246
f 1268/1268 1270/1270 1246/1246
f 1431/1431 1428/1428 1423/1423
f 1393/1393 1503/1503 1431/1431
f 1390/1390 1393/1393 1431/1431
f 1431/1431 1423/1423 1416/1416
f 1418/1418 1390/1390 1431/1431
f 1416/1416 1418/1418 1431/1431
f 1272/1272 1254/1254 1259/1259
f 1274/1274 1272/1272 1259/1259
f 1274/1274 1259/1259 1256/1256
f 1273/1273 1274/1274 1256/1256
f 1273/1273 1256/1256 1262/1262
f 1275/1275 1273/1273 1262/1262
f 1276/1276 1265/1265 1254/1254
f 1272/1272 1276/1276 1254/1254
f 1268/1268 1246/1246 1266/1266
f 1277/1277 1268/1268 1266/1266
f 1291/1291 1275/1275 1262/1262
f 1284/1284 1291/1291 1262/1262
f 1325/1325 1284/1284 1262/1262
f 1319/1319 1325/1325 1262/1262
f 1228/1228 1334/1334 1332/1332
f 1231/1231 1228/1228 1332/1332
f 1305/1305 1295/1295 1297/1297
f 1301/1301 1305/1305 1297/1297
f 1315/1315 1294/1294 1304/1304
f 1318/1318 1315/1315 1304/1304
f 1327/1327 1320/1320 1306/1306
f 1323/1323 1327/1327 1306/1306
f 1324/1324 1308/1308 1311/1311
f 1329/1329 1324/1324 1311/1311
f 1222/1222 1257/1257 1317/1317
f 1300/1300 1236/1236 1222/1222
f 1317/1317 1303/1303 1300/1300
f 1317/1317 1300/1300 1222/1222
f 1316/1316 1256/1256 1259/1259
f 1313/1313 1316/1316 1259/1259
f 1331/1331 1296/1296 1293/1293
f 1238/1238 1230/1230 1331/1331
f 1314/1314 1261/1261 1225/1225
f 1225/1225 1238/1238 1331/1331
f 1331/1331 1293/1293 1314/1314
f 1314/1314 1225/1225 1331/1331
f 1344/1344 1386/1386 1383/1383
f 1341/1341 1344/1344 1383/1383
f 1363/1363 1356/1356 1353/1353
f 1359/1359 1363/1363 1353/1353
f 1368/1368 1364/1364 1360/1360
f 1366/1366 1368/1368 1360/1360
f 1374/1374 1368/1368 1366/1366
f 1371/1371 1374/1374 1366/1366
f 1380/1380 1374/1374 1371/1371
f 1377/1377 1380/1380 1371/1371
f 1386/1386 1380/1380 1377/1377
f 1383/1383 1386/1386 1377/1377
f 1356/1356 1350/1350 1347/1347
f 1353/1353 1356/1356 1347/1347
f 1343/1343 1349/1349 1355/1355
f 1379/1379 1385/1385 1343/1343
f 1367/1367 1373/1373 1379/1379
f 1355/1355 1362/1362 1367/1367
f 1379/1379 1343/1343 1355/1355
f 1355/1355 1367/1367 1379/1379
f 1350/1350 1344/1344 1341/1341
f 1347/1347 1350/1350 1341/1341
f 1345/1345 1347/1347 1341/1341
f 1339/1339 1345/1345 1341/1341
f 1342/1342 1344/1344 1350/1350
f 1348/1348 1342/1342 1350/1350
f 1351/1351 1353/1353 1347/1347
f 1345/1345 1351/1351 1347/1347
f 1348/1348 1350/1350 1356/1356
f 1354/1354 1348/1348 1356/1356
f 1357/1357 1359/1359 1353/1353
f 1351/1351 1357/1357 1353/1353
f 1354/1354 1356/1356 1363/1363
f 1361/1361 1354/1354 1363/1363
f 1365/1365 1366/1366 1360/1360
f 1358/1358 1365/1365 1360/1360
f 1362/1362 1364/1364 1368/1368
f 1367/1367 1362/1362 1368/1368
f 1369/1369 1371/1371 1366/1366
f 1365/1365 1369/1369 1366/1366
f 1367/1367 1368/1368 1374/1374
f 1372/1372 1367/1367 1374/1374
f 1375/1375 1377/1377 1371/1371
f 1369/1369 1375/1375 1371/1371
f 1372/1372 1374/1374 1380/1380
f 1378/1378 1372/1372 1380/1380
f 1381/1381 1383/1383 1377/1377
f 1375/1375 1381/1381 1377/1377
f 1378/1378 1380/1380 1386/1386
f 1384/1384 1378/1378 1386/1386
f 1339/1339 1341/1341 1383/1383
f 1381/1381 1339/1339 1383/1383
f 1384/1384 1386/1386 1344/1344
f 1342/1342 1384/1384 1344/1344
f 1346/1346 1340/1340 1382/1382
f 1358/1358 1352/1352 1346/1346
f 1370/1370 1365/1365 1358/1358
f 1382/1382 1376/1376 1370/1370
f 1358/1358 1346/1346 1382/1382
f 1382/1382 1370/1370 1358/1358
f 1391/1391 1387/1387 1388/1388
f 1406/1406 1396/1396 1391/1391
f 1388/1388 1412/1412 1406/1406
f 1388/1388 1406/1406 1391/1391
f 1389/1389 1417/1417 1388/1388
f 1387/1387 1389/1389 1388/1388
f 1391/1391 1394/1394 1389/1389
f 1387/1387 1391/1391 1389/1389
f 1399/1399 1400/1400 1395/1395
f 1392/1392 1399/1399 1395/1395
f 1402/1402 1399/1399 1392/1392
f 1398/1398 1402/1402 1392/1392
f 1403/1403 1401/1401 1397/1397
f 1407/1407 1403/1403 1397/1397
f 1404/1404 1403/1403 1407/1407
f 1410/1410 1404/1404 1407/1407
f 1408/1408 1406/1406 1412/1412
f 1413/1413 1408/1408 1412/1412
f 1417/1417 1413/1413 1412/1412
f 1388/1388 1417/1417 1412/1412
f 1282/1282 1248/1248 1251/1251
f 1269/1269 1290/1290 1282/1282
f 1251/1251 1271/1271 1269/1269
f 1251/1251 1269/1269 1282/1282
f 1420/1420 1415/1415 1422/1422
f 1425/1425 1420/1420 1422/1422
f 1469/1469 1409/1409 1414/1414
f 1419/1419 1469/1469 1414/1414
f 1279/1279 1337/1337 1334/1334
f 1228/1228 1279/1279 1334/1334
f 1436/1436 1433/1433 1427/1427
f 1429/1429 1436/1436 1427/1427
f 1240/1240 1244/1244 1310/1310
f 1321/1321 1263/1263 1240/1240
f 1310/1310 1307/1307 1321/1321
f 1310/1310 1321/1321 1240/1240
f 1454/1454 1445/1445 1435/1435
f 1441/1441 1454/1454 1435/1435
f 1500/1500 1489/1489 1498/1498
f 1434/1434 1438/1438 1500/1500
f 1498/1498 1440/1440 1434/1434
f 1498/1498 1434/1434 1500/1500
f 1476/1476 1450/1450 1443/1443
f 1446/1446 1476/1476 1443/1443
f 1283/1283 1280/1280 1229/1229
f 1249/1249 1283/1283 1229/1229
f 1482/1482 1447/1447 1444/1444
f 1493/1493 1486/1486 1482/1482
f 1444/1444 1453/1453 1493/1493
f 1444/1444 1493/1493 1482/1482
f 1322/1322 1328/1328 1336/1336
f 1285/1285 1326/1326 1322/1322
f 1286/1286 1292/1292 1285/1285
f 1286/1286 1285/1285 1322/1322
f 1322/1322 1336/1336 1278/1278
f 1278/1278 1281/1281 1289/1289
f 1278/1278 1289/1289 1288/1288
f 1287/1287 1286/1286 1322/1322
f 1278/1278 1288/1288 1287/1287
f 1278/1278 1287/1287 1322/1322
f 1405/1405 1411/1411 1470/1470
f 1463/1463 1467/1467 1468/1468
f 1468/1468 1405/1405 1470/1470
f 1470/1470 1463/1463 1468/1468
f 1479/1479 1477/1477 1448/1448
f 1483/1483 1479/1479 1448/1448
f 1481/1481 1484/1484 1487/1487
f 1475/1475 1481/1481 1487/1487
f 1495/1495 1494/1494 1487/1487
f 1490/1490 1495/1495 1487/1487
f 1488/1488 1485/1485 1492/1492
f 1497/1497 1488/1488 1492/1492
f 1473/1473 1475/1475 1487/1487
f 1494/1494 1473/1473 1487/1487
f 1400/1400 1495/1495 1490/1490
f 1395/1395 1400/1400 1490/1490
f 1491/1491 1452/1452 1439/1439
f 1496/1496 1491/1491 1439/1439
f 1501/1501 1504/1504 1395/1395
f 1490/1490 1501/1501 1395/1395
f 1502/1502 1499/1499 1437/1437
f 1430/1430 1502/1502 1437/1437
f 1333/1333 1335/1335 1338/1338
f 1302/1302 1298/1298 1333/1333
f 1330/1330 1312/1312 1302/1302
f 1333/1333 1338/1338 1330/1330
f 1330/1330 1302/1302 1333/1333
f 1505/1505 1510/1510 1512/1512
f 1507/1507 1505/1505 1512/1512
f 1508/1508 1505/1505 1507/1507
f 1528/1528 1508/1508 1507/1507
f 1511/1511 1506/1506 1509/1509
f 1517/1517 1514/1514 1511/1511
f 1522/1522 1519/1519 1517/1517
f 1509/1509 1526/1526 1522/1522
f 1517/1517 1511/1511 1509/1509
f 1509/1509 1522/1522 1517/1517
f 1510/1510 1513/1513 1515/1515
f 1512/1512 1510/1510 1515/1515
f 1513/1513 1516/1516 1518/1518
f 1515/1515 1513/1513 1518/1518
f 1516/1516 1519/1519 1520/1520
f 1518/1518 1516/1516 1520/1520
f 1519/1519 1522/1522 1524/1524
f 1520/1520 1519/1519 1524/1524
f 1521/1521 1525/1525 1527/1527
f 1523/1523 1521/1521 1527/1527
f 1525/1525 1508/1508 1528/1528
f 1527/1527 1525/1525 1528/1528
f 1529/1529 1527/1527 1528/1528
f 1532/1532 1529/1529 1528/1528
f 1533/1533 1523/1523 1527/1527
f 1529/1529 1533/1533 1527/1527
f 1530/1530 1535/1535 1533/1533
f 1529/1529 1530/1530 1533/1533
f 1551/1551 1530/1530 1529/1529
f 1532/1532 1551/1551 1529/1529
f 1536/1536 1538/1538 1537/1537
f 1534/1534 1536/1536 1537/1537
f 1537/1537 1520/1520 1524/1524
f 1534/1534 1537/1537 1524/1524
f 1538/1538 1540/1540 1539/1539
f 1537/1537 1538/1538 1539/1539
f 1539/1539 1518/1518 1520/1520
f 1537/1537 1539/1539 1520/1520
f 1540/1540 1543/1543 1542/1542
f 1539/1539 1540/1540 1542/1542
f 1542/1542 1515/1515 1518/1518
f 1539/1539 1542/1542 1518/1518
f 1543/1543 1546/1546 1545/1545
f 1542/1542 1543/1543 1545/1545
f 1545/1545 1512/1512 1515/1515
f 1542/1542 1545/1545 1515/1515
f 1546/1546 1549/1549 1548/1548
f 1545/1545 1546/1546 1548/1548
f 1548/1548 1507/1507 1512/1512
f 1545/1545 1548/1548 1512/1512
f 1549/1549 1551/1551 1532/1532
f 1548/1548 1549/1549 1532/1532
f 1532/1532 1528/1528 1507/1507
f 1548/1548 1532/1532 1507/1507
f 1531/1531 1552/1552 1550/1550
f 1538/1538 1536/1536 1531/1531
f 1544/1544 1541/1541 1538/1538
f 1550/1550 1547/1547 1544/1544
f 1538/1538 1531/1531 1550/1550
f 1550/1550 1544/1544 1538/1538
f 1480/1480 1474/1474 1472/1472
f 1451/1451 1478/1478 1480/1480
f 1460/1460 1457/1457 1451/1451
f 1466/1466 1462/1462 1460/1460
f 1464/1464 1466/1466 1460/1460
f 1451/1451 1480/1480 1472/1472
f 1451/1451 1472/1472 1471/1471
f 1464/1464 1460/1460 1451/1451
f 1451/1451 1471/1471 1465/1465
f 1465/1465 1464/1464 1451/1451
f 1582/1582 1614/1614 1605/1605
f 1580/1580 1582/1582 1605/1605
f 1604/1604 1561/1561 1564/1564
f 1595/1595 1604/1604 1564/1564
f 1574/1574 1556/1556 1562/1562
f 1565/1565 1574/1574 1562/1562
f 1584/1584 1590/1590 1596/1596
f 1612/1612 1584/1584 1596/1596
f 1579/1579 1577/1577 1587/1587
f 1583/1583 1581/1581 1579/1579
f 1591/1591 1589/1589 1583/1583
f 1587/1587 1585/1585 1591/1591
f 1583/1583 1579/1579 1587/1587
f 1587/1587 1591/1591 1583/1583
f 1594/1594 1592/1592 1586/1586
f 1603/1603 1594/1594 1586/1586
f 1598/1598 1564/1564 1558/1558
f 1613/1613 1598/1598 1558/1558
f 1616/1616 1558/1558 1555/1555
f 1607/1607 1616/1616 1555/1555
f 1610/1610 1555/1555 1561/1561
f 1601/1601 1610/1610 1561/1561
f 1576/1576 1567/1567 1570/1570
f 1573/1573 1576/1576 1570/1570
f 1566/1566 1563/1563 1559/1559
f 1568/1568 1566/1566 1559/1559
f 1571/1571 1553/1553 1557/1557
f 1575/1575 1571/1571 1557/1557
f 1569/1569 1560/1560 1554/1554
f 1572/1572 1569/1569 1554/1554
f 1564/1564 1598/1598 1595/1595
f 1561/1561 1604/1604 1601/1601
f 1555/1555 1610/1610 1607/1607
f 1558/1558 1616/1616 1613/1613
f 1586/1586 1588/1588 1600/1600
f 1602/1602 1586/1586 1600/1600
f 1593/1593 1597/1597 1590/1590
f 1592/1592 1593/1593 1590/1590
f 1606/1606 1608/1608 1578/1578
f 1580/1580 1606/1606 1578/1578
f 1582/1582 1584/1584 1611/1611
f 1615/1615 1582/1582 1611/1611
f 1609/1609 1599/1599 1588/1588
f 1578/1578 1609/1609 1588/1588
f 1626/1626 1624/1624 1681/1681
f 1617/1617 1626/1626 1681/1681
f 1620/1620 1680/1680 1623/1623
f 1652/1652 1654/1654 1620/1620
f 1630/1630 1650/1650 1652/1652
f 1623/1623 1628/1628 1630/1630
f 1652/1652 1620/1620 1623/1623
f 1623/1623 1630/1630 1652/1652
f 1629/1629 1624/1624 1625/1625
f 1632/1632 1629/1629 1625/1625
f 1629/1629 1633/1633 1638/1638
f 1631/1631 1629/1629 1638/1638
f 1634/1634 1637/1637 1640/1640
f 1634/1634 1627/1627 1667/1667
f 1637/1637 1634/1634 1667/1667
f 1643/1643 1640/1640 1637/1637
f 1649/1649 1643/1643 1637/1637
f 1631/1631 1639/1639 1641/1641
f 1651/1651 1631/1631 1641/1641
f 1644/1644 1653/1653 1651/1651
f 1642/1642 1644/1644 1651/1651
f 1643/1643 1649/1649 1646/1646
f 1645/1645 1657/1657 1655/1655
f 1653/1653 1645/1645 1655/1655
f 1655/1655 1656/1656 1660/1660
f 1621/1621 1655/1655 1660/1660
f 1658/1658 1664/1664 1661/1661
f 1658/1658 1646/1646 1649/1649
f 1664/1664 1658/1658 1649/1649
f 1671/1671 1668/1668 1662/1662
f 1647/1647 1671/1671 1662/1662
f 1669/1669 1674/1674 1665/1665
f 1663/1663 1669/1669 1665/1665
f 1619/1619 1661/1661 1664/1664
f 1667/1667 1619/1619 1664/1664
f 1679/1679 1676/1676 1670/1670
f 1673/1673 1679/1679 1670/1670
f 1675/1675 1678/1678 1636/1636
f 1666/1666 1675/1675 1636/1636
f 1677/1677 1672/1672 1648/1648
f 1635/1635 1677/1677 1648/1648
f 1619/1619 1667/1667 1627/1627
f 1682/1682 1622/1622 1659/1659
f 1618/1618 1682/1682 1659/1659

