<COLLADA xmlns="http://www.collada.org/2005/11/COLLADASchema" version="1.4.1">
  <asset>
    <created>2026-08-27T10:59:49.244857</created>
    <modified>2026-08-27T10:59:49.244867</modified>
    <up_axis>Y_UP</up_axis>
  </asset>
  <library_effects>
    <effect id="6f38d95985e74329a9cfdca17498e45d" name="6f38d95985e74329a9cfdca17498e45d">
      <profile_COMMON>
        <technique sid="common">
          <phong>
            <emission>
              <color>0.0 0.0 0.0 1.0</color>
            </emission>
            <ambient>
              <color>0.0 0.0 0.0 1.0</color>
            </ambient>
            <diffuse>
              <color>0.0 0.0 0.0 1.0</color>
            </diffuse>
            <specular>
              <color>0.0 0.0 0.0 1.0</color>
            </specular>
            <shininess>
              <float>0.0</float>
            </shininess>
            <reflective>
              <color>0.0 0.0 0.0 1.0</color>
            </reflective>
            <reflectivity>
              <float>0.0</float>
            </reflectivity>
            <transparent>
              <color>0.0 0.0 0.0 1.0</color>
            </transparent>
            <transparency>
              <float>1.0</float>
            </transparency>
          </phong>
        </technique>
        <extra>
          <technique profile="GOOGLEEARTH">
            <double_sided>0</double_sided>
          </technique>
        </extra>
      </profile_COMMON>
    </effect>
  </library_effects>
  <library_geometries>
    <geometry id="07429e0f0daa4f5eaebddf15190aff09" name="a1bf6a94f7474b3f9c33dcf4da41bf04">
      <mesh>
        <source id="verts-array">
          <float_array count="3972" id="verts-array-array">-0.05035489 0.007696247 0.001545281 -0.05035489 -0.03034167 0.001042424 0.0009369746 0.007696247 0.001312695 0.0009369746 -0.03034167 0.000404163 -0.05035489 -0.03034167 0.2365322 -0.05035489 0.007696247 0.2355637 0.0009369746 -0.03034167 0.2353702 0.0009369746 0.007696247 0.2344942 -0.05035488 0.1692782 0.1132508 0.0009369813 0.168899 0.06569358 0.0009369884 0.1691596 0.1132508 -0.05035489 0.1695977 0.06569358 0.2683424 -0.03034167 0.1132508 0.2679943 0.007696247 0.1132508 0.2676984 -0.03034167 0.06569358 0.2680244 0.007696247 0.06569358 0.05222884 -0.1940918 0.06569358 0.0009369746 -0.1945709 0.1132508 0.05222884 -0.1944985 0.1132508 0.0009369746 -0.1939832 0.06569358 -0.2643497 0.007696247 0.1132508 -0.2645485 -0.03034167 0.1132508 -0.2635022 0.007696247 0.06569358 -0.2637522 -0.03034167 0.06569358 -0.2558805 0.1609737 0.01027042 -0.2508531 0.1561283 0.006766256 -0.2482686 0.1631201 0.009012766 -0.2586366 0.1546803 0.007711019 -0.2594306 0.1599181 0.01283876 -0.261924 0.1545828 0.009832623 -0.2543147 0.1633626 0.01206022 -0.2483059 0.1650824 0.01104526 -0.2574482 0.1621296 0.01361088 -0.2585702 -0.1774631 0.01070681 -0.25728 -0.1838458 0.01198612 -0.2518093 -0.1791912 0.007041475 -0.251189 -0.1855556 0.009740163 -0.2569195 -0.1859006 0.01330027 -0.2517537 -0.1874303 0.01101314 -0.2603274 -0.1771156 0.0119152 -0.2593313 -0.1834618 0.01335448 -0.2586507 -0.1851634 0.01433558 0.2627521 -0.1801348 0.005267986 0.2568816 -0.1821083 0.002294848 0.2606883 -0.1855448 0.008383192 0.2541273 -0.1871586 0.005179544 0.2651083 -0.1795627 0.008800525 0.2633534 -0.1848542 0.01078066 0.2536417 -0.1898675 0.007956085 0.2599562 -0.187928 0.01057268 0.2623382 -0.1868929 0.01199992 0.2614099 0.1634407 0.007349777 0.2556562 0.1645889 0.004838644 0.2573234 0.159784 0.001249871 0.2631106 0.1585014 0.003844154 0.2554135 0.1669663 0.008295145 0.260697 0.1655514 0.01003259 0.2643154 0.1628401 0.009619477 0.2668888 0.1569077 0.006539093 0.263078 0.1648107 0.01114014 -0.2614858 0.1574585 0.2445994 -0.2599542 0.1638625 0.2412832 -0.2534116 0.158318 0.2476061 -0.2513857 0.1652726 0.2451073 -0.2590894 0.1667265 0.2386776 -0.2507141 0.1686541 0.2412828 -0.2648711 0.1572437 0.2404591 -0.2633412 0.1631523 0.2386567 -0.2621599 0.1656883 0.237224 0.2580571 0.1485681 0.2421335 0.2485288 0.1516499 0.2432938 0.2571826 0.157087 0.2415566 0.2469998 0.1605365 0.2422426 0.2658883 0.1461911 0.2393589 0.2644765 0.1547502 0.2385086 0.2477915 0.1646256 0.2383536 0.2569083 0.1628658 0.2380001 0.2635043 0.160526 0.2369194 0.2598526 -0.1849106 0.2401632 0.2476998 -0.1866231 0.244019 0.2523846 -0.1779107 0.2459732 0.2612525 -0.1759471 0.2417282 0.2592501 -0.1883905 0.2375018 0.2474346 -0.1906999 0.2404676 0.2639384 -0.1843777 0.2373067 0.2649752 -0.1758301 0.2387964 0.2626807 -0.1871851 0.2356606 -0.2603919 -0.1868177 0.242382 -0.2528443 -0.1806904 0.25 -0.2518488 -0.1880945 0.2455162 -0.262142 -0.1796499 0.2473188 -0.2640659 -0.1860439 0.2395671 -0.2667539 -0.1792727 0.2428333 -0.251584 -0.1909592 0.2405397 -0.2593503 -0.1896452 0.2389976 -0.2625415 -0.188669 0.2376811 -0.2587873 0.1666625 0.02563243 -0.2554865 0.1649886 0.01576459 -0.2497766 0.1687399 0.02331224 -0.2481167 0.1668796 0.01430662 -0.2543147 0.1633626 0.01206022 -0.2483059 0.1650824 0.01104526 -0.2616576 0.1650714 0.02631192 -0.259468 0.1632751 0.01691998 -0.2574482 0.1621296 0.01361088 0.262185 0.1683268 0.0207557 0.2558786 0.169373 0.01952742 0.2612574 0.1666473 0.01345765 0.2557989 0.168287 0.01213662 0.2639249 0.1655326 0.01414867 0.2652141 0.1669593 0.0203022 0.2554135 0.1669663 0.008295145 0.260697 0.1655514 0.01003259 0.263078 0.1648107 0.01114014 0.2578788 0.1662954 0.2305351 0.2489931 0.1674099 0.2325863 0.2496836 0.168619 0.2209571 0.2600231 0.1681241 0.2196005 0.2569083 0.1628658 0.2380001 0.2477915 0.1646256 0.2383536 0.2648521 0.1628764 0.2297551 0.2665226 0.1649799 0.2193808 0.2635043 0.160526 0.2369194 -0.2598074 0.1685228 0.2345626 -0.252187 0.1721652 0.2264604 -0.2507221 0.1708681 0.2362133 -0.2611667 0.1707202 0.2254709 -0.2631007 0.1665216 0.2335222 -0.2647061 0.1679009 0.2253858 -0.2590894 0.1667265 0.2386776 -0.2507141 0.1686541 0.2412828 -0.2621599 0.1656883 0.237224 0.2681652 0.164778 0.02060835 0.2660956 0.1634819 0.01319952 0.270926 0.1588273 0.01949198 0.2691601 0.1574711 0.01128496 0.2643154 0.1628401 0.009619477 0.2668888 0.1569077 0.006539093 0.2652141 0.1669593 0.0203022 0.2639249 0.1655326 0.01414867 0.263078 0.1648107 0.01114014 0.2666113 -0.186625 0.02118255 0.2678715 -0.181648 0.01921959 0.2648637 -0.1853977 0.01408282 0.2665219 -0.1798087 0.0124537 0.2633285 -0.1877495 0.01484747 0.2648848 -0.1890482 0.02153417 0.2651083 -0.1795627 0.008800525 0.2633534 -0.1848542 0.01078066 0.2623382 -0.1868929 0.01199992 0.2660143 -0.1847178 0.2325922 0.2681707 -0.1758187 0.234757 0.2690249 -0.1775172 0.2235891 0.2683834 -0.1859767 0.2205223 0.2639384 -0.1843777 0.2373067 0.2649752 -0.1758301 0.2387964 0.2638413 -0.1880829 0.2317524 0.2660846 -0.1899344 0.2203759 0.2626807 -0.1871851 0.2356606 0.268114 0.1557355 0.2296862 0.2715273 0.1500436 0.2187766 0.2698929 0.1467758 0.2315954 0.2710558 0.1587581 0.2178395 0.2648521 0.1628764 0.2297551 0.2665226 0.1649799 0.2193808 0.2644765 0.1547502 0.2385086 0.2658883 0.1461911 0.2393589 0.2635043 0.160526 0.2369194 0.2621812 -0.1907993 0.02127762 0.2605674 -0.1892891 0.01404476 0.2562437 -0.1923949 0.01923735 0.2539391 -0.1913429 0.0120047 0.2599562 -0.187928 0.01057268 0.2536417 -0.1898675 0.007956085 0.2648848 -0.1890482 0.02153417 0.2633285 -0.1877495 0.01484747 0.2623382 -0.1868929 0.01199992 -0.2598424 -0.1896063 0.02254096 -0.2530466 -0.1916349 0.02029121 -0.2574827 -0.1873882 0.0157637 -0.2518289 -0.188794 0.01329243 -0.2597541 -0.186155 0.01653783 -0.2621594 -0.1881785 0.0230506 -0.2517537 -0.1874303 0.01101314 -0.2569195 -0.1859006 0.01330027 -0.2586507 -0.1851634 0.01433558 -0.2598813 -0.1908906 0.2345074 -0.2515713 -0.1920345 0.2353924 -0.252301 -0.1926153 0.2263634 -0.2606645 -0.1921932 0.2254591 -0.2593503 -0.1896452 0.2389976 -0.251584 -0.1909592 0.2405397 -0.2635105 -0.1894895 0.2337597 -0.2648558 -0.1907561 0.2252886 -0.2625415 -0.188669 0.2376811 0.2598729 -0.1903325 0.2327813 0.2497696 -0.1939094 0.2229307 0.2476436 -0.1927639 0.2350007 0.2618161 -0.1926395 0.220828 0.2638413 -0.1880829 0.2317524 0.2660846 -0.1899344 0.2203759 0.2592501 -0.1883905 0.2375018 0.2474346 -0.1906999 0.2404676 0.2626807 -0.1871851 0.2356606 -0.2637096 -0.1861671 0.02278534 -0.2611593 -0.1842969 0.01533341 -0.2653681 -0.1807735 0.0200745 -0.262182 -0.1778174 0.01336164 -0.2593313 -0.1834618 0.01335448 -0.2603274 -0.1771156 0.0119152 -0.2621594 -0.1881785 0.0230506 -0.2597541 -0.186155 0.01653783 -0.2586507 -0.1851634 0.01433558 -0.2638543 0.1631374 0.02570082 -0.2662685 0.1554697 0.02280292 -0.2617397 0.1605262 0.01636633 -0.2638787 0.1544441 0.01279626 -0.259468 0.1632751 0.01691998 -0.2616576 0.1650714 0.02631192 -0.261924 0.1545828 0.009832623 -0.2594306 0.1599181 0.01283876 -0.2574482 0.1621296 0.01361088 -0.2649008 0.163655 0.2344208 -0.2668585 0.1574076 0.2357042 -0.2678908 0.1581651 0.2271502 -0.2668756 0.1645485 0.2258781 -0.2633412 0.1631523 0.2386567 -0.2648711 0.1572437 0.2404591 -0.2631007 0.1665216 0.2335222 -0.2647061 0.1679009 0.2253858 -0.2621599 0.1656883 0.237224 -0.2661314 -0.1866606 0.2349588 -0.2706316 -0.1798969 0.2261773 -0.269394 -0.1791919 0.2366574 -0.2680978 -0.1875643 0.2253239 -0.2635105 -0.1894895 0.2337597 -0.2648558 -0.1907561 0.2252886 -0.2640659 -0.1860439 0.2395671 -0.2667539 -0.1792727 0.2428333 -0.2625415 -0.188669 0.2376811 -0.2584228 0.007711204 0.01022681 -0.2549831 -0.03034167 0.009370353 -0.2549772 0.007696247 0.009473497 -0.2583904 -0.03036471 0.01031982 -0.2610804 0.007692059 0.01177046 -0.2609704 -0.03037023 0.01174498 0.0009369708 -0.1869461 0.005888902 0.05222884 -0.1822975 0.003898001 0.0009369746 -0.1822752 0.004337941 0.05222884 -0.1869618 0.005827041 0.0009369746 -0.1895338 0.008265423 0.05222884 -0.1896498 0.008102804 0.2572904 0.007696247 0.001865872 0.2628236 -0.03034167 0.00466001 0.2628772 0.007696247 0.004474296 0.2572574 -0.03034167 0.002438247 0.2653545 0.007696247 0.008342513 0.2653586 -0.03034167 0.008337488 -0.05035489 0.1640094 0.007039167 0.0009369746 0.1596269 0.004394231 0.0009369746 0.1642346 0.006149668 -0.05035489 0.1595999 0.004928227 0.0009369746 0.1662464 0.009165486 -0.05035489 0.1657994 0.009792142 0.0009369746 0.164277 0.2412156 0.05222934 0.1640715 0.2408901 0.0009369746 0.1595674 0.2416268 0.05222842 0.1582382 0.241024 0.0009369746 0.1671579 0.2393106 0.05222936 0.1669087 0.2389516 0.2546904 -0.03013375 0.2403835 0.2617639 0.007697452 0.2396293 0.2619763 -0.03034167 0.2396014 0.254856 0.007696571 0.2399454 0.2645663 0.007696823 0.237887 0.2645898 -0.03034167 0.2379144 0.0009369746 -0.1868405 0.2408924 -0.05035489 -0.1823809 0.2449448 0.0009369701 -0.1823732 0.2447925 -0.05035489 -0.1871837 0.2422474 0.0009369701 -0.1877598 0.2364456 -0.05035489 -0.1886603 0.237708 -0.2618347 -0.03034167 0.2456058 -0.2618222 0.007696247 0.2455628 -0.2554381 -0.03034167 0.2457072 -0.2554334 0.007696247 0.2456243 -0.2661986 -0.03034167 0.2422005 -0.265909 0.007696247 0.2418441 0.0009369746 0.1669627 0.01270033 0.05222884 0.1670298 0.01266687 0.0009369746 0.167695 0.0181354 0.05222884 0.1678295 0.01862764 0.0009369746 0.1662464 0.009165486 0.05222884 0.1663208 0.009061107 0.257202 0.1703555 0.185211 0.2629842 0.1698569 0.1850757 0.2666988 0.168017 0.1850292 0.0009369746 0.1691436 0.2355834 -0.05035489 0.1693579 0.2287228 0.0009369746 0.1696076 0.2281641 -0.05035489 0.1688107 0.2354178 0.0009369746 0.1671579 0.2393106 -0.05035489 0.1673164 0.2395328 -0.2602169 0.1676482 0.1132508 -0.2552754 0.1697097 0.06569358 -0.2551884 0.1686359 0.1132508 -0.2606372 0.1686877 0.06569358 -0.2624488 0.1659277 0.1132508 -0.2636111 0.166948 0.06569358 0.266387 0.007696247 0.01231358 0.266211 -0.03034167 0.01239036 0.2673768 0.007696247 0.01855008 0.2671779 -0.03034167 0.01856747 0.2653545 0.007696247 0.008342513 0.2653586 -0.03034167 0.008337488 0.2693074 -0.182382 0.1845871 0.2688973 -0.1874628 0.1844654 0.267342 -0.1911939 0.1846074 0.2665477 0.007696193 0.2346381 0.2677113 -0.03031321 0.2279158 0.2663811 -0.03034167 0.234882 0.2681059 0.007695924 0.2261184 0.2645663 0.007696823 0.237887 0.2645898 -0.03034167 0.2379144 0.2694168 0.1649452 0.1132508 0.2711694 0.1597896 0.06569358 0.2703687 0.1597396 0.1132508 0.2704064 0.1652537 0.06569358 0.2669006 0.1681904 0.1132508 0.2671297 0.1683916 0.06569358 0.0009369746 -0.1912055 0.01190514 -0.05035489 -0.1910395 0.01198778 0.0009369666 -0.1921287 0.01846291 -0.05035489 -0.1916916 0.01850646 0.0009369746 -0.1895338 0.008265423 -0.05035489 -0.1893234 0.008560369 -0.2554139 -0.1940663 0.1853265 -0.2615764 -0.1936582 0.1853715 -0.2663611 -0.192005 0.1855176 0.0009369746 -0.187902 0.2336485 0.05222883 -0.1897988 0.228503 0.0009369746 -0.1877572 0.2282996 0.05222884 -0.1890836 0.2342367 0.0009369701 -0.1877598 0.2364456 0.05222884 -0.1886273 0.2376618 0.262624 -0.191612 0.1132508 0.2572357 -0.1934223 0.06569358 0.2571944 -0.1929121 0.1132508 0.2630307 -0.1926173 0.06569358 0.265137 -0.1892879 0.1132508 0.2663947 -0.1903918 0.06569358 -0.2630502 -0.03038132 0.01479988 -0.2632698 0.007673076 0.01464354 -0.2641723 -0.03034167 0.01866646 -0.2643715 0.007696247 0.01864903 -0.2609704 -0.03037023 0.01174498 -0.2610804 0.007692059 0.01177046 -0.2701093 0.1598146 0.185912 -0.2693795 0.1654628 0.1868278 -0.2671869 0.1700405 0.1871571 -0.2671235 0.007696247 0.2360251 -0.2686253 -0.03034167 0.2289211 -0.2678411 0.007696247 0.2288525 -0.2676305 -0.03034167 0.2362466 -0.265909 0.007696247 0.2418441 -0.2661986 -0.03034167 0.2422005 -0.2655612 -0.1869731 0.1132508 -0.2664276 -0.1822561 0.06569358 -0.2669775 -0.1822904 0.1132508 -0.2662553 -0.1871894 0.06569358 -0.2641203 -0.1900404 0.1132508 -0.2647864 -0.190625 0.06569358 0.05222397 0.1695848 0.2274509 0.0009369951 0.1719118 0.1855994 0.05224651 0.1720135 0.1856368 0.2738192 -0.03020551 0.1843871 0.2737698 0.00781047 0.184678 -0.0503549 -0.1898384 0.2285069 -0.05035489 -0.1965358 0.1853265 0.0009369746 -0.1965323 0.1853265 -0.2747392 -0.0302698 0.1859708 -0.2738809 0.007754329 0.1862008 0.2572529 0.1709675 0.1776524 0.2632066 0.1704084 0.1775301 0.2671063 0.1683831 0.1775143 -0.2556223 0.1742081 0.1860436 -0.2623667 0.1729906 0.1869323 -0.2671869 0.1700405 0.1871571 0.2693846 -0.182397 0.1766346 0.2692227 -0.1875278 0.1764281 0.2676335 -0.1912998 0.1765626 0.2707384 0.1597653 0.1851716 0.2694619 0.1649643 0.1850496 0.2666988 0.168017 0.1850292 -0.2554191 -0.1941396 0.1778193 -0.2615967 -0.1936573 0.1777741 -0.2663036 -0.1919912 0.1776124 0.2574418 -0.1959324 0.1852951 0.2637769 -0.1943864 0.1849465 0.267342 -0.1911939 0.1846074 -0.2690404 0.1653371 0.1782835 -0.2694092 0.1597237 0.1775713 -0.2665931 0.1692958 0.1774091 -0.2708431 -0.1824912 0.1860135 -0.2697192 -0.1882471 0.1857961 -0.2663611 -0.192005 0.1855176 0.0009369951 0.1721077 0.1776104 0.05225817 0.1721659 0.1777492 0.2743796 0.008039778 0.1757261 0.275 -0.03008874 0.175477 0.000926436 -0.1940612 0.1780035 -0.05035501 -0.1959009 0.1778204 -0.2705442 -0.03007457 0.1777032 -0.2698555 0.007848292 0.1774641 -0.2626412 0.1723083 0.177194 -0.2558586 0.1738656 0.1769603 -0.2665931 0.1692958 0.1774091 0.2689282 0.1647768 0.1775041 0.2706624 0.1597338 0.1776137 0.2671063 0.1683831 0.1775143 0.2575863 -0.1961337 0.1766746 0.2640922 -0.1946106 0.1765936 0.2676335 -0.1912998 0.1765626 -0.2707083 -0.1825172 0.1773767 -0.2695921 -0.1882736 0.1775068 -0.2663036 -0.1919912 0.1776124 0.2572734 0.1712414 0.1723258 0.2631777 0.1703366 0.1721771 0.2669093 0.1682019 0.1721496 0.2676444 -0.1871195 0.1716278 0.2682415 -0.1823376 0.1716691 0.2658491 -0.1899629 0.1718042 -0.2611161 -0.1925352 0.1725583 -0.2554247 -0.1942307 0.1724697 -0.2644042 -0.1902802 0.1727916 -0.2656244 0.1643438 0.1739591 -0.2657242 0.1595099 0.1734575 -0.2628354 0.1661751 0.1740274 0.0009369951 0.1696429 0.1658004 0.05222246 0.1693861 0.1657528 0.0009369951 0.1691368 0.1727531 0.05225128 0.1693873 0.172858 0.2656538 0.007736371 0.1653157 0.2708095 -0.03004067 0.1721526 0.2714373 0.008044452 0.1715912 0.2661871 -0.03030469 0.1655553 0.0009377017 -0.1930836 0.1656714 -0.05035386 -0.1954793 0.1724637 0.0009364249 -0.1933436 0.1724766 -0.05036066 -0.1949188 0.1656824 -0.263543 -0.03010504 0.1677181 -0.2647988 0.00783001 0.1738262 -0.2655884 -0.03009054 0.1739571 -0.2637321 0.007805113 0.1671663 -0.260566 0.1679566 0.1741453 -0.2600322 0.1671182 0.167215 -0.2552401 0.1693351 0.1738751 -0.2552723 0.1695122 0.1665728 -0.2619911 0.1654795 0.1672267 -0.2628354 0.1661751 0.1740274 0.2690692 0.1648422 0.1721564 0.27114 0.1597908 0.1655671 0.2712966 0.1598076 0.1722667 0.2696332 0.165015 0.1654737 0.2669093 0.1682019 0.1721496 0.2673619 0.1685994 0.1654578 0.2623617 -0.1910531 0.1656165 0.2571703 -0.1926904 0.1724539 0.2628477 -0.1921006 0.1719374 0.257183 -0.1928061 0.1656739 0.2650252 -0.1891869 0.1655073 0.2658491 -0.1899629 0.1718042 -0.26514 -0.1868283 0.1660337 -0.26736 -0.1822665 0.1731426 -0.2661245 -0.1871184 0.1730183 -0.266386 -0.1822216 0.1661883 -0.2638643 -0.1898367 0.1658386 -0.2644042 -0.1902802 0.1727916 0.2572133 0.1704998 0.1132508 0.2572325 0.1707366 0.06569358 0.2629812 0.1698494 0.1132508 0.2630704 0.1700702 0.06569358 0.2669006 0.1681904 0.1132508 0.2671297 0.1683916 0.06569358 0.2673551 -0.182197 0.1132508 0.2694981 -0.1823307 0.06569358 0.266386 -0.1866462 0.1132508 0.2686167 -0.1873414 0.06569358 0.265137 -0.1892879 0.1132508 0.2663947 -0.1903918 0.06569358 -0.2554213 -0.1941581 0.1132508 -0.2554232 -0.1941815 0.06569358 -0.2612175 -0.1927674 0.1132508 -0.2613367 -0.1930622 0.06569358 -0.2641203 -0.1900404 0.1132508 -0.2647864 -0.190625 0.06569358 -0.2645242 0.1594918 0.1132508 -0.2667777 0.1596325 0.06569358 -0.2636399 0.163729 0.1132508 -0.265385 0.1642729 0.06569358 -0.2624488 0.1659277 0.1132508 -0.2636111 0.166948 0.06569358 0.2572684 0.1711687 0.1656114 0.2630635 0.1700453 0.1654995 0.2673619 0.1685994 0.1654578 0.2663017 -0.186623 0.1655194 0.2671541 -0.1821996 0.1655373 0.2650252 -0.1891869 0.1655073 -0.2611361 -0.1925843 0.1656786 -0.255451 -0.1946046 0.1656722 -0.2638643 -0.1898367 0.1658386 -0.2639968 0.1638288 0.1670637 -0.2641835 0.1594383 0.1663382 -0.2619911 0.1654795 0.1672267 0.2061044 0.007696247 0.001261197 0.2061044 -0.03034167 0.00123475 0.1548126 -0.03034167 0.0003806042 0.1548126 0.007696247 0.001329606 0.1035207 0.007696247 0.0009636026 0.1035207 -0.03034167 0.0005247581 0.05222884 0.007696247 0.0008836953 0.05222884 -0.03034167 0.0003881816 -0.2042305 -0.03034167 0.00616136 -0.2042305 0.007696247 0.006494225 -0.1529386 0.007696247 0.004936105 -0.1529386 -0.03034167 0.004782708 -0.1016468 -0.03034167 0.002719928 -0.1016467 0.007696247 0.003401217 0.2061044 -0.03034167 0.2379534 0.2061044 0.007696247 0.2369259 0.1548126 -0.03034167 0.2363046 0.1548126 0.007696247 0.2354327 0.1035207 -0.03034167 0.2351587 0.1035207 0.007696247 0.2348567 0.05222884 -0.03034167 0.234867 0.05222884 0.007696247 0.2342127 -0.2042305 -0.03034167 0.241748 -0.2042305 0.007696247 0.2417372 -0.1529386 -0.03034167 0.2393319 -0.1529386 0.007696247 0.2395028 -0.1016467 -0.03034167 0.2376884 -0.1016468 0.007696247 0.2373286 0.2061044 0.17121 0.1132508 0.2061044 0.170728 0.06569358 0.1548126 0.1701313 0.1132508 0.1548126 0.1704573 0.06569358 0.1035207 0.1707652 0.1132508 0.1035207 0.1710435 0.06569358 0.05222886 0.1700004 0.1132508 0.05222885 0.1694351 0.06569358 -0.2042305 0.1699626 0.06569358 -0.2042305 0.1697408 0.1132508 -0.1529386 0.1700536 0.06569358 -0.1529386 0.1692025 0.1132508 -0.1016468 0.1697271 0.06569358 -0.1016467 0.1691729 0.1132508 -0.2042305 -0.1952651 0.1132508 -0.2042305 -0.1945454 0.06569358 -0.1529386 -0.1963904 0.1132508 -0.1529386 -0.1947979 0.06569358 -0.1016467 -0.1960464 0.1132508 -0.1016467 -0.1945249 0.06569358 -0.05035489 -0.1952067 0.1132508 -0.05035489 -0.1941012 0.06569358 0.2061044 -0.1938484 0.06569358 0.2061044 -0.1943772 0.1132508 0.1548125 -0.1942341 0.06569358 0.1548125 -0.1947482 0.1132508 0.1035207 -0.1944296 0.1132508 0.1035207 -0.1941002 0.06569358 -0.2042305 -0.1821197 0.007405913 -0.2042305 -0.1863547 0.008224368 -0.1529386 -0.1821555 0.006700136 -0.1529386 -0.1865241 0.007555471 -0.1016468 -0.1822101 0.005622504 -0.1016468 -0.1866902 0.006899273 -0.05035489 -0.1822658 0.004523812 -0.05035489 -0.1868628 0.006217686 0.2061044 -0.1823801 0.002269425 0.2061044 -0.1874356 0.003955667 0.1548126 -0.1872933 0.00451763 0.1548126 -0.1823425 0.003011498 0.1035207 -0.1871764 0.004979538 0.1035207 -0.182328 0.00329631 -0.2042305 -0.1885099 0.009700952 -0.1529386 -0.1888845 0.009175758 -0.1016468 -0.1889882 0.009030393 -0.05035489 -0.1893234 0.008560369 0.2061044 -0.1905481 0.006843245 0.1548126 -0.1904191 0.007024139 0.1035207 -0.1899045 0.007745715 0.2061044 0.1597608 0.001753705 0.2061044 0.164933 0.00339209 0.1548126 0.164789 0.003960546 0.1548126 0.1597102 0.002751184 0.1035207 0.1644413 0.005333559 0.1035207 0.159679 0.003368082 0.05222884 0.1642896 0.005932461 0.05222884 0.1596547 0.003846952 -0.2042305 0.1594735 0.007422168 -0.2042305 0.1635313 0.008927141 -0.1529386 0.1595167 0.006568474 -0.1529386 0.1636811 0.008335516 -0.1016467 0.1595548 0.005818628 -0.1016467 0.163848 0.007676473 0.2061044 0.1676534 0.007192821 0.1548126 0.1672382 0.00777488 0.1035207 0.1667197 0.008501802 0.05222884 0.1663208 0.009061107 -0.2042305 0.165288 0.01050923 -0.1529386 0.165174 0.01066918 -0.1016468 0.1653898 0.01036646 -0.2042305 0.159694 0.244128 -0.2042305 0.1647847 0.2432208 -0.1529386 0.1647197 0.2429636 -0.1529386 0.1596691 0.243633 -0.1016468 0.1646235 0.242584 -0.1016468 0.1596322 0.2429062 -0.05035489 0.1644347 0.2418385 -0.05035489 0.1596093 0.2424543 0.2053395 0.1572423 0.240795 0.2050246 0.163419 0.2397818 0.1547621 0.1572833 0.2408807 0.1547362 0.1637514 0.2401753 0.1035186 0.1581076 0.240737 0.1035176 0.1639812 0.2406289 -0.2042305 0.1677341 0.2401186 -0.1529386 0.1676042 0.2399363 -0.1016468 0.1673303 0.2395524 -0.05035489 0.1673164 0.2395328 0.2050329 0.1657351 0.2374528 0.1547364 0.1665179 0.2383853 0.1035173 0.1666411 0.238604 0.2058807 -0.1813441 0.2459491 0.2057489 -0.1874704 0.2438103 0.1548108 -0.1822262 0.2464094 0.1548087 -0.1875812 0.2438668 0.1035163 -0.1871626 0.2428958 0.1035161 -0.1804319 0.2462199 0.05222884 -0.1823945 0.2452124 0.05222884 -0.187175 0.2422131 -0.2042305 -0.1824654 0.2466125 -0.2042305 -0.1875298 0.2436144 -0.1529386 -0.1824444 0.2461981 -0.1529386 -0.187566 0.2437572 -0.1016467 -0.1872331 0.2424427 -0.1016467 -0.1823811 0.2449495 0.2057462 -0.1900589 0.2397107 0.154809 -0.1896199 0.2390634 0.1035205 -0.1886775 0.2379472 0.05222884 -0.1886273 0.2376618 -0.2042305 -0.18925 0.2385348 -0.1529386 -0.1895462 0.23895 -0.1016467 -0.1890062 0.238193 -0.2042305 0.1676029 0.01865033 -0.2042305 0.1665006 0.01293026 -0.1529386 0.1661899 0.01308491 -0.1529386 0.1671672 0.01869368 -0.1016468 0.1672325 0.01868719 -0.1016468 0.1662806 0.01303974 -0.05035489 0.1671674 0.01869364 -0.05035489 0.1665287 0.01291628 0.2061044 0.1693996 0.01847134 0.2061044 0.1686311 0.01186981 0.1548126 0.1683246 0.01202239 0.1548126 0.1688359 0.01852743 0.1035207 0.1676023 0.01238187 0.1035207 0.1685394 0.01855696 -0.2042305 0.165288 0.01050923 -0.1529386 0.165174 0.01066918 -0.1016468 0.1653898 0.01036646 -0.05035489 0.1657994 0.009792142 0.2061044 0.1676534 0.007192821 0.1548126 0.1672382 0.00777488 0.1035207 0.1667197 0.008501802 0.2054454 0.1681841 0.2255444 0.2051165 0.1671052 0.2340605 0.1547756 0.1696933 0.2266478 0.1547485 0.168961 0.2352284 0.1035207 0.1686994 0.2270103 0.1035175 0.16804 0.2348433 0.05223118 0.1689002 0.2353292 -0.2042305 0.1702895 0.2288155 -0.2042305 0.1693832 0.2357026 -0.1529386 0.1690161 0.2355199 -0.1529386 0.1701102 0.2287977 -0.1016467 0.1687061 0.2353657 -0.1016467 0.1693858 0.2287254 0.2050329 0.1657351 0.2374528 0.1547364 0.1665179 0.2383853 0.1035173 0.1666411 0.238604 0.05222936 0.1669087 0.2389516 -0.2042305 0.1677341 0.2401186 -0.1529386 0.1676042 0.2399363 -0.1016468 0.1673303 0.2395524 0.2061044 -0.1924534 0.01843056 0.2061044 -0.1919913 0.01151398 0.1548126 -0.1919215 0.01154873 0.1548126 -0.1924827 0.01842765 0.1035207 -0.1915032 0.01175693 0.1035207 -0.1920977 0.018466 0.05222883 -0.1913133 0.01185146 0.05222884 -0.1920389 0.01847186 -0.2042305 -0.1922952 0.01844632 -0.2042305 -0.1905338 0.01223947 -0.1529386 -0.1918718 0.01848851 -0.1529386 -0.1907059 0.01215382 -0.1016467 -0.1918946 0.01848624 -0.1016467 -0.1907021 0.0121557 0.2061044 -0.1905481 0.006843245 0.1548126 -0.1904191 0.007024139 0.1035207 -0.1899045 0.007745715 0.05222884 -0.1896498 0.008102804 -0.2042305 -0.1885099 0.009700952 -0.1529386 -0.1888845 0.009175758 -0.1016468 -0.1889882 0.009030393 -0.2042305 -0.1907999 0.2286027 -0.2042305 -0.1900251 0.2347053 -0.1529386 -0.1908349 0.2286063 -0.1529386 -0.1901511 0.2347681 -0.1016468 -0.1897573 0.2345721 -0.1016468 -0.1904817 0.2285711 -0.05035489 -0.189242 0.2343156 0.20597 -0.1920872 0.2279465 0.2058085 -0.1911495 0.2351531 0.1548128 -0.1900773 0.2284566 0.1548107 -0.1899557 0.234659 0.103521 -0.1891741 0.2340657 0.1035208 -0.1899374 0.2266398 -0.2042305 -0.18925 0.2385348 -0.1529386 -0.1895462 0.23895 -0.1016467 -0.1890062 0.238193 -0.05035489 -0.1886603 0.237708 0.2057462 -0.1900589 0.2397107 0.154809 -0.1896199 0.2390634 0.1035205 -0.1886775 0.2379472 -0.2041865 0.1753003 0.1861689 -0.1526926 0.1757845 0.1862249 -0.1016368 0.1748352 0.1867908 -0.05035407 0.1717466 0.1856062 0.2061039 0.1729089 0.185525 0.1548111 0.17364 0.1857349 0.1034777 0.1738046 0.1857428 0.2061044 -0.1989944 0.1853265 0.1548125 -0.1975651 0.1853265 0.1035207 -0.1947071 0.1853265 0.05222884 -0.1949571 0.1853265 -0.2042305 -0.1954348 0.1853265 -0.1529386 -0.2 0.1853265 -0.1016467 -0.197108 0.1853265 -0.2042198 0.1749589 0.177039 -0.152615 0.1759286 0.1765036 -0.101471 0.1759026 0.1774804 -0.05035915 0.1720155 0.1773437 0.206124 0.1727099 0.1782232 0.1548275 0.1747339 0.1781381 0.1033708 0.1750129 0.1776303 0.2060872 -0.1955258 0.1781523 0.1548224 -0.1960313 0.177956 0.1035408 -0.1937807 0.1779125 0.05222777 -0.1941097 0.177892 -0.204244 -0.1958963 0.1778009 -0.1529308 -0.1977854 0.177965 -0.1016358 -0.1968837 0.1777445 -0.2041854 0.1703388 0.1665732 -0.2041725 0.1707145 0.1735606 -0.1527039 0.1701034 0.1665159 -0.1526214 0.1708339 0.1735985 -0.1016095 0.170275 0.1676067 -0.1015973 0.1706425 0.1746044 -0.05035291 0.1690234 0.172744 -0.05037354 0.1699221 0.165896 0.2061047 0.1720301 0.1659793 0.2061038 0.1713757 0.1729781 0.1548119 0.1714247 0.1660626 0.1548138 0.1723345 0.1732019 0.1034993 0.1707357 0.1658815 0.103445 0.1715736 0.1730426 0.2061042 -0.1943778 0.1656727 0.2061042 -0.1942899 0.1724715 0.1548122 -0.1948718 0.1656804 0.1548125 -0.195684 0.172467 0.103522 -0.1944489 0.1656741 0.1035202 -0.1945228 0.1724677 0.05222996 -0.1942993 0.1656717 0.05222866 -0.1942323 0.1724684 -0.2042322 -0.1952319 0.1656685 -0.2042296 -0.1957005 0.1724721 -0.152938 -0.1961358 0.1656855 -0.1529388 -0.1973233 0.1724635 -0.1016494 -0.195305 0.1656865 -0.1016468 -0.1961076 0.1724699 0.0009369746 0.1218101 0.006619577 -0.05035489 0.1218101 0.006281751 0.0009369666 0.08377215 0.00428145 -0.05035489 0.08377213 0.004067674 0.0009369746 0.0457342 0.001998764 -0.05035489 0.0457342 0.002584431 0.0009369746 -0.1444555 0.00232864 -0.05035489 -0.1444555 0.002708235 0.0009369746 -0.1064176 0.001372858 -0.05035489 -0.1064176 0.001951219 0.0009369746 -0.06837963 0.0008960449 -0.05035489 -0.06837962 0.001123957 -0.05035489 -0.1444555 0.2407816 0.0009369746 -0.1444555 0.240348 -0.05035489 -0.1064176 0.237829 0.0009369746 -0.1064176 0.2370429 -0.05035489 -0.06837963 0.2368489 0.0009369746 -0.06837962 0.2362552 -0.05035489 0.1218101 0.2374335 0.0009369746 0.1218101 0.2363492 -0.0503549 0.08377215 0.2356553 0.0009369746 0.08377213 0.2347233 -0.05035489 0.0457342 0.2353969 0.0009369746 0.0457342 0.2343688 0.2667911 0.1218101 0.1132508 0.2674339 0.1218101 0.06569358 0.2679955 0.08377215 0.1132508 0.2678266 0.08377213 0.06569358 0.2679082 0.0457342 0.1132508 0.2681821 0.0457342 0.06569358 0.266757 -0.1444555 0.06569358 0.2669782 -0.1444555 0.1132508 0.2681216 -0.1064176 0.1132508 0.2674473 -0.1064176 0.06569358 0.2684365 -0.06837963 0.1132508 0.2678237 -0.06837962 0.06569358 -0.2646207 -0.1444555 0.1132508 -0.2636338 -0.1444555 0.06569358 -0.264916 -0.1064176 0.1132508 -0.264099 -0.1064176 0.06569358 -0.2650105 -0.06837962 0.1132508 -0.2640511 -0.06837963 0.06569358 -0.2635111 0.1218101 0.06569358 -0.2639607 0.1218101 0.1132508 -0.2637935 0.08377215 0.06569358 -0.2643827 0.08377213 0.1132508 -0.2636174 0.0457342 0.06569358 -0.264407 0.0457342 0.1132508 -0.2551181 0.1218101 0.007031792 -0.2594291 0.1218005 0.007857327 -0.2584285 0.08378924 0.009743974 -0.2550114 0.08377213 0.008881458 -0.2578047 0.04575297 0.01044258 -0.2550081 0.0457342 0.008937771 -0.2580041 -0.1440813 0.01054974 -0.2550507 -0.1444555 0.008199772 -0.2580424 -0.1064524 0.009805816 -0.2550183 -0.1064176 0.008761102 -0.2584952 -0.06838009 0.009964866 -0.2550101 -0.06837962 0.008904338 -0.2620649 0.1218083 0.01020852 -0.2607916 0.08380019 0.01169168 -0.2604205 0.04577998 0.01243103 -0.2607422 -0.1443466 0.01199473 -0.2609678 -0.1064217 0.01144756 -0.261027 -0.06840584 0.01204583 0.2573326 -0.1444555 0.001135477 0.2630572 -0.1444555 0.003850306 0.2572586 -0.1064176 0.002416832 0.2626977 -0.1064176 0.005096324 0.2572885 -0.06837963 0.001899898 0.2627859 -0.06837963 0.004790583 0.2573399 0.1218101 0.001009274 0.263248 0.1218101 0.003188978 0.263054 0.08377215 0.003861475 0.2572591 0.08377215 0.002408668 0.2629646 0.0457342 0.004171209 0.2572888 0.0457342 0.00189411 0.2661762 -0.1444555 0.007331312 0.2652991 -0.1064176 0.008410689 0.264988 -0.06837963 0.008793694 0.2675237 0.1218101 0.005672951 0.2663757 0.08377215 0.007085773 0.2658407 0.0457342 0.007744267 0.2483865 0.1199092 0.2405375 0.2595298 0.1178409 0.2396505 0.2504 0.08357788 0.2379465 0.2604699 0.08325471 0.2385707 0.2540452 0.04573445 0.2391323 0.2614559 0.04573529 0.2388922 0.2561695 -0.1444491 0.2434082 0.2620748 -0.1444434 0.240277 0.2553933 -0.1067839 0.2423596 0.2621667 -0.1064869 0.240443 0.2549044 -0.06837736 0.2413098 0.2618989 -0.06837872 0.2401271 0.2645818 0.117257 0.2378752 0.2641891 0.08316347 0.2373009 0.2642278 0.04573434 0.2374186 0.2647188 -0.1444437 0.2380868 0.2646987 -0.106433 0.2378686 0.2647728 -0.06837947 0.2381422 -0.2556309 -0.1444555 0.2490444 -0.2624385 -0.1444555 0.247699 -0.2620603 -0.1064176 0.246388 -0.255467 -0.1064176 0.246207 -0.2618694 -0.06837963 0.2457263 -0.2554301 -0.06837963 0.2455673 -0.2615822 0.1218101 0.2447306 -0.2554858 0.1218101 0.2465322 -0.2612187 0.08377215 0.2434708 -0.2553985 0.08377215 0.2450204 -0.2615642 0.0457342 0.2446681 -0.2554071 0.0457342 0.2451684 -0.2684622 -0.1444555 0.2449863 -0.2665801 -0.1064176 0.24267 -0.2664192 -0.06837963 0.2424721 -0.2656336 0.1218101 0.2415052 -0.2647183 0.08377215 0.2403788 -0.2656117 0.0457342 0.2414783 0.2697977 0.1218101 0.01833834 0.2693662 0.1218101 0.01101186 0.2681513 0.08377213 0.01154262 0.2691552 0.08377213 0.01839454 0.2669715 0.0457342 0.01205811 0.2674496 0.0457342 0.01854371 0.2685489 -0.1444555 0.01844757 0.2677042 -0.1444555 0.011738 0.2662873 -0.1064176 0.01235712 0.2673332 -0.1064176 0.0185539 0.2657315 -0.06837962 0.01260033 0.2661126 -0.06837962 0.01866064 0.2675237 0.1218101 0.005672951 0.2663757 0.08377215 0.007085773 0.2658407 0.0457342 0.007744267 0.2661762 -0.1444555 0.007331312 0.2652991 -0.1064176 0.008410689 0.264988 -0.06837963 0.008793694 0.2683075 -0.1444497 0.227788 0.2669077 -0.1444454 0.23503 0.2660013 -0.1064118 0.234387 0.2673421 -0.1063909 0.2263673 0.2673152 -0.06837841 0.2267024 0.2664014 -0.06838011 0.2346353 0.2702956 0.1195254 0.2209471 0.2678706 0.1176351 0.2329663 0.2689995 0.0835304 0.2234103 0.2670553 0.0832127 0.2339429 0.2682888 0.04573434 0.2263043 0.2666795 0.04573418 0.2346816 0.2647188 -0.1444437 0.2380868 0.2646987 -0.106433 0.2378686 0.2647728 -0.06837947 0.2381422 0.2645818 0.117257 0.2378752 0.2641891 0.08316347 0.2373009 0.2642278 0.04573434 0.2374186 -0.2648953 -0.1444555 0.01860323 -0.2629492 -0.1441861 0.0141553 -0.2644079 -0.1064176 0.01864586 -0.2630225 -0.1064227 0.01422262 -0.2629285 -0.0684256 0.01468743 -0.2639321 -0.06837963 0.01868746 -0.2657127 0.1218101 0.01853173 -0.2644322 0.1218092 0.01338212 -0.2632886 0.08383769 0.01454783 -0.2642129 0.08377215 0.01866292 -0.2629086 0.045804 0.01485263 -0.2642599 0.0457342 0.01865879 -0.2607422 -0.1443466 0.01199473 -0.2609678 -0.1064217 0.01144756 -0.261027 -0.06840584 0.01204583 -0.2620649 0.1218083 0.01020852 -0.2607916 0.08380019 0.01169168 -0.2604205 0.04577998 0.01243103 -0.2682635 0.1218101 0.2288895 -0.267152 0.1218101 0.2360376 -0.2677054 0.08377213 0.2288406 -0.2674959 0.08377213 0.2361879 -0.2674469 0.0457342 0.2361665 -0.267773 0.0457342 0.2288465 -0.2711146 -0.1444555 0.2291388 -0.2706815 -0.1444555 0.2375798 -0.2681255 -0.1064176 0.236463 -0.2691458 -0.1064176 0.2289666 -0.2678511 -0.06837962 0.2363431 -0.2684451 -0.06837962 0.2289053 -0.2656336 0.1218101 0.2415052 -0.2647183 0.08377215 0.2403788 -0.2656117 0.0457342 0.2414783 -0.2684622 -0.1444555 0.2449863 -0.2665801 -0.1064176 0.24267 -0.2664192 -0.06837963 0.2424721 0.2728086 0.1219874 0.1845209 0.2740893 0.08380352 0.184512 0.2739845 0.04582426 0.1845574 0.2713483 -0.144428 0.1850134 0.2728264 -0.1064185 0.1851033 0.2737894 -0.06838063 0.1850517 -0.2734853 -0.1443126 0.1874771 -0.2747012 -0.1063476 0.1863106 -0.275 -0.06832785 0.1859818 -0.2717406 0.1218468 0.1862288 -0.2723307 0.08384407 0.1866114 -0.2730132 0.04574752 0.1867166 0.2729277 0.1220088 0.1767894 0.2732495 0.08382872 0.1763429 0.2742772 0.04588725 0.1762784 0.2715529 -0.1444446 0.1767782 0.2733155 -0.1064707 0.176388 0.2746016 -0.06844644 0.1763308 -0.2708351 -0.1442044 0.1790949 -0.2707736 -0.1062638 0.1779006 -0.2704274 -0.06822081 0.1773577 -0.2692292 0.1218809 0.1775566 -0.269568 0.08386787 0.177608 -0.2695811 0.04576848 0.1779118 0.2704703 0.1219876 0.1719128 0.2664356 0.1218779 0.1653784 0.2707146 0.0838159 0.1716975 0.2674765 0.08377797 0.1657735 0.2711725 0.04587208 0.1719211 0.2660168 0.0457386 0.1656651 0.2677126 -0.1444075 0.1723955 0.2660428 -0.1444465 0.1656398 0.2665598 -0.106416 0.1657479 0.2686452 -0.106413 0.1724899 0.2656475 -0.06837971 0.1656651 0.2692153 -0.06836398 0.1727899 -0.2634344 -0.1442343 0.1692863 -0.2650119 -0.1441783 0.1761136 -0.2657783 -0.1062421 0.1742854 -0.2640683 -0.1062666 0.1677163 -0.2649816 -0.06822039 0.1737788 -0.2629618 -0.06824087 0.1673487 -0.2635137 0.1218624 0.1670718 -0.2646004 0.1218678 0.1737082 -0.2653108 0.08385556 0.1736885 -0.2638727 0.08383508 0.1668838 -0.2615241 0.04575359 0.1678525 -0.2643122 0.04575644 0.1744862 0.2061044 0.1218101 0.002438946 0.2061044 0.08377215 0.002584189 0.2061044 0.0457342 0.001897681 0.2061044 -0.1444555 0.001546277 0.2061044 -0.1064176 0.0005967125 0.2061044 -0.06837963 0.0007086519 0.1548126 0.1218101 0.00448355 0.1548126 0.08377215 0.004549098 0.1548126 0.0457342 0.002699292 0.1548126 -0.1444555 0.001020821 0.1548126 -0.1064176 0.0006204072 0.1548126 -0.06837963 0 0.1035207 0.1218101 0.005818422 0.1035207 0.08377215 0.004531557 0.1035207 0.0457342 0.00249578 0.1035207 -0.1444555 0.001456966 0.1035207 -0.1064176 0.001171509 0.1035207 -0.06837963 0.0001901869 0.05222884 0.1218101 0.007033436 0.05222884 0.08377215 0.004383842 0.05222884 0.0457342 0.001973077 0.05222884 -0.1444555 0.001987461 0.05222884 -0.1064176 0.001283598 0.05222884 -0.06837963 0.0005232067 -0.2042305 -0.1444555 0.006885227 -0.2042305 -0.1064176 0.005877947 -0.2042305 -0.06837962 0.005760512 -0.2042305 0.1218101 0.006689908 -0.2042305 0.08377213 0.006561288 -0.2042305 0.0457342 0.006375857 -0.1529386 -0.1444555 0.005322559 -0.1529386 -0.1064176 0.00418379 -0.1529386 -0.06837962 0.00404901 -0.1529386 0.1218101 0.006454593 -0.1529386 0.08377213 0.005005554 -0.1529386 0.0457342 0.0044784 -0.1016468 -0.1444555 0.003672548 -0.1016468 -0.1064176 0.002762982 -0.1016468 -0.06837962 0.002287898 -0.1016467 0.1218101 0.006410561 -0.1016467 0.08377213 0.004574584 -0.1016467 0.0457342 0.002987257 0.2061044 -0.1444555 0.2416005 0.2061044 -0.1064176 0.239628 0.2061044 -0.06837962 0.2388275 0.2061044 0.1218101 0.2383175 0.2061044 0.08377213 0.2366158 0.2061044 0.0457342 0.236378 0.1548126 -0.1444555 0.2392091 0.1548126 -0.1064176 0.2367475 0.1548126 -0.06837962 0.2363719 0.1548126 0.1218101 0.2368518 0.1548125 0.08377213 0.2364716 0.1548126 0.0457342 0.2354419 0.1035207 -0.1444555 0.2397327 0.1035207 -0.1064176 0.235629 0.1035207 -0.06837962 0.2351778 0.1035207 0.1218101 0.2362874 0.1035207 0.08377213 0.2345709 0.1035207 0.0457342 0.234431 0.05222884 -0.1444555 0.2392098 0.05222883 -0.1064176 0.2363412 0.05222884 -0.06837962 0.2355428 0.05222884 0.1218101 0.2364135 0.05222884 0.08377213 0.2347443 0.05222884 0.0457342 0.2341847 -0.2042305 0.1218101 0.2420549 -0.2042305 0.08377215 0.2417186 -0.2042305 0.0457342 0.2419147 -0.2042305 -0.1444555 0.2453334 -0.2042305 -0.1064176 0.24246 -0.2042305 -0.06837963 0.2419067 -0.1529386 0.1218101 0.2403372 -0.1529386 0.08377215 0.2394969 -0.1529386 0.0457342 0.2394951 -0.1529386 -0.1444555 0.2429338 -0.1529386 -0.1064176 0.241041 -0.1529386 -0.06837963 0.2394859 -0.1016468 0.1218101 0.2388747 -0.1016468 0.08377215 0.2375055 -0.1016468 0.0457342 0.2371169 -0.1016468 -0.1444555 0.2413773 -0.1016467 -0.1064176 0.2387803 -0.1016468 -0.06837963 0.2379046 0.01268473 0.1801249 0.2159894 -0.002416698 0.1911205 0.1774054 0.01126736 0.1907636 0.1753409 -0.001742332 0.1810321 0.2171166 -0.01590828 0.1806452 0.2172846 -0.01742408 0.1912258 0.1758461 -0.002612091 0.1956905 0.157503 -0.02308848 0.1953495 0.1558903 0.01581771 0.1951713 0.1555872 -0.01899709 0.1989152 0.1402042 -0.002148755 0.2 0.1313054 0.01162026 0.1984575 0.1389809 -0.001834087 0.1756856 0.2192858 0.01513737 0.1756432 0.2175182 -0.01742408 0.1912258 0.1758461 -0.01986107 0.1810953 0.1836163 -0.02025728 0.1823122 0.1746448 0.01445104 0.1793387 0.1827463 -0.01830727 0.1763232 0.2188004 0.01778694 0.1862715 0.1538157 0.01428108 0.1802539 0.1741354 0.01126736 0.1907636 0.1753409 0.01581771 0.1951713 0.1555872 -0.02435547 0.1876551 0.1562708 -0.02308848 0.1953495 0.1558903 0.01392882 0.1907058 0.1381418 0.01162026 0.1984575 0.1389809 -0.02076249 0.1942623 0.1382284 -0.01899709 0.1989152 0.1402042 -0.002130278 0.1953471 0.1290215 -0.002148755 0.2 0.1313054 -0.01986107 0.1810953 0.1836163 0.01445104 0.1793387 0.1827463 0.01513737 0.1756432 0.2175182 0.03575681 0.1746184 0.1912546 0.04031371 0.1738933 0.2094847 -0.01830727 0.1763232 0.2188004 -0.0334786 0.1740953 0.1862391 -0.01986107 0.1810953 0.1836163 -0.04344085 0.1739702 0.1949507 -0.001503254 0.1731736 0.2330608 0.02747378 0.1735709 0.2264043 -0.001834087 0.1756856 0.2192858 -0.03180657 0.17286 0.2292417 -0.04454518 0.1736035 0.2136709 0.01445104 0.1793387 0.1827463 0.02768603 0.1739075 0.1832964 0.01304552 0.1724008 0.1776531 0.02888448 0.1722213 0.1792178 0.03945705 0.1720352 0.186332 -0.01658409 0.1739309 0.1766831 -0.03495626 0.1713243 0.1823953 -0.04827071 0.1700436 0.2152338 -0.04618321 0.1713196 0.1925148 0.0305562 0.1692139 0.2325644 0.04445716 0.1709707 0.2112935 -0.001492696 0.1683987 0.236776 -0.03331994 0.1699266 0.2331591 0.01304552 0.1724008 0.1776531 0.01294933 0.1761641 0.1580727 -0.0198592 0.1777837 0.156693 -0.01658409 0.1739309 0.1766831 0.009636925 0.1791432 0.1455928 -0.01435281 0.1800122 0.1461338 -0.00205985 0.1805553 0.135836 0.05941586 0.1726562 0.05928502 0.05987114 0.1725503 0.1603944 0.02405388 0.1732728 0.1615885 0.02171892 0.1714251 0.05910239 -0.02640617 0.1714717 0.1637296 -0.06270468 0.1720767 0.06284341 -0.02640617 0.1714596 0.05910239 -0.06278834 0.1722773 0.1640591 0.02072697 0.177734 0.1530597 -0.02390818 0.1776063 0.06500605 0.01984408 0.1769896 0.06439607 -0.02459274 0.1783449 0.1567552 0.02378113 0.1693301 0.1639436 0.06184868 0.169444 0.1626949 0.06111784 0.1694103 0.05740418 -0.02640617 0.1688272 0.05703767 -0.06522523 0.1692281 0.06019478 -0.06429012 0.1699797 0.1663236 -0.02681205 0.1695297 0.1662813 0.02180307 0.1687494 0.05575669 0.003093796 0.1831775 0.102518 0.01119158 0.1772137 0.09123673 0.004496454 0.1772137 0.1055079 0.008386265 0.1831775 0.09123673 -0.0088938 0.1772137 0.1055079 -0.007491142 0.1831775 0.102518 -0.01558893 0.1772137 0.09123673 -0.01278361 0.1831775 0.09123673 -0.00749114 0.1831775 0.07995545 -0.008893799 0.1772137 0.07696558 0.004496453 0.1772137 0.07696558 0.003093795 0.1831775 0.07995545 -0.002198673 0.1831775 0.09123673 -0.002561502 0.1945353 0.008607549 0.01720186 0.1961324 0.04059102 -0.001789413 0.196044 0.0390165 0.02160073 0.1955304 0.01017107 0.04266739 0.1956568 0.04720008 0.05063508 0.1954586 0.02051744 -0.02075624 0.1954281 0.04155681 -0.04819359 0.1929223 0.02130486 -0.02512961 0.1940216 0.01194861 -0.04323293 0.19456 0.04700618 -0.07487402 0.1908219 0.03886506 -0.06551012 0.1927925 0.05894744 -0.09506949 0.1888361 0.05846004 -0.08631534 0.1912322 0.07365824 -0.1033301 0.189887 0.09074646 -0.1208246 0.1877972 0.1038804 -0.1110916 0.187573 0.08171217 -0.1148021 0.1889535 0.109136 0.06812104 0.1948242 0.05872673 0.07867584 0.1927088 0.03718478 0.09543064 0.1912986 0.05254356 0.08557929 0.1937159 0.07173674 0.109096 0.1901637 0.07124134 0.1203598 0.1895782 0.09620445 0.10153 0.1926659 0.08764114 0.1148584 0.191334 0.103532 0.1243499 0.1895782 0.1090142 0.1188512 0.191334 0.1115816 -0.1252442 0.1877972 0.1155788 -0.1192714 0.1889535 0.1180826 0.01612365 0.1825183 0.05017665 -0.001625071 0.1821287 0.04884786 -0.002583949 0.1804891 0.007785532 -0.02549859 0.180538 0.009909022 0.04073984 0.1824551 0.05544277 0.021747 0.18125 0.009104432 0.05071469 0.1819097 0.02026173 -0.0409222 0.1814972 0.05611368 -0.01959162 0.1817464 0.05094732 -0.04881715 0.1803337 0.01951364 -0.06247216 0.1810805 0.06637852 -0.07509001 0.1797677 0.03845881 -0.08290425 0.1805424 0.07975523 -0.1137343 0.1788222 0.07949022 -0.09651443 0.1793174 0.05661719 -0.112607 0.1788297 0.110996 -0.09980536 0.1795032 0.09495715 -0.1243541 0.17881 0.1016996 0.06549905 0.1824958 0.06543176 0.07809614 0.1811821 0.03836136 0.1011778 0.1819949 0.08813007 0.08337048 0.1823163 0.07560369 0.09534197 0.1810015 0.05266325 0.1139556 0.1812436 0.1044207 0.1097821 0.1807884 0.07063892 0.1202657 0.180353 0.09625843 0.1158846 0.1766831 0.1110483 0.1225293 0.1761572 0.109455 0.1158846 0.1766831 0.1110483 0.1188512 0.191334 0.1115816 0.1243499 0.1895782 0.1090142 0.1225293 0.1761572 0.109455 -0.1192395 0.1748573 0.1181916 -0.1251527 0.1746001 0.1155307 -0.1251527 0.1746001 0.1155307 -0.1252442 0.1877972 0.1155788 -0.1192395 0.1748573 0.1181916 -0.1192714 0.1889535 0.1180826 -0.001807763 0.1682134 0.04397506 0.01769863 0.1689043 0.04317837 -0.02525888 0.1670544 0.02209156 -0.002991666 0.1664429 0.02175402 0.04266739 0.1692535 0.04720008 0.02023872 0.1669696 0.025721 0.04794383 0.1683607 0.03232507 -0.04194711 0.1684345 0.05338423 -0.02258339 0.1680647 0.04465389 -0.04705433 0.167745 0.03163492 -0.0644812 0.1693684 0.06179933 -0.07370109 0.1687135 0.04546895 -0.08538997 0.1698525 0.0751971 -0.09443411 0.1697986 0.06331536 -0.1115009 0.1700715 0.08394142 -0.1148021 0.1691684 0.109136 -0.1013561 0.1692874 0.09184335 -0.1222113 0.1698227 0.1021545 0.06865778 0.1701675 0.05526832 0.07554092 0.1696554 0.04698898 0.08639521 0.1709167 0.06289393 0.1029337 0.1713239 0.08325038 0.08970539 0.1707044 0.05950231 0.115156 0.1707136 0.1000671 0.1050305 0.1708223 0.07877495 0.1197044 0.1705365 0.09661356 0.1095202 0.1707276 0.1123624 0.1265008 0.1704589 0.1091868 0.125326 0.1710037 0.1485863 0.111194 0.1707978 0.1490979 0.1221131 0.1758742 0.1464138 0.1150838 0.1766831 0.1460078 -0.1144781 0.1692564 0.117868 -0.129297 0.1692494 0.1169281 -0.112972 0.1701239 0.1593955 -0.1241592 0.1753192 0.1558637 -0.1179084 0.1756247 0.1566333 -0.1301385 0.1698269 0.1596509 -0.129297 0.1692494 0.1169281 -0.1144781 0.1692564 0.117868 0.1095202 0.1707276 0.1123624 0.1265008 0.1704589 0.1091868</float_array>
          <technique_common>
            <accessor count="1324" source="#verts-array-array" stride="3">
              <param type="float" name="X"/>
              <param type="float" name="Y"/>
              <param type="float" name="Z"/>
            </accessor>
          </technique_common>
        </source>
        <source id="normals-array">
          <float_array count="3972" id="normals-array-array">-0.02136559 0.01931574 -0.9995851 -0.0204214 0.008465074 -0.9997556 -0.006454382 0.02094913 -0.9997597 -0.006384314 0.005467018 -0.9999647 0.02094408 0.01840262 0.9996113 0.02599381 0.01316461 0.9995754 0.0165625 0.02282654 0.9996022 0.01368761 0.01267801 0.9998259 0.001993666 0.9999907 -0.00382261 -0.002022655 0.9998342 -0.01809792 -0.003627108 0.9999786 -0.005450044 0.007469285 0.9997327 -0.0218804 0.9998747 0.006412472 0.01447024 0.9997774 0.003803379 0.02075348 0.9998954 -0.004124337 -0.01386103 0.9999711 -0.005309362 -0.005437836 -0.0006779238 -0.9996499 -0.02644854 0.006441745 -0.9999435 0.008456236 -0.00191548 -0.9999977 0.000931282 0.000496526 -0.9995797 -0.02898568 -0.999994 0.001699437 -0.003010378 -0.9999832 0.005169136 0.002606364 -0.9999983 0.0009957497 -0.001553058 -0.999963 0.006141158 -0.006018477 -0.4162246 0.5776381 -0.7022046 -0.1016178 0.19855 -0.9748086 -0.1340998 0.544629 -0.8278867 -0.3711283 0.2561833 -0.8925435 -0.5572778 0.587706 -0.5865519 -0.5281075 0.3011171 -0.7939968 -0.381851 0.7001069 -0.6033574 -0.1593055 0.7087663 -0.6872206 -0.5406661 0.6836056 -0.4902689 -0.5420396 -0.1343952 -0.8295366 -0.5076721 -0.4187312 -0.7529496 -0.244933 -0.1910037 -0.9505395 -0.2124302 -0.4568391 -0.8638121 -0.5060504 -0.5116796 -0.694332 -0.2908482 -0.4759636 -0.8299795 -0.5754879 -0.1172145 -0.8093667 -0.558888 -0.4133047 -0.7189044 -0.5590425 -0.5401416 -0.6290616 0.6736043 -0.2802483 -0.6838992 0.2814715 -0.3298187 -0.9011068 0.5598088 -0.5972627 -0.5743617 0.2152709 -0.6364268 -0.7406884 0.8010504 -0.264906 -0.5367896 0.6414009 -0.5214161 -0.5627878 0.2311977 -0.7152674 -0.6595 0.5115328 -0.6615841 -0.5483071 0.5975097 -0.6230285 -0.5047946 0.4649839 0.683633 -0.5625264 0.1894654 0.7200359 -0.667571 0.2311453 0.3411816 -0.911135 0.5358067 0.3248002 -0.779369 0.2028702 0.8128074 -0.5460658 0.4135994 0.7657256 -0.4925442 0.5614687 0.6381281 -0.5268257 0.6254076 0.2424825 -0.7416654 0.4908976 0.7276803 -0.4790626 -0.5629873 0.2249547 0.7952614 -0.4782869 0.5651607 0.6721867 -0.1715899 0.1950744 0.9656619 -0.1652915 0.5660103 0.8076577 -0.4299031 0.6828429 0.5906852 -0.1500721 0.7530062 0.6406715 -0.7587518 0.1894168 0.623231 -0.617669 0.5061071 0.6019474 -0.5334579 0.6243087 0.5706675 0.2398655 0.01683462 0.9706602 0.03504907 0.0203162 0.9991791 0.2806227 0.2844391 0.9167035 0.05992434 0.4212557 0.9049601 0.3404037 0.02237361 0.9400132 0.4158418 0.1981912 0.8875786 0.08319172 0.6782635 0.7300943 0.2537005 0.5417738 0.8013222 0.3926055 0.3969644 0.8296265 0.4606923 -0.4318369 0.7754221 0.1441791 -0.4761929 0.8674403 0.2227882 -0.1179529 0.9677048 0.5325177 -0.09201288 0.8414027 0.4200013 -0.5994284 0.6813842 0.1528531 -0.6627246 0.7330976 0.5640627 -0.4031991 0.7205996 0.6185311 -0.09255466 0.7802903 0.5223883 -0.5827572 0.6224987 -0.418712 -0.665182 0.6182339 -0.1285398 -0.2724007 0.9535593 -0.145369 -0.7068892 0.692225 -0.4894441 -0.2869621 0.8234666 -0.5669527 -0.6055284 0.55848 -0.666062 -0.2795533 0.6915283 -0.1255056 -0.8573369 0.4992212 -0.3338374 -0.7714099 0.5417374 -0.485692 -0.714549 0.5035108 -0.3883198 0.906876 -0.1636573 -0.3840374 0.8410812 -0.3809168 -0.1325551 0.9810406 -0.1413807 -0.1414235 0.9253574 -0.3517287 -0.3863138 0.7953619 -0.4670772 -0.1684964 0.8673997 -0.4682166 -0.506911 0.8481469 -0.1539095 -0.4642409 0.8031876 -0.3733229 -0.4880694 0.7135231 -0.502666 0.2924511 0.9461002 -0.1391647 0.1091716 0.9881635 -0.1077703 0.3655845 0.889215 -0.2750357 0.1751427 0.9533283 -0.2459476 0.4207478 0.8610742 -0.2855215 0.3840962 0.9073778 -0.1706916 0.1561011 0.9305746 -0.3311547 0.3725342 0.864535 -0.3373388 0.4260671 0.8415112 -0.3321532 0.2877643 0.9124915 0.2907766 0.09497986 0.9527956 0.2883736 0.04946786 0.9935711 0.1018304 0.2599966 0.9551874 0.141488 0.2780541 0.8556099 0.4365977 0.08945308 0.8903453 0.4464116 0.4433676 0.8477949 0.2909793 0.4344307 0.8859782 0.1622118 0.4024764 0.8269456 0.3926496 -0.4019755 0.8584211 0.3186361 -0.0952128 0.9874397 0.1260848 -0.1260031 0.9516777 0.2800585 -0.4065692 0.8994803 0.1601147 -0.5698321 0.7705908 0.285449 -0.6130934 0.774646 0.1550485 -0.3661137 0.8321979 0.4164222 -0.137157 0.9076794 0.3966183 -0.5100695 0.7745414 0.3740517 0.7669101 0.6215948 -0.1595896 0.6984027 0.6224345 -0.3532833 0.9664735 0.2205649 -0.1314538 0.9029456 0.2579048 -0.3437649 0.681494 0.5896522 -0.4334468 0.8667541 0.2417705 -0.436216 0.5961191 0.7817976 -0.1828511 0.5754387 0.7548079 -0.3148576 0.579306 0.7182478 -0.385389 0.8811132 -0.4467532 -0.1550841 0.9748638 -0.1692359 -0.144913 0.8062337 -0.4734615 -0.3547132 0.93098 -0.1953528 -0.3084047 0.7327249 -0.5884878 -0.3417548 0.7929168 -0.5881936 -0.1590951 0.9084203 -0.2063786 -0.3635662 0.781318 -0.4679987 -0.41294 0.6920966 -0.590263 -0.4154418 0.8670059 -0.4115909 0.2808801 0.9253128 -0.109115 0.3631667 0.9928856 -0.08099182 0.08728462 0.9419032 -0.3152095 0.1160229 0.8109509 -0.3936254 0.4329176 0.7813301 -0.08836605 0.6178306 0.7802495 -0.56033 0.2779226 0.8568918 -0.4971607 0.1362634 0.7464059 -0.5585624 0.3617822 0.9085525 0.2845398 0.3058913 0.9935654 0.04892447 0.1021479 0.9483591 0.08666436 0.3051298 0.9407811 0.310195 0.1367844 0.8589991 0.4211671 0.2910993 0.813669 0.5584879 0.1613506 0.8792744 0.238825 0.4121156 0.8810365 0.06862761 0.4680438 0.8809387 0.3165761 0.3517479 0.4260563 -0.8927549 -0.1465082 0.4479942 -0.8302794 -0.331568 0.1764175 -0.9755749 -0.1308834 0.1835637 -0.9437395 -0.2750639 0.448953 -0.8075528 -0.3824913 0.1860083 -0.9193314 -0.3467429 0.5475569 -0.8225409 -0.1536489 0.532969 -0.7780947 -0.3324343 0.5434236 -0.7399357 -0.3964668 -0.4494393 -0.8595111 -0.243403 -0.1937137 -0.9499961 -0.2449132 -0.4698109 -0.7445634 -0.4742394 -0.2189895 -0.8618767 -0.4573972 -0.5395479 -0.6958701 -0.4739756 -0.5480194 -0.8040785 -0.2305049 -0.2259804 -0.8310139 -0.5082802 -0.482555 -0.7034105 -0.5218758 -0.5584506 -0.6354536 -0.5332276 -0.2625398 -0.9414339 0.2116011 -0.06163654 -0.9872861 0.1465162 -0.03294136 -0.9967792 0.0731163 -0.2011131 -0.9741281 0.103092 -0.259692 -0.9274276 0.2691434 -0.07469355 -0.9761686 0.2037543 -0.380095 -0.8994916 0.2155056 -0.3263646 -0.9386458 0.111491 -0.3906981 -0.8752378 0.2851557 0.362746 -0.8848081 0.292455 0.07762249 -0.9900809 0.1171096 0.09866162 -0.9654234 0.2412956 0.3477536 -0.9254985 0.1500665 0.5290964 -0.8012783 0.279303 0.5465238 -0.8245297 0.1465009 0.3437684 -0.8549852 0.3883602 0.1051827 -0.9307072 0.3503153 0.5051557 -0.7828898 0.3631822 -0.8420601 -0.4964071 -0.2109853 -0.6577357 -0.5115277 -0.5529224 -0.9476656 -0.1907753 -0.2559976 -0.7444663 -0.1384501 -0.6531474 -0.5599796 -0.4142444 -0.7175127 -0.5886794 -0.1072716 -0.8012175 -0.7579828 -0.6066134 -0.2397546 -0.5631446 -0.6933452 -0.4496005 -0.4647834 -0.6346182 -0.6174432 -0.8037492 0.5707475 -0.1680313 -0.9730011 0.1803925 -0.1439703 -0.7393978 0.5447181 -0.3956933 -0.8752105 0.2569923 -0.4098311 -0.6321937 0.6499094 -0.4218398 -0.6340765 0.7579693 -0.1530672 -0.8054556 0.2883804 -0.5177626 -0.6225817 0.5902708 -0.5137825 -0.5205999 0.6570459 -0.5452215 -0.853536 0.439737 0.2794775 -0.9491511 0.1713575 0.2641001 -0.9855771 0.1208307 0.118481 -0.9137612 0.3760185 0.1537873 -0.8304318 0.4252795 0.3598893 -0.9107751 0.1639174 0.378972 -0.7749951 0.5689146 0.2751705 -0.8229235 0.5476384 0.1512912 -0.7579935 0.5594593 0.3353375 -0.77689 -0.5613504 0.2851801 -0.9769821 -0.1918489 0.09327325 -0.9349533 -0.2394204 0.2618017 -0.8411643 -0.5265207 0.1233639 -0.6585144 -0.7107947 0.2472442 -0.696873 -0.7057277 0.1277359 -0.7505811 -0.5367085 0.3854504 -0.8941999 -0.2525799 0.3696079 -0.6450909 -0.6796067 0.3492742 -0.3652415 0.008165493 -0.930877 -0.1657099 0.006017577 -0.9861562 -0.1396015 0.001534822 -0.9902066 -0.3791811 0.004513317 -0.9253115 -0.5018272 0.01055416 -0.8649035 -0.487876 0.003960427 -0.872904 -0.005746631 -0.5080655 -0.8612993 -0.008177342 -0.2182717 -0.9758538 -0.006494521 -0.1859961 -0.982529 -0.008042805 -0.5201913 -0.8540119 -0.00411418 -0.6757613 -0.737109 -0.009430568 -0.6477723 -0.7617756 0.2208846 -0.005001174 -0.9752871 0.625424 -0.005169925 -0.780268 0.6560877 -0.00713304 -0.7546509 0.2014072 -0.002748387 -0.9795037 0.8413729 -0.01136687 -0.5403354 0.825497 -0.001741449 -0.5644038 -0.01196559 0.6587306 -0.7522837 -0.009541638 0.1507081 -0.9885323 -0.01133196 0.6239147 -0.7814103 -0.01029418 0.2009891 -0.9795394 -0.007830695 0.8319999 -0.5547206 -0.01174013 0.8388999 -0.5441591 0.01106559 0.330306 0.943809 0.008618671 0.3074054 0.9515396 0.01261613 -0.02545589 0.9995963 0.006295906 -0.05342926 0.9985518 0.01002294 0.5532694 0.8329421 0.008041961 0.5638455 0.8258411 0.02488103 0.01695053 0.9995467 0.2971029 0.01225474 0.9547668 0.3359811 0.00903131 0.9418254 -0.008034825 0.01582335 0.9998425 0.5283461 0.008701238 0.8489845 0.543085 0.005642236 0.8396587 -0.0007739702 -0.8607833 0.508971 0.009058878 -0.2049753 0.9787252 0.003228582 -0.2931394 0.9560643 0.01345607 -0.7711072 0.6365631 0.0004004354 -0.9792917 0.2024538 0.01217295 -0.9518397 0.3063544 -0.333392 0.003245468 0.9427827 -0.3638056 0.01066423 0.9314139 0.03080462 -0.0009817747 0.9995249 0.03143503 0.009479618 0.9994608 -0.6136362 0.00784894 0.7895499 -0.6704262 0.007222903 0.7419411 -0.005663464 0.9860318 -0.166461 -0.00722803 0.9865354 -0.1633882 -0.00586368 0.9968228 -0.0794351 -0.01124983 0.996346 -0.08466507 -0.006180681 0.980088 -0.1984674 -0.006887618 0.9810501 -0.1936316 0.06499041 0.9956227 0.06716856 0.2738729 0.9587906 0.07559281 0.4460562 0.8915952 0.07805074 0.000240327 0.9619153 0.2733474 0.005512997 0.9970539 0.07650588 -0.0004766279 0.9982595 0.05897193 -0.00122097 0.976695 0.2146283 0.0004650394 0.8843521 0.4668203 0.002381741 0.9399398 0.3413321 -0.4166413 0.9090062 0.01084938 -0.102035 0.9947348 -0.009564044 -0.1047878 0.9944933 0.00159743 -0.353424 0.9352926 -0.01786605 -0.6081188 0.7936546 0.01743187 -0.5048538 0.8630278 -0.01748387 0.9794913 -0.006268408 -0.201389 0.983603 -0.008888197 -0.1801282 0.9963168 -0.003747028 -0.08566712 0.9966099 -0.01371197 -0.08112108 0.9677718 -0.008235269 -0.2516942 0.9782222 -0.008287378 -0.2073947 0.9975555 -0.06858615 0.01338124 0.9714329 -0.2352543 0.03120217 0.9227633 -0.3830425 0.04226432 0.933347 0.001362391 0.3589728 0.9869034 -0.005883989 0.1612049 0.9357183 0.0009287623 0.3527471 0.9874603 -0.003664663 0.1578251 0.8539481 0.006828529 0.5203134 0.8609865 0.004046555 0.5086117 0.9132034 0.4074349 0.007508163 0.9995847 0.02861762 -0.003395264 0.9991138 0.04161965 0.00628544 0.8918365 0.4520447 -0.01682976 0.7890126 0.6143307 0.007546349 0.6892541 0.724294 -0.01808229 -0.002615349 -0.9596622 -0.2811434 -0.00723474 -0.960133 -0.2794498 -0.002221366 -0.9960623 -0.0886285 -0.002799297 -0.9970915 -0.0761624 -0.004259657 -0.9088644 -0.4170699 -0.006834466 -0.8945338 -0.446948 -0.04812374 -0.9985301 0.02493293 -0.2001525 -0.9795444 0.02077941 -0.3259936 -0.9451757 0.01926425 0.001018582 -0.9998619 0.01658762 -0.01621146 -0.9928518 0.1182474 0.004479101 -0.9973495 0.07262198 -0.01172894 -0.991804 0.1272294 0.001555545 -0.998486 0.05498367 -0.01052954 -0.9912021 0.1319377 0.4684953 -0.8833801 0.01232308 0.07820338 -0.9969046 -0.008093457 0.1303405 -0.9914511 0.006007877 0.3553352 -0.9347037 -0.00812109 0.6757374 -0.7370372 0.01245471 0.5517415 -0.8339995 -0.00510618 -0.9049385 -0.005776762 -0.4255031 -0.8958232 0.001712271 -0.4444072 -0.990872 -0.004859928 -0.1347184 -0.9922029 -0.001147304 -0.1246276 -0.8256933 -0.005002261 -0.5640971 -0.7927949 0.004890045 -0.6094689 -0.9966919 0.08085234 -0.008258001 -0.9565388 0.2914663 0.008994145 -0.9019173 0.4319066 0.001363267 -0.9879555 0.01064339 0.1543717 -0.9903911 0.007809731 0.1380738 -0.9929508 0.01353245 0.1177523 -0.9832662 0.006714064 0.1820508 -0.9785217 0.01170125 0.2058114 -0.9723243 0.007960059 0.2334997 -0.935226 -0.3540153 0.005051015 -0.9997526 0.007800924 -0.02083002 -0.9933602 -0.115043 -0.0007908679 -0.9749019 -0.2210014 -0.02692087 -0.9054308 -0.4243596 0.010672 -0.919056 -0.3929601 -0.03030515 0.009075774 0.9973816 0.07174604 -0.001977198 0.9992143 0.03958308 -0.01566376 0.9986788 0.04894173 0.9908151 -0.003366294 0.1351816 0.9945526 0.000825331 0.1042324 0.02331786 -0.9918326 0.1253972 0.02132537 -0.9991349 0.03570238 0.008157206 -0.9983412 -0.05699463 -0.9863061 0.01376946 -0.1643491 -0.9889013 0.0218393 -0.1469597 0.05651442 0.9965694 0.06046058 0.2936589 0.9553459 0.03284296 0.4609085 0.8873874 0.01034359 -0.1051665 0.9944433 0.004745626 -0.3625821 0.9319499 0.001888383 -0.5222169 0.852793 -0.005797734 0.991872 -0.05758842 -0.1134613 0.9610384 -0.2252782 -0.1601714 0.9044203 -0.3868056 -0.180015 0.9875199 0.1565412 -0.01729945 0.8788 0.476808 -0.0190958 0.769151 0.6388276 0.01749248 -0.08285545 -0.9964409 -0.01550971 -0.2308087 -0.9626407 -0.1415985 -0.3191457 -0.9257514 -0.2028064 0.1326064 -0.9905891 0.03389258 0.4641013 -0.8844917 0.04779507 0.6712829 -0.7398092 0.0454062 -0.9017299 0.2881126 -0.3222955 -0.9122149 0.05782291 -0.4056112 -0.7741238 0.463696 -0.4309506 -0.9926251 -0.1211327 -0.004726321 -0.8950719 -0.4455681 0.01775822 -0.7453425 -0.6664014 0.01933403 -0.001559947 0.9660775 -0.2582476 -0.02779505 0.9687206 -0.2465923 0.9600311 0.0008487825 -0.2798919 0.9252195 -0.003948423 -0.3794119 0.009220091 -0.975493 -0.2198373 0.02889728 -0.9961964 -0.08220495 -0.7692257 0.008860888 -0.6389157 -0.7723276 0.01569338 -0.6350306 -0.3908173 0.7890365 -0.4740076 -0.1168248 0.8715854 -0.4761207 -0.5309653 0.7132534 -0.4575429 0.9072937 0.4203297 0.01187505 0.9796706 0.1931665 0.05414906 0.8925155 0.4508793 0.01113346 0.08158317 -0.9503259 -0.3003745 0.4469142 -0.8653176 -0.2269211 0.6690275 -0.7174399 -0.194119 -0.9369394 -0.08945777 -0.3378488 -0.8612643 -0.4074489 -0.3036597 -0.7234261 -0.6467895 -0.2414911 0.07283642 0.9972316 0.01496815 0.3334953 0.942398 -0.02582377 0.456189 0.8897739 -0.01393122 0.914728 -0.3141254 -0.2541611 0.9730126 -0.07413489 -0.2185191 0.8253805 -0.4956164 -0.2703915 -0.4195961 -0.9021774 -0.1000754 -0.1619839 -0.9864483 0.02609484 -0.5033429 -0.835914 -0.2188465 -0.7427499 0.3840716 -0.548463 -0.8901148 0.02837159 -0.4548524 -0.4769393 0.721377 -0.5021395 0.003104537 0.9994649 0.03256107 -0.01412716 0.9998948 0.003292552 -3.414177e-05 0.9713485 -0.2376594 -0.02077923 0.9654568 -0.2597334 0.9412865 -0.003253502 -0.337593 0.7266267 -0.01308119 -0.6869079 0.777833 -0.008021533 -0.6284198 0.961247 -0.006909158 -0.2756022 0.009038346 -0.9999005 -0.01083055 0.0271479 -0.9963787 -0.08057569 0.01458632 -0.9966798 -0.08010348 0.02379247 -0.9989891 -0.03813975 -0.9893893 -0.00445838 -0.1452201 -0.8454387 0.02037581 -0.5336836 -0.8108229 0.004114703 -0.5852771 -0.9976225 0.0217136 -0.06540546 -0.3776822 0.7272083 -0.5731703 -0.5290512 0.8475396 -0.04220759 -0.1500938 0.8565286 -0.493792 -0.2335587 0.972291 0.0100235 -0.6362279 0.7684661 -0.06836568 -0.5022821 0.675521 -0.5398001 0.8862962 0.4611762 0.04237318 0.992995 0.1165644 -0.01933018 0.9788542 0.2031126 0.02428212 0.9113068 0.4100117 0.0375536 0.8522742 0.5214234 0.0417895 0.844009 0.5349667 0.03820144 0.4244289 -0.9034701 -0.06001547 0.0561603 -0.9332623 -0.354778 0.3237713 -0.8667839 -0.3792859 0.1773648 -0.984101 0.009330419 0.5729046 -0.8155328 -0.08177125 0.5639112 -0.7567768 -0.330595 -0.9443205 -0.3220425 -0.06743508 -0.9068142 -0.07867414 -0.4141236 -0.8606448 -0.3091557 -0.4046149 -0.9939093 -0.09135738 -0.06162891 -0.9144976 -0.400221 -0.05930659 -0.8080697 -0.479467 -0.3422496 0.06262057 0.9980307 -0.003646367 0.05846191 0.9981765 -0.01503246 0.2535275 0.967328 0.0005096258 0.2506921 0.9678894 -0.01853745 0.3876522 0.9218057 0.0003180676 0.3826284 0.9237136 -0.01867181 0.9953258 -0.09509533 0.01683794 0.9985549 -0.05364577 0.003201514 0.9465309 -0.3216685 0.02467124 0.9212803 -0.3888933 -0.002145929 0.9017315 -0.4315473 0.02544053 0.8082819 -0.5887724 -0.00522933 -0.1270999 -0.9918881 -0.001874802 -0.1023129 -0.9941849 -0.03359141 -0.4740544 -0.8804875 0.003771423 -0.3914527 -0.9194787 -0.03638203 -0.6824178 -0.730943 0.005319403 -0.576721 -0.8163205 -0.03183806 -0.995971 0.08768272 0.01880311 -0.994144 0.1076898 0.008982756 -0.9389933 0.3432908 0.02104911 -0.9042063 0.4269721 -0.0102891 -0.8754906 0.4829793 0.01572563 -0.83328 0.5525725 -0.01755202 0.09874147 0.9949681 -0.01698574 0.2715488 0.9623854 -0.008689799 0.3189375 0.9472037 0.03292536 0.9442431 -0.3113866 -0.1069731 0.9926573 -0.0842584 -0.08678684 0.8826105 -0.4578463 -0.1066556 -0.5284021 -0.8489378 0.009794724 -0.1755269 -0.9842045 0.02306196 -0.6873107 -0.72628 -0.01101789 -0.8804153 0.460958 -0.1112954 -0.9947216 0.02177208 -0.1002746 -0.6300777 0.7729266 -0.07474356 0.00788377 0.007947332 -0.9999373 0.01966475 0.006873052 -0.999783 0.005593741 0.0135269 -0.9998929 0.0007789723 0.0285085 -0.9995932 0.002399011 0.02682212 -0.9996373 -0.001596845 0.009063461 -0.9999577 -0.0007623467 0.02295903 -0.9997361 0.0001427805 0.003785404 -0.9999928 -0.04484596 0.00854042 -0.9989574 -0.04547258 0.001911737 -0.9989638 -0.03101769 -0.001994817 -0.9995168 -0.03448641 0.01076361 -0.9993472 -0.03403621 0.01402162 -0.9993222 -0.02831835 0.006911503 -0.9995751 -0.04074378 0.02465255 0.9988655 -0.04150477 0.01820935 0.9989724 -0.02956147 0.01449031 0.9994579 -0.02351846 0.01138873 0.9996585 -0.01250172 0.005870145 0.9999046 -0.009721016 0.009444053 0.9999082 0.002300475 0.01537953 0.9998791 -0.003814876 0.009227975 0.9999501 0.06101197 0.001622038 0.9981357 0.05885573 -0.0004970767 0.9982664 0.03884907 0.0004398294 0.999245 0.04199234 -0.0001849698 0.9991179 0.0302835 0.008044232 0.999509 0.03836922 0.007505485 0.9992354 -0.003218261 0.9999168 -0.01249286 -0.003533321 0.9998624 -0.0162089 -0.004302162 0.9999695 -0.006517446 0.0009294138 0.9998701 -0.01609017 -0.002799711 0.9999849 0.004738378 -0.005506287 0.9997094 -0.02346956 -0.0178041 0.9998395 0.002016424 -0.02167248 0.999518 -0.02222555 -0.0009524443 0.999824 -0.01873673 -0.007203801 0.9999726 -0.001697953 0.003903269 0.9997211 -0.02328981 0.005572479 0.9999844 0.0004740694 0.002513624 0.9997813 -0.02076258 0.0004499148 0.999994 -0.003444283 -0.01954822 -0.9997644 -0.009431856 -0.007248634 -0.9994538 -0.03224188 -0.006091984 -0.9998905 -0.01348649 -0.002029715 -0.9989627 -0.04548986 0.009385808 -0.9999157 -0.0089767 0.00564635 -0.9990079 -0.04417415 0.01594111 -0.999862 -0.004681376 0.006338788 -0.9992515 -0.03816204 0.009707835 -0.999811 -0.01684607 0.01824373 -0.9998197 -0.005268208 0.0003853968 -0.9997299 -0.02323549 0.0005561798 -0.9999816 -0.006033626 -0.002487863 -0.9999905 -0.003581242 -0.001319674 -0.9996874 -0.02496912 -0.01644628 -0.1110525 -0.9936784 -0.02482906 -0.3857591 -0.9222654 -0.01898009 -0.1161578 -0.9930494 -0.01500085 -0.3881461 -0.9214757 -0.01897308 -0.162342 -0.9865521 -0.01271275 -0.4903708 -0.8714212 -0.01133181 -0.1984757 -0.9800403 -0.008735324 -0.5279318 -0.8492418 -0.000236663 -0.1731367 -0.9848978 0.009382004 -0.5089294 -0.8607571 -0.01278812 -0.4683502 -0.8834504 -0.0071667 -0.1703357 -0.98536 -0.01007572 -0.5324084 -0.8464277 -0.01035104 -0.1914095 -0.9814557 -0.0244016 -0.5648734 -0.8248167 -0.01230606 -0.5682206 -0.8227842 -0.007720385 -0.6801736 -0.7330104 -0.008481633 -0.689235 -0.7244882 0.01132245 -0.6800796 -0.7330509 -0.01361093 -0.6270075 -0.7788943 -0.008417853 -0.7099385 -0.7042134 -0.006260646 0.1512837 -0.9884706 0.008933042 0.5865846 -0.8098387 -0.02128972 0.5782219 -0.8156017 -0.02253418 0.09917445 -0.9948149 -0.01308844 0.619478 -0.7849049 -0.01351057 0.1650676 -0.9861897 -0.0074927 0.6503861 -0.7595668 -0.01077875 0.1696422 -0.9854468 -0.004813688 0.1874622 -0.98226 -0.009917431 0.5187526 -0.8548669 -0.01244497 0.198294 -0.9800636 -0.007636481 0.6443411 -0.7647001 -0.01343372 0.1930145 -0.9811039 -0.01336133 0.666335 -0.7455328 0.007713434 0.8139601 -0.5808696 -0.01647733 0.8406659 -0.5413034 -0.01291252 0.812448 -0.5828906 -0.007803685 0.8385576 -0.544757 -0.008956126 0.6736011 -0.7390408 -0.00158427 0.8423802 -0.5388813 -0.0108061 0.8671215 -0.4979794 0.03261554 0.06499786 0.9973522 0.0217446 0.4748386 0.8798042 0.008001758 0.4544069 0.8907583 0.01393154 0.02469891 0.9995979 0.009695578 0.4369227 0.8994468 0.01501459 -0.01797012 0.9997258 0.01061159 0.3884512 0.9214082 0.01446733 -0.0004875139 0.9998952 -0.0321518 0.04424308 0.9985033 -0.005943263 0.4636834 0.885981 -8.992744e-06 -0.002581977 0.9999967 0.01066714 0.3355332 0.941968 0.00318658 -0.05004387 0.9987419 0.006497713 0.3278042 0.9447233 0.01791315 0.724616 0.68892 0.006703093 0.7239737 0.689795 0.003459507 0.7453805 0.6666302 0.009153059 0.627984 0.7781724 0.008880567 0.7049982 0.7091534 0.01683279 0.5444984 0.838593 0.005059271 0.6048556 0.7963191 -0.004198988 -0.1023923 0.9947352 -0.0006602906 -0.620818 0.7839545 -0.002494443 -0.1302342 0.9914801 -0.01216818 -0.7194475 0.6944403 -0.01291279 -0.7616061 0.6479116 -0.00748932 -0.1335107 0.9910191 -0.01792615 -0.2052015 0.9785556 -0.01414198 -0.7898605 0.6131235 0.03281471 -0.2523336 0.9670837 0.02291412 -0.774223 0.632498 0.02034387 -0.1857203 0.982392 0.009947491 -0.7246773 0.6890166 0.01173089 -0.7358964 0.6769925 0.01398359 -0.1920093 0.9812935 -0.01056887 -0.8482948 0.5294188 -0.01420013 -0.9217241 0.3875861 -0.01370855 -0.9560106 0.2930115 -0.008578719 -0.9535268 0.301186 0.01962749 -0.9469789 0.3206958 0.00681597 -0.9253561 0.3790379 0.009050477 -0.923768 0.3828457 0.009162127 0.9924442 -0.122354 0.001525925 0.9465985 -0.3224111 0.002978283 0.959523 -0.2816146 0.003276935 0.9934331 -0.1143672 -0.0001445281 0.9939456 -0.1098731 -0.003047351 0.9704014 -0.2414784 -0.002982046 0.9968926 -0.07871598 -0.008935763 0.9853911 -0.170072 -0.00233468 0.997387 -0.07220594 0.00222686 0.9866903 -0.1625954 -0.01133166 0.9863656 -0.164178 -0.009689549 0.9983261 -0.05701778 -0.01093904 0.9828153 -0.1842671 -0.007119699 0.9950481 -0.09913943 -0.001557407 0.8936395 -0.4487829 0.002264231 0.9218819 -0.3874644 -0.005702365 0.9492794 -0.3143821 -0.009794673 0.9739178 -0.2266898 0.003939455 0.9788319 -0.2046281 -0.01000416 0.9690884 -0.246511 -0.01260575 0.9748521 -0.222496 0.01337747 0.9928486 0.1186281 0.02256027 0.9669456 0.2539828 0.01127593 0.9954538 0.09457607 0.006616558 0.9324676 0.3611931 -0.00778889 0.9953229 0.09628967 0.005289138 0.9751317 0.2215633 0.008781236 0.9575309 0.2881968 0.0192167 0.9920695 0.1242132 0.01970746 0.9703376 0.2409494 0.00639953 0.972532 0.2326812 0.005635997 0.9896883 0.1431268 0.004603169 0.9779152 0.2089512 0.007368484 0.9932971 0.1153539 0.02916757 0.9240358 0.3811917 0.002868949 0.7953442 0.6061512 0.01111999 0.9358876 0.3521233 0.007217085 0.8764432 0.4814511 0.01856422 0.9359349 0.3516835 0.007509346 0.9520526 0.3058422 0.002312036 0.9498246 0.3127746 0.004485258 -0.9986741 -0.05128312 0.007507387 -0.9829952 -0.1834777 -0.005855718 -0.9797433 -0.2001719 -0.003691651 -0.9982315 -0.05933193 -0.006970654 -0.9726972 -0.2319734 -0.004316961 -0.997868 -0.06512231 -0.002786945 -0.9655792 -0.2600942 -0.0009867185 -0.9970898 -0.07622952 -0.009861282 -0.9861853 -0.1653523 -0.01851868 -0.8905345 -0.4545386 0.0002044668 -0.9926392 -0.1211091 -0.003860144 -0.9334681 -0.3586396 0.001885392 -0.992706 -0.1205453 -0.001814391 -0.9418746 -0.3359598 0.008511904 -0.9553999 -0.2951923 -0.007763365 -0.9492217 -0.3145121 -0.008282084 -0.9295406 -0.3686268 -0.003824785 -0.9144479 -0.4046855 -0.01942944 -0.783424 -0.6211839 -0.005804451 -0.8536234 -0.5208583 -0.005304191 -0.8772184 -0.4800623 0.006579547 -0.9920212 0.1258995 0.02124334 -0.9865888 0.1618372 0.002936341 -0.9872093 0.1594024 0.00278745 -0.991754 0.1281262 0.008628905 -0.9869049 0.1610722 0.01596059 -0.9897834 0.1416828 0.01803713 -0.9906814 0.1350004 -0.03247407 -0.9891907 0.1429937 -0.02675578 -0.9834187 0.1793648 -0.02135986 -0.9948832 0.09874823 -0.02074943 -0.99861 0.04845133 -0.006089322 -0.9935312 0.1133958 -0.009228669 -0.9932591 0.1155471 0.02097644 -0.9801556 0.1971166 0.002810349 -0.9896957 0.1431594 0.008520226 -0.9794459 0.2015272 0.01600052 -0.9853528 0.1697761 -0.0152514 -0.972476 0.2325035 -0.02167854 -0.9965116 0.0805893 -0.009279701 -0.9920483 0.1255148 -0.005976764 0.9993918 0.03435594 0.002062345 0.997407 0.07193728 0.02630739 0.9934862 0.1108746 0.0325095 0.9984187 0.04585997 0.03122779 0.9985919 0.04288325 0.01138564 0.992515 0.1215909 -0.01869061 0.9910501 0.1321754 0.003887065 -0.9881134 -0.1536776 -0.02503974 -0.9992904 -0.02813793 -0.02506312 -0.9996759 -0.004474561 0.00753883 -0.9999045 0.0115869 -0.03777515 -0.9969726 0.06796014 -0.01071745 -0.9982134 -0.05878087 0.02507576 -0.9981542 0.05531204 -0.01507634 0.8949199 -0.4459721 -0.000481419 0.8683467 -0.4959574 0.03414681 0.8906884 -0.4533302 0.02124057 0.9599098 -0.279503 0.03947308 0.9900975 -0.1347177 0.006869746 0.9876563 -0.1564862 -0.01518962 0.9692351 -0.2456678 0.01574182 -0.9481668 -0.3173828 -0.01253897 -0.9905544 -0.1365461 -0.01646146 -0.9998644 0.0003751091 0.002847689 -0.998678 -0.05132352 -0.03135633 -0.9994468 0.01108794 -0.01096642 -0.9845908 -0.1745301 0.01469089 -0.9960144 -0.08797459 -0.008306069 0.9994501 -0.03210304 -0.01260845 0.8911525 -0.4535286 0.0001229524 0.9982648 -0.0588844 -0.0003306045 0.8408841 -0.5412152 0.009056752 0.9993849 -0.03387887 0.02399486 0.8454474 -0.5335194 0.00605258 0.9750921 -0.2217178 0.006086463 0.9983381 0.05730567 -0.001605446 0.9993644 0.03561304 0.01533157 0.9965477 -0.08159402 -0.005653947 0.9974662 -0.07091649 0.001997371 0.9581702 -0.2861922 -0.02047751 0.998055 -0.05888079 -0.02059839 0.9292855 -0.3687875 0.02002481 -0.99978 0.006248551 0.02128496 -0.9946918 -0.1006741 0.004701608 -0.9983077 -0.05796204 0.000569313 -0.9963477 -0.08538662 -0.008625555 -0.9999296 -0.008153058 -0.01069395 -0.9980906 0.06083447 -0.01340908 -0.9998929 0.005863587 -0.01295129 -0.9998003 0.01521699 -0.0203704 -0.9992779 -0.03207504 -0.0269098 -0.9981259 -0.05495927 -0.00389866 -0.9966175 -0.08208804 -0.006779792 -0.9919777 -0.1262313 0.01237959 -0.9984571 -0.05413051 0.01519225 -0.9914294 -0.1297574 0.003901369 0.004458939 -0.9999824 -0.001622997 0.01252599 -0.9999202 0.00343452 0.06029757 -0.9981745 -0.004863509 0.05094291 -0.9986897 -0.002255491 0.03812879 -0.9992703 -0.01383573 0.02925843 -0.9994761 -0.005732523 -0.03790234 -0.999265 -0.01362087 -0.03523119 -0.9992864 -0.00675227 -0.01905293 -0.9997957 -0.01253346 -0.01988378 -0.9997237 -0.005837002 -0.01271485 -0.9999021 -0.01373325 -0.01209842 -0.9998325 0.01020425 0.09306274 0.995608 0.01500565 0.09941199 0.9949332 0.01589421 0.0525207 0.9984933 0.0139226 0.05416949 0.9984347 0.01661937 0.01597935 0.9997342 0.01434112 0.02049102 0.9996872 0.02375564 -0.08992546 0.9956651 0.01098652 -0.08987704 0.9958923 0.02598142 -0.0255915 0.9993348 0.009747032 -0.02630332 0.9996065 0.02661924 -0.001570488 0.9996444 0.01209669 -0.003270858 0.9999215 0.9994626 -0.03115856 0.01018097 0.9991356 -0.0369427 0.01905872 0.999924 0.008354803 0.009066302 0.9999688 0.002743401 0.007402212 0.9997961 -0.0006719713 0.02018024 0.9999852 0.002839946 -0.004631847 0.9998686 0.01489374 0.006395448 0.9999571 -0.008100627 0.004493603 0.9998561 -0.01302153 0.01087466 0.9998732 -0.009303157 -0.01292779 0.999824 -0.004723649 0.0181542 0.9996888 -0.003387033 -0.02471373 -0.9995904 0.02861582 -0.0003613702 -0.9996113 0.0270759 -0.0066372 -0.9999881 -0.004724684 -0.001227117 -0.9999676 -0.003788 -0.007105007 -0.9999548 0.007464549 0.005896695 -0.9999317 0.00415567 -0.01092406 -0.9994485 -0.03005326 0.01412127 -0.9999956 -0.002751894 -0.001100175 -0.9999975 0.001791547 -0.001317684 -0.9999839 0.005298992 -0.002043932 -0.9999955 -0.002465405 -0.001716183 -0.9999861 -0.0006902601 0.00521981 -0.09964734 -0.02680781 -0.9946616 -0.441538 -0.02834561 -0.8967947 -0.4500588 -0.0375988 -0.892207 -0.1435877 -0.02451554 -0.9893339 -0.5344403 -0.006063443 -0.8451844 -0.2678467 -0.006955973 -0.9634364 -0.5440375 -0.0005243904 -0.8390607 -0.3446876 0.01569741 -0.9385862 -0.4090679 -0.009803428 -0.9124513 -0.1936007 -0.003801699 -0.981073 -0.4689736 0.004886209 -0.8831987 -0.1765373 0.006738492 -0.9842709 -0.6654345 -0.02858578 -0.7459086 -0.636548 -0.03800203 -0.7703002 -0.6034746 -0.004827109 -0.7973676 -0.4659972 -0.009345411 -0.8847369 -0.4930258 -0.009473271 -0.8699631 -0.634982 0.00302837 -0.772521 0.2170471 -0.0006287769 -0.9761609 0.6000821 -0.004895786 -0.7999235 0.2366748 0.00554355 -0.9715731 0.6310903 0.01031244 -0.7756409 0.2499486 0.00124011 -0.9682583 0.6950453 6.446092e-05 -0.718966 0.163678 -0.01109171 -0.9864515 0.4317046 -0.004007875 -0.9020061 0.4910553 -0.02072906 -0.8708817 0.1212178 -0.01275227 -0.992544 0.5923229 -0.002907554 -0.8056955 0.1925943 0.006685998 -0.9812557 0.7447544 -0.007292796 -0.6672988 0.7888246 0.01141667 -0.6145123 0.8761868 -0.001145084 -0.4819704 0.5023112 -0.00836087 -0.8646465 0.6891931 -0.02052519 -0.7242869 0.7786024 -0.007929916 -0.6274674 0.009046239 -0.07338533 0.9972626 0.1931491 -0.05656167 0.9795377 -0.04357683 -0.01888764 0.9988715 0.1365429 -0.002961687 0.9906297 -0.01603676 0.01914446 0.9996881 0.2567757 0.01442566 0.9663634 0.2328793 0.04270329 0.9715676 0.5516348 0.01898035 0.8338697 0.1180812 0.02348116 0.9927263 0.5054754 0.009840303 0.8627849 0.05882494 0.0186695 0.9980937 0.3780294 0.006282642 0.9257723 0.3268387 -0.0405088 0.9442116 0.3270777 -0.001639892 0.944996 0.4710182 0.01193417 0.8820428 0.6402682 0.009085385 0.7680977 0.7089907 0.007127058 0.7051818 0.5682876 0.0003120384 0.8228299 -0.06248089 0.03374788 0.9974754 -0.3197835 0.006384169 0.9474691 -0.3290534 0.03416006 0.9436932 0.04998236 0.04568288 0.9977048 -0.2945457 0.0120551 0.9555614 0.04804943 0.008637076 0.9988076 -0.4666415 -0.008678375 0.884404 -0.1052491 -0.02658683 0.9940904 -0.4698245 -0.008537757 0.8827186 -0.09456857 -0.01468002 0.9954101 -0.3646088 0.02729949 0.9307605 -0.01139815 0.01262972 0.9998553 -0.4106227 -0.0003618127 0.9118053 -0.6240034 0.02221143 0.7811059 -0.5843599 0.01262392 0.8113964 -0.6228393 -0.0008042445 0.7823494 -0.6586648 -0.0007448211 0.7524362 -0.6212621 0.02946992 0.7830485 0.9997292 -0.01929698 -0.0130075 0.9800458 -0.01083024 -0.1984766 0.9667072 -0.02686245 -0.2544712 0.998241 -0.02524608 -0.05364315 0.9857347 -0.02743372 -0.1660558 0.9989658 -0.02067837 -0.04049338 0.998853 0.00460602 -0.04765891 0.9738187 -0.001830446 -0.2273186 0.9789248 0.02476394 -0.2027142 0.9968174 0.02295223 -0.07634337 0.9911941 0.00151257 -0.1324086 0.9991528 0.0008867586 -0.0411451 0.9452674 -0.007656496 -0.3262069 0.9294459 -0.02749915 -0.3679321 0.9657752 -0.0244059 -0.2582299 0.9447998 -0.00555409 -0.327601 0.9689094 0.02501704 -0.2461476 0.981016 0.0009351642 -0.1939243 0.9916505 0.02555044 0.1263983 0.9191268 0.02488131 0.3931754 0.9661903 0.01119349 0.2575867 0.9897506 0.003675245 0.1427596 0.990974 -0.007883095 0.1338222 0.9622446 -0.00788582 0.2720719 0.9906933 -0.02708416 0.1333913 0.92554 -0.03702137 0.3768357 0.9875129 -0.01397486 0.1569174 0.9036244 -0.009284447 0.4282251 0.9867639 -0.005809114 0.1620597 0.8953736 -0.00257483 0.4453084 0.8115002 0.01540547 0.5841491 0.9327883 0.007616465 0.3603443 0.9057383 -0.00324192 0.4238251 0.8288574 -0.03452064 0.5583939 0.7601563 -0.007259757 0.6496997 0.748699 0.0003067951 0.6629101 -0.9806763 0.006894035 -0.1955158 -0.8258869 -0.0051108 -0.5638127 -0.9892279 0.005237228 -0.1462898 -0.8912729 0.003134679 -0.4534564 -0.9065922 0.004576619 -0.4219831 -0.9925659 0.004312877 -0.1216321 -0.9944178 -0.02099133 -0.1034047 -0.9033403 -0.01813347 -0.428541 -0.8915259 -0.02753926 -0.4521318 -0.9946282 -0.0176445 -0.1019974 -0.8449451 0.00365526 -0.5348406 -0.9869406 0.003330499 -0.1610503 -0.6999102 -0.01066812 -0.7141512 -0.8012118 0.003433582 -0.5983709 -0.8118569 0.004031923 -0.5838426 -0.8025322 -0.02364086 -0.5961402 -0.7528668 -0.02827659 -0.6575653 -0.6974474 0.001934467 -0.7166333 -0.9927102 0.002380854 0.1205022 -0.9762883 -0.0007289172 0.2164733 -0.9971892 1.546976e-05 0.07492454 -0.9532338 0.004202828 0.3022047 -0.9813506 0.003151339 0.1922005 -0.9963232 -0.0005126752 0.08567277 -0.9980849 0.01581709 0.05980189 -0.9847355 0.008271729 0.173861 -0.9821374 0.03492164 0.1848965 -0.9924063 0.02343742 0.1207498 -0.9877352 0.009535038 0.1558466 -0.9934518 0.006354887 0.1140755 -0.9635309 -0.001243155 0.2675941 -0.8476708 0.003805295 0.5305089 -0.9471392 0.01195001 0.3206003 -0.9579214 8.437835e-05 0.2870305 -0.9689201 0.03883013 0.2443072 -0.9735764 0.007381431 0.2282423 0.9989214 0.03461702 0.03094618 0.9998485 0.009243026 0.01475176 0.996306 -0.003041064 0.0858201 0.998252 -0.03258847 0.04930404 0.9948679 -0.03378569 0.09537514 0.9926725 -0.008930813 0.1205053 -0.9926051 -0.03297372 -0.1168238 -0.989041 -0.01277111 -0.147088 -0.9859217 0.0001265719 -0.1672074 -0.9951382 0.01450383 -0.09741466 -0.9949223 0.008300327 -0.1003034 -0.9921417 0.01332728 -0.1244073 0.9762395 0.02396737 -0.215365 0.954834 0.01784785 -0.2966033 0.9576747 0.005823717 -0.2877938 0.9424008 -0.0278061 -0.3333281 0.9149415 -0.03250419 -0.4022754 0.9038798 -0.02381718 -0.427123 -0.7799927 -0.01165945 -0.6256799 -0.7690108 -0.01334542 -0.6390964 -0.7405451 0.0006345151 -0.6720063 -0.8387883 -0.001830464 -0.5444546 -0.846351 0.002274157 -0.5326208 -0.7814424 0.004080214 -0.623964 0.8790625 -0.02291138 -0.4761556 0.9629862 -0.04482522 -0.2657975 0.8754412 0.0141696 -0.4831168 0.9679467 0.002896951 -0.251139 0.7968754 0.001007962 -0.6041429 0.9452769 -0.01377597 -0.3259782 0.8866804 0.005199761 -0.4623535 0.993906 0.006540256 -0.1100368 0.9910344 0.002809085 -0.1335778 0.8312228 -0.01136302 -0.5558233 0.9793052 -0.005898732 -0.202303 0.7457597 -0.02135028 -0.6658728 -0.9940483 0.02726383 -0.1054732 -0.7843314 0.02463923 -0.6198525 -0.8233214 -0.01160672 -0.5674567 -0.9933326 -0.001068344 -0.1152792 -0.8009412 0.00208875 -0.5987394 -0.9908669 0.009627513 -0.1344997 -0.9967518 -0.005075199 -0.08037522 -0.8689098 -0.006330571 -0.4949299 -0.8638169 -0.0140014 -0.5036112 -0.9955628 -0.0206051 -0.09181628 -0.9868693 -0.004049049 -0.1614698 -0.7670799 -0.006213652 -0.6415215 -0.02696859 -0.01686613 -0.999494 -0.01749584 0.01021827 -0.9997947 -0.006223516 0.0188844 -0.9998023 0.005177071 -0.02061391 -0.9997741 0.01913584 -0.009537698 -0.9997714 0.01828262 0.004781159 -0.9998214 -0.02691723 -0.02199708 -0.9993956 -0.01865504 0.0237046 -0.9995449 -0.008720336 0.03961311 -0.999177 -0.0002841066 -0.03256496 -0.9994696 -0.003150687 -0.01115541 -0.9999328 0.004429995 -0.003726425 -0.9999832 -0.0187648 -0.01372574 -0.9997297 -0.001220915 0.04102201 -0.9991575 0.005255087 0.04517165 -0.9989654 -0.009961714 -0.02851171 -0.9995438 -0.006630585 -0.0168011 -0.9998369 -0.00432764 -0.007785933 -0.9999603 -0.0105778 -0.004668053 -0.9999332 -0.0009710259 0.06158038 -0.9981017 0.002591109 0.04387074 -0.9990339 -0.007570971 -0.03361625 -0.9994061 -0.003330301 -0.02050545 -0.9997842 -0.004700818 -0.009757748 -0.9999413 -0.02820644 -0.01178175 -0.9995327 -0.04564638 -0.01411014 -0.998858 -0.04680444 0.004788403 -0.9988926 -0.008516922 0.003429526 -0.9999578 -0.03486504 0.007000369 -0.9993675 -0.04390658 0.0006680759 -0.9990354 -0.02880437 -0.03092208 -0.9991067 -0.03161276 -0.01667279 -0.9993611 -0.03465322 0.007107979 -0.9993741 -0.008341467 0.01867867 -0.9997907 -0.01922287 0.02607809 -0.9994751 -0.02896663 0.004647282 -0.9995696 -0.02314422 -0.03682665 -0.9990536 -0.02321291 -0.01872462 -0.9995552 -0.02900183 -0.001029351 -0.9995788 -0.004854036 0.01712807 -0.9998415 -0.01110723 0.04313188 -0.9990076 -0.01887949 0.01501135 -0.9997091 -0.04133889 0.0795893 0.9959702 -0.05367106 0.03579158 0.997917 -0.0469744 0.01983371 0.9986992 -0.04364766 -0.05944498 0.9972769 -0.02591434 -0.02726486 0.9992923 -0.03404884 0.007670806 0.9993907 -0.01621142 0.1223926 0.9923493 -0.03771932 0.03611053 0.9986357 -0.03663468 0.006819988 0.9993055 -0.01134852 -0.06086315 0.9980816 -0.01348389 -0.01971928 0.9997146 -0.01829723 -0.01005181 0.9997821 6.731346e-06 0.1424801 0.9897977 -0.003790171 0.05291044 0.9985921 -0.009761251 0.007732991 0.9999225 -0.007181878 -0.07901826 0.9968473 -0.01695561 -0.02424815 0.9995622 -0.01235364 -0.0008987158 0.9999233 0.002783124 0.1170873 0.9931177 0.01505215 0.04923457 0.9986738 0.0108992 0.01900467 0.99976 0.001160982 -0.08451725 0.9964213 0.0001456072 -0.0280433 0.9996067 -0.002350529 -0.005377982 0.9999828 0.05254489 -0.03736546 0.9979193 0.05440662 -0.002367538 0.9985161 0.05542966 0.0001151005 0.9984626 0.05350124 0.05940571 0.9967992 0.05282388 0.04248291 0.9976998 0.05632324 0.01200239 0.9983404 0.03032807 -0.05778195 0.9978685 0.04069444 -0.01074754 0.9991138 0.04561211 0.0001120328 0.9989592 0.03469728 0.07105684 0.9968686 0.03471571 0.04264851 0.9984868 0.03896732 0.02243415 0.9989886 0.02653908 -0.07471781 0.9968515 0.03588726 -0.02167261 0.9991208 0.03871543 -0.001608708 0.999249 0.02123785 0.08062509 0.9965182 0.03052807 0.04677243 0.998439 0.02783406 0.01598808 0.9994847 0.4736961 0.7120722 0.5182328 0.022295 0.9712201 0.2371382 0.2472316 0.9426973 0.2240499 0.04263412 0.7539386 0.6555599 -0.4064141 0.7180926 0.5649518 -0.1992587 0.95177 0.233302 0.01432318 0.9791852 0.202463 -0.0329843 0.9766397 0.2123368 0.04876913 0.9777072 0.204231 -0.001608944 0.9827886 0.184727 0.02112229 0.9864582 0.162647 0.03012802 0.9849328 0.1702928 0.0464405 0.3705217 0.9276621 0.6121983 0.533965 0.5831763 -0.9415964 0.2555543 0.2192902 -0.9948282 -0.09678759 0.03080585 -0.989898 -0.08104768 0.1163327 0.9504946 0.3077199 0.04322566 -0.550874 0.5314617 0.6434954 0.9855936 -0.1422009 -0.09156469 0.9989939 0.009402969 0.04385013 0.955471 0.2386208 0.1735952 0.9755668 0.2155943 0.04229184 -0.9872994 -0.1504859 -0.0509297 -0.9808087 0.1889841 0.04795051 0.7886039 -0.116239 -0.6038149 0.7578132 0.303987 -0.577331 -0.7635631 -0.02608538 -0.6452062 -0.7133012 0.4784633 -0.5121271 -0.01118979 0.01470697 -0.9998292 0.01291103 0.440637 -0.8975925 -0.9380422 0.3270565 0.1145029 0.9992227 0.03607592 -0.0158885 0.07474797 0.9897074 0.1220328 0.2346501 0.9646542 -0.1199231 0.3754613 0.9224718 0.08985836 -0.09420676 0.9815206 0.1665603 -0.3262477 0.8972942 -0.2973644 -0.4794654 0.7880899 -0.3860404 -0.3929342 0.9080541 -0.1450532 0.02694854 0.8324001 0.5535195 0.1981427 0.9179427 0.343687 0.02691166 0.9835337 0.17871 -0.2069885 0.8928304 0.400012 -0.4394162 0.8860454 0.147773 0.3617467 0.8407171 -0.4029071 0.1820522 0.9484365 -0.2594711 0.2186918 0.6385608 -0.7378441 0.1345612 0.9290661 -0.3445715 0.3418578 0.9108696 -0.2311923 -0.3887143 0.6018914 -0.6975872 -0.3277654 0.8214266 -0.4667206 -0.6195552 0.7507254 0.2292659 -0.5358371 0.8006572 -0.2680049 0.2370991 0.84585 0.4778303 0.5156438 0.8388959 0.1742557 0.02771889 0.6465486 0.762369 -0.2362611 0.8158148 0.5278512 0.9844073 -0.1718012 -0.03777106 0.8964215 -0.4300495 -0.1071726 -0.8925201 -0.4100421 -0.187812 -0.9184407 -0.3940098 0.03497043 0.6829951 -0.5591284 -0.4699927 -0.6521805 -0.4955185 -0.5736916 -0.09278023 -0.4785994 -0.8731177 0.418378 0.8204389 -0.3896665 0.40393 0.8465463 0.3466986 0.1002093 0.8142266 0.5718331 0.1103545 0.8618076 -0.4950854 -0.09502713 0.8743404 0.4759187 -0.3351457 0.8965684 -0.2895557 -0.1485825 0.7934645 -0.5902012 -0.3807813 0.8759493 0.2961729 0.4123862 0.8970939 0.1586194 -0.4663648 0.8314784 -0.3019066 0.4972362 0.8107557 -0.3089198 -0.5093282 0.805131 0.3038896 0.02783156 0.5209017 0.8531628 0.5051091 0.6977385 0.5079624 0.5529872 0.6164662 -0.5605128 -0.03390408 0.625154 -0.7797647 -0.4399789 0.7875888 -0.4314191 -0.433293 0.7602674 0.4839945 0.02639879 0.7908913 0.611387 -0.0173399 0.7734086 -0.6336706 0.3473483 0.7840096 0.5144688 0.9048886 0.4256484 -4.143489e-08 0.4572402 0.4821792 0.7472848 0.6259351 0.7798752 -1.65702e-08 -0.4572403 0.4821792 0.7472848 -0.3473483 0.7840096 0.5144688 -0.9048886 0.4256485 -5.903152e-08 -0.625935 0.7798752 -3.314039e-08 -0.3473482 0.7840094 -0.5144692 -0.4572405 0.4821786 -0.747285 0.4572404 0.4821786 -0.7472851 0.3473482 0.7840094 -0.5144692 0 1 0 -0.04892768 0.6896148 -0.7225216 -0.06556268 0.903793 0.4229181 -0.007225286 0.9119267 0.4102895 0.1393941 0.7014455 -0.6989589 -0.1290408 0.8898652 0.4375939 0.3219412 0.6935141 -0.6445092 0.0465582 0.9042391 0.4244808 -0.354922 0.7146506 -0.6027478 -0.1939339 0.7144174 -0.6723075 0.08498788 0.9198801 0.3828809 -0.5052962 0.6682633 -0.5459853 0.1529713 0.9121641 0.3802059 -0.5359802 0.7151499 -0.4486488 0.195506 0.9194573 0.3411387 0.2824727 0.9169733 0.2817254 -0.5683317 0.7897797 -0.2307533 -0.5800058 0.7498941 -0.3182015 0.4290304 0.8552529 0.2906465 -0.1635236 0.8950007 0.4150106 0.5179247 0.60704 -0.6027076 0.5905032 0.6269842 -0.5081307 -0.2662442 0.8609903 0.4333702 0.6569852 0.6519191 -0.3786449 0.7434981 0.6114521 -0.2708078 -0.4094442 0.7951259 0.4473593 -0.4373744 0.8382617 0.3256086 0.7664085 0.6032473 -0.2207051 -0.4534224 0.8674661 0.2047209 -0.6926784 0.7074605 -0.1403435 0.4616645 0.8164388 0.3468337 -0.1224565 0.08808019 0.9885577 0.01724941 0.1424735 0.9896483 -0.006329187 -0.3493343 -0.9369768 -0.2291104 -0.2744731 -0.933902 -0.2901219 0.01060979 0.9569309 0.1930346 -0.3595184 -0.9129535 0.4107272 -0.3336186 -0.8485292 0.35384 0.1795228 0.9179155 0.1575275 0.08898082 0.9834976 -0.4399921 -0.2817438 -0.852659 0.4708277 0.1167656 0.8744639 -0.609572 -0.2321083 -0.7579893 0.6060983 0.0746364 0.7918802 -0.8499387 -0.05658639 -0.5238341 -0.7084827 -0.164551 -0.6862763 0.794387 -0.02569757 0.6068682 0.7547494 0.07018668 0.6522478 -0.947392 0.04911385 -0.3162851 -0.4260149 -0.07590154 0.9015266 0.5617913 -0.3622895 -0.7437317 -0.7356362 -0.1699575 0.6557086 -0.5322697 -0.2027062 0.8219484 0.6735877 -0.3401991 -0.6561586 -0.8894773 -0.02482507 0.4563046 0.8139468 -0.2895979 -0.5036106 0.9288237 -0.1008656 -0.3565287 -0.9579798 0.281357 0.05579409 0.940402 0.1596413 -0.3002644 -0.1266706 0.8875737 0.4429079 0.3907114 -0.1123726 0.9136285 0.3505491 -0.08297348 0.9328616 0.5473294 0.6781477 0.4904552 0.8601549 0.1126945 0.4974269 -0.9541353 0.2016784 -0.22125 -0.5920655 0.6578514 0.4654997 -0.3936411 0.002949883 0.9192595 0.1471539 0.9029269 0.4038177 -0.3876241 0.00625427 0.9217963 0.03495532 -0.3793678 0.9245854 -0.06064158 -0.4757383 0.877494 -0.1995669 -0.6662552 -0.7185243 0.05471197 -0.7048849 -0.7072085 -0.201452 -0.5604541 0.8033108 0.1422231 -0.7455787 -0.6510646 0.3140638 -0.6816924 -0.6608021 0.3935204 -0.2447908 0.8861259 0.1665242 -0.3984435 0.9019493 -0.330895 -0.6709364 -0.6635909 0.4044815 -0.3991313 0.8228541 -0.5284764 -0.5224339 -0.6691603 0.5586356 -0.4169997 0.7169641 -0.6261539 -0.5222209 -0.5789789 -0.7731259 -0.4123041 -0.4819562 0.8575089 -0.1011118 0.5044353 0.7226869 -0.2995597 0.6228866 -0.923673 -0.1393334 -0.3569516 -0.2591293 -0.6750738 0.690744 0.4991556 -0.5950776 -0.6298622 -0.3488998 -0.7110703 0.610449 -0.7321607 -0.3792137 0.5658071 0.554385 -0.6390353 -0.5331896 -0.9350223 -0.1036275 0.3391087 0.698184 -0.5754305 -0.4259329 0.8882458 0.02721917 -0.4585614 -0.6825089 0.6601819 -0.3135943 0.7435106 0.5369571 -0.3985838 0.5773751 0.6185794 0.5329142 -0.5490465 0.6373399 0.5406901 0.4033801 0.7923117 0.4577407 -0.328878 0.8473485 0.416941 0.7604434 0.6484737 -0.03475198 -0.781708 0.5127313 -0.3550201 0.5112579 0.7323076 0.4498232 -0.3055656 0.8742669 0.3772095 0.2655342 0.8365291 0.4792813 -0.4719808 0.787341 0.3966463 -0.7783566 0.6278038 0.004838561 0.759407 0.6494167 -0.03948413 -0.703942 0.7101965 -0.009306539 0.8217272 0.5697096 0.01397682</float_array>
          <technique_common>
            <accessor count="1324" source="#normals-array-array" stride="3">
              <param type="float" name="X"/>
              <param type="float" name="Y"/>
              <param type="float" name="Z"/>
            </accessor>
          </technique_common>
        </source>
        <source id="texcoords-array">
          <float_array count="2648" id="texcoords-array-array">0.3200107 0.38983 0.3200046 0.3473693 0.2697573 0.3898279 0.2697511 0.3473662 0.2223317 0.7691466 0.2223552 0.8116114 0.2725872 0.7691383 0.2726087 0.8116011 0.6304966 0.2577218 0.5927731 0.3081105 0.6306862 0.3079783 0.5925887 0.2578396 0.7739694 0.6957692 0.7315302 0.6957251 0.77399 0.7336186 0.7314934 0.7335817 0.80188 0.2570934 0.8396668 0.3074104 0.8397704 0.2571058 0.8018 0.3073838 0.7744102 0.9086744 0.7319577 0.9087071 0.7744246 0.9465628 0.7319351 0.9465925 0.5215421 0.5612789 0.5164132 0.5555074 0.5139697 0.5634847 0.524008 0.55393 0.5257146 0.5608597 0.5275964 0.554053 0.5203439 0.5644461 0.5141686 0.5661813 0.5238851 0.5635554 0.524496 0.1830437 0.5232803 0.1757789 0.5173172 0.1813525 0.5169533 0.1740539 0.5232179 0.1732318 0.5176288 0.1717898 0.526467 0.1833491 0.5255927 0.1760371 0.5252082 0.1738745 0.01312242 0.1800817 0.01920859 0.1781967 0.01443026 0.1733815 0.02154856 0.1721802 0.009547384 0.18018 0.01109096 0.1736029 0.0216777 0.168474 0.01465062 0.170118 0.01182483 0.1709359 0.01393623 0.5646162 0.02005315 0.5653039 0.01873301 0.5593971 0.01286721 0.558282 0.01990453 0.5690553 0.0140705 0.5678786 0.01048726 0.5645485 0.008527556 0.556927 0.01139537 0.5672995 0.01535477 0.9788652 0.01626595 0.9865452 0.02342114 0.979638 0.02526401 0.9874707 0.01656934 0.9904523 0.02554587 0.9922552 0.0108009 0.9791102 0.01225736 0.98629 0.01315009 0.9895442 0.5245985 0.9688525 0.5152642 0.9722676 0.523676 0.9783332 0.5137698 0.9821451 0.5325808 0.966249 0.5312688 0.9760302 0.5147496 0.9875835 0.5238799 0.9853357 0.5304694 0.9826893 0.5266556 0.5962247 0.5143715 0.5945561 0.518748 0.6043259 0.5279613 0.6063359 0.526632 0.5917682 0.5144832 0.5892704 0.5312699 0.5964522 0.532263 0.6063154 0.5304899 0.5928301 0.01584879 0.5934891 0.02390492 0.6015391 0.02466646 0.5927788 0.01481667 0.6024554 0.01150197 0.5935496 0.009225549 0.6022053 0.02450247 0.587818 0.01627312 0.5892304 0.01273704 0.5899961 0.5597656 0.05351937 0.5515865 0.05653793 0.5582302 0.06260258 0.5508515 0.06411231 0.5479991 0.05723691 0.5476271 0.06370533 0.5599726 0.05018628 0.5519688 0.0521152 0.5487269 0.05366188 0.5577987 0.5643322 0.5568947 0.558079 0.5516572 0.5637552 0.55095 0.5580627 0.5519217 0.5666978 0.5572575 0.5676265 0.5475738 0.5578545 0.5486202 0.5634733 0.5493142 0.5660399 0.7251028 0.5599414 0.7266217 0.5512098 0.7173049 0.5517858 0.7162175 0.561856 0.7321934 0.5597764 0.7321965 0.5503519 0.7255353 0.5677444 0.7166398 0.5690788 0.7319915 0.5669008 0.7298853 0.05192763 0.7230108 0.05992943 0.7308139 0.06123734 0.7222371 0.05106467 0.7296935 0.04791081 0.7226839 0.04645848 0.7337821 0.05211109 0.7354846 0.06098104 0.7328965 0.0487175 0.5556699 0.7688401 0.5565278 0.7751835 0.5626786 0.7695115 0.5639925 0.7761367 0.5566662 0.7786069 0.5642641 0.7804856 0.552021 0.7695494 0.5533002 0.7750421 0.5539203 0.7777264 0.9487229 0.7683963 0.9430672 0.7698743 0.9476631 0.7743554 0.9411495 0.7754131 0.9507502 0.7741411 0.9519023 0.7683543 0.9410368 0.7786253 0.9474253 0.77742 0.9500584 0.7767466 0.9468196 0.5990382 0.9367278 0.597512 0.9384816 0.6063809 0.9478589 0.6089423 0.9469067 0.5947632 0.9371041 0.593115 0.9511766 0.599238 0.9527817 0.6088532 0.9504468 0.595785 0.5655638 0.6016805 0.5723397 0.6106591 0.5757201 0.6003317 0.5628005 0.6116083 0.5569798 0.6010789 0.5547659 0.6098914 0.5660434 0.5937525 0.576006 0.5930556 0.5594427 0.5950614 0.7662618 0.05117536 0.7601746 0.05237556 0.7648094 0.05721849 0.7589827 0.05936056 0.7569645 0.05254775 0.7553881 0.05943954 0.7661757 0.04790783 0.7603868 0.04910493 0.7577701 0.04976398 0.7668512 0.563132 0.7654961 0.5561613 0.7606953 0.5613148 0.7591887 0.555326 0.7607885 0.5640217 0.7668737 0.5658953 0.7568641 0.5554603 0.7580633 0.561198 0.7585091 0.5632704 0.936282 0.5634713 0.9368796 0.5552419 0.9296772 0.5559102 0.9289577 0.5641017 0.9401307 0.5631853 0.9411372 0.5553188 0.9360022 0.5673877 0.9289905 0.5685008 0.9393312 0.5666015 0.9362667 0.05340356 0.9280332 0.06367975 0.9376637 0.06570303 0.926422 0.05182511 0.9361539 0.04870623 0.9265614 0.04669017 0.9406319 0.05352449 0.9425507 0.06571531 0.9395526 0.04968607 0.5577895 0.9803944 0.5595975 0.9869254 0.5639443 0.9822301 0.5669516 0.9884096 0.560068 0.9894181 0.5675081 0.9905927 0.5551318 0.9805277 0.5569583 0.9866804 0.5578572 0.9889466 0.9482176 0.9781641 0.9394041 0.9802356 0.9457495 0.9860419 0.938458 0.988426 0.9495644 0.9862264 0.951234 0.9780893 0.9388967 0.9913788 0.9458417 0.9897184 0.9491042 0.9897963 0.9491524 0.8094918 0.9419111 0.8086851 0.9426357 0.8155236 0.9497858 0.8165814 0.9489484 0.8057486 0.9419839 0.8044603 0.9528667 0.8098218 0.9540803 0.8167198 0.9521422 0.8066311 0.5563802 0.8092663 0.5647643 0.8164184 0.5653086 0.8080886 0.5559528 0.8172189 0.5522261 0.8097367 0.5512216 0.8169791 0.5562962 0.8050219 0.5646957 0.8026317 0.5528123 0.8063031 0.5240276 0.3898597 0.5206093 0.3473765 0.5206063 0.3898485 0.5240337 0.3473487 0.5269046 0.3898351 0.526798 0.3473446 0.2697808 0.1723678 0.2194997 0.1777058 0.2697716 0.1777263 0.2195079 0.1722786 0.2697911 0.1689148 0.2195202 0.1687753 0.0185721 0.3898535 0.01284773 0.3473734 0.01271961 0.3898495 0.01858439 0.3473786 0.008801217 0.3898361 0.009010308 0.3473662 0.3200323 0.5646808 0.2697491 0.5595385 0.2697593 0.5648714 0.3200148 0.5594781 0.2697839 0.5681604 0.3200609 0.5676449 0.2726067 0.9866015 0.3228888 0.9863361 0.2726026 0.9813333 0.3228847 0.9798205 0.272621 0.9901571 0.3229001 0.9898579 0.5212776 0.7692275 0.5282298 0.8114771 0.5284451 0.7689989 0.5214559 0.811475 0.5313047 0.8114873 0.5313365 0.7690061 0.2724796 0.5932933 0.2222005 0.5992227 0.2724898 0.5991633 0.2221882 0.5934634 0.2724734 0.5896138 0.2222128 0.5895 0.01496528 0.7691681 0.01500218 0.8116411 0.02123697 0.7691681 0.02125747 0.8116421 0.009904068 0.7691752 0.01002706 0.8116708 0.550458 0.308256 0.5505625 0.3585279 0.5548683 0.3082448 0.5553983 0.3585085 0.5475297 0.3082622 0.547583 0.3585331 0.6887907 0.5590456 0.6887262 0.564773 0.6888912 0.5689702 0.7297612 0.3080664 0.7246917 0.2578232 0.7238277 0.3080336 0.7300677 0.257814 0.7334582 0.3080839 0.7337401 0.2578315 0.6296151 0.05184263 0.5918405 0.05701959 0.6297135 0.05687714 0.5917339 0.0516448 0.6295751 0.04893166 0.5916242 0.04815376 0.7314616 0.7761818 0.7740114 0.7761418 0.7314565 0.7711206 0.7740033 0.771135 0.7314668 0.7795017 0.7740197 0.779475 0.9434177 0.6375149 0.9491256 0.6376512 0.9535771 0.6375529 0.73131 0.5947723 0.7738947 0.6000734 0.7739428 0.5943849 0.7313304 0.6017256 0.7313007 0.5915447 0.773949 0.5914023 0.5557806 0.6949933 0.5615552 0.7328734 0.5616935 0.6949964 0.5554373 0.7329001 0.5513938 0.694979 0.5507009 0.7329872 0.7588094 0.3073592 0.7588186 0.3576475 0.7641361 0.3073541 0.7640612 0.3576424 0.7553604 0.3073633 0.7554834 0.3576557 0.8969474 0.5588037 0.8970324 0.5648427 0.8972385 0.5698711 0.9371132 0.3075539 0.9323379 0.2572411 0.9328792 0.3075262 0.9369657 0.2572625 0.9393374 0.3075612 0.9397382 0.2572677 0.8395378 0.05056345 0.8017242 0.05616373 0.8395664 0.05608791 0.8016586 0.05042297 0.8395501 0.04699349 0.8015776 0.0463047 0.7318521 0.9873211 0.7744009 0.9874051 0.7319085 0.9840432 0.7744369 0.9840341 0.7318541 0.9904964 0.7744204 0.9905384 0.9440132 0.8484174 0.9503126 0.8477328 0.955833 0.8475277 0.7745557 0.8061166 0.7319812 0.8116534 0.7745373 0.8118747 0.7319669 0.8057394 0.7745814 0.8013393 0.7319812 0.8007971 0.5567892 0.908166 0.5622019 0.9460565 0.5621875 0.9081835 0.5567184 0.9460954 0.553084 0.9081691 0.5526329 0.9461774 0.7232118 0.3582614 0.6898116 0.3078738 0.689787 0.3582163 0.773746 0.635216 0.7313848 0.6351811 0.9324917 0.3578473 0.8972898 0.3578156 0.897381 0.3075478 0.7319762 0.8463818 0.7743734 0.8463757 0.6827394 0.559063 0.6826965 0.5649176 0.6828009 0.5693423 0.6909052 0.05677563 0.6915592 0.05010325 0.6915919 0.04437882 0.9433901 0.6439578 0.9490653 0.6440418 0.9535043 0.6440716 0.5618463 0.6375765 0.555919 0.6376481 0.5515895 0.6375867 0.8909022 0.5588632 0.8909965 0.5649227 0.890975 0.5698599 0.8981456 0.05614328 0.8978955 0.04971069 0.8976659 0.04472113 0.9500584 0.8544995 0.9439332 0.8550878 0.9548962 0.855509 0.5624756 0.8483897 0.555963 0.8487126 0.5506353 0.8491277 0.6833841 0.307844 0.6834333 0.3581887 0.7311623 0.6423322 0.7736169 0.6423661 0.8910918 0.307476 0.8912569 0.3577869 0.7322467 0.8541725 0.774527 0.8544349 0.6839448 0.05006123 0.6837982 0.05656046 0.6831464 0.04521221 0.5558984 0.6436831 0.5618565 0.6436882 0.551484 0.6436421 0.8915756 0.05603671 0.8913543 0.04980594 0.890685 0.0449959 0.5625022 0.8552908 0.5562449 0.8552293 0.5512072 0.8559242 0.6785269 0.5590825 0.6784459 0.5649565 0.6784398 0.5693095 0.9488152 0.6481724 0.9434115 0.6481109 0.9524568 0.6484317 0.8866353 0.5648735 0.8866066 0.5588939 0.8865564 0.5689907 0.9494978 0.8594767 0.9438995 0.8600045 0.9527335 0.8606861 0.6725903 0.307844 0.6726673 0.3581129 0.6782215 0.3078307 0.6783823 0.3581067 0.7315139 0.6542227 0.7735913 0.6471946 0.7311623 0.6466842 0.7739008 0.6540935 0.8813804 0.3074329 0.88691 0.3577715 0.8867204 0.3074402 0.8814173 0.3577551 0.7322303 0.8653025 0.7745527 0.8602484 0.7322559 0.8599123 0.7745178 0.8656971 0.6782522 0.0506075 0.6726037 0.05117941 0.6781723 0.05643743 0.6722655 0.05656964 0.6723802 0.04853606 0.677586 0.04755008 0.5558277 0.6479858 0.5618299 0.65325 0.5618524 0.6479582 0.5558267 0.653371 0.5515168 0.6479397 0.5512585 0.6533545 0.8813097 0.05039424 0.8866579 0.05599159 0.8866066 0.05016881 0.8813118 0.05593419 0.8810576 0.04703349 0.8860809 0.04629552 0.5570331 0.8660374 0.5624633 0.8600752 0.5567195 0.8602772 0.5624192 0.8658969 0.5534242 0.8662813 0.5527426 0.8607066 0.6314857 0.5591931 0.5936362 0.5593018 0.6314887 0.5649052 0.5936198 0.5650672 0.6314877 0.5691731 0.5935665 0.5694622 0.943508 0.6949933 0.9437919 0.7329206 0.9485846 0.6949748 0.9494383 0.7329196 0.9517762 0.6949594 0.9534674 0.7329339 0.8393902 0.5587217 0.8015766 0.5586069 0.8393133 0.5646244 0.8014423 0.5645157 0.8392743 0.5687908 0.8012312 0.5688338 0.9439292 0.90833 0.9441475 0.9462368 0.9487485 0.9083648 0.9495049 0.9462942 0.9514441 0.9083936 0.9529437 0.9463445 0.6731827 0.5591112 0.67311 0.5649493 0.6730629 0.5694571 0.9484041 0.653293 0.9433368 0.6532541 0.9515426 0.6534232 0.8810893 0.5647802 0.8811467 0.5588099 0.8811283 0.5688226 0.9487783 0.8654112 0.943838 0.8659636 0.9514155 0.8656479 0.06872508 0.3898423 0.06871996 0.3473846 0.1189857 0.3473815 0.1189857 0.3898402 0.1692453 0.389831 0.1692442 0.3473765 0.2195018 0.3898258 0.2194997 0.3473693 0.4708171 0.3473826 0.4708264 0.3898485 0.4205535 0.3898443 0.4205514 0.3473836 0.3702723 0.3473765 0.3702836 0.3898402 0.4736306 0.7690502 0.4736327 0.8115191 0.4233547 0.7690902 0.4233639 0.8115488 0.37309 0.7691178 0.3731084 0.8115714 0.3228375 0.7691301 0.322856 0.8115878 0.07151091 0.7691762 0.07151809 0.811637 0.1218033 0.7691732 0.1218043 0.8116298 0.1720741 0.769165 0.1720864 0.8116216 0.6313207 0.5090986 0.5934569 0.5092114 0.631089 0.4588237 0.5932426 0.4589487 0.6309107 0.4085405 0.593092 0.4086809 0.6308174 0.3582522 0.5929249 0.3583854 0.5920486 0.1070209 0.6299298 0.1068405 0.5921572 0.1572764 0.6299841 0.1571329 0.5923232 0.2075616 0.630142 0.2074417 0.8394936 0.5085431 0.8016371 0.5084683 0.8394845 0.458263 0.8016268 0.4582272 0.8395798 0.4079911 0.801675 0.4079573 0.8396361 0.357713 0.8017344 0.3576741 0.8018113 0.1062676 0.8396525 0.1062123 0.801881 0.1565374 0.839756 0.1565199 0.8398022 0.2068144 0.8019066 0.2068123 0.4708243 0.1779692 0.4708776 0.173196 0.4205791 0.1778892 0.4206016 0.1729633 0.3703093 0.1778113 0.3703277 0.1727061 0.3200374 0.177756 0.3200527 0.1724519 0.06875174 0.1777191 0.06865846 0.1719086 0.1189467 0.1720398 0.1189713 0.1776996 0.1692279 0.1721075 0.1692309 0.1776873 0.4709309 0.1705157 0.4206273 0.1700319 0.3703513 0.1696312 0.3200712 0.169133 0.06858364 0.1677401 0.1189426 0.168023 0.1692432 0.1683521 0.06871689 0.5595519 0.06863899 0.5654607 0.118915 0.5653183 0.1189416 0.5595683 0.1692063 0.5651389 0.1692053 0.5595929 0.2194885 0.5650241 0.2194782 0.5595908 0.4707905 0.5592854 0.4708295 0.5639797 0.4205412 0.5593418 0.4205647 0.5642 0.3702806 0.5594002 0.3703 0.5644184 0.06856417 0.5697522 0.1189406 0.5694027 0.1692361 0.5687221 0.2195079 0.5683911 0.4708633 0.5663012 0.4205904 0.5666856 0.3703277 0.5671653 0.07153243 0.9813231 0.07146581 0.9870843 0.1217572 0.98703 0.1217715 0.981363 0.1720372 0.9869469 0.1720413 0.9813671 0.2223214 0.9868004 0.2223184 0.9813896 0.472946 0.97853 0.4726539 0.9854925 0.4233874 0.9786581 0.423366 0.9858984 0.3731627 0.9796298 0.3731637 0.9861885 0.07144839 0.9912149 0.1217613 0.9910539 0.1720557 0.990808 0.2223409 0.9904984 0.4726816 0.9886761 0.4233782 0.989292 0.373175 0.9895667 0.4733355 0.6003163 0.4732883 0.5932462 0.4233311 0.5992032 0.4233516 0.5928987 0.3730561 0.5931755 0.3730664 0.6011465 0.3227822 0.5990741 0.322775 0.5932391 0.07140123 0.5993221 0.07134384 0.5931294 0.1216331 0.5992842 0.1216311 0.5932523 0.1719163 0.5935066 0.1719142 0.5992893 0.4733601 0.5889158 0.4233465 0.5884647 0.3730131 0.5888902 0.3227299 0.5892745 0.07134077 0.5886534 0.1216629 0.5888389 0.1719491 0.5895861 0.5544974 0.107148 0.5497682 0.1071255 0.5500122 0.1574138 0.5546132 0.1574076 0.5548028 0.2076958 0.5501782 0.207701 0.5550621 0.257977 0.5504048 0.2579811 0.5558329 0.5093446 0.5505031 0.5093805 0.5504417 0.4591004 0.5556504 0.4590789 0.5504559 0.4088111 0.5554813 0.4087957 0.5474118 0.1071009 0.5477798 0.1574158 0.54783 0.207704 0.547788 0.2579852 0.5466267 0.5094112 0.5468512 0.4591066 0.547213 0.4088141 0.7214283 0.5085298 0.7283396 0.5082684 0.7225108 0.4588431 0.7293809 0.4588503 0.7231933 0.4085559 0.7294742 0.4086061 0.7295327 0.3583137 0.7255548 0.1068641 0.7311531 0.1068302 0.7313837 0.1571749 0.7259022 0.1571575 0.7310168 0.2075205 0.7256829 0.2075431 0.7314299 0.508255 0.7330431 0.4588944 0.7328166 0.4086245 0.7331671 0.3583485 0.7351289 0.1068067 0.7352345 0.15718 0.7346861 0.2075411 0.7641525 0.1062829 0.7586147 0.106241 0.7586772 0.1565199 0.7641934 0.1565363 0.7588381 0.206799 0.7642263 0.2068042 0.7588667 0.257077 0.7642037 0.257075 0.7639444 0.5084764 0.7586352 0.5085585 0.7639096 0.4582251 0.7586987 0.4582508 0.7639731 0.4079338 0.7587602 0.4079461 0.754559 0.106202 0.7547045 0.156519 0.755179 0.2068062 0.7553512 0.2570812 0.7556126 0.5086476 0.7555767 0.4582671 0.7556208 0.4079542 0.9319537 0.5087962 0.936896 0.5087942 0.9324538 0.4584834 0.9374125 0.4584916 0.9373152 0.4081756 0.9324692 0.4081377 0.9371593 0.3578709 0.9323985 0.1065894 0.9382335 0.1067227 0.9328208 0.1567885 0.9377508 0.1567465 0.9369216 0.2070122 0.9309451 0.2070061 0.9400692 0.5088034 0.9408062 0.4585039 0.9403162 0.4081797 0.9399339 0.3578761 0.9420494 0.10678 0.9412653 0.1567495 0.9400611 0.2070214 0.6910989 0.1070403 0.6914864 0.1573409 0.6918892 0.2072367 0.6901724 0.2575445 0.6891208 0.508909 0.689667 0.4586904 0.6899408 0.4084421 0.8977039 0.1063741 0.8974814 0.1565005 0.8975962 0.2068739 0.8974712 0.2572339 0.8971196 0.5086497 0.8966881 0.4583091 0.8972385 0.4081008 0.683708 0.1069224 0.683875 0.1573728 0.6846264 0.2073135 0.6833708 0.2575107 0.6833084 0.5089356 0.6835451 0.4586658 0.6834969 0.4083416 0.8911257 0.1063045 0.8913839 0.1565425 0.8915305 0.2068698 0.8914281 0.2571754 0.8911031 0.5086681 0.8906808 0.4583327 0.8911954 0.4080486 0.672453 0.1067257 0.6781231 0.1067656 0.6723043 0.1572365 0.6778709 0.1573235 0.6732842 0.2073084 0.6786233 0.207332 0.6782758 0.2575772 0.6725484 0.2575383 0.6733181 0.508953 0.6789153 0.5089489 0.6731284 0.4586791 0.6788477 0.4586791 0.6727185 0.4083878 0.6783578 0.4083232 0.8813168 0.1061436 0.8866128 0.1061835 0.8815147 0.1564893 0.8870023 0.1565199 0.8815947 0.2068185 0.8870699 0.2068431 0.8815557 0.2571335 0.8870453 0.2571458 0.8812646 0.508623 0.8867707 0.5086466 0.8811057 0.4583266 0.8864703 0.4583389 0.8813528 0.4080403 0.886867 0.4080486 0.2697573 0.5172859 0.3200158 0.5172766 0.2697624 0.4747842 0.3200169 0.4747739 0.2697604 0.4322876 0.3200158 0.4322958 0.2697583 0.2199748 0.3200169 0.219983 0.2697552 0.2624426 0.3200097 0.2624458 0.2697542 0.3049045 0.3200046 0.3049106 0.222261 0.6416824 0.2725267 0.6416485 0.222304 0.6842117 0.2725564 0.6842005 0.2223204 0.7266837 0.2725677 0.7266704 0.2223696 0.9390089 0.2726323 0.9389833 0.2223819 0.8965276 0.2726323 0.8965123 0.2223696 0.854069 0.2726231 0.8540567 0.6042004 0.6951972 0.6040907 0.7330098 0.646661 0.6953878 0.6465361 0.7332671 0.689088 0.695601 0.6890039 0.7334669 0.9014603 0.733099 0.9013588 0.6952331 0.8588765 0.6954975 0.8589883 0.7333624 0.816422 0.69572 0.8164927 0.733551 0.6045315 0.9084632 0.6044854 0.9462696 0.6470352 0.908619 0.6469501 0.9464654 0.689496 0.9087236 0.6894396 0.9465761 0.9018365 0.9462379 0.9018354 0.9083956 0.8593932 0.9463824 0.8593501 0.9084858 0.816915 0.9465013 0.8168801 0.9086447 0.5206401 0.5172582 0.5249172 0.5172757 0.5240245 0.4748119 0.5206032 0.4747894 0.5235817 0.4323348 0.5206104 0.4323205 0.5240286 0.2203714 0.520596 0.2200015 0.5236688 0.2623945 0.5206052 0.2624417 0.5241352 0.3049045 0.5206145 0.3049055 0.5281017 0.5172818 0.5268144 0.4747975 0.526592 0.4323574 0.5269465 0.2200466 0.5268155 0.2624252 0.5271116 0.3048789 0.01861412 0.2200271 0.01259662 0.2199102 0.01860079 0.2624396 0.01283748 0.2624119 0.01857722 0.3049045 0.01272679 0.3048973 0.01856389 0.5172121 0.01250745 0.5173044 0.01280366 0.4748108 0.01860797 0.4747842 0.01272679 0.4323276 0.01857517 0.4323173 0.008476309 0.2198149 0.009169175 0.2624048 0.008888339 0.304885 0.00788491 0.5173792 0.008671049 0.4748067 0.008728446 0.4323215 0.5151309 0.9368227 0.5260836 0.9345012 0.5170579 0.8962181 0.5269302 0.8958604 0.5206575 0.8539553 0.5279193 0.8539573 0.5225987 0.6415727 0.5289125 0.6415656 0.5219069 0.6836122 0.5287054 0.6839586 0.5214672 0.7265105 0.5283836 0.7265157 0.531235 0.9338185 0.5307102 0.8957518 0.5308732 0.8539686 0.5320396 0.6415461 0.5319155 0.6840283 0.5316081 0.726529 0.02102173 0.6417613 0.01425089 0.6416793 0.01475517 0.6841841 0.02122467 0.6842189 0.01494274 0.7266817 0.0212585 0.7266899 0.01510468 0.9391155 0.0212667 0.9390489 0.01549109 0.8966148 0.02134152 0.8965994 0.01527277 0.8541172 0.02131179 0.8541192 0.008012004 0.6416075 0.009442838 0.6842293 0.009788248 0.7266991 0.01038375 0.9391606 0.01126418 0.8966261 0.01056516 0.8541613 0.6038858 0.7707608 0.603815 0.7766134 0.6463567 0.7764965 0.6463659 0.7709504 0.6889117 0.7762054 0.6889138 0.7710161 0.901612 0.7707311 0.9016417 0.7761337 0.8591031 0.7759368 0.8591123 0.770892 0.8165624 0.7758672 0.8165644 0.7710253 0.6037648 0.7812318 0.6463782 0.7804446 0.6889229 0.7798132 0.9016735 0.7799444 0.8591 0.7792249 0.8165655 0.7789871 0.9016755 0.6020977 0.9017534 0.5961612 0.859183 0.5956067 0.8591082 0.6021315 0.816547 0.6011373 0.8165788 0.5947713 0.6063046 0.6080015 0.6082479 0.5980737 0.6465012 0.6051695 0.6467574 0.5965548 0.6887436 0.60207 0.6886995 0.5952193 0.9017893 0.5929233 0.8592364 0.5925708 0.8166065 0.5915611 0.6086097 0.5929981 0.6467718 0.5926784 0.6886749 0.5919824 0.6043387 0.9837552 0.6045837 0.9877936 0.6468322 0.9839213 0.6468139 0.9877003 0.6893074 0.9873406 0.6893688 0.9840012 0.9019604 0.9838291 0.9020066 0.9881257 0.8595551 0.9872657 0.8594731 0.9838495 0.8170318 0.9872647 0.8169591 0.9839572 0.604351 0.9905538 0.6468087 0.990688 0.6893259 0.990153 0.9020302 0.9915531 0.8594823 0.9906101 0.8170052 0.9903693 0.9020886 0.8134707 0.9021798 0.8076766 0.8596073 0.8128833 0.8596627 0.8070298 0.8171241 0.8064046 0.8170872 0.8122407 0.604223 0.8128085 0.6040743 0.8061012 0.646738 0.8058808 0.6468098 0.8119414 0.6893586 0.8055898 0.6893996 0.8115324 0.9022762 0.8031124 0.8597221 0.8027793 0.81716 0.8018374 0.6039093 0.7998326 0.6466908 0.8007069 0.6893411 0.8005142 0.6040477 0.6371019 0.6466529 0.636572 0.689005 0.6357448 0.9010391 0.6362665 0.858647 0.6354127 0.8162652 0.6348234 0.6050306 0.8459063 0.6472864 0.8463224 0.6895953 0.8462538 0.9016796 0.847578 0.8592927 0.8468636 0.8167745 0.8461164 0.6040599 0.6431634 0.6466683 0.6431911 0.6889794 0.642283 0.9010165 0.6428365 0.8586541 0.6423804 0.8163041 0.6416783 0.6050767 0.8527868 0.6473622 0.8540424 0.6897378 0.8543611 0.9017555 0.8548377 0.8593357 0.854643 0.8168279 0.8537707 0.6040722 0.6475072 0.6043029 0.6537953 0.6466939 0.6477337 0.6467698 0.6535052 0.6889937 0.646843 0.6891987 0.653866 0.901079 0.6478926 0.901158 0.6535103 0.8587249 0.6536702 0.8586982 0.6479172 0.8163257 0.6540095 0.8163031 0.6475174 0.6049793 0.8640203 0.6050849 0.8586546 0.6473468 0.859735 0.647314 0.8652585 0.6897409 0.8603069 0.6897153 0.8656869 0.9018282 0.8655751 0.9017944 0.8602495 0.8593553 0.8599778 0.8593491 0.8657032 0.8168423 0.865199 0.8168361 0.8594602 0.06876301 0.5171916 0.06874149 0.4747545 0.06872918 0.4323009 0.06878453 0.2200527 0.06875276 0.2624857 0.0687343 0.304928 0.1190134 0.5172367 0.1190154 0.4747832 0.1189939 0.4323082 0.1190052 0.220022 0.1190041 0.2624786 0.1189949 0.3049291 0.1692627 0.5172685 0.1692586 0.4747934 0.1692514 0.432303 0.1692463 0.2199922 0.1692535 0.262455 0.1692494 0.3049198 0.219511 0.5172797 0.2195079 0.4747812 0.2195069 0.4322866 0.2195008 0.2199758 0.2195028 0.2624426 0.2195018 0.3049096 0.4707966 0.2200127 0.4707915 0.2624652 0.4707997 0.3049188 0.4707864 0.5172327 0.4708079 0.474776 0.4708151 0.4323132 0.4205422 0.2199872 0.4205237 0.2624581 0.4205299 0.3049188 0.420536 0.517249 0.420533 0.4747719 0.420536 0.4323082 0.3702775 0.2199861 0.3702642 0.2624529 0.3702611 0.3049147 0.3702765 0.5172665 0.3702744 0.4747791 0.3702693 0.4322999 0.473522 0.6416424 0.4735702 0.6841226 0.4736132 0.7265854 0.4736542 0.9389197 0.473646 0.8964426 0.4736358 0.8539839 0.4232706 0.6417274 0.4232778 0.6842026 0.4233219 0.7266418 0.4233936 0.9389331 0.4233946 0.8964744 0.4233793 0.8540065 0.3730397 0.6416434 0.3730418 0.6842231 0.3730633 0.7266694 0.3731412 0.9389576 0.3731258 0.8964805 0.3731207 0.854026 0.3227904 0.6416855 0.3228058 0.6842046 0.322816 0.7266694 0.3228857 0.9389894 0.3228796 0.8965041 0.3228703 0.8540434 0.07160214 0.9389935 0.07155909 0.8965533 0.0715232 0.8540998 0.07147093 0.6417849 0.07152116 0.6842794 0.07151295 0.7267207 0.1218453 0.939016 0.1218433 0.8965471 0.1218176 0.8540875 0.1217346 0.6417624 0.1217777 0.6842477 0.1218043 0.7267196 0.1721039 0.9390233 0.1721141 0.896544 0.1721039 0.8540813 0.1719983 0.6417265 0.1720526 0.6842394 0.172068 0.7267042 0.5226614 0.07919616 0.5083265 0.1121924 0.521817 0.1134818 0.5089568 0.07866323 0.4955618 0.07847148 0.4935754 0.1132646 0.5081359 0.1287947 0.4880541 0.1299118 0.5262324 0.1300799 0.492081 0.1430323 0.5086063 0.1501895 0.522107 0.1438317 0.5090799 0.07246226 0.5264456 0.07538432 0.4463311 0.03276849 0.4447619 0.04574239 0.4511341 0.04210579 0.5322521 0.1033604 0.4921097 0.07461661 0.5180276 0.03659976 0.5300698 0.04929996 0.5363292 0.03872454 0.5227947 0.02765393 0.4633054 0.03160721 0.4612893 0.02322006 0.508472 0.02780056 0.5097214 0.0192433 0.4748597 0.02100617 0.4742386 0.01578397 0.4933704 0.02017897 0.4938859 0.01475906 0.4852559 0.1029381 0.5359161 0.05310971 0.07778967 0.02705145 0.1000619 0.04574662 0.1030373 0.03106827 0.04423783 0.02603573 0.02563494 0.05013138 0.04053673 0.0542568 0.01738202 0.04183644 0.06112393 0.01457369 0.08946387 0.01902199 0.06073342 0.02587992 0.03148434 0.01622075 0.01811486 0.02723289 0.07929941 0.05497319 0.09335767 0.05313551 0.08188538 0.0632323 0.0955357 0.05633432 0.1049007 0.04934216 0.03771093 0.06397337 0.02243299 0.05349219 0.01329246 0.02474433 0.01328631 0.04346812 0.09288004 0.01236594 0.107871 0.02877748 0.06123155 0.008540809 0.0297532 0.01181966 0.5290458 0.0586096 0.5157358 0.04899967 0.4667615 0.04290015 0.452567 0.05227637 0.5060603 0.04214269 0.4769056 0.03890693 0.4920574 0.03748226 0.4635133 0.149743 0.4637869 0.06983352 0.4290411 0.06821918 0.4269614 0.1507269 0.3778948 0.06567329 0.3428005 0.1464671 0.3780465 0.1501437 0.3425053 0.06626868 0.424933 0.07530987 0.3824989 0.1443117 0.4234766 0.1452393 0.3823586 0.07235909 0.4285224 0.06335998 0.4667829 0.06717277 0.4662591 0.1522725 0.3784022 0.1535876 0.3395524 0.1492807 0.3403416 0.06391245 0.3779553 0.06265986 0.4265945 0.1547847 0.1661826 0.02164072 0.1773013 0.02987212 0.1693661 0.01612657 0.1709342 0.02987212 0.1534947 0.01612657 0.1566771 0.0216397 0.1455585 0.02987117 0.1519244 0.02987117 0.1566771 0.03810251 0.1534936 0.04361671 0.169365 0.04361784 0.1661815 0.03810352 0.1614299 0.02987117 0.1641643 0.09214813 0.1451149 0.117421 0.1641207 0.1164443 0.1426742 0.09337419 0.1192136 0.1193867 0.115634 0.09727114 0.1831675 0.116788 0.2062594 0.09598678 0.1844192 0.09299272 0.2060466 0.1170787 0.2339755 0.1015958 0.2302354 0.1198921 0.2572085 0.108479 0.2541048 0.1233425 0.2758218 0.1279454 0.296569 0.1267021 0.2791041 0.1174583 0.2938949 0.1336963 0.09224874 0.1219853 0.08740358 0.1022464 0.06914386 0.1074272 0.07196151 0.1255514 0.05149499 0.1142185 0.03179676 0.1240758 0.05159352 0.1293904 0.03307381 0.1325256 0.02244367 0.1291747 0.02554887 0.1342215 0.3054907 0.1313978 0.3019275 0.1363314 0.1460689 0.1342651 0.1645851 0.1338326 0.1644647 0.07646102 0.1862005 0.07821947 0.1204968 0.1355204 0.1414267 0.07809728 0.112779 0.08270037 0.2055771 0.1335719 0.1833195 0.1337358 0.2092658 0.08229816 0.2290454 0.1345357 0.2377283 0.08969706 0.2523436 0.1366285 0.2836199 0.1081309 0.2612927 0.09844911 0.2907546 0.1449184 0.2731063 0.1403752 0.3014943 0.1172236 0.09395323 0.136942 0.08361319 0.08972317 0.0531608 0.1411805 0.07383563 0.1387434 0.06493665 0.09676999 0.03480396 0.1441346 0.04708637 0.1049011 0.02683624 0.1146314 0.02992463 0.1494313 0.01534509 0.1157029 0.3898629 0.0338726 0.3733724 0.0314517 0.3734801 0.03751427 0.3882845 0.04052556 0.2980286 0.1509889 0.3129174 0.1187107 0.2217454 0.02786577 0.2079137 0.03293419 0.2237266 0.03394067 0.2088167 0.03918219 0.1652422 0.149808 0.1459608 0.1504477 0.1900472 0.0610112 0.1651994 0.05738991 0.1212559 0.1517084 0.1387042 0.05800366 0.1084022 0.06536758 0.2057865 0.1483086 0.1857133 0.1498086 0.2151073 0.06642205 0.2285942 0.1482061 0.243586 0.07740629 0.2511394 0.149282 0.2675777 0.0882448 0.2894759 0.09931356 0.288853 0.1556109 0.2707345 0.1519442 0.3057677 0.1082047 0.09527963 0.1531168 0.07798114 0.07603937 0.07748577 0.1547922 0.0553956 0.1535325 0.06037315 0.08377993 0.03825211 0.1558004 0.03951231 0.09396553 0.02189405 0.1050521 0.02810105 0.157101 0.01116765 0.110036 0.4208719 0.04616177 0.4221643 0.030644 0.4172733 0.04153925 0.4170529 0.03564066 0.2945703 0.1567994 0.3179696 0.1141867 0.2581302 0.04087752 0.2533724 0.02964604 0.2538141 0.03489691 0.2583177 0.02269381 0.223452 0.02052814 0.2238794 0.04198241 0.3923382 0.02480179 0.3884372 0.0481748</float_array>
          <technique_common>
            <accessor count="1324" source="#texcoords-array-array" stride="2">
              <param type="float" name="S"/>
              <param type="float" name="T"/>
            </accessor>
          </technique_common>
        </source>
        <vertices id="verts-array-vertices">
          <input semantic="POSITION" source="#verts-array"/>
        </vertices>
        <triangles count="2204" material="material0">
          <input offset="0" semantic="VERTEX" source="#verts-array-vertices"/>
          <input offset="1" semantic="NORMAL" source="#normals-array"/>
          <input offset="2" semantic="TEXCOORD" source="#texcoords-array"/>
          <p>2 2 2 1 1 1 0 0 0 3 3 3 1 1 1 2 2 2 6 6 6 5 5 5 4 4 4 7 7 7 5 5 5 6 6 6 10 10 10 9 9 9 8 8 8 11 11 11 8 8 8 9 9 9 14 14 14 13 13 13 12 12 12 14 14 14 15 15 15 13 13 13 18 18 18 17 17 17 16 16 16 19 19 19 16 16 16 17 17 17 22 22 22 21 21 21 20 20 20 22 22 22 23 23 23 21 21 21 26 26 26 25 25 25 24 24 24 27 27 27 24 24 24 25 25 25 24 24 24 27 27 27 28 28 28 29 29 29 28 28 28 27 27 27 31 31 31 26 26 26 30 30 30 30 30 30 26 26 26 24 24 24 24 24 24 32 32 32 30 30 30 32 32 32 24 24 24 28 28 28 35 35 35 34 34 34 33 33 33 36 36 36 34 34 34 35 35 35 37 37 37 34 34 34 36 36 36 38 38 38 37 37 37 36 36 36 33 33 33 40 40 40 39 39 39 34 34 34 40 40 40 33 33 33 34 34 34 41 41 41 40 40 40 41 41 41 34 34 34 37 37 37 44 44 44 43 43 43 42 42 42 44 44 44 45 45 45 43 43 43 47 47 47 44 44 44 46 46 46 42 42 42 46 46 46 44 44 44 45 45 45 49 49 49 48 48 48 49 49 49 45 45 45 44 44 44 50 50 50 44 44 44 47 47 47 50 50 50 49 49 49 44 44 44 53 53 53 52 52 52 51 51 51 51 51 51 54 54 54 53 53 53 56 56 56 51 51 51 55 55 55 52 52 52 55 55 55 51 51 51 57 57 57 54 54 54 51 51 51 57 57 57 58 58 58 54 54 54 59 59 59 51 51 51 56 56 56 59 59 59 57 57 57 51 51 51 62 62 62 61 61 61 60 60 60 63 63 63 61 61 61 62 62 62 64 64 64 61 61 61 63 63 63 65 65 65 64 64 64 63 63 63 60 60 60 67 67 67 66 66 66 61 61 61 67 67 67 60 60 60 61 61 61 68 68 68 67 67 67 64 64 64 68 68 68 61 61 61 71 71 71 70 70 70 69 69 69 71 71 71 72 72 72 70 70 70 74 74 74 69 69 69 73 73 73 74 74 74 71 71 71 69 69 69 72 72 72 76 76 76 75 75 75 76 76 76 72 72 72 71 71 71 77 77 77 71 71 71 74 74 74 77 77 77 76 76 76 71 71 71 80 80 80 79 79 79 78 78 78 81 81 81 80 80 80 78 78 78 79 79 79 83 83 83 82 82 82 78 78 78 79 79 79 82 82 82 84 84 84 81 81 81 78 78 78 84 84 84 85 85 85 81 81 81 78 78 78 82 82 82 86 86 86 86 86 86 84 84 84 78 78 78 89 89 89 88 88 88 87 87 87 90 90 90 87 87 87 88 88 88 87 87 87 90 90 90 91 91 91 92 92 92 91 91 91 90 90 90 94 94 94 93 93 93 87 87 87 89 89 89 87 87 87 93 93 93 87 87 87 91 91 91 95 95 95 95 95 95 94 94 94 87 87 87 98 98 98 97 97 97 96 96 96 99 99 99 97 97 97 98 98 98 100 100 100 97 97 97 99 99 99 101 101 101 100 100 100 99 99 99 96 96 96 103 103 103 102 102 102 97 97 97 103 103 103 96 96 96 97 97 97 104 104 104 103 103 103 100 100 100 104 104 104 97 97 97 107 107 107 106 106 106 105 105 105 107 107 107 108 108 108 106 106 106 105 105 105 110 110 110 109 109 109 109 109 109 107 107 107 105 105 105 108 108 108 112 112 112 111 111 111 112 112 112 108 108 108 107 107 107 113 113 113 107 107 107 109 109 109 113 113 113 112 112 112 107 107 107 116 116 116 115 115 115 114 114 114 114 114 114 117 117 117 116 116 116 115 115 115 119 119 119 118 118 118 114 114 114 115 115 115 118 118 118 117 117 117 114 114 114 120 120 120 120 120 120 121 121 121 117 117 117 114 114 114 118 118 118 122 122 122 122 122 122 120 120 120 114 114 114 125 125 125 124 124 124 123 123 123 126 126 126 123 123 123 124 124 124 123 123 123 126 126 126 127 127 127 128 128 128 127 127 127 126 126 126 130 130 130 125 125 125 129 129 129 123 123 123 129 129 129 125 125 125 129 129 129 123 123 123 131 131 131 127 127 127 131 131 131 123 123 123 134 134 134 133 133 133 132 132 132 135 135 135 133 133 133 134 134 134 136 136 136 133 133 133 135 135 135 137 137 137 136 136 136 135 135 135 132 132 132 133 133 133 138 138 138 139 139 139 138 138 138 133 133 133 140 140 140 133 133 133 136 136 136 140 140 140 139 139 139 133 133 133 143 143 143 142 142 142 141 141 141 143 143 143 144 144 144 142 142 142 141 141 141 146 146 146 145 145 145 145 145 145 143 143 143 141 141 141 144 144 144 148 148 148 147 147 147 148 148 148 144 144 144 143 143 143 149 149 149 143 143 143 145 145 145 149 149 149 148 148 148 143 143 143 152 152 152 151 151 151 150 150 150 153 153 153 152 152 152 150 150 150 151 151 151 155 155 155 154 154 154 150 150 150 151 151 151 154 154 154 156 156 156 153 153 153 150 150 150 156 156 156 157 157 157 153 153 153 150 150 150 154 154 154 158 158 158 158 158 158 156 156 156 150 150 150 161 161 161 160 160 160 159 159 159 162 162 162 159 159 159 160 160 160 159 159 159 162 162 162 163 163 163 164 164 164 163 163 163 162 162 162 166 166 166 161 161 161 165 165 165 159 159 159 165 165 165 161 161 161 165 165 165 159 159 159 167 167 167 163 163 163 167 167 167 159 159 159 170 170 170 169 169 169 168 168 168 171 171 171 169 169 169 170 170 170 172 172 172 169 169 169 171 171 171 173 173 173 172 172 172 171 171 171 168 168 168 175 175 175 174 174 174 169 169 169 175 175 175 168 168 168 169 169 169 176 176 176 175 175 175 176 176 176 169 169 169 172 172 172 179 179 179 178 178 178 177 177 177 179 179 179 180 180 180 178 178 178 177 177 177 182 182 182 181 181 181 181 181 181 179 179 179 177 177 177 180 180 180 184 184 184 183 183 183 184 184 184 180 180 180 179 179 179 184 184 184 179 179 179 185 185 185 181 181 181 185 185 185 179 179 179 188 188 188 187 187 187 186 186 186 189 189 189 188 188 188 186 186 186 187 187 187 191 191 191 190 190 190 186 186 186 187 187 187 190 190 190 192 192 192 189 189 189 186 186 186 192 192 192 193 193 193 189 189 189 186 186 186 190 190 190 194 194 194 194 194 194 192 192 192 186 186 186 197 197 197 196 196 196 195 195 195 198 198 198 195 195 195 196 196 196 195 195 195 198 198 198 199 199 199 200 200 200 199 199 199 198 198 198 202 202 202 197 197 197 201 201 201 195 195 195 201 201 201 197 197 197 201 201 201 195 195 195 203 203 203 199 199 199 203 203 203 195 195 195 206 206 206 205 205 205 204 204 204 207 207 207 205 205 205 206 206 206 207 207 207 209 209 209 208 208 208 208 208 208 205 205 205 207 207 207 204 204 204 211 211 211 210 210 210 211 211 211 204 204 204 205 205 205 211 211 211 205 205 205 212 212 212 208 208 208 212 212 212 205 205 205 215 215 215 214 214 214 213 213 213 215 215 215 216 216 216 214 214 214 213 213 213 218 218 218 217 217 217 217 217 217 215 215 215 213 213 213 216 216 216 220 220 220 219 219 219 220 220 220 216 216 216 215 215 215 221 221 221 220 220 220 217 217 217 215 215 215 217 217 217 220 220 220 224 224 224 223 223 223 222 222 222 225 225 225 224 224 224 222 222 222 223 223 223 227 227 227 226 226 226 222 222 222 223 223 223 226 226 226 228 228 228 225 225 225 222 222 222 228 228 228 229 229 229 225 225 225 222 222 222 226 226 226 230 230 230 230 230 230 228 228 228 222 222 222 233 233 233 232 232 232 231 231 231 234 234 234 231 231 231 232 232 232 231 231 231 234 234 234 235 235 235 236 236 236 235 235 235 234 234 234 238 238 238 233 233 233 237 237 237 231 231 231 237 237 237 233 233 233 237 237 237 231 231 231 239 239 239 235 235 235 239 239 239 231 231 231 242 242 242 241 241 241 240 240 240 243 243 243 240 240 240 241 241 241 240 240 240 243 243 243 244 244 244 245 245 245 244 244 244 243 243 243 248 248 248 247 247 247 246 246 246 249 249 249 246 246 246 247 247 247 246 246 246 249 249 249 250 250 250 251 251 251 250 250 250 249 249 249 254 254 254 253 253 253 252 252 252 255 255 255 252 252 252 253 253 253 257 257 257 253 253 253 256 256 256 254 254 254 256 256 256 253 253 253 260 260 260 259 259 259 258 258 258 261 261 261 258 258 258 259 259 259 260 260 260 258 258 258 262 262 262 263 263 263 262 262 262 258 258 258 266 266 266 265 265 265 264 264 264 265 265 265 266 266 266 267 267 267 264 264 264 269 269 269 268 268 268 269 269 269 264 264 264 265 265 265 272 272 272 271 271 271 270 270 270 273 273 273 270 270 270 271 271 271 275 275 275 274 274 274 272 272 272 271 271 271 272 272 272 274 274 274 278 278 278 277 277 277 276 276 276 279 279 279 276 276 276 277 277 277 276 276 276 281 281 281 280 280 280 281 281 281 276 276 276 279 279 279 284 284 284 283 283 283 282 282 282 285 285 285 283 283 283 284 284 284 282 282 282 287 287 287 286 286 286 283 283 283 287 287 287 282 282 282 290 290 290 289 289 289 288 288 288 289 289 289 290 290 290 291 291 291 288 288 288 289 289 289 292 292 292 293 293 293 292 292 292 289 289 289 117 117 117 294 294 294 116 116 116 117 117 117 295 295 295 294 294 294 121 121 121 295 295 295 117 117 117 296 296 296 295 295 295 121 121 121 299 299 299 298 298 298 297 297 297 300 300 300 297 297 297 298 298 298 297 297 297 300 300 300 301 301 301 302 302 302 301 301 301 300 300 300 305 305 305 304 304 304 303 303 303 306 306 306 303 303 303 304 304 304 303 303 303 306 306 306 307 307 307 308 308 308 307 307 307 306 306 306 311 311 311 310 310 310 309 309 309 310 310 310 311 311 311 312 312 312 309 309 309 314 314 314 313 313 313 314 314 314 309 309 309 310 310 310 153 153 153 315 315 315 152 152 152 316 316 316 315 315 315 153 153 153 157 157 157 316 316 316 153 153 153 157 157 157 317 317 317 316 316 316 320 320 320 319 319 319 318 318 318 321 321 321 318 318 318 319 319 319 323 323 323 320 320 320 322 322 322 318 318 318 322 322 322 320 320 320 326 326 326 325 325 325 324 324 324 327 327 327 324 324 324 325 325 325 324 324 324 327 327 327 328 328 328 329 329 329 328 328 328 327 327 327 332 332 332 331 331 331 330 330 330 331 331 331 332 332 332 333 333 333 330 330 330 335 335 335 334 334 334 335 335 335 330 330 330 331 331 331 189 189 189 336 336 336 188 188 188 337 337 337 336 336 336 189 189 189 193 193 193 337 337 337 189 189 189 193 193 193 338 338 338 337 337 337 341 341 341 340 340 340 339 339 339 342 342 342 339 339 339 340 340 340 339 339 339 342 342 342 343 343 343 344 344 344 343 343 343 342 342 342 347 347 347 346 346 346 345 345 345 348 348 348 345 345 345 346 346 346 345 345 345 348 348 348 349 349 349 350 350 350 349 349 349 348 348 348 353 353 353 352 352 352 351 351 351 352 352 352 353 353 353 354 354 354 351 351 351 352 352 352 355 355 355 356 356 356 355 355 355 352 352 352 225 225 225 357 357 357 224 224 224 358 358 358 357 357 357 225 225 225 229 229 229 358 358 358 225 225 225 229 229 229 359 359 359 358 358 358 362 362 362 361 361 361 360 360 360 363 363 363 360 360 360 361 361 361 360 360 360 363 363 363 364 364 364 365 365 365 364 364 364 363 363 363 368 368 368 367 367 367 366 366 366 369 369 369 366 366 366 367 367 367 366 366 366 369 369 369 370 370 370 371 371 371 370 370 370 369 369 369 374 374 374 373 373 373 372 372 372 299 299 299 372 372 372 373 373 373 375 375 375 321 321 321 319 319 319 375 375 375 376 376 376 321 321 321 378 378 378 341 341 341 377 377 377 378 378 378 379 379 379 341 341 341 381 381 381 380 380 380 362 362 362 361 361 361 362 362 362 380 380 380 382 382 382 294 294 294 295 295 295 383 383 383 382 382 382 295 295 295 296 296 296 383 383 383 295 295 295 384 384 384 383 383 383 296 296 296 124 124 124 385 385 385 126 126 126 386 386 386 126 126 126 385 385 385 126 126 126 386 386 386 128 128 128 387 387 387 128 128 128 386 386 386 388 388 388 315 315 315 316 316 316 389 389 389 388 388 388 316 316 316 317 317 317 390 390 390 316 316 316 389 389 389 316 316 316 390 390 390 160 160 160 391 391 391 162 162 162 392 392 392 162 162 162 391 391 391 162 162 162 392 392 392 164 164 164 393 393 393 164 164 164 392 392 392 394 394 394 336 336 336 337 337 337 395 395 395 394 394 394 337 337 337 338 338 338 396 396 396 337 337 337 395 395 395 337 337 337 396 396 396 196 196 196 397 397 397 198 198 198 398 398 398 198 198 198 397 397 397 198 198 198 398 398 398 200 200 200 399 399 399 200 200 200 398 398 398 358 358 358 400 400 400 357 357 357 401 401 401 357 357 357 400 400 400 359 359 359 402 402 402 358 358 358 400 400 400 358 358 358 402 402 402 232 232 232 403 403 403 234 234 234 404 404 404 234 234 234 403 403 403 234 234 234 404 404 404 236 236 236 405 405 405 236 236 236 404 404 404 373 373 373 407 407 407 406 406 406 407 407 407 373 373 373 374 374 374 376 376 376 409 409 409 408 408 408 409 409 409 376 376 376 375 375 375 379 379 379 378 378 378 410 410 410 411 411 411 410 410 410 378 378 378 380 380 380 381 381 381 412 412 412 413 413 413 412 412 412 381 381 381 385 385 385 414 414 414 386 386 386 415 415 415 414 414 414 385 385 385 386 386 386 416 416 416 387 387 387 414 414 414 416 416 416 386 386 386 392 392 392 391 391 391 417 417 417 418 418 418 417 417 417 391 391 391 392 392 392 417 417 417 393 393 393 419 419 419 393 393 393 417 417 417 397 397 397 420 420 420 398 398 398 421 421 421 398 398 398 420 420 420 398 398 398 421 421 421 399 399 399 422 422 422 399 399 399 421 421 421 403 403 403 423 423 423 404 404 404 424 424 424 404 404 404 423 423 423 404 404 404 424 424 424 405 405 405 425 425 425 405 405 405 424 424 424 426 426 426 382 382 382 383 383 383 427 427 427 426 426 426 383 383 383 384 384 384 428 428 428 383 383 383 427 427 427 383 383 383 428 428 428 389 389 389 429 429 429 388 388 388 430 430 430 388 388 388 429 429 429 390 390 390 431 431 431 389 389 389 429 429 429 389 389 389 431 431 431 395 395 395 432 432 432 394 394 394 433 433 433 394 394 394 432 432 432 396 396 396 434 434 434 395 395 395 432 432 432 395 395 395 434 434 434 436 436 436 401 401 401 435 435 435 400 400 400 435 435 435 401 401 401 435 435 435 402 402 402 437 437 437 400 400 400 402 402 402 435 435 435 440 440 440 439 439 439 438 438 438 439 439 439 440 440 440 441 441 441 444 444 444 443 443 443 442 442 442 445 445 445 442 442 442 443 443 443 448 448 448 447 447 447 446 446 446 449 449 449 446 446 446 447 447 447 452 452 452 451 451 451 450 450 450 453 453 453 450 450 450 451 451 451 456 456 456 455 455 455 454 454 454 457 457 457 455 455 455 456 456 456 459 459 459 454 454 454 458 458 458 455 455 455 458 458 458 454 454 454 462 462 462 461 461 461 460 460 460 463 463 463 460 460 460 461 461 461 460 460 460 463 463 463 464 464 464 465 465 465 464 464 464 463 463 463 468 468 468 467 467 467 466 466 466 469 469 469 466 466 466 467 467 467 471 471 471 468 468 468 470 470 470 466 466 466 470 470 470 468 468 468 474 474 474 473 473 473 472 472 472 475 475 475 472 472 472 473 473 473 477 477 477 474 474 474 476 476 476 472 472 472 476 476 476 474 474 474 480 480 480 479 479 479 478 478 478 481 481 481 479 479 479 480 480 480 482 482 482 481 481 481 480 480 480 483 483 483 481 481 481 482 482 482 486 486 486 485 485 485 484 484 484 487 487 487 485 485 485 486 486 486 488 488 488 487 487 487 486 486 486 488 488 488 489 489 489 487 487 487 492 492 492 491 491 491 490 490 490 493 493 493 491 491 491 492 492 492 494 494 494 493 493 493 492 492 492 495 495 495 493 493 493 494 494 494 498 498 498 497 497 497 496 496 496 499 499 499 497 497 497 498 498 498 500 500 500 499 499 499 498 498 498 500 500 500 501 501 501 499 499 499 502 502 502 426 426 426 427 427 427 503 503 503 502 502 502 427 427 427 503 503 503 427 427 427 428 428 428 504 504 504 503 503 503 428 428 428 429 429 429 505 505 505 430 430 430 506 506 506 430 430 430 505 505 505 431 431 431 507 507 507 429 429 429 505 505 505 429 429 429 507 507 507 432 432 432 508 508 508 433 433 433 509 509 509 433 433 433 508 508 508 434 434 434 510 510 510 432 432 432 508 508 508 432 432 432 510 510 510 435 435 435 511 511 511 436 436 436 512 512 512 436 436 436 511 511 511 437 437 437 511 511 511 435 435 435 437 437 437 513 513 513 511 511 511 406 406 406 441 441 441 440 440 440 441 441 441 406 406 406 407 407 407 408 408 408 443 443 443 444 444 444 409 409 409 443 443 443 408 408 408 410 410 410 411 411 411 448 448 448 447 447 447 448 448 448 411 411 411 451 451 451 452 452 452 413 413 413 412 412 412 413 413 413 452 452 452 415 415 415 456 456 456 414 414 414 454 454 454 414 414 414 456 456 456 459 459 459 416 416 416 454 454 454 414 414 414 454 454 454 416 416 416 418 418 418 462 462 462 417 417 417 460 460 460 417 417 417 462 462 462 417 417 417 464 464 464 419 419 419 460 460 460 464 464 464 417 417 417 420 420 420 468 468 468 421 421 421 467 467 467 468 468 468 420 420 420 421 421 421 471 471 471 422 422 422 468 468 468 471 471 471 421 421 421 474 474 474 424 424 424 423 423 423 473 473 473 474 474 474 423 423 423 424 424 424 477 477 477 425 425 425 474 474 474 477 477 477 424 424 424 252 252 252 255 255 255 514 514 514 515 515 515 514 514 514 255 255 255 517 517 517 514 514 514 516 516 516 515 515 515 516 516 516 514 514 514 517 517 517 516 516 516 518 518 518 519 519 519 518 518 518 516 516 516 518 518 518 519 519 519 520 520 520 521 521 521 520 520 520 519 519 519 520 520 520 3 3 3 2 2 2 521 521 521 3 3 3 520 520 520 523 523 523 522 522 522 242 242 242 241 241 241 242 242 242 522 522 522 522 522 522 523 523 523 524 524 524 525 525 525 522 522 522 524 524 524 527 527 527 526 526 526 524 524 524 525 525 525 524 524 524 526 526 526 0 0 0 1 1 1 527 527 527 526 526 526 527 527 527 1 1 1 270 270 270 529 529 529 528 528 528 273 273 273 529 529 529 270 270 270 528 528 528 531 531 531 530 530 530 529 529 529 531 531 531 528 528 528 530 530 530 531 531 531 532 532 532 533 533 533 532 532 532 531 531 531 532 532 532 533 533 533 534 534 534 535 535 535 534 534 534 533 533 533 534 534 534 7 7 7 6 6 6 535 535 535 7 7 7 534 534 534 285 285 285 284 284 284 536 536 536 537 537 537 285 285 285 536 536 536 537 537 537 536 536 536 538 538 538 539 539 539 537 537 537 538 538 538 539 539 539 538 538 538 540 540 540 541 541 541 539 539 539 540 540 540 4 4 4 5 5 5 540 540 540 541 541 541 540 540 540 5 5 5 478 478 478 543 543 543 542 542 542 479 479 479 543 543 543 478 478 478 542 542 542 543 543 543 544 544 544 545 545 545 544 544 544 543 543 543 544 544 544 545 545 545 546 546 546 547 547 547 546 546 546 545 545 545 546 546 546 547 547 547 548 548 548 549 549 549 548 548 548 547 547 547 548 548 548 549 549 549 10 10 10 9 9 9 10 10 10 549 549 549 551 551 551 550 550 550 305 305 305 304 304 304 305 305 305 550 550 550 553 553 553 552 552 552 551 551 551 550 550 550 551 551 551 552 552 552 555 555 555 554 554 554 553 553 553 552 552 552 553 553 553 554 554 554 8 8 8 11 11 11 555 555 555 554 554 554 555 555 555 11 11 11 490 490 490 557 557 557 556 556 556 491 491 491 557 557 557 490 490 490 556 556 556 559 559 559 558 558 558 557 557 557 559 559 559 556 556 556 558 558 558 561 561 561 560 560 560 559 559 559 561 561 561 558 558 558 560 560 560 563 563 563 562 562 562 561 561 561 563 563 563 560 560 560 17 17 17 562 562 562 19 19 19 563 563 563 19 19 19 562 562 562 565 565 565 564 564 564 347 347 347 346 346 346 347 347 347 564 564 564 567 567 567 566 566 566 565 565 565 564 564 564 565 565 565 566 566 566 566 566 566 567 567 567 568 568 568 569 569 569 566 566 566 568 568 568 569 569 569 568 568 568 18 18 18 16 16 16 569 569 569 18 18 18 35 35 35 570 570 570 36 36 36 571 571 571 36 36 36 570 570 570 570 570 570 572 572 572 571 571 571 573 573 573 571 571 571 572 572 572 572 572 572 574 574 574 573 573 573 575 575 575 573 573 573 574 574 574 574 574 574 576 576 576 575 575 575 577 577 577 575 575 575 576 576 576 576 576 576 248 248 248 577 577 577 246 246 246 577 577 577 248 248 248 45 45 45 578 578 578 43 43 43 579 579 579 578 578 578 45 45 45 579 579 579 580 580 580 578 578 578 581 581 581 578 578 578 580 580 580 580 580 580 582 582 582 581 581 581 583 583 583 581 581 581 582 582 582 582 582 582 249 249 249 583 583 583 247 247 247 583 583 583 249 249 249 36 36 36 584 584 584 38 38 38 584 584 584 36 36 36 571 571 571 571 571 571 573 573 573 584 584 584 585 585 585 584 584 584 573 573 573 573 573 573 575 575 575 585 585 585 586 586 586 585 585 585 575 575 575 575 575 575 577 577 577 586 586 586 587 587 587 586 586 586 577 577 577 577 577 577 246 246 246 587 587 587 250 250 250 587 587 587 246 246 246 45 45 45 48 48 48 579 579 579 588 588 588 579 579 579 48 48 48 588 588 588 589 589 589 579 579 579 580 580 580 579 579 579 589 589 589 589 589 589 590 590 590 580 580 580 582 582 582 580 580 580 590 590 590 590 590 590 251 251 251 582 582 582 249 249 249 582 582 582 251 251 251 592 592 592 52 52 52 591 591 591 53 53 53 591 591 591 52 52 52 592 592 592 591 591 591 593 593 593 594 594 594 593 593 593 591 591 591 593 593 593 594 594 594 595 595 595 596 596 596 595 595 595 594 594 594 595 595 595 596 596 596 597 597 597 598 598 598 597 597 597 596 596 596 597 597 597 598 598 598 260 260 260 259 259 259 260 260 260 598 598 598 26 26 26 599 599 599 25 25 25 599 599 599 26 26 26 600 600 600 600 600 600 601 601 601 599 599 599 601 601 601 600 600 600 602 602 602 602 602 602 603 603 603 601 601 601 603 603 603 602 602 602 604 604 604 604 604 604 261 261 261 603 603 603 261 261 261 604 604 604 258 258 258 52 52 52 592 592 592 55 55 55 605 605 605 55 55 55 592 592 592 592 592 592 593 593 593 605 605 605 606 606 606 605 605 605 593 593 593 593 593 593 595 595 595 606 606 606 607 607 607 606 606 606 595 595 595 595 595 595 597 597 597 607 607 607 608 608 608 607 607 607 597 597 597 597 597 597 260 260 260 608 608 608 262 262 262 608 608 608 260 260 260 31 31 31 609 609 609 26 26 26 600 600 600 26 26 26 609 609 609 609 609 609 602 602 602 600 600 600 602 602 602 609 609 609 610 610 610 610 610 610 611 611 611 602 602 602 604 604 604 602 602 602 611 611 611 611 611 611 263 263 263 604 604 604 258 258 258 604 604 604 263 263 263 62 62 62 612 612 612 63 63 63 613 613 613 63 63 63 612 612 612 612 612 612 614 614 614 613 613 613 614 614 614 612 612 612 615 615 615 615 615 615 616 616 616 614 614 614 616 616 616 615 615 615 617 617 617 617 617 617 618 618 618 616 616 616 618 618 618 617 617 617 619 619 619 619 619 619 264 264 264 618 618 618 264 264 264 619 619 619 266 266 266 70 70 70 72 72 72 620 620 620 621 621 621 620 620 620 72 72 72 620 620 620 621 621 621 622 622 622 623 623 623 622 622 622 621 621 621 622 622 622 623 623 623 624 624 624 625 625 625 624 624 624 623 623 623 624 624 624 625 625 625 267 267 267 265 265 265 267 267 267 625 625 625 63 63 63 613 613 613 65 65 65 626 626 626 65 65 65 613 613 613 613 613 613 627 627 627 626 626 626 627 627 627 613 613 613 614 614 614 614 614 614 628 628 628 627 627 627 628 628 628 614 614 614 616 616 616 616 616 616 629 629 629 628 628 628 629 629 629 616 616 616 618 618 618 618 618 618 268 268 268 629 629 629 268 268 268 618 618 618 264 264 264 75 75 75 630 630 630 72 72 72 621 621 621 72 72 72 630 630 630 621 621 621 630 630 630 623 623 623 631 631 631 623 623 623 630 630 630 623 623 623 631 631 631 625 625 625 632 632 632 625 625 625 631 631 631 625 625 625 632 632 632 265 265 265 269 269 269 265 265 265 632 632 632 634 634 634 79 79 79 633 633 633 80 80 80 633 633 633 79 79 79 633 633 633 635 635 635 634 634 634 636 636 636 634 634 634 635 635 635 636 636 636 635 635 635 637 637 637 638 638 638 637 637 637 635 635 635 638 638 638 639 639 639 637 637 637 640 640 640 637 637 637 639 639 639 640 640 640 639 639 639 276 276 276 278 278 278 276 276 276 639 639 639 89 89 89 641 641 641 88 88 88 641 641 641 89 89 89 642 642 642 642 642 642 643 643 643 641 641 641 643 643 643 642 642 642 644 644 644 644 644 644 645 645 645 643 643 643 646 646 646 643 643 643 645 645 645 645 645 645 279 279 279 646 646 646 277 277 277 646 646 646 279 279 279 79 79 79 634 634 634 83 83 83 647 647 647 83 83 83 634 634 634 634 634 634 636 636 636 647 647 647 648 648 648 647 647 647 636 636 636 636 636 636 637 637 637 648 648 648 649 649 649 648 648 648 637 637 637 637 637 637 640 640 640 649 649 649 650 650 650 649 649 649 640 640 640 640 640 640 276 276 276 650 650 650 280 280 280 650 650 650 276 276 276 89 89 89 93 93 93 642 642 642 651 651 651 642 642 642 93 93 93 651 651 651 652 652 652 642 642 642 644 644 644 642 642 642 652 652 652 644 644 644 652 652 652 645 645 645 653 653 653 645 645 645 652 652 652 645 645 645 653 653 653 279 279 279 281 281 281 279 279 279 653 653 653 98 98 98 654 654 654 99 99 99 655 655 655 99 99 99 654 654 654 654 654 654 656 656 656 655 655 655 656 656 656 654 654 654 657 657 657 657 657 657 658 658 658 656 656 656 659 659 659 656 656 656 658 658 658 658 658 658 660 660 660 659 659 659 661 661 661 659 659 659 660 660 660 660 660 660 290 290 290 661 661 661 288 288 288 661 661 661 290 290 290 106 106 106 108 108 108 662 662 662 663 663 663 662 662 662 108 108 108 663 663 663 664 664 664 662 662 662 665 665 665 662 662 662 664 664 664 664 664 664 666 666 666 665 665 665 667 667 667 665 665 665 666 666 666 666 666 666 289 289 289 667 667 667 291 291 291 667 667 667 289 289 289 99 99 99 668 668 668 101 101 101 668 668 668 99 99 99 655 655 655 655 655 655 669 669 669 668 668 668 669 669 669 655 655 655 656 656 656 656 656 656 659 659 659 669 669 669 670 670 670 669 669 669 659 659 659 659 659 659 661 661 661 670 670 670 671 671 671 670 670 670 661 661 661 661 661 661 288 288 288 671 671 671 292 292 292 671 671 671 288 288 288 108 108 108 111 111 111 663 663 663 672 672 672 663 663 663 111 111 111 672 672 672 673 673 673 663 663 663 664 664 664 663 663 663 673 673 673 673 673 673 674 674 674 664 664 664 666 666 666 664 664 664 674 674 674 674 674 674 293 293 293 666 666 666 289 289 289 666 666 666 293 293 293 116 116 116 675 675 675 115 115 115 676 676 676 115 115 115 675 675 675 675 675 675 677 677 677 676 676 676 678 678 678 676 676 676 677 677 677 677 677 677 679 679 679 678 678 678 680 680 680 678 678 678 679 679 679 679 679 679 372 372 372 680 680 680 681 681 681 680 680 680 372 372 372 372 372 372 299 299 299 681 681 681 297 297 297 681 681 681 299 299 299 125 125 125 682 682 682 124 124 124 682 682 682 125 125 125 683 683 683 683 683 683 684 684 684 682 682 682 685 685 685 682 682 682 684 684 684 684 684 684 686 686 686 685 685 685 687 687 687 685 685 685 686 686 686 686 686 686 298 298 298 687 687 687 298 298 298 686 686 686 300 300 300 688 688 688 119 119 119 676 676 676 115 115 115 676 676 676 119 119 119 676 676 676 678 678 678 688 688 688 689 689 689 688 688 688 678 678 678 678 678 678 680 680 680 689 689 689 690 690 690 689 689 689 680 680 680 680 680 680 681 681 681 690 690 690 691 691 691 690 690 690 681 681 681 681 681 681 297 297 297 691 691 691 301 301 301 691 691 691 297 297 297 130 130 130 692 692 692 125 125 125 683 683 683 125 125 125 692 692 692 692 692 692 693 693 693 683 683 683 684 684 684 683 683 683 693 693 693 693 693 693 694 694 694 684 684 684 686 686 686 684 684 684 694 694 694 694 694 694 300 300 300 686 686 686 300 300 300 694 694 694 302 302 302 170 170 170 695 695 695 171 171 171 696 696 696 171 171 171 695 695 695 695 695 695 697 697 697 696 696 696 697 697 697 695 695 695 698 698 698 698 698 698 699 699 699 697 697 697 699 699 699 698 698 698 700 700 700 700 700 700 701 701 701 699 699 699 701 701 701 700 700 700 702 702 702 702 702 702 330 330 330 701 701 701 330 330 330 702 702 702 332 332 332 178 178 178 180 180 180 703 703 703 704 704 704 703 703 703 180 180 180 703 703 703 704 704 704 705 705 705 706 706 706 705 705 705 704 704 704 705 705 705 706 706 706 707 707 707 708 708 708 707 707 707 706 706 706 707 707 707 708 708 708 333 333 333 331 331 331 333 333 333 708 708 708 171 171 171 696 696 696 173 173 173 709 709 709 173 173 173 696 696 696 696 696 696 710 710 710 709 709 709 710 710 710 696 696 696 697 697 697 697 697 697 711 711 711 710 710 710 711 711 711 697 697 697 699 699 699 699 699 699 712 712 712 711 711 711 712 712 712 699 699 699 701 701 701 701 701 701 334 334 334 712 712 712 334 334 334 701 701 701 330 330 330 180 180 180 183 183 183 704 704 704 713 713 713 704 704 704 183 183 183 704 704 704 713 713 713 706 706 706 714 714 714 706 706 706 713 713 713 706 706 706 714 714 714 708 708 708 715 715 715 708 708 708 714 714 714 708 708 708 715 715 715 331 331 331 335 335 335 331 331 331 715 715 715 188 188 188 716 716 716 187 187 187 717 717 717 187 187 187 716 716 716 716 716 716 718 718 718 717 717 717 719 719 719 717 717 717 718 718 718 719 719 719 718 718 718 720 720 720 721 721 721 720 720 720 718 718 718 720 720 720 721 721 721 722 722 722 377 377 377 722 722 722 721 721 721 722 722 722 377 377 377 339 339 339 341 341 341 339 339 339 377 377 377 197 197 197 723 723 723 196 196 196 723 723 723 197 197 197 724 724 724 724 724 724 725 725 725 723 723 723 725 725 725 724 724 724 726 726 726 726 726 726 727 727 727 725 725 725 728 728 728 725 725 725 727 727 727 727 727 727 340 340 340 728 728 728 340 340 340 727 727 727 342 342 342 191 191 191 187 187 187 729 729 729 717 717 717 729 729 729 187 187 187 717 717 717 719 719 719 729 729 729 730 730 730 729 729 729 719 719 719 730 730 730 719 719 719 731 731 731 720 720 720 731 731 731 719 719 719 731 731 731 720 720 720 732 732 732 722 722 722 732 732 732 720 720 720 732 732 732 722 722 722 343 343 343 339 339 339 343 343 343 722 722 722 202 202 202 724 724 724 197 197 197 724 724 724 202 202 202 733 733 733 733 733 733 734 734 734 724 724 724 726 726 726 724 724 724 734 734 734 734 734 734 735 735 735 726 726 726 727 727 727 726 726 726 735 735 735 735 735 735 344 344 344 727 727 727 342 342 342 727 727 727 344 344 344 736 736 736 124 124 124 682 682 682 736 736 736 385 385 385 124 124 124 737 737 737 736 736 736 685 685 685 682 682 682 685 685 685 736 736 736 738 738 738 685 685 685 687 687 687 738 738 738 737 737 737 685 685 685 739 739 739 738 738 738 298 298 298 687 687 687 298 298 298 738 738 738 373 373 373 739 739 739 299 299 299 298 298 298 299 299 299 739 739 739 675 675 675 116 116 116 740 740 740 294 294 294 740 740 740 116 116 116 740 740 740 741 741 741 675 675 675 677 677 677 675 675 675 741 741 741 741 741 741 742 742 742 677 677 677 679 679 679 677 677 677 742 742 742 742 742 742 374 374 374 679 679 679 372 372 372 679 679 679 374 374 374 743 743 743 196 196 196 723 723 723 743 743 743 397 397 397 196 196 196 744 744 744 723 723 723 725 725 725 744 744 744 743 743 743 723 723 723 745 745 745 744 744 744 728 728 728 725 725 725 728 728 728 744 744 744 746 746 746 728 728 728 340 340 340 746 746 746 745 745 745 728 728 728 379 379 379 746 746 746 341 341 341 340 340 340 341 341 341 746 746 746 336 336 336 747 747 747 188 188 188 716 716 716 188 188 188 747 747 747 747 747 747 748 748 748 716 716 716 718 718 718 716 716 716 748 748 748 718 718 718 748 748 748 721 721 721 749 749 749 721 721 721 748 748 748 721 721 721 749 749 749 377 377 377 378 378 378 377 377 377 749 749 749 385 385 385 750 750 750 415 415 415 750 750 750 385 385 385 736 736 736 736 736 736 737 737 737 750 750 750 751 751 751 750 750 750 737 737 737 737 737 737 738 738 738 751 751 751 752 752 752 751 751 751 738 738 738 738 738 738 739 739 739 752 752 752 753 753 753 752 752 752 739 739 739 739 739 739 406 406 406 753 753 753 406 406 406 739 739 739 373 373 373 382 382 382 754 754 754 294 294 294 740 740 740 294 294 294 754 754 754 754 754 754 755 755 755 740 740 740 741 741 741 740 740 740 755 755 755 741 741 741 755 755 755 742 742 742 756 756 756 742 742 742 755 755 755 742 742 742 756 756 756 374 374 374 407 407 407 374 374 374 756 756 756 397 397 397 757 757 757 420 420 420 757 757 757 397 397 397 743 743 743 743 743 743 744 744 744 757 757 757 758 758 758 757 757 757 744 744 744 744 744 744 759 759 759 758 758 758 759 759 759 744 744 744 745 745 745 745 745 745 760 760 760 759 759 759 760 760 760 745 745 745 746 746 746 746 746 746 379 379 379 760 760 760 410 410 410 760 760 760 379 379 379 394 394 394 761 761 761 336 336 336 747 747 747 336 336 336 761 761 761 761 761 761 762 762 762 747 747 747 748 748 748 747 747 747 762 762 762 748 748 748 762 762 762 749 749 749 763 763 763 749 749 749 762 762 762 749 749 749 763 763 763 378 378 378 411 411 411 378 378 378 763 763 763 456 456 456 764 764 764 457 457 457 764 764 764 456 456 456 765 765 765 765 765 765 766 766 766 764 764 764 766 766 766 765 765 765 767 767 767 767 767 767 768 768 768 766 766 766 768 768 768 767 767 767 769 769 769 769 769 769 770 770 770 768 768 768 771 771 771 768 768 768 770 770 770 770 770 770 438 438 438 771 771 771 438 438 438 770 770 770 440 440 440 502 502 502 772 772 772 426 426 426 773 773 773 426 426 426 772 772 772 772 772 772 774 774 774 773 773 773 775 775 775 773 773 773 774 774 774 774 774 774 776 776 776 775 775 775 777 777 777 775 775 775 776 776 776 777 777 777 776 776 776 441 441 441 439 439 439 441 441 441 776 776 776 467 467 467 778 778 778 469 469 469 778 778 778 467 467 467 779 779 779 779 779 779 780 780 780 778 778 778 780 780 780 779 779 779 781 781 781 781 781 781 782 782 782 780 780 780 782 782 782 781 781 781 783 783 783 783 783 783 784 784 784 782 782 782 784 784 784 783 783 783 785 785 785 785 785 785 446 446 446 784 784 784 446 446 446 785 785 785 448 448 448 509 509 509 786 786 786 433 433 433 787 787 787 433 433 433 786 786 786 786 786 786 788 788 788 787 787 787 789 789 789 787 787 787 788 788 788 788 788 788 790 790 790 789 789 789 791 791 791 789 789 789 790 790 790 790 790 790 449 449 449 791 791 791 447 447 447 791 791 791 449 449 449 415 415 415 750 750 750 456 456 456 765 765 765 456 456 456 750 750 750 750 750 750 767 767 767 765 765 765 767 767 767 750 750 750 751 751 751 751 751 751 769 769 769 767 767 767 769 769 769 751 751 751 752 752 752 752 752 752 753 753 753 769 769 769 770 770 770 769 769 769 753 753 753 753 753 753 440 440 440 770 770 770 440 440 440 753 753 753 406 406 406 426 426 426 773 773 773 382 382 382 754 754 754 382 382 382 773 773 773 754 754 754 773 773 773 755 755 755 775 775 775 755 755 755 773 773 773 775 775 775 777 777 777 755 755 755 756 756 756 755 755 755 777 777 777 777 777 777 441 441 441 756 756 756 407 407 407 756 756 756 441 441 441 420 420 420 757 757 757 467 467 467 779 779 779 467 467 467 757 757 757 757 757 757 758 758 758 779 779 779 781 781 781 779 779 779 758 758 758 758 758 758 759 759 759 781 781 781 783 783 783 781 781 781 759 759 759 759 759 759 760 760 760 783 783 783 785 785 785 783 783 783 760 760 760 760 760 760 448 448 448 785 785 785 448 448 448 760 760 760 410 410 410 394 394 394 433 433 433 761 761 761 787 787 787 761 761 761 433 433 433 787 787 787 789 789 789 761 761 761 762 762 762 761 761 761 789 789 789 789 789 789 791 791 791 762 762 762 763 763 763 762 762 762 791 791 791 791 791 791 447 447 447 763 763 763 411 411 411 763 763 763 447 447 447 438 438 438 8 8 8 771 771 771 10 10 10 8 8 8 438 438 438 660 660 660 11 11 11 9 9 9 290 290 290 660 660 660 9 9 9 12 12 12 442 442 442 445 445 445 12 12 12 13 13 13 442 442 442 14 14 14 312 312 312 15 15 15 311 311 311 15 15 15 312 312 312 446 446 446 18 18 18 784 784 784 17 17 17 18 18 18 446 446 446 702 702 702 16 16 16 19 19 19 332 332 332 702 702 702 19 19 19 20 20 20 21 21 21 453 453 453 450 450 450 453 453 453 21 21 21 354 354 354 353 353 353 22 22 22 23 23 23 22 22 22 353 353 353 457 457 457 303 303 303 455 455 455 305 305 305 303 303 303 457 457 457 304 304 304 96 96 96 306 306 306 304 304 304 98 98 98 96 96 96 455 455 455 303 303 303 458 458 458 307 307 307 458 458 458 303 303 303 306 306 306 102 102 102 308 308 308 306 306 306 96 96 96 102 102 102 461 461 461 326 326 326 463 463 463 324 324 324 463 463 463 326 326 326 325 325 325 132 132 132 327 327 327 134 134 134 132 132 132 325 325 325 465 465 465 463 463 463 328 328 328 324 324 324 328 328 328 463 463 463 327 327 327 132 132 132 329 329 329 138 138 138 329 329 329 132 132 132 469 469 469 347 347 347 466 466 466 345 345 345 466 466 466 347 347 347 346 346 346 168 168 168 348 348 348 170 170 170 168 168 168 346 346 346 466 466 466 345 345 345 470 470 470 349 349 349 470 470 470 345 345 345 348 348 348 174 174 174 350 350 350 348 348 348 168 168 168 174 174 174 475 475 475 368 368 368 472 472 472 366 366 366 472 472 472 368 368 368 367 367 367 204 204 204 369 369 369 367 367 367 206 206 206 204 204 204 472 472 472 366 366 366 476 476 476 370 370 370 476 476 476 366 366 366 369 369 369 210 210 210 371 371 371 369 369 369 204 204 204 210 210 210 481 481 481 105 105 105 479 479 479 106 106 106 479 479 479 105 105 105 503 503 503 478 478 478 502 502 502 480 480 480 478 478 478 503 503 503 483 483 483 105 105 105 481 481 481 110 110 110 105 105 105 483 483 483 504 504 504 482 482 482 503 503 503 480 480 480 503 503 503 482 482 482 487 487 487 141 141 141 485 485 485 142 142 142 485 485 485 141 141 141 505 505 505 484 484 484 506 506 506 486 486 486 484 484 484 505 505 505 489 489 489 146 146 146 487 487 487 141 141 141 487 487 487 146 146 146 507 507 507 486 486 486 505 505 505 488 488 488 486 486 486 507 507 507 493 493 493 177 177 177 491 491 491 178 178 178 491 491 491 177 177 177 509 509 509 508 508 508 490 490 490 492 492 492 490 490 490 508 508 508 495 495 495 182 182 182 493 493 493 177 177 177 493 493 493 182 182 182 510 510 510 494 494 494 508 508 508 492 492 492 508 508 508 494 494 494 499 499 499 213 213 213 497 497 497 214 214 214 497 497 497 213 213 213 511 511 511 498 498 498 512 512 512 496 496 496 512 512 512 498 498 498 501 501 501 218 218 218 499 499 499 213 213 213 499 499 499 218 218 218 513 513 513 500 500 500 511 511 511 498 498 498 511 511 511 500 500 500 502 502 502 542 542 542 772 772 772 478 478 478 542 542 542 502 502 502 479 479 479 106 106 106 543 543 543 662 662 662 543 543 543 106 106 106 772 772 772 544 544 544 774 774 774 542 542 542 544 544 544 772 772 772 665 665 665 545 545 545 543 543 543 662 662 662 665 665 665 543 543 543 774 774 774 544 544 544 776 776 776 546 546 546 776 776 776 544 544 544 667 667 667 547 547 547 545 545 545 665 665 665 667 667 667 545 545 545 776 776 776 546 546 546 439 439 439 548 548 548 439 439 439 546 546 546 291 291 291 549 549 549 547 547 547 667 667 667 291 291 291 547 547 547 439 439 439 10 10 10 438 438 438 548 548 548 10 10 10 439 439 439 549 549 549 291 291 291 9 9 9 290 290 290 9 9 9 291 291 291 98 98 98 304 304 304 550 550 550 654 654 654 98 98 98 550 550 550 457 457 457 764 764 764 305 305 305 551 551 551 305 305 305 764 764 764 552 552 552 657 657 657 550 550 550 654 654 654 550 550 550 657 657 657 766 766 766 553 553 553 764 764 764 551 551 551 764 764 764 553 553 553 657 657 657 552 552 552 554 554 554 658 658 658 657 657 657 554 554 554 768 768 768 555 555 555 766 766 766 553 553 553 766 766 766 555 555 555 11 11 11 660 660 660 554 554 554 658 658 658 554 554 554 660 660 660 771 771 771 555 555 555 768 768 768 8 8 8 555 555 555 771 771 771 509 509 509 490 490 490 786 786 786 556 556 556 786 786 786 490 490 490 491 491 491 178 178 178 557 557 557 703 703 703 557 557 557 178 178 178 786 786 786 558 558 558 788 788 788 556 556 556 558 558 558 786 786 786 705 705 705 559 559 559 557 557 557 703 703 703 705 705 705 557 557 557 788 788 788 558 558 558 790 790 790 560 560 560 790 790 790 558 558 558 559 559 559 705 705 705 561 561 561 707 707 707 561 561 561 705 705 705 790 790 790 560 560 560 449 449 449 562 562 562 449 449 449 560 560 560 333 333 333 563 563 563 561 561 561 707 707 707 333 333 333 561 561 561 449 449 449 562 562 562 446 446 446 17 17 17 446 446 446 562 562 562 563 563 563 333 333 333 19 19 19 332 332 332 19 19 19 333 333 333 170 170 170 346 346 346 564 564 564 695 695 695 170 170 170 564 564 564 778 778 778 565 565 565 469 469 469 347 347 347 469 469 469 565 565 565 695 695 695 564 564 564 566 566 566 698 698 698 695 695 695 566 566 566 780 780 780 567 567 567 778 778 778 565 565 565 778 778 778 567 567 567 569 569 569 700 700 700 566 566 566 698 698 698 566 566 566 700 700 700 782 782 782 567 567 567 780 780 780 568 568 568 567 567 567 782 782 782 16 16 16 702 702 702 569 569 569 700 700 700 569 569 569 702 702 702 784 784 784 568 568 568 782 782 782 18 18 18 568 568 568 784 784 784 259 259 259 792 792 792 261 261 261 793 793 793 261 261 261 792 792 792 792 792 792 794 794 794 793 793 793 795 795 795 793 793 793 794 794 794 794 794 794 796 796 796 795 795 795 797 797 797 795 795 795 796 796 796 796 796 796 0 0 0 797 797 797 2 2 2 0 0 0 796 796 796 576 576 576 799 799 799 798 798 798 248 248 248 576 576 576 798 798 798 799 799 799 801 801 801 800 800 800 798 798 798 799 799 799 800 800 800 801 801 801 803 803 803 802 802 802 800 800 800 801 801 801 802 802 802 803 803 803 1 1 1 3 3 3 802 802 802 803 803 803 3 3 3 278 278 278 804 804 804 277 277 277 805 805 805 804 804 804 278 278 278 805 805 805 806 806 806 804 804 804 807 807 807 806 806 806 805 805 805 806 806 806 807 807 807 808 808 808 809 809 809 808 808 808 807 807 807 809 809 809 4 4 4 808 808 808 6 6 6 4 4 4 809 809 809 811 811 811 266 266 266 810 810 810 619 619 619 810 810 810 266 266 266 813 813 813 811 811 811 812 812 812 810 810 810 812 812 812 811 811 811 815 815 815 813 813 813 814 814 814 812 812 812 814 814 814 813 813 813 814 814 814 5 5 5 7 7 7 815 815 815 814 814 814 7 7 7 817 817 817 326 326 326 816 816 816 817 817 817 325 325 325 326 326 326 819 819 819 817 817 817 818 818 818 816 816 816 818 818 818 817 817 817 821 821 821 819 819 819 820 820 820 818 818 818 820 820 820 819 819 819 15 15 15 820 820 820 13 13 13 15 15 15 821 821 821 820 820 820 485 485 485 822 822 822 484 484 484 823 823 823 484 484 484 822 822 822 823 823 823 822 822 822 824 824 824 825 825 825 824 824 824 822 822 822 824 824 824 825 825 825 826 826 826 827 827 827 826 826 826 825 825 825 826 826 826 827 827 827 12 12 12 14 14 14 12 12 12 827 827 827 829 829 829 367 367 367 828 828 828 368 368 368 828 828 828 367 367 367 831 831 831 828 828 828 830 830 830 831 831 831 829 829 829 828 828 828 833 833 833 830 830 830 832 832 832 833 833 833 831 831 831 830 830 830 23 23 23 832 832 832 21 21 21 23 23 23 833 833 833 832 832 832 497 497 497 834 834 834 496 496 496 835 835 835 496 496 496 834 834 834 834 834 834 836 836 836 835 835 835 837 837 837 835 835 835 836 836 836 836 836 836 838 838 838 837 837 837 839 839 839 837 837 837 838 838 838 839 839 839 838 838 838 20 20 20 22 22 22 20 20 20 838 838 838 25 25 25 840 840 840 27 27 27 841 841 841 27 27 27 840 840 840 841 841 841 840 840 840 842 842 842 843 843 843 842 842 842 840 840 840 843 843 843 844 844 844 842 842 842 845 845 845 844 844 844 843 843 843 845 845 845 242 242 242 844 844 844 240 240 240 844 844 844 242 242 242 847 847 847 33 33 33 846 846 846 847 847 847 35 35 35 33 33 33 849 849 849 846 846 846 848 848 848 847 847 847 846 846 846 849 849 849 851 851 851 849 849 849 850 850 850 848 848 848 850 850 850 849 849 849 241 241 241 851 851 851 243 243 243 850 850 850 243 243 243 851 851 851 27 27 27 841 841 841 29 29 29 852 852 852 29 29 29 841 841 841 841 841 841 853 853 853 852 852 852 842 842 842 853 853 853 841 841 841 842 842 842 854 854 854 853 853 853 844 844 844 854 854 854 842 842 842 844 844 844 240 240 240 854 854 854 244 244 244 854 854 854 240 240 240 846 846 846 39 39 39 855 855 855 33 33 33 39 39 39 846 846 846 848 848 848 846 846 846 856 856 856 855 855 855 856 856 856 846 846 846 850 850 850 856 856 856 857 857 857 848 848 848 856 856 856 850 850 850 243 243 243 850 850 850 245 245 245 857 857 857 245 245 245 850 850 850 859 859 859 42 42 42 858 858 858 43 43 43 858 858 858 42 42 42 861 861 861 858 858 858 860 860 860 859 859 859 858 858 858 861 861 861 863 863 863 861 861 861 862 862 862 860 860 860 862 862 862 861 861 861 253 253 253 863 863 863 255 255 255 862 862 862 255 255 255 863 863 863 54 54 54 864 864 864 53 53 53 865 865 865 864 864 864 54 54 54 865 865 865 866 866 866 864 864 864 867 867 867 864 864 864 866 866 866 866 866 866 868 868 868 867 867 867 869 869 869 867 867 867 868 868 868 868 868 868 254 254 254 869 869 869 252 252 252 869 869 869 254 254 254 42 42 42 859 859 859 46 46 46 870 870 870 46 46 46 859 859 859 871 871 871 859 859 859 861 861 861 871 871 871 870 870 870 859 859 859 861 861 861 863 863 863 871 871 871 872 872 872 871 871 871 863 863 863 872 872 872 863 863 863 257 257 257 253 253 253 257 257 257 863 863 863 58 58 58 865 865 865 54 54 54 873 873 873 865 865 865 58 58 58 873 873 873 874 874 874 865 865 865 866 866 866 865 865 865 874 874 874 874 874 874 875 875 875 866 866 866 868 868 868 866 866 866 875 875 875 875 875 875 254 254 254 868 868 868 254 254 254 875 875 875 256 256 256 877 877 877 69 69 69 876 876 876 70 70 70 876 876 876 69 69 69 879 879 879 877 877 877 878 878 878 876 876 876 878 878 878 877 877 877 881 881 881 879 879 879 880 880 880 878 878 878 880 880 880 879 879 879 271 271 271 881 881 881 273 273 273 880 880 880 273 273 273 881 881 881 81 81 81 882 882 882 80 80 80 883 883 883 882 882 882 81 81 81 882 882 882 883 883 883 884 884 884 885 885 885 884 884 884 883 883 883 885 885 885 886 886 886 884 884 884 887 887 887 886 886 886 885 885 885 887 887 887 272 272 272 886 886 886 270 270 270 886 886 886 272 272 272 888 888 888 73 73 73 877 877 877 69 69 69 877 877 877 73 73 73 889 889 889 888 888 888 879 879 879 877 877 877 879 879 879 888 888 888 890 890 890 889 889 889 881 881 881 879 879 879 881 881 881 889 889 889 274 274 274 890 890 890 271 271 271 881 881 881 271 271 271 890 890 890 85 85 85 883 883 883 81 81 81 891 891 891 883 883 883 85 85 85 883 883 883 891 891 891 885 885 885 892 892 892 885 885 885 891 891 891 892 892 892 887 887 887 885 885 885 893 893 893 887 887 887 892 892 892 893 893 893 275 275 275 887 887 887 272 272 272 887 887 887 275 275 275 88 88 88 894 894 894 90 90 90 895 895 895 90 90 90 894 894 894 894 894 894 896 896 896 895 895 895 897 897 897 896 896 896 894 894 894 897 897 897 898 898 898 896 896 896 899 899 899 898 898 898 897 897 897 898 898 898 899 899 899 282 282 282 284 284 284 282 282 282 899 899 899 901 901 901 60 60 60 900 900 900 901 901 901 62 62 62 60 60 60 903 903 903 901 901 901 902 902 902 900 900 900 902 902 902 901 901 901 905 905 905 902 902 902 904 904 904 903 903 903 902 902 902 905 905 905 285 285 285 904 904 904 283 283 283 905 905 905 904 904 904 285 285 285 90 90 90 895 895 895 92 92 92 906 906 906 92 92 92 895 895 895 895 895 895 907 907 907 906 906 906 896 896 896 907 907 907 895 895 895 896 896 896 908 908 908 907 907 907 898 898 898 908 908 908 896 896 896 898 898 898 286 286 286 908 908 908 282 282 282 286 286 286 898 898 898 900 900 900 66 66 66 909 909 909 60 60 60 66 66 66 900 900 900 902 902 902 900 900 900 910 910 910 909 909 909 910 910 910 900 900 900 904 904 904 910 910 910 911 911 911 902 902 902 910 910 910 904 904 904 283 283 283 911 911 911 287 287 287 904 904 904 911 911 911 283 283 283 134 134 134 912 912 912 135 135 135 913 913 913 135 135 135 912 912 912 912 912 912 914 914 914 913 913 913 914 914 914 912 912 912 915 915 915 915 915 915 916 916 916 914 914 914 916 916 916 915 915 915 917 917 917 917 917 917 309 309 309 916 916 916 309 309 309 917 917 917 311 311 311 142 142 142 144 144 144 918 918 918 919 919 919 918 918 918 144 144 144 919 919 919 920 920 920 918 918 918 921 921 921 918 918 918 920 920 920 920 920 920 922 922 922 921 921 921 923 923 923 921 921 921 922 922 922 923 923 923 922 922 922 312 312 312 310 310 310 312 312 312 922 922 922 135 135 135 913 913 913 137 137 137 924 924 924 137 137 137 913 913 913 913 913 913 925 925 925 924 924 924 925 925 925 913 913 913 914 914 914 914 914 914 926 926 926 925 925 925 926 926 926 914 914 914 916 916 916 916 916 916 313 313 313 926 926 926 313 313 313 916 916 916 309 309 309 144 144 144 147 147 147 919 919 919 927 927 927 919 919 919 147 147 147 927 927 927 928 928 928 919 919 919 920 920 920 919 919 919 928 928 928 928 928 928 929 929 929 920 920 920 922 922 922 920 920 920 929 929 929 922 922 922 929 929 929 310 310 310 314 314 314 310 310 310 929 929 929 152 152 152 930 930 930 151 151 151 931 931 931 151 151 151 930 930 930 931 931 931 930 930 930 932 932 932 933 933 933 932 932 932 930 930 930 933 933 933 934 934 934 932 932 932 935 935 935 932 932 932 934 934 934 934 934 934 319 319 319 935 935 935 320 320 320 935 935 935 319 319 319 161 161 161 936 936 936 160 160 160 936 936 936 161 161 161 937 937 937 937 937 937 938 938 938 936 936 936 938 938 938 937 937 937 939 939 939 939 939 939 940 940 940 938 938 938 940 940 940 939 939 939 941 941 941 941 941 941 318 318 318 940 940 940 321 321 321 940 940 940 318 318 318 155 155 155 151 151 151 942 942 942 931 931 931 942 942 942 151 151 151 942 942 942 931 931 931 943 943 943 932 932 932 943 943 943 931 931 931 932 932 932 935 935 935 943 943 943 944 944 944 943 943 943 935 935 935 935 935 935 320 320 320 944 944 944 323 323 323 944 944 944 320 320 320 166 166 166 937 937 937 161 161 161 937 937 937 166 166 166 945 945 945 945 945 945 939 939 939 937 937 937 939 939 939 945 945 945 946 946 946 941 941 941 946 946 946 947 947 947 939 939 939 946 946 946 941 941 941 947 947 947 318 318 318 941 941 941 318 318 318 947 947 947 322 322 322 206 206 206 948 948 948 207 207 207 949 949 949 207 207 207 948 948 948 948 948 948 950 950 950 949 949 949 951 951 951 949 949 949 950 950 950 950 950 950 952 952 952 951 951 951 952 952 952 950 950 950 953 953 953 953 953 953 351 351 351 952 952 952 351 351 351 953 953 953 353 353 353 214 214 214 216 216 216 954 954 954 955 955 955 954 954 954 216 216 216 955 955 955 956 956 956 954 954 954 957 957 957 954 954 954 956 956 956 956 956 956 958 958 958 957 957 957 959 959 959 957 957 957 958 958 958 958 958 958 352 352 352 959 959 959 354 354 354 959 959 959 352 352 352 960 960 960 209 209 209 949 949 949 207 207 207 949 949 949 209 209 209 961 961 961 949 949 949 951 951 951 960 960 960 949 949 949 961 961 961 951 951 951 962 962 962 961 961 961 962 962 962 951 951 951 952 952 952 952 952 952 351 351 351 962 962 962 355 355 355 962 962 962 351 351 351 219 219 219 963 963 963 216 216 216 955 955 955 216 216 216 963 963 963 963 963 963 964 964 964 955 955 955 956 956 956 955 955 955 964 964 964 964 964 964 958 958 958 956 956 956 965 965 965 958 958 958 964 964 964 965 965 965 356 356 356 958 958 958 352 352 352 958 958 958 356 356 356 224 224 224 966 966 966 223 223 223 967 967 967 223 223 223 966 966 966 966 966 966 968 968 968 967 967 967 969 969 969 967 967 967 968 968 968 969 969 969 968 968 968 970 970 970 971 971 971 970 970 970 968 968 968 970 970 970 971 971 971 360 360 360 362 362 362 360 360 360 971 971 971 233 233 233 972 972 972 232 232 232 972 972 972 233 233 233 973 973 973 973 973 973 974 974 974 972 972 972 975 975 975 972 972 972 974 974 974 974 974 974 976 976 976 975 975 975 977 977 977 975 975 975 976 976 976 976 976 976 363 363 363 977 977 977 361 361 361 977 977 977 363 363 363 223 223 223 967 967 967 227 227 227 978 978 978 227 227 227 967 967 967 978 978 978 967 967 967 979 979 979 969 969 969 979 979 979 967 967 967 969 969 969 970 970 970 979 979 979 980 980 980 979 979 979 970 970 970 970 970 970 360 360 360 980 980 980 364 364 364 980 980 980 360 360 360 238 238 238 973 973 973 233 233 233 973 973 973 238 238 238 981 981 981 981 981 981 982 982 982 973 973 973 974 974 974 973 973 973 982 982 982 982 982 982 983 983 983 974 974 974 976 976 976 974 974 974 983 983 983 983 983 983 365 365 365 976 976 976 363 363 363 976 976 976 365 365 365 984 984 984 160 160 160 936 936 936 984 984 984 391 391 391 160 160 160 985 985 985 936 936 936 938 938 938 985 985 985 984 984 984 936 936 936 986 986 986 938 938 938 940 940 940 986 986 986 985 985 985 938 938 938 376 376 376 940 940 940 321 321 321 376 376 376 986 986 986 940 940 940 930 930 930 152 152 152 987 987 987 315 315 315 987 987 987 152 152 152 930 930 930 987 987 987 933 933 933 988 988 988 933 933 933 987 987 987 988 988 988 989 989 989 933 933 933 934 934 934 933 933 933 989 989 989 989 989 989 375 375 375 934 934 934 319 319 319 934 934 934 375 375 375 990 990 990 232 232 232 972 972 972 990 990 990 403 403 403 232 232 232 991 991 991 990 990 990 975 975 975 972 972 972 975 975 975 990 990 990 992 992 992 991 991 991 977 977 977 975 975 975 977 977 977 991 991 991 380 380 380 992 992 992 361 361 361 977 977 977 361 361 361 992 992 992 357 357 357 993 993 993 224 224 224 966 966 966 224 224 224 993 993 993 993 993 993 994 994 994 966 966 966 968 968 968 966 966 966 994 994 994 994 994 994 995 995 995 968 968 968 971 971 971 968 968 968 995 995 995 971 971 971 995 995 995 362 362 362 381 381 381 362 362 362 995 995 995 391 391 391 984 984 984 418 418 418 996 996 996 418 418 418 984 984 984 984 984 984 985 985 985 996 996 996 997 997 997 996 996 996 985 985 985 985 985 985 998 998 998 997 997 997 998 998 998 985 985 985 986 986 986 986 986 986 408 408 408 998 998 998 408 408 408 986 986 986 376 376 376 388 388 388 999 999 999 315 315 315 987 987 987 315 315 315 999 999 999 999 999 999 1000 1000 1000 987 987 987 988 988 988 987 987 987 1000 1000 1000 1000 1000 1000 1001 1001 1001 988 988 988 989 989 989 988 988 988 1001 1001 1001 989 989 989 1001 1001 1001 375 375 375 409 409 409 375 375 375 1001 1001 1001 403 403 403 1002 1002 1002 423 423 423 1002 1002 1002 403 403 403 990 990 990 990 990 990 991 991 991 1002 1002 1002 1003 1003 1003 1002 1002 1002 991 991 991 991 991 991 992 992 992 1003 1003 1003 1004 1004 1004 1003 1003 1003 992 992 992 992 992 992 380 380 380 1004 1004 1004 412 412 412 1004 1004 1004 380 380 380 357 357 357 401 401 401 993 993 993 1005 1005 1005 993 993 993 401 401 401 1005 1005 1005 1006 1006 1006 993 993 993 994 994 994 993 993 993 1006 1006 1006 1006 1006 1006 1007 1007 1007 994 994 994 995 995 995 994 994 994 1007 1007 1007 1007 1007 1007 413 413 413 995 995 995 381 381 381 995 995 995 413 413 413 462 462 462 1008 1008 1008 461 461 461 1009 1009 1009 461 461 461 1008 1008 1008 1008 1008 1008 1010 1010 1010 1009 1009 1009 1011 1011 1011 1009 1009 1009 1010 1010 1010 1010 1010 1010 1012 1012 1012 1011 1011 1011 1013 1013 1013 1011 1011 1011 1012 1012 1012 1012 1012 1012 444 444 444 1013 1013 1013 442 442 442 1013 1013 1013 444 444 444 430 430 430 506 506 506 1014 1014 1014 1015 1015 1015 1014 1014 1014 506 506 506 1015 1015 1015 1016 1016 1016 1014 1014 1014 1017 1017 1017 1014 1014 1014 1016 1016 1016 1016 1016 1016 1018 1018 1018 1017 1017 1017 1019 1019 1019 1017 1017 1017 1018 1018 1018 1018 1018 1018 445 445 445 1019 1019 1019 443 443 443 1019 1019 1019 445 445 445 473 473 473 1020 1020 1020 475 475 475 1020 1020 1020 473 473 473 1021 1021 1021 1021 1021 1021 1022 1022 1022 1020 1020 1020 1023 1023 1023 1020 1020 1020 1022 1022 1022 1022 1022 1022 1024 1024 1024 1023 1023 1023 1025 1025 1025 1023 1023 1023 1024 1024 1024 1024 1024 1024 450 450 450 1025 1025 1025 450 450 450 1024 1024 1024 452 452 452 512 512 512 1026 1026 1026 436 436 436 1027 1027 1027 436 436 436 1026 1026 1026 1027 1027 1027 1026 1026 1026 1028 1028 1028 1029 1029 1029 1028 1028 1028 1026 1026 1026 1029 1029 1029 1030 1030 1030 1028 1028 1028 1031 1031 1031 1028 1028 1028 1030 1030 1030 1031 1031 1031 1030 1030 1030 451 451 451 453 453 453 451 451 451 1030 1030 1030 418 418 418 996 996 996 462 462 462 1008 1008 1008 462 462 462 996 996 996 996 996 996 997 997 997 1008 1008 1008 1010 1010 1010 1008 1008 1008 997 997 997 997 997 997 998 998 998 1010 1010 1010 1012 1012 1012 1010 1010 1010 998 998 998 998 998 998 408 408 408 1012 1012 1012 444 444 444 1012 1012 1012 408 408 408 388 388 388 430 430 430 999 999 999 1014 1014 1014 999 999 999 430 430 430 1000 1000 1000 999 999 999 1017 1017 1017 1014 1014 1014 1017 1017 1017 999 999 999 1001 1001 1001 1000 1000 1000 1019 1019 1019 1017 1017 1017 1019 1019 1019 1000 1000 1000 409 409 409 1001 1001 1001 443 443 443 1019 1019 1019 443 443 443 1001 1001 1001 1021 1021 1021 473 473 473 1002 1002 1002 423 423 423 1002 1002 1002 473 473 473 1022 1022 1022 1002 1002 1002 1003 1003 1003 1021 1021 1021 1002 1002 1002 1022 1022 1022 1024 1024 1024 1022 1022 1022 1004 1004 1004 1003 1003 1003 1004 1004 1004 1022 1022 1022 452 452 452 1004 1004 1004 412 412 412 1024 1024 1024 1004 1004 1004 452 452 452 436 436 436 1005 1005 1005 401 401 401 1027 1027 1027 1005 1005 1005 436 436 436 1027 1027 1027 1028 1028 1028 1005 1005 1005 1006 1006 1006 1005 1005 1005 1028 1028 1028 1028 1028 1028 1007 1007 1007 1006 1006 1006 1031 1031 1031 1007 1007 1007 1028 1028 1028 1031 1031 1031 451 451 451 1007 1007 1007 413 413 413 1007 1007 1007 451 451 451 53 53 53 864 864 864 591 591 591 1032 1032 1032 591 591 591 864 864 864 864 864 864 867 867 867 1032 1032 1032 1033 1033 1033 1032 1032 1032 867 867 867 867 867 867 1034 1034 1034 1033 1033 1033 869 869 869 1034 1034 1034 867 867 867 869 869 869 514 514 514 1034 1034 1034 252 252 252 514 514 514 869 869 869 858 858 858 43 43 43 1035 1035 1035 578 578 578 1035 1035 1035 43 43 43 1035 1035 1035 1036 1036 1036 860 860 860 858 858 858 1035 1035 1035 860 860 860 862 862 862 860 860 860 1037 1037 1037 1036 1036 1036 1037 1037 1037 860 860 860 1037 1037 1037 515 515 515 255 255 255 862 862 862 1037 1037 1037 255 255 255 591 591 591 1032 1032 1032 594 594 594 1038 1038 1038 594 594 594 1032 1032 1032 1032 1032 1032 1039 1039 1039 1038 1038 1038 1033 1033 1033 1039 1039 1039 1032 1032 1032 1033 1033 1033 1040 1040 1040 1039 1039 1039 1034 1034 1034 1040 1040 1040 1033 1033 1033 1034 1034 1034 517 517 517 1040 1040 1040 514 514 514 517 517 517 1034 1034 1034 581 581 581 1041 1041 1041 1035 1035 1035 578 578 578 581 581 581 1035 1035 1035 1041 1041 1041 1042 1042 1042 1036 1036 1036 1035 1035 1035 1041 1041 1041 1036 1036 1036 1042 1042 1042 1043 1043 1043 1037 1037 1037 1036 1036 1036 1042 1042 1042 1037 1037 1037 1043 1043 1043 516 516 516 515 515 515 1037 1037 1037 1043 1043 1043 515 515 515 594 594 594 1038 1038 1038 596 596 596 1044 1044 1044 596 596 596 1038 1038 1038 1044 1044 1044 1038 1038 1038 1045 1045 1045 1039 1039 1039 1045 1045 1045 1038 1038 1038 1045 1045 1045 1039 1039 1039 1046 1046 1046 1040 1040 1040 1046 1046 1046 1039 1039 1039 1046 1046 1046 1040 1040 1040 518 518 518 517 517 517 518 518 518 1040 1040 1040 583 583 583 1047 1047 1047 1041 1041 1041 581 581 581 583 583 583 1041 1041 1041 1047 1047 1047 1048 1048 1048 1042 1042 1042 1041 1041 1041 1047 1047 1047 1042 1042 1042 1048 1048 1048 1049 1049 1049 1043 1043 1043 1042 1042 1042 1048 1048 1048 1043 1043 1043 1049 1049 1049 519 519 519 516 516 516 1043 1043 1043 1049 1049 1049 516 516 516 596 596 596 1044 1044 1044 598 598 598 1050 1050 1050 598 598 598 1044 1044 1044 1044 1044 1044 1051 1051 1051 1050 1050 1050 1045 1045 1045 1051 1051 1051 1044 1044 1044 1051 1051 1051 1045 1045 1045 1052 1052 1052 1046 1046 1046 1052 1052 1052 1045 1045 1045 1052 1052 1052 1046 1046 1046 520 520 520 518 518 518 520 520 520 1046 1046 1046 247 247 247 1053 1053 1053 1047 1047 1047 583 583 583 247 247 247 1047 1047 1047 1053 1053 1053 1054 1054 1054 1048 1048 1048 1047 1047 1047 1053 1053 1053 1048 1048 1048 1054 1054 1054 1055 1055 1055 1049 1049 1049 1048 1048 1048 1054 1054 1054 1049 1049 1049 1055 1055 1055 521 521 521 519 519 519 1049 1049 1049 1055 1055 1055 519 519 519 598 598 598 1050 1050 1050 259 259 259 792 792 792 259 259 259 1050 1050 1050 1050 1050 1050 1051 1051 1051 792 792 792 794 794 794 792 792 792 1051 1051 1051 1051 1051 1051 796 796 796 794 794 794 1052 1052 1052 796 796 796 1051 1051 1051 1052 1052 1052 2 2 2 796 796 796 520 520 520 2 2 2 1052 1052 1052 248 248 248 798 798 798 1053 1053 1053 247 247 247 248 248 248 1053 1053 1053 798 798 798 800 800 800 1054 1054 1054 1053 1053 1053 798 798 798 1054 1054 1054 800 800 800 802 802 802 1055 1055 1055 1054 1054 1054 800 800 800 1055 1055 1055 802 802 802 3 3 3 521 521 521 1055 1055 1055 802 802 802 521 521 521 35 35 35 847 847 847 1056 1056 1056 570 570 570 35 35 35 1056 1056 1056 1057 1057 1057 1056 1056 1056 849 849 849 847 847 847 849 849 849 1056 1056 1056 1058 1058 1058 1057 1057 1057 851 851 851 849 849 849 851 851 851 1057 1057 1057 522 522 522 1058 1058 1058 241 241 241 851 851 851 241 241 241 1058 1058 1058 599 599 599 1059 1059 1059 25 25 25 840 840 840 25 25 25 1059 1059 1059 840 840 840 1059 1059 1059 843 843 843 1060 1060 1060 843 843 843 1059 1059 1059 843 843 843 1060 1060 1060 845 845 845 1061 1061 1061 845 845 845 1060 1060 1060 1061 1061 1061 242 242 242 845 845 845 523 523 523 242 242 242 1061 1061 1061 570 570 570 1056 1056 1056 1062 1062 1062 572 572 572 570 570 570 1062 1062 1062 1056 1056 1056 1057 1057 1057 1063 1063 1063 1062 1062 1062 1056 1056 1056 1063 1063 1063 1057 1057 1057 1058 1058 1058 1064 1064 1064 1063 1063 1063 1057 1057 1057 1064 1064 1064 1058 1058 1058 522 522 522 525 525 525 1064 1064 1064 1058 1058 1058 525 525 525 601 601 601 1065 1065 1065 599 599 599 1059 1059 1059 599 599 599 1065 1065 1065 1065 1065 1065 1060 1060 1060 1059 1059 1059 1066 1066 1066 1060 1060 1060 1065 1065 1065 1066 1066 1066 1061 1061 1061 1060 1060 1060 1067 1067 1067 1061 1061 1061 1066 1066 1066 1061 1061 1061 1067 1067 1067 523 523 523 524 524 524 523 523 523 1067 1067 1067 572 572 572 1062 1062 1062 1068 1068 1068 574 574 574 572 572 572 1068 1068 1068 1069 1069 1069 1068 1068 1068 1063 1063 1063 1062 1062 1062 1063 1063 1063 1068 1068 1068 1063 1063 1063 1064 1064 1064 1070 1070 1070 1069 1069 1069 1063 1063 1063 1070 1070 1070 1064 1064 1064 525 525 525 526 526 526 1070 1070 1070 1064 1064 1064 526 526 526 603 603 603 1071 1071 1071 601 601 601 1065 1065 1065 601 601 601 1071 1071 1071 1071 1071 1071 1066 1066 1066 1065 1065 1065 1072 1072 1072 1066 1066 1066 1071 1071 1071 1072 1072 1072 1067 1067 1067 1066 1066 1066 1073 1073 1073 1067 1067 1067 1072 1072 1072 1067 1067 1067 1073 1073 1073 524 524 524 527 527 527 524 524 524 1073 1073 1073 574 574 574 1068 1068 1068 799 799 799 576 576 576 574 574 574 799 799 799 801 801 801 799 799 799 1069 1069 1069 1068 1068 1068 1069 1069 1069 799 799 799 1069 1069 1069 1070 1070 1070 803 803 803 801 801 801 1069 1069 1069 803 803 803 1070 1070 1070 526 526 526 1 1 1 803 803 803 1070 1070 1070 1 1 1 261 261 261 793 793 793 603 603 603 1071 1071 1071 603 603 603 793 793 793 1071 1071 1071 793 793 793 1072 1072 1072 795 795 795 1072 1072 1072 793 793 793 1072 1072 1072 795 795 795 1073 1073 1073 797 797 797 1073 1073 1073 795 795 795 1073 1073 1073 797 797 797 527 527 527 0 0 0 527 527 527 797 797 797 80 80 80 1074 1074 1074 633 633 633 882 882 882 1074 1074 1074 80 80 80 882 882 882 884 884 884 1074 1074 1074 1075 1075 1075 1074 1074 1074 884 884 884 884 884 884 886 886 886 1075 1075 1075 1076 1076 1076 1075 1075 1075 886 886 886 886 886 886 528 528 528 1076 1076 1076 270 270 270 528 528 528 886 886 886 876 876 876 70 70 70 1077 1077 1077 620 620 620 1077 1077 1077 70 70 70 878 878 878 876 876 876 1078 1078 1078 1077 1077 1077 1078 1078 1078 876 876 876 880 880 880 878 878 878 1079 1079 1079 1078 1078 1078 1079 1079 1079 878 878 878 273 273 273 880 880 880 529 529 529 1079 1079 1079 529 529 529 880 880 880 633 633 633 1080 1080 1080 635 635 635 1074 1074 1074 1080 1080 1080 633 633 633 1080 1080 1080 1074 1074 1074 1081 1081 1081 1075 1075 1075 1081 1081 1081 1074 1074 1074 1075 1075 1075 1082 1082 1082 1081 1081 1081 1076 1076 1076 1082 1082 1082 1075 1075 1075 1076 1076 1076 530 530 530 1082 1082 1082 528 528 528 530 530 530 1076 1076 1076 1077 1077 1077 620 620 620 1083 1083 1083 622 622 622 1083 1083 1083 620 620 620 1083 1083 1083 1084 1084 1084 1078 1078 1078 1077 1077 1077 1083 1083 1083 1078 1078 1078 1079 1079 1079 1078 1078 1078 1085 1085 1085 1084 1084 1084 1085 1085 1085 1078 1078 1078 1085 1085 1085 531 531 531 529 529 529 1079 1079 1079 1085 1085 1085 529 529 529 635 635 635 1080 1080 1080 638 638 638 1086 1086 1086 638 638 638 1080 1080 1080 1086 1086 1086 1080 1080 1080 1087 1087 1087 1081 1081 1081 1087 1087 1087 1080 1080 1080 1087 1087 1087 1081 1081 1081 1088 1088 1088 1082 1082 1082 1088 1088 1088 1081 1081 1081 1088 1088 1088 1082 1082 1082 532 532 532 530 530 530 532 532 532 1082 1082 1082 1083 1083 1083 622 622 622 1089 1089 1089 624 624 624 1089 1089 1089 622 622 622 1089 1089 1089 1090 1090 1090 1084 1084 1084 1083 1083 1083 1089 1089 1089 1084 1084 1084 1085 1085 1085 1084 1084 1084 1091 1091 1091 1090 1090 1090 1091 1091 1091 1084 1084 1084 1091 1091 1091 533 533 533 531 531 531 1085 1085 1085 1091 1091 1091 531 531 531 638 638 638 1092 1092 1092 639 639 639 1086 1086 1086 1092 1092 1092 638 638 638 1086 1086 1086 1087 1087 1087 1092 1092 1092 1093 1093 1093 1092 1092 1092 1087 1087 1087 1087 1087 1087 1094 1094 1094 1093 1093 1093 1088 1088 1088 1094 1094 1094 1087 1087 1087 1094 1094 1094 1088 1088 1088 534 534 534 532 532 532 534 534 534 1088 1088 1088 1089 1089 1089 624 624 624 1095 1095 1095 267 267 267 1095 1095 1095 624 624 624 1095 1095 1095 1096 1096 1096 1090 1090 1090 1089 1089 1089 1095 1095 1095 1090 1090 1090 1096 1096 1096 1097 1097 1097 1091 1091 1091 1090 1090 1090 1096 1096 1096 1091 1091 1091 1097 1097 1097 535 535 535 533 533 533 1091 1091 1091 1097 1097 1097 533 533 533 639 639 639 1092 1092 1092 278 278 278 805 805 805 278 278 278 1092 1092 1092 1092 1092 1092 1093 1093 1093 805 805 805 807 807 807 805 805 805 1093 1093 1093 1093 1093 1093 809 809 809 807 807 807 1094 1094 1094 809 809 809 1093 1093 1093 1094 1094 1094 6 6 6 809 809 809 534 534 534 6 6 6 1094 1094 1094 1095 1095 1095 267 267 267 811 811 811 266 266 266 811 811 811 267 267 267 811 811 811 813 813 813 1096 1096 1096 1095 1095 1095 811 811 811 1096 1096 1096 813 813 813 815 815 815 1097 1097 1097 1096 1096 1096 813 813 813 1097 1097 1097 815 815 815 7 7 7 535 535 535 1097 1097 1097 815 815 815 535 535 535 62 62 62 901 901 901 1098 1098 1098 612 612 612 62 62 62 1098 1098 1098 1099 1099 1099 1098 1098 1098 903 903 903 901 901 901 903 903 903 1098 1098 1098 903 903 903 905 905 905 1100 1100 1100 1099 1099 1099 903 903 903 1100 1100 1100 905 905 905 285 285 285 537 537 537 1100 1100 1100 905 905 905 537 537 537 641 641 641 1101 1101 1101 88 88 88 894 894 894 88 88 88 1101 1101 1101 1101 1101 1101 897 897 897 894 894 894 1102 1102 1102 897 897 897 1101 1101 1101 1102 1102 1102 899 899 899 897 897 897 1103 1103 1103 899 899 899 1102 1102 1102 1103 1103 1103 536 536 536 899 899 899 284 284 284 899 899 899 536 536 536 1104 1104 1104 615 615 615 1098 1098 1098 612 612 612 1098 1098 1098 615 615 615 1098 1098 1098 1099 1099 1099 1105 1105 1105 1104 1104 1104 1098 1098 1098 1105 1105 1105 1099 1099 1099 1100 1100 1100 1106 1106 1106 1105 1105 1105 1099 1099 1099 1106 1106 1106 539 539 539 1106 1106 1106 537 537 537 1100 1100 1100 537 537 537 1106 1106 1106 643 643 643 1101 1101 1101 641 641 641 1107 1107 1107 1101 1101 1101 643 643 643 1107 1107 1107 1102 1102 1102 1101 1101 1101 1108 1108 1108 1102 1102 1102 1107 1107 1107 1108 1108 1108 1103 1103 1103 1102 1102 1102 1109 1109 1109 1103 1103 1103 1108 1108 1108 1109 1109 1109 538 538 538 1103 1103 1103 536 536 536 1103 1103 1103 538 538 538 1110 1110 1110 617 617 617 1104 1104 1104 615 615 615 1104 1104 1104 617 617 617 1104 1104 1104 1105 1105 1105 1111 1111 1111 1110 1110 1110 1104 1104 1104 1111 1111 1111 1105 1105 1105 1106 1106 1106 1112 1112 1112 1111 1111 1111 1105 1105 1105 1112 1112 1112 541 541 541 1112 1112 1112 539 539 539 1106 1106 1106 539 539 539 1112 1112 1112 646 646 646 1107 1107 1107 643 643 643 1113 1113 1113 1107 1107 1107 646 646 646 1113 1113 1113 1108 1108 1108 1107 1107 1107 1114 1114 1114 1108 1108 1108 1113 1113 1113 1114 1114 1114 1115 1115 1115 1108 1108 1108 1109 1109 1109 1108 1108 1108 1115 1115 1115 1115 1115 1115 538 538 538 1109 1109 1109 540 540 540 538 538 538 1115 1115 1115 810 810 810 619 619 619 1110 1110 1110 617 617 617 1110 1110 1110 619 619 619 1110 1110 1110 1111 1111 1111 812 812 812 810 810 810 1110 1110 1110 812 812 812 814 814 814 812 812 812 1112 1112 1112 1111 1111 1111 1112 1112 1112 812 812 812 1112 1112 1112 541 541 541 5 5 5 814 814 814 1112 1112 1112 5 5 5 277 277 277 1113 1113 1113 646 646 646 804 804 804 1113 1113 1113 277 277 277 804 804 804 1114 1114 1114 1113 1113 1113 806 806 806 1114 1114 1114 804 804 804 806 806 806 808 808 808 1114 1114 1114 1115 1115 1115 1114 1114 1114 808 808 808 1115 1115 1115 808 808 808 540 540 540 4 4 4 540 540 540 808 808 808 816 816 816 326 326 326 1009 1009 1009 461 461 461 1009 1009 1009 326 326 326 818 818 818 1009 1009 1009 1011 1011 1011 818 818 818 816 816 816 1009 1009 1009 820 820 820 818 818 818 1013 1013 1013 1011 1011 1011 1013 1013 1013 818 818 818 13 13 13 820 820 820 442 442 442 1013 1013 1013 442 442 442 820 820 820 484 484 484 823 823 823 506 506 506 1015 1015 1015 506 506 506 823 823 823 823 823 823 824 824 824 1015 1015 1015 1016 1016 1016 1015 1015 1015 824 824 824 1016 1016 1016 824 824 824 1018 1018 1018 826 826 826 1018 1018 1018 824 824 824 1018 1018 1018 826 826 826 445 445 445 12 12 12 445 445 445 826 826 826 485 485 485 142 142 142 822 822 822 918 918 918 822 822 822 142 142 142 918 918 918 921 921 921 822 822 822 825 825 825 822 822 822 921 921 921 921 921 921 923 923 923 825 825 825 827 827 827 825 825 825 923 923 923 827 827 827 923 923 923 14 14 14 312 312 312 14 14 14 923 923 923 912 912 912 134 134 134 817 817 817 325 325 325 817 817 817 134 134 134 915 915 915 817 817 817 819 819 819 915 915 915 912 912 912 817 817 817 917 917 917 819 819 819 821 821 821 917 917 917 915 915 915 819 819 819 311 311 311 821 821 821 15 15 15 311 311 311 917 917 917 821 821 821 828 828 828 475 475 475 1020 1020 1020 828 828 828 368 368 368 475 475 475 830 830 830 828 828 828 1023 1023 1023 1020 1020 1020 1023 1023 1023 828 828 828 832 832 832 1023 1023 1023 1025 1025 1025 832 832 832 830 830 830 1023 1023 1023 21 21 21 1025 1025 1025 450 450 450 21 21 21 832 832 832 1025 1025 1025 496 496 496 835 835 835 512 512 512 1026 1026 1026 512 512 512 835 835 835 1026 1026 1026 835 835 835 1029 1029 1029 837 837 837 1029 1029 1029 835 835 835 837 837 837 839 839 839 1029 1029 1029 1030 1030 1030 1029 1029 1029 839 839 839 1030 1030 1030 839 839 839 453 453 453 20 20 20 453 453 453 839 839 839 497 497 497 214 214 214 834 834 834 954 954 954 834 834 834 214 214 214 954 954 954 957 957 957 834 834 834 836 836 836 834 834 834 957 957 957 836 836 836 957 957 957 838 838 838 959 959 959 838 838 838 957 957 957 838 838 838 959 959 959 22 22 22 354 354 354 22 22 22 959 959 959 948 948 948 206 206 206 829 829 829 367 367 367 829 829 829 206 206 206 950 950 950 829 829 829 831 831 831 950 950 950 948 948 948 829 829 829 953 953 953 831 831 831 833 833 833 953 953 953 950 950 950 831 831 831 353 353 353 953 953 953 23 23 23 833 833 833 23 23 23 953 953 953 1118 1118 1118 1117 1117 1117 1116 1116 1116 1119 1119 1119 1116 1116 1116 1117 1117 1117 1120 1120 1120 1119 1119 1119 1117 1117 1117 1117 1117 1117 1121 1121 1121 1120 1120 1120 1117 1117 1117 1122 1122 1122 1121 1121 1121 1123 1123 1123 1121 1121 1121 1122 1122 1122 1118 1118 1118 1122 1122 1122 1117 1117 1117 1124 1124 1124 1122 1122 1122 1118 1118 1118 1123 1123 1123 1122 1122 1122 1125 1125 1125 1126 1126 1126 1125 1125 1125 1122 1122 1122 1124 1124 1124 1127 1127 1127 1122 1122 1122 1126 1126 1126 1122 1122 1122 1127 1127 1127 1129 1129 1129 1116 1116 1116 1128 1128 1128 1119 1119 1119 1128 1128 1128 1116 1116 1116 1132 1132 1132 1131 1131 1131 1130 1130 1130 1116 1116 1116 1129 1129 1129 1133 1133 1133 1133 1133 1133 1118 1118 1118 1116 1116 1116 1120 1120 1120 1134 1134 1134 1128 1128 1128 1119 1119 1119 1120 1120 1120 1128 1128 1128 1137 1137 1137 1136 1136 1136 1135 1135 1135 1135 1135 1135 1138 1138 1138 1137 1137 1137 1132 1132 1132 1130 1130 1130 1139 1139 1139 1140 1140 1140 1139 1139 1139 1130 1130 1130 1138 1138 1138 1135 1135 1135 1141 1141 1141 1141 1141 1141 1142 1142 1142 1138 1138 1138 1139 1139 1139 1140 1140 1140 1143 1143 1143 1144 1144 1144 1143 1143 1143 1140 1140 1140 1146 1146 1146 1145 1145 1145 1144 1144 1144 1143 1143 1143 1144 1144 1144 1145 1145 1145 1145 1145 1145 1146 1146 1146 1142 1142 1142 1141 1141 1141 1145 1145 1145 1142 1142 1142 1134 1134 1134 1120 1120 1120 1147 1147 1147 1121 1121 1121 1147 1147 1147 1120 1120 1120 1148 1148 1148 1136 1136 1136 1137 1137 1137 1151 1151 1151 1150 1150 1150 1149 1149 1149 1154 1154 1154 1153 1153 1153 1152 1152 1152 1155 1155 1155 1152 1152 1152 1153 1153 1153 1157 1157 1157 1149 1149 1149 1156 1156 1156 1158 1158 1158 1156 1156 1156 1149 1149 1149 1152 1152 1152 1159 1159 1159 1156 1156 1156 1158 1158 1158 1152 1152 1152 1156 1156 1156 1157 1157 1157 1151 1151 1151 1149 1149 1149 1159 1159 1159 1152 1152 1152 1160 1160 1160 1162 1162 1162 1161 1161 1161 1149 1149 1149 1150 1150 1150 1162 1162 1162 1149 1149 1149 1155 1155 1155 1160 1160 1160 1152 1152 1152 1163 1163 1163 1161 1161 1161 1162 1162 1162 1164 1164 1164 1163 1163 1163 1162 1162 1162 1164 1164 1164 1162 1162 1162 1165 1165 1165 1150 1150 1150 1165 1165 1165 1162 1162 1162 1154 1154 1154 1166 1166 1166 1153 1153 1153 1167 1167 1167 1153 1153 1153 1166 1166 1166 1160 1160 1160 1155 1155 1155 1168 1168 1168 1155 1155 1155 1169 1169 1169 1168 1168 1168 1157 1157 1157 1170 1170 1170 1151 1151 1151 1171 1171 1171 1151 1151 1151 1170 1170 1170 1170 1170 1170 1157 1157 1157 1172 1172 1172 1156 1156 1156 1172 1172 1172 1157 1157 1157 1159 1159 1159 1173 1173 1173 1172 1172 1172 1156 1156 1156 1159 1159 1159 1172 1172 1172 1160 1160 1160 1168 1168 1168 1173 1173 1173 1173 1173 1173 1159 1159 1159 1160 1160 1160 1151 1151 1151 1171 1171 1171 1165 1165 1165 1150 1150 1150 1151 1151 1151 1165 1165 1165 1169 1169 1169 1155 1155 1155 1167 1167 1167 1153 1153 1153 1167 1167 1167 1155 1155 1155 1174 1174 1174 1136 1136 1136 1148 1148 1148 1136 1136 1136 1174 1174 1174 1175 1175 1175 1175 1175 1175 1135 1135 1135 1136 1136 1136 1177 1177 1177 1132 1132 1132 1176 1176 1176 1139 1139 1139 1176 1176 1176 1132 1132 1132 1178 1178 1178 1135 1135 1135 1175 1175 1175 1178 1178 1178 1141 1141 1141 1135 1135 1135 1176 1176 1176 1139 1139 1139 1179 1179 1179 1143 1143 1143 1179 1179 1179 1139 1139 1139 1143 1143 1143 1145 1145 1145 1179 1179 1179 1180 1180 1180 1179 1179 1179 1145 1145 1145 1141 1141 1141 1180 1180 1180 1145 1145 1145 1178 1178 1178 1180 1180 1180 1141 1141 1141 1177 1177 1177 1131 1131 1131 1132 1132 1132 1183 1183 1183 1182 1182 1182 1181 1181 1181 1181 1181 1181 1184 1184 1184 1183 1183 1183 1187 1187 1187 1186 1186 1186 1185 1185 1185 1188 1188 1188 1185 1185 1185 1186 1186 1186 1191 1191 1191 1190 1190 1190 1189 1189 1189 1192 1192 1192 1189 1189 1189 1190 1190 1190 1187 1187 1187 1190 1190 1190 1184 1184 1184 1191 1191 1191 1184 1184 1184 1190 1190 1190 1189 1189 1189 1183 1183 1183 1184 1184 1184 1191 1191 1191 1189 1189 1189 1184 1184 1184 1183 1183 1183 1189 1189 1189 1185 1185 1185 1192 1192 1192 1185 1185 1185 1189 1189 1189 1190 1190 1190 1187 1187 1187 1192 1192 1192 1185 1185 1185 1192 1192 1192 1187 1187 1187 1194 1194 1194 1182 1182 1182 1193 1193 1193 1183 1183 1183 1193 1193 1193 1182 1182 1182 1182 1182 1182 1194 1194 1194 1195 1195 1195 1181 1181 1181 1182 1182 1182 1195 1195 1195 1187 1187 1187 1196 1196 1196 1186 1186 1186 1197 1197 1197 1186 1186 1186 1196 1196 1196 1186 1186 1186 1197 1197 1197 1188 1188 1188 1198 1198 1198 1188 1188 1188 1197 1197 1197 1188 1188 1188 1198 1198 1198 1199 1199 1199 1185 1185 1185 1188 1188 1188 1199 1199 1199 1196 1196 1196 1187 1187 1187 1184 1184 1184 1200 1200 1200 1196 1196 1196 1184 1184 1184 1185 1185 1185 1199 1199 1199 1193 1193 1193 1183 1183 1183 1185 1185 1185 1193 1193 1193 1184 1184 1184 1181 1181 1181 1200 1200 1200 1195 1195 1195 1200 1200 1200 1181 1181 1181 1203 1203 1203 1202 1202 1202 1201 1201 1201 1204 1204 1204 1201 1201 1201 1202 1202 1202 1203 1203 1203 1206 1206 1206 1205 1205 1205 1201 1201 1201 1206 1206 1206 1203 1203 1203 1208 1208 1208 1207 1207 1207 1206 1206 1206 1205 1205 1205 1206 1206 1206 1207 1207 1207 1209 1209 1209 1207 1207 1207 1208 1208 1208 1209 1209 1209 1210 1210 1210 1207 1207 1207 1210 1210 1210 1209 1209 1209 1211 1211 1211 1212 1212 1212 1211 1211 1211 1209 1209 1209 1211 1211 1211 1212 1212 1212 1202 1202 1202 1204 1204 1204 1202 1202 1202 1212 1212 1212 1213 1213 1213 1201 1201 1201 1204 1204 1204 1213 1213 1213 1206 1206 1206 1201 1201 1201 1213 1213 1213 1208 1208 1208 1206 1206 1206 1213 1213 1213 1209 1209 1209 1208 1208 1208 1213 1213 1213 1212 1212 1212 1209 1209 1209 1213 1213 1213 1204 1204 1204 1212 1212 1212 1216 1216 1216 1215 1215 1215 1214 1214 1214 1217 1217 1217 1214 1214 1214 1215 1215 1215 1215 1215 1215 1218 1218 1218 1217 1217 1217 1219 1219 1219 1217 1217 1217 1218 1218 1218 1222 1222 1222 1221 1221 1221 1220 1220 1220 1223 1223 1223 1220 1220 1220 1221 1221 1221 1221 1221 1221 1224 1224 1224 1223 1223 1223 1225 1225 1225 1223 1223 1223 1224 1224 1224 1226 1226 1226 1225 1225 1225 1224 1224 1224 1226 1226 1226 1227 1227 1227 1225 1225 1225 1230 1230 1230 1229 1229 1229 1228 1228 1228 1231 1231 1231 1228 1228 1228 1229 1229 1229 1218 1218 1218 1232 1232 1232 1219 1219 1219 1233 1233 1233 1219 1219 1219 1232 1232 1232 1233 1233 1233 1232 1232 1232 1234 1234 1234 1235 1235 1235 1234 1234 1234 1232 1232 1232 1238 1238 1238 1237 1237 1237 1236 1236 1236 1239 1239 1239 1237 1237 1237 1238 1238 1238 1226 1226 1226 1230 1230 1230 1227 1227 1227 1228 1228 1228 1227 1227 1227 1230 1230 1230 1214 1214 1214 1222 1222 1222 1216 1216 1216 1220 1220 1220 1216 1216 1216 1222 1222 1222 1236 1236 1236 1234 1234 1234 1235 1235 1235 1235 1235 1235 1238 1238 1238 1236 1236 1236 1237 1237 1237 1239 1239 1239 1240 1240 1240 1241 1241 1241 1240 1240 1240 1239 1239 1239 1243 1243 1243 1229 1229 1229 1242 1242 1242 1243 1243 1243 1231 1231 1231 1229 1229 1229 1216 1216 1216 1245 1245 1245 1244 1244 1244 1215 1215 1215 1216 1216 1216 1244 1244 1244 1246 1246 1246 1222 1222 1222 1214 1214 1214 1246 1246 1246 1247 1247 1247 1222 1222 1222 1218 1218 1218 1215 1215 1215 1248 1248 1248 1244 1244 1244 1248 1248 1248 1215 1215 1215 1217 1217 1217 1250 1250 1250 1249 1249 1249 1250 1250 1250 1217 1217 1217 1219 1219 1219 1252 1252 1252 1220 1220 1220 1251 1251 1251 1223 1223 1223 1251 1251 1251 1220 1220 1220 1247 1247 1247 1221 1221 1221 1222 1222 1222 1247 1247 1247 1253 1253 1253 1221 1221 1221 1251 1251 1251 1223 1223 1223 1254 1254 1254 1225 1225 1225 1254 1254 1254 1223 1223 1223 1224 1224 1224 1253 1253 1253 1255 1255 1255 1253 1253 1253 1224 1224 1224 1221 1221 1221 1254 1254 1254 1225 1225 1225 1256 1256 1256 1227 1227 1227 1256 1256 1256 1225 1225 1225 1230 1230 1230 1226 1226 1226 1257 1257 1257 1258 1258 1258 1257 1257 1257 1226 1226 1226 1260 1260 1260 1231 1231 1231 1259 1259 1259 1260 1260 1260 1228 1228 1228 1231 1231 1231 1229 1229 1229 1230 1230 1230 1261 1261 1261 1257 1257 1257 1261 1261 1261 1230 1230 1230 1232 1232 1232 1218 1218 1218 1262 1262 1262 1248 1248 1248 1262 1262 1262 1218 1218 1218 1250 1250 1250 1219 1219 1219 1233 1233 1233 1263 1263 1263 1250 1250 1250 1233 1233 1233 1238 1238 1238 1235 1235 1235 1264 1264 1264 1265 1265 1265 1264 1264 1264 1235 1235 1235 1234 1234 1234 1263 1263 1263 1233 1233 1233 1266 1266 1266 1263 1263 1263 1234 1234 1234 1267 1267 1267 1239 1239 1239 1264 1264 1264 1238 1238 1238 1264 1264 1264 1239 1239 1239 1237 1237 1237 1269 1269 1269 1268 1268 1268 1268 1268 1268 1236 1236 1236 1237 1237 1237 1256 1256 1256 1227 1227 1227 1260 1260 1260 1228 1228 1228 1260 1260 1260 1227 1227 1227 1226 1226 1226 1255 1255 1255 1258 1258 1258 1255 1255 1255 1226 1226 1226 1224 1224 1224 1245 1245 1245 1216 1216 1216 1252 1252 1252 1220 1220 1220 1252 1252 1252 1216 1216 1216 1249 1249 1249 1214 1214 1214 1217 1217 1217 1249 1249 1249 1246 1246 1246 1214 1214 1214 1235 1235 1235 1232 1232 1232 1265 1265 1265 1262 1262 1262 1265 1265 1265 1232 1232 1232 1266 1266 1266 1236 1236 1236 1268 1268 1268 1266 1266 1266 1234 1234 1234 1236 1236 1236 1270 1270 1270 1241 1241 1241 1267 1267 1267 1239 1239 1239 1267 1267 1267 1241 1241 1241 1271 1271 1271 1269 1269 1269 1240 1240 1240 1237 1237 1237 1240 1240 1240 1269 1269 1269 1274 1274 1274 1273 1273 1273 1272 1272 1272 1275 1275 1275 1274 1274 1274 1272 1272 1272 1276 1276 1276 1259 1259 1259 1243 1243 1243 1231 1231 1231 1243 1243 1243 1259 1259 1259 1277 1277 1277 1242 1242 1242 1261 1261 1261 1229 1229 1229 1261 1261 1261 1242 1242 1242 1280 1280 1280 1279 1279 1279 1278 1278 1278 1281 1281 1281 1279 1279 1279 1280 1280 1280 1283 1283 1283 1244 1244 1244 1282 1282 1282 1245 1245 1245 1282 1282 1282 1244 1244 1244 1284 1284 1284 1247 1247 1247 1246 1246 1246 1285 1285 1285 1284 1284 1284 1246 1246 1246 1286 1286 1286 1248 1248 1248 1283 1283 1283 1244 1244 1244 1283 1283 1283 1248 1248 1248 1249 1249 1249 1288 1288 1288 1287 1287 1287 1288 1288 1288 1249 1249 1249 1250 1250 1250 1290 1290 1290 1251 1251 1251 1289 1289 1289 1252 1252 1252 1251 1251 1251 1290 1290 1290 1291 1291 1291 1253 1253 1253 1247 1247 1247 1284 1284 1284 1291 1291 1291 1247 1247 1247 1251 1251 1251 1254 1254 1254 1289 1289 1289 1292 1292 1292 1289 1289 1289 1254 1254 1254 1293 1293 1293 1255 1255 1255 1253 1253 1253 1291 1291 1291 1293 1293 1293 1253 1253 1253 1294 1294 1294 1292 1292 1292 1256 1256 1256 1254 1254 1254 1256 1256 1256 1292 1292 1292 1258 1258 1258 1295 1295 1295 1257 1257 1257 1296 1296 1296 1257 1257 1257 1295 1295 1295 1298 1298 1298 1260 1260 1260 1297 1297 1297 1259 1259 1259 1297 1297 1297 1260 1260 1260 1261 1261 1261 1296 1296 1296 1299 1299 1299 1257 1257 1257 1296 1296 1296 1261 1261 1261 1300 1300 1300 1262 1262 1262 1286 1286 1286 1248 1248 1248 1286 1286 1286 1262 1262 1262 1250 1250 1250 1301 1301 1301 1288 1288 1288 1301 1301 1301 1250 1250 1250 1263 1263 1263 1303 1303 1303 1264 1264 1264 1302 1302 1302 1265 1265 1265 1302 1302 1302 1264 1264 1264 1304 1304 1304 1263 1263 1263 1266 1266 1266 1304 1304 1304 1301 1301 1301 1263 1263 1263 1267 1267 1267 1264 1264 1264 1305 1305 1305 1303 1303 1303 1305 1305 1305 1264 1264 1264 1307 1307 1307 1306 1306 1306 1269 1269 1269 1306 1306 1306 1268 1268 1268 1269 1269 1269 1294 1294 1294 1260 1260 1260 1298 1298 1298 1256 1256 1256 1260 1260 1260 1294 1294 1294 1295 1295 1295 1258 1258 1258 1255 1255 1255 1293 1293 1293 1295 1295 1295 1255 1255 1255 1282 1282 1282 1252 1252 1252 1290 1290 1290 1245 1245 1245 1252 1252 1252 1282 1282 1282 1287 1287 1287 1246 1246 1246 1249 1249 1249 1287 1287 1287 1285 1285 1285 1246 1246 1246 1302 1302 1302 1265 1265 1265 1300 1300 1300 1262 1262 1262 1300 1300 1300 1265 1265 1265 1306 1306 1306 1304 1304 1304 1268 1268 1268 1266 1266 1266 1268 1268 1268 1304 1304 1304 1270 1270 1270 1305 1305 1305 1308 1308 1308 1267 1267 1267 1305 1305 1305 1270 1270 1270 1309 1309 1309 1307 1307 1307 1271 1271 1271 1269 1269 1269 1271 1271 1271 1307 1307 1307 1312 1312 1312 1311 1311 1311 1310 1310 1310 1313 1313 1313 1311 1311 1311 1312 1312 1312 1314 1314 1314 1297 1297 1297 1276 1276 1276 1259 1259 1259 1276 1276 1276 1297 1297 1297 1277 1277 1277 1299 1299 1299 1315 1315 1315 1261 1261 1261 1299 1299 1299 1277 1277 1277 1318 1318 1318 1317 1317 1317 1316 1316 1316 1319 1319 1319 1316 1316 1316 1317 1317 1317 1317 1317 1317 1320 1320 1320 1319 1319 1319 1278 1278 1278 1320 1320 1320 1317 1317 1317 1318 1318 1318 1280 1280 1280 1317 1317 1317 1278 1278 1278 1317 1317 1317 1280 1280 1280 1316 1316 1316 1321 1321 1321 1318 1318 1318 1280 1280 1280 1318 1318 1318 1321 1321 1321 1313 1313 1313 1322 1322 1322 1311 1311 1311 1272 1272 1272 1322 1322 1322 1313 1313 1313 1312 1312 1312 1272 1272 1272 1313 1313 1313 1275 1275 1275 1272 1272 1272 1312 1312 1312 1310 1310 1310 1323 1323 1323 1312 1312 1312 1275 1275 1275 1312 1312 1312 1323 1323 1323</p>
        </triangles>
      </mesh>
    </geometry>
  </library_geometries>
  <library_materials>
    <material id="27eb3ca06f0c42ed9cb3341daeb9ac44" name="defaultmaterial">
      <instance_effect url="#6f38d95985e74329a9cfdca17498e45d"/>
    </material>
  </library_materials>
  <library_visual_scenes>
    <visual_scene id="scene">
      <node id="node0" name="node0">
        <instance_geometry url="#07429e0f0daa4f5eaebddf15190aff09">
          <bind_material>
            <technique_common>
              <instance_material symbol="material0" target="#27eb3ca06f0c42ed9cb3341daeb9ac44"/>
            </technique_common>
          </bind_material>
        </instance_geometry>
      </node>
    </visual_scene>
  </library_visual_scenes>
  <scene>
    <instance_visual_scene url="#scene"/>
  </scene>
</COLLADA>
